<?xml version="1.0" encoding="UTF-8"?>
<mule xmlns:tracking="http://www.mulesoft.org/schema/mule/ee/tracking" xmlns:tls="http://www.mulesoft.org/schema/mule/tls"
	xmlns:doc="http://www.mulesoft.org/schema/mule/documentation" xmlns="http://www.mulesoft.org/schema/mule/core" xmlns:apikit="http://www.mulesoft.org/schema/mule/apikit" xmlns:http="http://www.mulesoft.org/schema/mule/http" xmlns:spring="http://www.springframework.org/schema/beans" xmlns:xsi="http://www.w3.org/2001/XMLSchema-instance" xsi:schemaLocation="http://www.mulesoft.org/schema/mule/tls http://www.mulesoft.org/schema/mule/tls/current/mule-tls.xsd
http://www.mulesoft.org/schema/mule/core http://www.mulesoft.org/schema/mule/core/current/mule.xsd
http://www.mulesoft.org/schema/mule/http http://www.mulesoft.org/schema/mule/http/current/mule-http.xsd
http://www.mulesoft.org/schema/mule/apikit http://www.mulesoft.org/schema/mule/apikit/current/mule-apikit.xsd
http://www.springframework.org/schema/beans http://www.springframework.org/schema/beans/spring-beans-3.1.xsd
http://www.mulesoft.org/schema/mule/ee/tracking http://www.mulesoft.org/schema/mule/ee/tracking/current/mule-tracking-ee.xsd">
 
    <http:listener-config name="api-httpListenerConfigHTTPS"  host="0.0.0.0" port="${process_layer_port_https}" doc:name="HTTP Listener Configuration" protocol="HTTPS">
        <tls:context>
            <tls:key-store type="jks" path="keystore.jks" alias="mule" keyPassword="circular2019" password="circular2019"/>
        </tls:context>
    </http:listener-config>
    
    <http:listener-config name="api-httpListenerConfigHTTP"  host="0.0.0.0" port="${process_layer_port_http}" doc:name="HTTP Listener Configuration" protocol="HTTP"/>
  
    <apikit:config name="api-config" raml="api.raml" consoleEnabled="false" doc:name="Router"/>
     
    <flow name="api-main">
        <http:listener config-ref="api-httpListenerConfigHTTPS" path="/api/*" doc:name="HTTP"/>
        <apikit:router config-ref="api-config" doc:name="APIkit Router"/>
        <exception-strategy ref="api-apiKitGlobalExceptionMapping-Common" doc:name="Reference Exception Strategy"/>
    </flow>
    
     <flow name="api-main-http">
        <http:listener config-ref="api-httpListenerConfigHTTP" path="/api/*" doc:name="HTTP"/>
        <apikit:router config-ref="api-config" doc:name="APIkit Router"/>
        <exception-strategy ref="api-apiKitGlobalExceptionMapping-Common" doc:name="Reference Exception Strategy"/>
    </flow>
   
    <flow name="api-console">
        <http:listener config-ref="api-httpListenerConfigHTTPS" path="/console/*" doc:name="HTTP"/>
        <apikit:console config-ref="api-config" doc:name="APIkit Console"/>
    </flow>
  
    <flow name="get:/dragon-shopify/start-articulo-sync-desde/{FechaUltimaModificacion}/{GeneraCSV_YN}:api-config">
        <flow-ref name="dragon-articulos-process-http-request-flow" doc:name="dragon-articulos-process-http-request-flow"/>

    </flow>
    
    <flow name="get:/dragon-shopify/start-articulo-sync:api-config">
        <flow-ref name="dragon-articulos-process-http-request-flow" doc:name="dragon-articulos-process-http-request-flow"/>

    </flow>
    
     <flow name="post:/dragon-shopify/shopify-webhook/{entidad}/{accion}:api-config">
        <flow-ref name="dragonfish-webhooks-activemq-flow" doc:name="dragonfish-webhooks-activemq-flow"/>
    </flow>
     
    <flow name="get:/dragon-shopify/status:api-config">
        <flow-ref name="status-flow" doc:name="status-flow"/>
    </flow>

</mule>
