<?xml version="1.0" encoding="UTF-8"?>

<mule xmlns:http="http://www.mulesoft.org/schema/mule/http" xmlns:json="http://www.mulesoft.org/schema/mule/json"
	xmlns:dragonfish="http://www.mulesoft.org/schema/mule/dragonfish" xmlns:tracking="http://www.mulesoft.org/schema/mule/ee/tracking" xmlns="http://www.mulesoft.org/schema/mule/core" xmlns:doc="http://www.mulesoft.org/schema/mule/documentation"
	xmlns:spring="http://www.springframework.org/schema/beans" 
	xmlns:xsi="http://www.w3.org/2001/XMLSchema-instance"
	xsi:schemaLocation="http://www.mulesoft.org/schema/mule/json http://www.mulesoft.org/schema/mule/json/current/mule-json.xsd
http://www.springframework.org/schema/beans http://www.springframework.org/schema/beans/spring-beans-current.xsd
http://www.mulesoft.org/schema/mule/core http://www.mulesoft.org/schema/mule/core/current/mule.xsd
http://www.mulesoft.org/schema/mule/ee/tracking http://www.mulesoft.org/schema/mule/ee/tracking/current/mule-tracking-ee.xsd
http://www.mulesoft.org/schema/mule/dragonfish http://www.mulesoft.org/schema/mule/dragonfish/current/mule-dragonfish.xsd
http://www.mulesoft.org/schema/mule/http http://www.mulesoft.org/schema/mule/http/current/mule-http.xsd">
    
    <flow name="start-flow">
        <logger message="Inicializacion de la Aplicacion" level="INFO" doc:name="Logger"/>
        <flow-ref name="start-send-start-email" doc:name="start-send-start-email"/>
    </flow>
    
    <flow name="stop-flow" processingStrategy="synchronous">
        <logger message="Finalizando de la Aplicacion" level="INFO" category="com.acqua.utils.SystemLayer" doc:name="Logger"/>
        <flow-ref name="stop-send-end-email" doc:name="stop-send-end-email"/>
    </flow>
    
    <flow name="start-send-start-email" processingStrategy="synchronous">
        <set-payload value="Se ha iniciado la capa del proceso Version ${process_layer_version}" doc:name="Set Payload"/>
        <flow-ref name="common-send-notification-flow" doc:name="common-send-notification-flow"/>
    </flow>
    
    <flow name="stop-send-end-email" processingStrategy="synchronous">
        <set-payload value="Se ha finalizado la capa del sistema" doc:name="Set Payload"/>
        <flow-ref name="common-send-notification-flow" doc:name="common-send-notification-flow"/>
    </flow>

</mule>
