<?xml version="1.0" encoding="UTF-8"?>

<mule xmlns:mulerequester="http://www.mulesoft.org/schema/mule/mulerequester"
	xmlns:file="http://www.mulesoft.org/schema/mule/file" xmlns:jms="http://www.mulesoft.org/schema/mule/jms" xmlns:schedulers="http://www.mulesoft.org/schema/mule/schedulers" xmlns:tracking="http://www.mulesoft.org/schema/mule/ee/tracking" xmlns:acquait-metrics="http://www.mulesoft.org/schema/mule/acquait-metrics" xmlns:metrics="http://www.mulesoft.org/schema/mule/metrics" xmlns:mule-ss="http://www.mulesoft.org/schema/mule/spring-security"
	xmlns:validation="http://www.mulesoft.org/schema/mule/validation" xmlns:json="http://www.mulesoft.org/schema/mule/json" xmlns:http="http://www.mulesoft.org/schema/mule/http" xmlns="http://www.mulesoft.org/schema/mule/core" xmlns:doc="http://www.mulesoft.org/schema/mule/documentation"
	xmlns:spring="http://www.springframework.org/schema/beans" 
	xmlns:xsi="http://www.w3.org/2001/XMLSchema-instance"
	xmlns:ss="http://www.springframework.org/schema/security"  
	xsi:schemaLocation="http://www.mulesoft.org/schema/mule/mulerequester http://www.mulesoft.org/schema/mule/mulerequester/current/mule-mulerequester.xsd
http://www.mulesoft.org/schema/mule/spring-security http://www.mulesoft.org/schema/mule/spring-security/current/mule-spring-security.xsd
http://www.springframework.org/schema/beans http://www.springframework.org/schema/beans/spring-beans-current.xsd
http://www.mulesoft.org/schema/mule/core http://www.mulesoft.org/schema/mule/core/current/mule.xsd
http://www.mulesoft.org/schema/mule/json http://www.mulesoft.org/schema/mule/json/current/mule-json.xsd
http://www.mulesoft.org/schema/mule/http http://www.mulesoft.org/schema/mule/http/current/mule-http.xsd
http://www.mulesoft.org/schema/mule/validation http://www.mulesoft.org/schema/mule/validation/current/mule-validation.xsd
http://www.springframework.org/schema/security http://www.springframework.org/schema/security/spring-security-3.1.xsd
http://www.mulesoft.org/schema/mule/metrics http://www.mulesoft.org/schema/mule/metrics/current/mule-metrics.xsd
http://www.mulesoft.org/schema/mule/acquait-metrics http://www.mulesoft.org/schema/mule/acquait-metrics/current/mule-acquait-metrics.xsd
http://www.mulesoft.org/schema/mule/ee/tracking http://www.mulesoft.org/schema/mule/ee/tracking/current/mule-tracking-ee.xsd
http://www.mulesoft.org/schema/mule/schedulers http://www.mulesoft.org/schema/mule/schedulers/current/mule-schedulers.xsd
http://www.mulesoft.org/schema/mule/jms http://www.mulesoft.org/schema/mule/jms/current/mule-jms.xsd
http://www.mulesoft.org/schema/mule/file http://www.mulesoft.org/schema/mule/file/current/mule-file.xsd">
    
    <validation:config name="Validation_Configuration" doc:name="Validation Configuration">
        <validation:exception-factory class="com.acqua.common.pl.exceptions.PLExeptionFactory"/>
    </validation:config>
    <file:connector name="File" autoDelete="true" streaming="true" validateConnections="true" doc:name="File"/>
   
    <flow name="dragon-articulos-poll-flow">
        <poll doc:name="Poll">
            <schedulers:cron-scheduler expression="${cron_articulos}"/>
            <logger message="Procesando cambios de articulos..." level="INFO" category="com.acqua.base.ProcessLayer" doc:name="Logger"/>
        </poll>
        <set-variable variableName="activar" value="${cron_articulos_activar}" doc:name="Set Activar"/>
        <expression-component doc:name="Set Transaction ID"><![CDATA[flowVars.transacionIDGen=server.dateTime.format('yyyyMMddHHmmss');]]></expression-component>
        <choice doc:name="Choice">
            <when expression="#[flowVars.activar == 'Y']">
                <set-variable variableName="fromDate" value="" doc:name="Variable - Set From Date"/>
                <logger message="#[&quot;-----------------------------------------------------------------------------------------&quot;]" level="INFO" category="com.acqua.utils.ConsolaDragon" doc:name="Logger CONSOLA INICIO"/>
                <logger message="PROCESS LAYER - INICIO - Verificando Articulos Modificados en Dragon. Transaccion ID: #[flowVars.transacionIDGen]" level="INFO" category="com.acqua.utils.ConsolaDragon" doc:name="Logger CONSOLA INICIO"/>
                <expression-component doc:name="Set Init Expressions"><![CDATA[flowVars.flowName=flow.name;
flowVars.apiName='POLL-Articulos-Dragon';
flowVars.errorCode=server.dateTime.format('yyyyMMddHHmmssSSS');
flowVars.metricCategory='POLL-Articulos-Dragon'; 
flowVars.generarCSV='N';
flowVars.queueArticulos='${activemq.queue.articulos}';
flowVars.sendMail=true;]]></expression-component>
                <flow-ref name="dragon-shopify-articulos-SyncToEcommers-flow" doc:name="dragon-shopify-articulos-SyncToEcommers-flow"/>
 
            </when>
            <otherwise>
                <logger message="Control de Articulos automaticos desactivado" level="INFO" category="com.acqua.base.ProcessLayer" doc:name="Logger"/>
            </otherwise>
        </choice>

    
        <exception-strategy ref="Process_Layer_Generic_Exception_Strategy" doc:name="Reference Exception Strategy"/>
   
    </flow>
    <flow name="dragon-articulos-process-http-request-flow">
        <expression-component doc:name="Set Transaction ID"><![CDATA[flowVars.transacionIDGen=server.dateTime.format('yyyyMMddHHmmss');]]></expression-component>
        <async doc:name="Async">
            <flow-ref name="dragon-articulos-start-flow" doc:name="dragon-articulos-start-flow"/>
        </async>
        <set-payload value="{&quot;Transaccion&quot;:#[flowVars.transacionIDGen]}" encoding="UTF-8" mimeType="application/json" doc:name="Set Payload"/>
        <set-property propertyName="http.status" value="#[200]" doc:name="Set http.status"/>
    </flow>
    
    <flow name="dragon-articulos-start-flow" processingStrategy="synchronous">
        <expression-component doc:name="Set Init Expressions"><![CDATA[flowVars.flowName=flow.name;
flowVars.apiName=message.inboundProperties.'http.request.uri';
flowVars.errorCode=flowVars.transacionIDGen;
flowVars.fromDate=(message.inboundProperties.'http.uri.params'.FechaUltimaModificacion == null? "":message.inboundProperties.'http.uri.params'.FechaUltimaModificacion);
flowVars.generarCSV=(message.inboundProperties.'http.uri.params'.GeneraCSV_YN == null? "N":message.inboundProperties.'http.uri.params'.GeneraCSV_YN);
flowVars.metricCategory=(flowVars.generarCSV == 'N'  ? 'Shopify-Sincronizacion' : 'Shopify-Gen-CSV');
flowVars.queueArticulos=(flowVars.generarCSV == 'N'  ? '${activemq.queue.articulos}' : '${activemq.queue.articulos.csv}');
flowVars.sendMail=true;
 ]]></expression-component>
       
		<http:basic-security-filter realm="mule-realm"/> 
		
        <mule-ss:authorization-filter requiredAuthorities="ROLE_USER"/>
          
        <flow-ref name="dragon-shopify-articulos-SyncToEcommers-flow" doc:name="dragon-shopify-articulos-SyncToEcommers-flow"/>
 
        
        <exception-strategy ref="Process_Layer_Generic_Exception_Strategy" doc:name="Reference Exception Strategy"/>
    
    </flow>
    
    <flow name="dragon-shopify-articulos-SyncToEcommers-flow" processingStrategy="synchronous">
        <acquait-metrics:inc-count config-ref="AcquaIT_Metrics__AcquaIT_Metric_Connector_Configuration" category="#[flowVars.metricCategory]-Begin" doc:name="Metrics Count Request">
            <acquait-metrics:metric-keys>
                <acquait-metrics:metric-key>Shopify-Sincronizacion-Articulo-Request</acquait-metrics:metric-key>

            </acquait-metrics:metric-keys>
        </acquait-metrics:inc-count>
        <acquait-metrics:snap-time config-ref="AcquaIT_Metrics__AcquaIT_Metric_Connector_Configuration" snapTimeKey="Shopify-Sincronizacion_Begin" doc:name="Metrics Begin Snap"/>
        <processor-chain doc:name="Processor Chain - Begin Process">
            <expression-component doc:name="Set Message"><![CDATA[payload = new java.util.HashMap();
payload.put("time",flowVars.transacionIDGen); 
payload.put("action","BEGIN");  ]]></expression-component>
            <set-property propertyName="batchID" value="#[flowVars.transacionIDGen]" doc:name="Set Batch ID"/>
            <jms:outbound-endpoint queue="#[flowVars.queueArticulos]" connector-ref="Active_MQ" doc:name="JMS"/>
        </processor-chain>
        <flow-ref name="dragon-articulos-SyncToEcommerce-main-process-flow" doc:name="dragon-articulos-SyncToEcommerce-main-process-flow"/>
        <acquait-metrics:snap-time config-ref="AcquaIT_Metrics__AcquaIT_Metric_Connector_Configuration" snapTimeKey="Shopify-Sincronizacion_End" doc:name="Metrics End Snap"/>
        <acquait-metrics:time config-ref="AcquaIT_Metrics__AcquaIT_Metric_Connector_Configuration" beginSnapKey="Shopify-Sincronizacion_Begin" category="#[flowVars.metricCategory]-Time" endSnapKey="Shopify-Sincronizacion_End" metricKey="#[(message.outboundProperties[&quot;http.status&quot;]!=200?((message.outboundProperties[&quot;http.status&quot;]==510)?flowVars.metricCategory +&quot;-Time-Error-Response&quot;:((message.outboundProperties[&quot;http.status&quot;]==401)?flowVars.metricCategory +&quot;-Time-Unauthorized&quot;:flowVars.metricCategory +&quot;-Time-Invalid-Response&quot;)):flowVars.metricCategory +&quot;-Time-Valid-Response&quot;)]" doc:name="Metrics Record Full Request"/>
        <logger message="#[payload]" level="INFO" doc:name="Logger" category="com.acqua.base.ProcessLayer"/>
        <processor-chain doc:name="Processor Chain - End Process">
            <expression-component doc:name="Set Message"><![CDATA[payload = new java.util.HashMap();
payload.put("time",flowVars.transacionIDGen); 
payload.put("action","END"); ]]></expression-component>
            <set-property propertyName="batchID" value="#[flowVars.transacionIDGen]" doc:name="Set Batch ID"/>
            <jms:outbound-endpoint queue="#[flowVars.queueArticulos]" connector-ref="Active_MQ" doc:name="JMS"/>
        </processor-chain>
        <acquait-metrics:inc-count config-ref="AcquaIT_Metrics__AcquaIT_Metric_Connector_Configuration" category="#[flowVars.metricCategory]-End" doc:name="Metrics Count Request">
            <acquait-metrics:metric-keys>
                <acquait-metrics:metric-key>Shopify-Sincronizacion-Articulo-Request</acquait-metrics:metric-key>
            </acquait-metrics:metric-keys>
        </acquait-metrics:inc-count>
        <choice doc:name="Choice">
            <when expression="#[flowVars.registrosProcesados &gt; 0]">
                <set-payload value="message" doc:name="Set Payload"/>
                <message-properties-transformer doc:name="Message Properties">
                <add-message-property key="Header" value="Dragon-Articulos"/>
            </message-properties-transformer>
                <jms:outbound-endpoint doc:name="JMS" connector-ref="Active_MQ" queue="${activemq.queue.jobs_pending}" encoding="UTF-8" mimeType="text/plain">  
				</jms:outbound-endpoint>

            </when>
            <otherwise>
                <logger message="No se procesaron registros" level="INFO" category="com.acqua.base.ProcessLayer" doc:name="Logger"/>
            </otherwise>
        </choice>

        <set-property propertyName="http.status" value="#[200]" doc:name="Set http.status"/>
		<exception-strategy ref="Process_Layer_Generic_Exception_Strategy" doc:name="Reference Exception Strategy"/>
    </flow>

    
    <flow name="dragon-articulos-SyncToEcommerce-main-process-flow" processingStrategy="synchronous">
        <logger message="Procesando sincronizacion...." level="INFO" category="com.acqua.base.ProcessLayer" doc:name="Logger"/>
       
        <set-payload value="#[&quot;&quot;]" doc:name="Set Payload"/>
        <set-variable variableName="registrosProcesados" value="#[0]" doc:name="Set registros Procesados"/>
        <set-variable variableName="registrosProcesadosConError" value="#[0]" doc:name="Set registros Procesados Con Error"/>
      
        <set-variable variableName="lastDate" value="" doc:name="Save Last Date"/>
       
        <choice doc:name="Choice - Si se Informa Fecha">
            <when expression="#[flowVars.fromDate != &quot;&quot;]">
                <logger message="PROCESS LAYER - Desde la Fecha: #[flowVars.fromDate]" level="INFO" category="com.acqua.utils.ConsolaDragon" doc:name="Logger CONSOLA"/>
                <http:request config-ref="DragonSL_Request_Configuration" path="obtener-articulos-modificados-desde/#[flowVars.fromDate]" method="GET" doc:name="HTTP Obtener Productos Modificados Desde">
                    <http:success-status-code-validator values="200..599"/>
                </http:request>
            </when>
            <otherwise>
                <http:request config-ref="DragonSL_Request_Configuration" path="obtener-articulos-modificados" method="GET" doc:name="HTTP Obtener Productos Modificados Todos">
                    <http:success-status-code-validator values="200..599"/>
                </http:request>
            </otherwise>
        </choice>

        <set-variable variableName="validationErrorMessage" value="No se pudo obtener codigos modificados de DragonFish" doc:name="Set Error Message"/>
        <logger message="PROCESS LAYER - Estado de la Respuesta: #[message.inboundProperties[&quot;http.status&quot;]] Articulos Modificados en Dragon posterior a la fecha indicada #[&quot;\n&quot;]#[message.payloadAs(java.lang.String)]" level="INFO" category="com.acqua.utils.ConsolaDragon" doc:name="Logger CONSOLA"/>
      	
      	<validation:custom-validator config-ref="Validation_Configuration" message="#[flowVars.validationErrorMessage]" class="com.acqua.common.pl.validator.PLExternalRestfulValidator" doc:name="Validation"/>
      	
        <json:json-to-object-transformer returnClass="java.util.ArrayList" doc:name="JSON to Object"/>
 
        <foreach collection="#[payload]" doc:name="For Each - Articulo Modificado en Dragon">
            <set-variable variableName="ProductoASincronizar" value="#[payload]" doc:name="Set Producto A Sincronizar"/>
            <acquait-metrics:inc-count config-ref="AcquaIT_Metrics__AcquaIT_Metric_Connector_Configuration" category="Shopify-Sincronizacion-Articulo-Count" doc:name="AcquaIT Metrics">
                <acquait-metrics:metric-keys>
                    <acquait-metrics:metric-key>Shopify-Sincronizacion</acquait-metrics:metric-key>
                </acquait-metrics:metric-keys>
            </acquait-metrics:inc-count>
            <acquait-metrics:snap-time config-ref="AcquaIT_Metrics__AcquaIT_Metric_Connector_Configuration" snapTimeKey="Shopify_Sincronizacion_Begin" doc:name="AcquaIT Metrics"/>
            <set-variable variableName="articuloProcesado" value="#[false]" doc:name="Set Articulo Procesado"/>

            <set-variable variableName="actualizado" value="#[false]" doc:name="Set Actualizado"/>
            <logger message="PROCESS LAYER - Procesando Articulo: #[payload]" level="INFO" category="com.acqua.utils.ConsolaDragon" doc:name="Logger CONSOLA"/>

            <flow-ref name="dragon-articulos-main-articulo-flow" doc:name="dragon-articulos-main-articulo-flow"/>
            
            <acquait-metrics:snap-time config-ref="AcquaIT_Metrics__AcquaIT_Metric_Connector_Configuration" snapTimeKey="Shopify_Sincronizacion_End" doc:name="AcquaIT Metrics"/>
            <acquait-metrics:time config-ref="AcquaIT_Metrics__AcquaIT_Metric_Connector_Configuration" beginSnapKey="Shopify_Sincronizacion_Begin" category="Shopify-Sincronizacion-Articulo-Time" endSnapKey="Shopify_Sincronizacion_End" metricKey="Shopify-Sincronizacion-Articulo" doc:name="AcquaIT Metrics"/>
            <expression-component doc:name="Expression Save Message"><![CDATA[flowVars.responseValue = new java.util.HashMap();
flowVars.responseValue .put("time",server.dateTime.format('yyyy/MM/dd HH:mm:ss:SSS'));
flowVars.responseValue .put("articuloDragon",flowVars.ProductoASincronizar);
flowVars.responseValue .put("descripcionArticulo","");
flowVars.responseValue .put("articuloShopify","");
flowVars.responseValue .put("estado",flowVars.ArticuloStatusCode);
flowVars.responseValue .put("descripcionEstado",flowVars.ArticuloStatus);]]></expression-component>
            <set-payload value="#[flowVars.responseValue]" doc:name="Set Payload"/>
            <json:object-to-json-transformer doc:name="Object to JSON"/>
			<message-properties-transformer doc:name="Message Properties">
                <add-message-property key="Header" value="Shopify-Articulos"/>
            </message-properties-transformer>
			<jms:outbound-endpoint queue="${activemq.queue.mensajes}"
				connector-ref="Active_MQ" doc:name="JMS - Save Message">
			</jms:outbound-endpoint>
        </foreach>
        <choice doc:name="Choice - Si se Proceso Registro">
            <when expression="#[flowVars.registrosProcesados &gt; 0]">

                <flow-ref name="dragon-shopify-articulos-actualizar-reg-control-flow" doc:name="dragon-shopify-articulos-actualizar-reg-control-flow"/>
            </when>
            <otherwise>
                <logger message="No se procesaron registros" level="INFO" category="com.acqua.base.ProcessLayer" doc:name="Logger"/>
                <set-property propertyName="http.status" value="#[200]" doc:name="http.status"/>

            </otherwise>
        </choice>
        <exception-strategy ref="Process_Layer_Generic_Exception_Strategy" doc:name="Reference Exception Strategy"/>
 
    </flow>
    
    <flow name="dragon-articulos-main-articulo-flow" >

      
        <set-variable variableName="ArticuloStatus" value="Se publicara" doc:name="Set Status Description"/>
        <set-variable variableName="ArticuloStatusCode" value="#[200]" doc:name="Set Status Code"/>
        <set-variable variableName="registrosProcesados" value="#[flowVars.registrosProcesados + 1]" doc:name="Set registros Procesados"/>
     
        <flow-ref name="dragon-shopify-articulos-SyncToShopify-articulo-process-flow" doc:name="dragon-shopify-articulos-SyncToShopify-articulo-process-flow"/>
     
        <logger message="Sincronizando Producto #[payload]" level="INFO" category="com.acqua.base.ProcessLayer" doc:name="Logger"/>
     
        <catch-exception-strategy doc:name="Catch Exception Strategy">
            <logger message="PROCESS LAYER - ERROR procesando articulo #[flowVars.ProductoASincronizar]" level="INFO" category="com.acqua.utils.ConsolaDragon" doc:name="Logger CONSOLA"/>
            <set-variable variableName="ArticuloStatusCode" value="#[message.inboundProperties[&quot;http.status&quot;]]" doc:name="Set Status Code"/>

            <set-variable variableName="ArticuloStatus" value="#[exception.message]" doc:name="Set Status Invalid"/>
            <set-variable variableName="registrosProcesadosConError" value="#[flowVars.registrosProcesadosConError + 1]" doc:name="Set registros Procesados Con Error"/>
        </catch-exception-strategy>
   
    </flow>
     
    <flow name="dragon-shopify-articulos-SyncToShopify-articulo-process-flow" processingStrategy="synchronous">
        <set-variable variableName="originalPayload" value="#[payload]" doc:name="Save Payload"/>
        <logger message="PROCESS LAYER - Obteniendo Informacion del Articulo Modificado: #[message.payloadAs(java.lang.String)]" level="INFO" category="com.acqua.utils.ConsolaDragon" doc:name="Logger CONSOLA"/>
        <http:request config-ref="DragonSL_Request_Configuration" path="get-articulo/#[payload]" method="GET" doc:name="HTTP Obtener Producto Modificado Dragon">
            <http:success-status-code-validator values="200..599"/>
        </http:request>
        <set-variable variableName="validationErrorMessage" value="No se pudo obtener Articulo de DragonFish #[flowVars.ProductoASincronizar]" doc:name="Set Error Message"/>
        <logger message="PROCESS LAYER - Estado de la Respuesta: #[message.inboundProperties[&quot;http.status&quot;]] Informacion del Articulo Modificado: #[&quot;\n&quot;] #[payload]" level="INFO" category="com.acqua.utils.ConsolaDragon" doc:name="Logger CONSOLA"/>
        <validation:custom-validator config-ref="Validation_Configuration" message="#[flowVars.validationErrorMessage]" class="com.acqua.common.pl.validator.PLExternalRestfulValidator" doc:name="Validation"/>
        <json:json-to-object-transformer returnClass="java.util.HashMap" doc:name="JSON to Object"/>
        <custom-transformer mimeType="application/json" class="com.acqua.transformer.ShopifyValidacionProductoTransformer" doc:name="Shopify Validacion Adicional - Verifica que tenga Stock y Precio"/>
        <set-variable variableName="articuloModificado" value="#[payload]" doc:name="Save Articulo Modificado"/>
        <set-payload value="#[flowVars.originalPayload]" doc:name="Set Payload"/>


       
        <flow-ref name="dragon-articulos-save-last-date-flow" doc:name="dragon-articulos-save-last-date-flow"/>

        <choice doc:name="Choice">
            
            <when expression="#[(flowVars.articuloModificado.shopifyid==null || flowVars.articuloModificado.shopifyid=='')  &amp;&amp; flowVars.articuloModificado.articulo.noPublicarEnEcommerce]">
                <set-variable variableName="ArticuloStatus" value="No-Se-Publica" doc:name="Set ArticuloStatus No-Publicado"/>
            </when>
             
            <otherwise>
                <expression-component doc:name="Set Payload"><![CDATA[payload = flowVars.articuloModificado;
payload.put("action","ROW"); 
payload.put("time",flowVars.transacionIDGen);]]></expression-component>
                <json:object-to-json-transformer encoding="UTF-8" doc:name="Object to JSON"/>
                <set-property propertyName="batchID" value="#[flowVars.transacionIDGen]" doc:name="Set Batch ID"/>
                <jms:outbound-endpoint queue="#[flowVars.queueArticulos]" connector-ref="Active_MQ" doc:name="JMS"/>

                <set-variable variableName="ArticuloStatus" value="Se-Publica" doc:name="Set ArticuloStatus"/>
                <logger message="PROCESS LAYER - Articulo enviado a Procesamiento #[&quot;\n&quot;] #[payload]" level="INFO" category="com.acqua.utils.ConsolaDragon" doc:name="Logger CONSOLA"/>


            </otherwise>
        </choice>
        <set-variable variableName="articuloProcesado" value="#[true]" doc:name="Set Articulo Procesado"/>

 
    </flow>
    <flow name="dragon-articulos-save-last-date-flow" processingStrategy="synchronous">
        <logger message="Ultima Fecha: #[flowVars.lastDate]" level="INFO" category="com.acqua.base.ProcessLayer" doc:name="Logger"/>
        <logger message="Articulo modificado el dia/hora: #[(flowVars.currentLastDateUpdated != null?flowVars.currentLastDateUpdated:&quot;&quot;)]" level="INFO" category="com.acqua.base.ProcessLayer" doc:name="Logger"/>
        <expression-component doc:name="Expression - Set Last Date"><![CDATA[flowVars.currentLastDateUpdated = flowVars.articuloModificado.articulo.informacionAdicional[0].fechaModificacionFW.concat("T").concat(flowVars.articuloModificado.articulo.informacionAdicional[0].horaModificacionFW);]]></expression-component>
        <expression-component doc:name="Expression - Save Last Date"><![CDATA[flowVars.lastDate = ((flowVars.lastDate > flowVars.currentLastDateUpdated)?flowVars.lastDate:flowVars.currentLastDateUpdated);]]></expression-component>
        <logger message="PROCESS LAYER - Nueva ultima Fecha de Actualizacion a marcar en el registro de control: #[flowVars.lastDate]" level="INFO" category="com.acqua.utils.ConsolaDragon" doc:name="Logger CONSOLA"/>
        <logger message="PROCESS LAYER - Estado de la Respuesta: #[message.inboundProperties[&quot;http.status&quot;]] Informacion del Articulo Modificado: #[&quot;\n&quot;] #[payload]" level="INFO" category="com.acqua.utils.ConsolaDragon" doc:name="Logger CONSOLA"/>


    </flow>

    
    <flow name="dragon-shopify-articulos-actualizar-reg-control-flow">
        <choice doc:name="Choice">
            <when expression="#[flowVars.lastDate != &quot;&quot; ]">
                <enricher target="#[flowVars.regCtrol]" doc:name="Message Enricher">
                    <processor-chain doc:name="Processor Chain">

                        <expression-component doc:name="Expression - Prepare Request"><![CDATA[payload = new java.util.HashMap();
payload.put("codigoDragon","${Dragon_Articulo_Control}"); 
payload.put("codigoShopify","${Dragon_Articulo_Control}"); 
payload.put("observacion","FechaUltimaActualizacion=" + flowVars.lastDate.replace('-','').replace('T','').replace(':','') ); ]]></expression-component>
                        <json:object-to-json-transformer doc:name="Object to JSON"/>
                        <logger message="PROCESS LAYER - Actualizando Registro de Control con la fecha #[flowVars.lastDate]#[&quot;\n&quot;] #[payload]" level="INFO" category="com.acqua.utils.ConsolaDragon" doc:name="Logger CONSOLE"/>
                        <http:request config-ref="DragonSL_Request_Configuration" path="post-equivalencia" method="POST" doc:name="HTTP Alta de Registro Control">
                            <http:success-status-code-validator values="200..599"/>
                        </http:request>
                        <logger message="PROCESS LAYER - Estado del Respuesta de la actualizacion del registro de control #[message.inboundProperties[&quot;http.status&quot;]]#[&quot;\n&quot;] #[message.payloadAs(java.lang.String)]" level="INFO" category="com.acqua.utils.ConsolaDragon" doc:name="Logger CONSOLE"/>
                        <set-variable variableName="validationErrorMessage" value="No se pudo obtener actualizar el registro de control" doc:name="Set Error Message"/>
                        <validation:custom-validator config-ref="Validation_Configuration" message="#[flowVars.validationErrorMessage]" class="com.acqua.common.pl.validator.PLExternalRestfulValidator" doc:name="Validation"/>
                        <json:json-to-object-transformer doc:name="JSON to Object"/>
                    </processor-chain>
                </enricher>
            </when>
            <otherwise>
                <logger message="No existe fecha para actualizar registro de control" level="INFO" category="com.acqua.base.ProcessLayer" doc:name="Logger"/>
            </otherwise>
        </choice>

     </flow>   

<flow name="dragon-process-pending-msg-flow" processingStrategy="synchronous">
        	<jms:inbound-endpoint queue="${activemq.queue.jobs_pending}" connector-ref="Active_MQ" doc:name="JMS">
        	 <jms:selector expression="Header = 'Dragon-Articulos'" />
        	 
         </jms:inbound-endpoint>
        <expression-component doc:name="Expression"><![CDATA[flowVars.messagesReturnValue = new java.util.ArrayList();
flowVars.mensajesProcesadosConError=0;
flowVars.mensajesProcesados=0;
]]></expression-component>
        <flow-ref name="shopify-articulos-read-message-queue-flow" doc:name="shopify-articulos-read-message-queue-flow"/>
        <choice doc:name="Choice">
            <when expression="#[flowVars.mensajesProcesados&gt;0]">
                <expression-component doc:name="Prepare Email"><![CDATA[payload=flowVars.messagesReturnValue;
flowVars.subject=(flowVars.mensajesProcesadosConError>0?"Captura de Articulos Finalizada con Error":"Captura de Articulos Finalizada");
flowVars.HandlebarsTemplate="layer-detail-msg-report";
flowVars.attachLogs=(flowVars.mensajesProcesadosConError>0?true:false);
]]></expression-component>
                <flow-ref name="common-new-send-notification-w-attach-flow" doc:name="common-new-send-notification-w-attach-flow"/>
            </when>
            <otherwise>
                <logger message="No hay mensajes" level="INFO" category="com.acqua.base.ProcessLayer" doc:name="Logger"/>
            </otherwise>
        </choice>

    </flow>
    
    <flow name="dragon-articulos-read-message-queue-flow" initialState="started" processingStrategy="synchronous">
        <set-variable variableName="priority" value="9" doc:name="Variable"/>
        <mulerequester:request-collection resource="jms://${activemq.queue.mensajes}?selector=Header%3D'Dragon-Articulos'" doc:name="Mule Requester - Get JMS"/>
        <foreach doc:name="For Each">
            <expression-component doc:name="Set Init Expressions"><![CDATA[flowVars.flowName=flow.name;
flowVars.apiName='Shopify-Process-Message-Queue';
flowVars.errorCode=server.dateTime.format('yyyyMMddHHmmssSSS');
flowVars.metricCategory='Shopify-Send-Message';]]></expression-component>
            <json:json-to-object-transformer returnClass="java.util.HashMap" doc:name="JSON to Object"/>
            <set-variable variableName="mensajesProcesados" value="#[flowVars.mensajesProcesados + 1]" doc:name="Add Mensajes Procesados"/>
            <set-variable variableName="mensajesProcesadosConError" value="#[flowVars.mensajesProcesadosConError + (payload.estado != 200?1:0)]" doc:name="Add Mensajes Errors"/>
            <expression-component doc:name="Expression"><![CDATA[flowVars.messagesReturnValue .add(payload);]]></expression-component>
        </foreach>
 
    </flow> 
    
</mule>
