<?xml version="1.0" encoding="UTF-8"?>

<mule xmlns:jms="http://www.mulesoft.org/schema/mule/jms" xmlns:schedulers="http://www.mulesoft.org/schema/mule/schedulers" xmlns:tracking="http://www.mulesoft.org/schema/mule/ee/tracking" xmlns:acquait-metrics="http://www.mulesoft.org/schema/mule/acquait-metrics" xmlns:metrics="http://www.mulesoft.org/schema/mule/metrics" xmlns:mule-ss="http://www.mulesoft.org/schema/mule/spring-security"
	xmlns:validation="http://www.mulesoft.org/schema/mule/validation" xmlns:json="http://www.mulesoft.org/schema/mule/json" xmlns:http="http://www.mulesoft.org/schema/mule/http" xmlns="http://www.mulesoft.org/schema/mule/core" xmlns:doc="http://www.mulesoft.org/schema/mule/documentation"
	xmlns:spring="http://www.springframework.org/schema/beans" 
	xmlns:xsi="http://www.w3.org/2001/XMLSchema-instance"
	xmlns:ss="http://www.springframework.org/schema/security"  
	xsi:schemaLocation="http://www.mulesoft.org/schema/mule/spring-security http://www.mulesoft.org/schema/mule/spring-security/current/mule-spring-security.xsd
http://www.springframework.org/schema/beans http://www.springframework.org/schema/beans/spring-beans-current.xsd
http://www.mulesoft.org/schema/mule/core http://www.mulesoft.org/schema/mule/core/current/mule.xsd
http://www.mulesoft.org/schema/mule/json http://www.mulesoft.org/schema/mule/json/current/mule-json.xsd
http://www.mulesoft.org/schema/mule/http http://www.mulesoft.org/schema/mule/http/current/mule-http.xsd
http://www.mulesoft.org/schema/mule/validation http://www.mulesoft.org/schema/mule/validation/current/mule-validation.xsd
http://www.springframework.org/schema/security http://www.springframework.org/schema/security/spring-security-3.1.xsd
http://www.mulesoft.org/schema/mule/metrics http://www.mulesoft.org/schema/mule/metrics/current/mule-metrics.xsd
http://www.mulesoft.org/schema/mule/acquait-metrics http://www.mulesoft.org/schema/mule/acquait-metrics/current/mule-acquait-metrics.xsd
http://www.mulesoft.org/schema/mule/ee/tracking http://www.mulesoft.org/schema/mule/ee/tracking/current/mule-tracking-ee.xsd
http://www.mulesoft.org/schema/mule/schedulers http://www.mulesoft.org/schema/mule/schedulers/current/mule-schedulers.xsd
http://www.mulesoft.org/schema/mule/jms http://www.mulesoft.org/schema/mule/jms/current/mule-jms.xsd">
    
    <validation:config name="Validation_Configuration" doc:name="Validation Configuration">
        <validation:exception-factory class="com.acqua.common.pl.exceptions.PLExeptionFactory"/>
    </validation:config>
   
    <flow name="dragon-articulos-poll-flow">
        <poll doc:name="Poll">
            <schedulers:cron-scheduler expression="${cron_articulos}"/>
            <logger message="Procesando cambios de articulos..." level="INFO" category="com.acqua.base.ProcessLayer" doc:name="Logger"/>
        </poll>

        <set-variable variableName="fromDate" value="" doc:name="Variable - Set From Date"/>
        <expression-component doc:name="Set Init Expressions"><![CDATA[flowVars.flowName=flow.name;
flowVars.apiName='POLL-Articulos-Dragon';
flowVars.errorCode=server.dateTime.format('yyyyMMddHHmmssSSS');
flowVars.metricCategory='POLL-Articulos-Dragon'; 
flowVars.sendMail=true;]]></expression-component>
        <expression-component doc:name="Expression - Set Return Value"><![CDATA[flowVars.returnValue = new java.util.ArrayList();]]></expression-component>
        <flow-ref name="dragon-shopify-articulos-SyncToEcommers-flow" doc:name="dragon-shopify-articulos-SyncToEcommers-flow"/>
        <set-payload value="#[flowVars.returnValue]" doc:name="Set Payload"/>
        
        <json:object-to-json-transformer doc:name="Object to JSON"/>
        <logger message="Resultado de la Sincronizacion: #[payload]" level="INFO" category="com.acqua.base.ProcessLayer" doc:name="Logger"/>
    
        <exception-strategy ref="Process_Layer_Generic_Exception_Strategy" doc:name="Reference Exception Strategy"/>
   
    </flow>
    
    <flow name="dragon-articulos-start-flow" processingStrategy="synchronous">
        <expression-component doc:name="Set Init Expressions"><![CDATA[flowVars.flowName=flow.name;
flowVars.apiName=message.inboundProperties.'http.request.uri';
flowVars.errorCode=server.dateTime.format('yyyyMMddHHmmssSSS');
flowVars.fromDate=(message.inboundProperties.'http.uri.params'.FechaUltimaModificacion == null? "":message.inboundProperties.'http.uri.params'.FechaUltimaModificacion);
flowVars.generarCSV=(message.inboundProperties.'http.uri.params'.GeneraCSV_YN == null? "N":message.inboundProperties.'http.uri.params'.GeneraCSV_YN);
flowVars.metricCategory=(flowVars.generarCSV == 'N'  ? 'Shopify-Sincronizacion' : 'Shopify-Gen-CSV');
flowVars.queueArticulos=(flowVars.generarCSV == 'N'  ? '${activemq.queue.articulos}' : '${activemq.queue.articulos.csv}');
flowVars.sendMail=true;
 ]]></expression-component>
       
		<http:basic-security-filter realm="mule-realm"/> 
		
        <mule-ss:authorization-filter requiredAuthorities="ROLE_USER"/>
        <expression-component doc:name="Expression - Set Return Value"><![CDATA[flowVars.returnValue = new java.util.ArrayList();]]></expression-component>
        
        <flow-ref name="dragon-shopify-articulos-SyncToEcommers-flow" doc:name="dragon-shopify-articulos-SyncToEcommers-flow"/>
        
        <set-payload value="#[flowVars.returnValue]" mimeType="application/json" doc:name="Set Payload"/>
        <json:object-to-json-transformer doc:name="Object to JSON"/>
        
        <set-property propertyName="http.status" value="#[200]" doc:name="Set http.status"/>
        <logger message="Resultado de la Sincronizacion: #[payload]" level="INFO" category="com.acqua.base.ProcessLayer" doc:name="Logger"/>
        
        <exception-strategy ref="Process_Layer_Generic_Exception_Strategy" doc:name="Reference Exception Strategy"/>
    
    </flow>
    
    <flow name="dragon-shopify-articulos-SyncToEcommers-flow" processingStrategy="synchronous">
        <acquait-metrics:inc-count config-ref="AcquaIT_Metrics__AcquaIT_Metric_Connector_Configuration" category="#[flowVars.metricCategory]" doc:name="Metrics Count Request">
            <acquait-metrics:metric-keys>
                <acquait-metrics:metric-key>Shopify-Sincronizacion-Articulo-Request</acquait-metrics:metric-key>

            </acquait-metrics:metric-keys>
        </acquait-metrics:inc-count>
        <acquait-metrics:snap-time config-ref="AcquaIT_Metrics__AcquaIT_Metric_Connector_Configuration" snapTimeKey="Shopify-Sincronizacion_Begin" doc:name="Metrics Begin Snap"/>
        <processor-chain doc:name="Processor Chain - Begin Process">
            <expression-component doc:name="Set Message"><![CDATA[payload = new java.util.HashMap();
payload.put("time",flowVars.errorCode); 
payload.put("action","BEGIN");  ]]></expression-component>
            <set-property propertyName="batchID" value="#[flowVars.errorCode]" doc:name="Set Batch ID"/>
            <jms:outbound-endpoint queue="#[flowVars.queueArticulos]" connector-ref="Active_MQ" doc:name="JMS"/>
        </processor-chain>
        <flow-ref name="dragon-articulos-SyncToEcommerce-main-process-flow" doc:name="dragon-articulos-SyncToEcommerce-main-process-flow"/>
        <acquait-metrics:snap-time config-ref="AcquaIT_Metrics__AcquaIT_Metric_Connector_Configuration" snapTimeKey="Shopify-Sincronizacion_End" doc:name="Metrics End Snap"/>
        <acquait-metrics:time config-ref="AcquaIT_Metrics__AcquaIT_Metric_Connector_Configuration" beginSnapKey="Shopify-Sincronizacion_Begin" category="#[flowVars.metricCategory]" endSnapKey="Shopify-Sincronizacion_End" metricKey="Shopify-Sincronizacion-Request#[(message.outboundProperties[&quot;http.status&quot;]!=200?((message.outboundProperties[&quot;http.status&quot;]==510)?&quot;-Error-Response&quot;:((message.outboundProperties[&quot;http.status&quot;]==401)?&quot;Unauthorized&quot;:&quot;-Invalid-Response&quot;)):&quot;-Valid-Response&quot;)]" doc:name="Metrics Record Full Request"/>
        <logger message="#[payload]" level="INFO" doc:name="Logger" category="com.acqua.base.ProcessLayer"/>
        <processor-chain doc:name="Processor Chain - End Process">
            <expression-component doc:name="Set Message"><![CDATA[payload = new java.util.HashMap();
payload.put("time",flowVars.errorCode); 
payload.put("action","END"); ]]></expression-component>
            <set-property propertyName="batchID" value="#[flowVars.errorCode]" doc:name="Set Batch ID"/>
            <jms:outbound-endpoint queue="#[flowVars.queueArticulos]" connector-ref="Active_MQ" doc:name="JMS"/>
        </processor-chain>
		<exception-strategy ref="Process_Layer_Generic_Exception_Strategy" doc:name="Reference Exception Strategy"/>
    </flow>

    
    <flow name="dragon-articulos-SyncToEcommerce-main-process-flow" processingStrategy="synchronous">
        <logger message="Procesando sincronizacion...." level="INFO" category="com.acqua.base.ProcessLayer" doc:name="Logger"/>
        <set-payload value="#[&quot;&quot;]" doc:name="Set Payload"/>
        <set-variable variableName="lastDate" value="&quot;&quot;" doc:name="Save Last Date"/>
        <choice doc:name="Choice - Si se Informa Fecha">
            <when expression="#[flowVars.fromDate != &quot;&quot;]">
                <http:request config-ref="DragonSL_Request_Configuration" path="obtener-articulos-modificados-desde/#[flowVars.fromDate]" method="GET" doc:name="HTTP Obtener Productos Modificados Desde">
                    <http:success-status-code-validator values="200..599"/>
                </http:request>
            </when>
            <otherwise>
                <http:request config-ref="DragonSL_Request_Configuration" path="obtener-articulos-modificados" method="GET" doc:name="HTTP Obtener Productos Modificados Todos">
                    <http:success-status-code-validator values="200..599"/>
                </http:request>
            </otherwise>
        </choice>

        <set-variable variableName="validationErrorMessage" value="No se pudo obtener codigos modificados de DragonFish" doc:name="Set Error Message"/>
        
        <validation:custom-validator config-ref="Validation_Configuration" message="#[flowVars.validationErrorMessage]" class="com.acqua.common.pl.validator.PLExternalRestfulValidator" doc:name="Validation"/>
           
        <json:json-to-object-transformer returnClass="java.util.ArrayList" doc:name="JSON to Object"/>
        
        <foreach collection="#[payload]" doc:name="For Each - Articulo Modificado en Dragon">
            <acquait-metrics:inc-count config-ref="AcquaIT_Metrics__AcquaIT_Metric_Connector_Configuration" category="Shopify-Sincronizacion-Articulo" doc:name="AcquaIT Metrics">
                <acquait-metrics:metric-keys>
                    <acquait-metrics:metric-key>Shopify-Sincronizacion-#[payload]</acquait-metrics:metric-key>
                </acquait-metrics:metric-keys>
            </acquait-metrics:inc-count>
            <acquait-metrics:snap-time config-ref="AcquaIT_Metrics__AcquaIT_Metric_Connector_Configuration" snapTimeKey="Shopify_Sincronizacion_Begin" doc:name="AcquaIT Metrics"/>
            <set-variable variableName="articuloProcesado" value="#[false]" doc:name="Set Articulo Procesado"/>
            <set-variable variableName="actualizado" value="#[false]" doc:name="Set Actualizado"/>
            <logger message="Procesando Articulo: #[payload]" level="INFO" category="com.acqua.base.ProcessLayer" doc:name="Logger"/>
            <flow-ref name="dragon-shopify-articulos-SyncToShopify-articulo-process-flow" doc:name="dragon-shopify-articulos-SyncToShopify-articulo-process-flow"/>
            
            <acquait-metrics:snap-time config-ref="AcquaIT_Metrics__AcquaIT_Metric_Connector_Configuration" snapTimeKey="Shopify_Sincronizacion_End" doc:name="AcquaIT Metrics"/>
            <acquait-metrics:time config-ref="AcquaIT_Metrics__AcquaIT_Metric_Connector_Configuration" beginSnapKey="Shopify_Sincronizacion_Begin" category="Shopify-Sincronizacion-Articulo" endSnapKey="Shopify_Sincronizacion_End" metricKey="Shopify-Sincronizacion-Articulo-#[flowVars.ArticuloStatus]" doc:name="AcquaIT Metrics"/>
            <expression-component doc:name="Expression Return Value"><![CDATA[payload = new java.util.HashMap();
payload.put("codigoDragon",flowVars.articuloModificado.articulo.codigo); 
payload.put("ultimaActualizacion",flowVars.lastDate); 
payload.put("status","Agregado"); 
flowVars.returnValue.add(payload);]]></expression-component>
        </foreach>
        <choice doc:name="Choice - Si se Proceso Registro">
            <when expression="#[flowVars.lastDate != &quot;&quot; &amp;&amp; returnValue.size() &gt; 0]">

                <flow-ref name="dragon-shopify-articulos-actualizar-reg-control-flow" doc:name="dragon-shopify-articulos-actualizar-reg-control-flow"/>
            </when>
            <otherwise>
                <logger message="No se procesaron registros" level="INFO" category="com.acqua.base.ProcessLayer" doc:name="Logger"/>
            </otherwise>
        </choice>
        <exception-strategy ref="Process_Layer_Generic_Exception_Strategy" doc:name="Reference Exception Strategy"/>
 
    </flow>
     
    <flow name="dragon-shopify-articulos-SyncToShopify-articulo-process-flow" processingStrategy="synchronous">

        <set-variable variableName="ProductoASincronizar" value="#[payload]" doc:name="Set Producto A Sincronizar"/>
        <logger message="Sincronizando Producto #[payload]" level="INFO" category="com.acqua.base.ProcessLayer" doc:name="Logger"/>
        
        <enricher target="#[flowVars.articuloModificado]" doc:name="Message Enricher">
            <processor-chain doc:name="Processor Chain - Recupera el Producto Modificado de Dragon">
                <http:request config-ref="DragonSL_Request_Configuration" path="get-articulo/#[payload]/imagen_base64" method="GET" doc:name="HTTP Obtener Producto Modificado Dragon">
                    <http:success-status-code-validator values="200..599"/>
                </http:request>

                <set-variable variableName="validationErrorMessage" value="No se pudo obtener Articulo de DragonFish #[flowVars.ProductoASincronizar]" doc:name="Set Error Message"/>
                <validation:custom-validator config-ref="Validation_Configuration" message="#[flowVars.validationErrorMessage]" class="com.acqua.common.pl.validator.PLExternalRestfulValidator" doc:name="Validation"/>
                <json:json-to-object-transformer returnClass="java.util.HashMap" doc:name="JSON to Object"/>
            </processor-chain>
        </enricher>
        <logger message="Ultima Fecha: #[flowVars.lastDate]" level="INFO" category="com.acqua.base.ProcessLayer" doc:name="Logger"/>
        <expression-component doc:name="Expression - Save Last Date"><![CDATA[flowVars.currentLastDateUpdated = flowVars.articuloModificado.articulo.informacionAdicional[0].fechaModificacionFW.concat("T").concat(flowVars.articuloModificado.articulo.informacionAdicional[0].horaModificacionFW);
flowVars.lastDate = flowVars.lastDate > flowVars.currentLastDateUpdated?flowVars.lastDate:flowVars.currentLastDateUpdated;]]></expression-component>
        <logger message="Articulo modificado el dia/hora: #[flowVars.currentLastDateUpdated]" level="INFO" category="com.acqua.base.ProcessLayer" doc:name="Logger"/>
        <logger message="Nueva ultima Fecha: #[flowVars.lastDate]" level="INFO" category="com.acqua.base.ProcessLayer" doc:name="Logger"/>
        <logger message="#[((flowVars.articuloModificado.shopifyid==null || flowVars.articuloModificado.shopifyid=='')  &amp;&amp; flowVars.articuloModificado.articulo.noPublicarEnEcommerce)?&quot;Articulo Nuevo que no existe en Shopify y no publicar&quot;:&quot;Publicar&quot;]" level="INFO" category="com.acqua.base.ProcessLayer" doc:name="Logger"/>
        <choice doc:name="Choice">
            <when expression="#[(flowVars.articuloModificado.shopifyid==null || flowVars.articuloModificado.shopifyid=='')  &amp;&amp; flowVars.articuloModificado.articulo.noPublicarEnEcommerce]">
                <set-variable variableName="actualizado" value="#[false]" doc:name="Set NO Actualizado"/>
            </when>
             
            <otherwise>
                <expression-component doc:name="Set Payload"><![CDATA[payload = flowVars.articuloModificado;
payload.put("action","ROW"); 
payload.put("time",flowVars.errorCode);]]></expression-component>
                <json:object-to-json-transformer encoding="ISO-8859-1" doc:name="Object to JSON"/>
                <set-property propertyName="batchID" value="#[flowVars.errorCode]" doc:name="Set Batch ID"/>
                <jms:outbound-endpoint queue="#[flowVars.queueArticulos]" connector-ref="Active_MQ" doc:name="JMS"/>

                <set-variable variableName="actualizado" value="#[true]" doc:name="Set Actualizado"/>
                <logger message="Seelp ${Dragon_Sleep_Btw_products_milliseconds} milliseconds" level="INFO" category="com.acqua.base.ProcessLayer" doc:name="Logger"/>

            </otherwise>
        </choice>
        <set-variable variableName="articuloProcesado" value="#[true]" doc:name="Set Articulo Procesado"/>

        
        <exception-strategy ref="Process_Layer_Generic_Exception_Strategy" doc:name="Reference Exception Strategy"/>
 
    </flow>

    
    <flow name="dragon-shopify-articulos-actualizar-reg-control-flow">
    <enricher target="#[flowVars.regCtrol]" doc:name="Message Enricher">
            <processor-chain doc:name="Processor Chain">
                <logger message="Actualizando Registro de Control con: #[flowVars.lastDate]" level="INFO" category="com.acqua.base.ProcessLayer" doc:name="Logger"/>
                        <expression-component doc:name="Expression - Prepare Request"><![CDATA[payload = new java.util.HashMap();
payload.put("codigoDragon","${Dragon_Articulo_Control}"); 
payload.put("codigoShopify","${Dragon_Articulo_Control}"); 
payload.put("observacion","FechaUltimaActualizacion=" + flowVars.lastDate.replace('-','').replace('T','').replace(':','') ); ]]></expression-component>
                        <json:object-to-json-transformer doc:name="Object to JSON"/>
                <http:request config-ref="DragonSL_Request_Configuration" path="post-equivalencia" method="POST" doc:name="HTTP Alta de Registro Control">
                    <http:success-status-code-validator values="200..599"/>
                </http:request>
                        <set-variable variableName="validationErrorMessage" value="No se pudo obtener actualizar el registro de control" doc:name="Set Error Message"/>
                <validation:custom-validator config-ref="Validation_Configuration" message="#[flowVars.validationErrorMessage]" class="com.acqua.common.pl.validator.PLExternalRestfulValidator" doc:name="Validation"/>
                <json:json-to-object-transformer doc:name="JSON to Object"/>

            </processor-chain>
        </enricher>
     </flow>   

    
</mule>
