<?xml version="1.0" encoding="UTF-8"?>

<mule xmlns:acquait-metrics="http://www.mulesoft.org/schema/mule/acquait-metrics" xmlns:tracking="http://www.mulesoft.org/schema/mule/ee/tracking" xmlns:json="http://www.mulesoft.org/schema/mule/json" xmlns:http="http://www.mulesoft.org/schema/mule/http" xmlns:validation="http://www.mulesoft.org/schema/mule/validation" xmlns:jms="http://www.mulesoft.org/schema/mule/jms" xmlns="http://www.mulesoft.org/schema/mule/core" xmlns:doc="http://www.mulesoft.org/schema/mule/documentation"
	xmlns:spring="http://www.springframework.org/schema/beans" 
	xmlns:xsi="http://www.w3.org/2001/XMLSchema-instance"
	xsi:schemaLocation="http://www.springframework.org/schema/beans http://www.springframework.org/schema/beans/spring-beans-current.xsd
http://www.mulesoft.org/schema/mule/core http://www.mulesoft.org/schema/mule/core/current/mule.xsd
http://www.mulesoft.org/schema/mule/jms http://www.mulesoft.org/schema/mule/jms/current/mule-jms.xsd
http://www.mulesoft.org/schema/mule/json http://www.mulesoft.org/schema/mule/json/current/mule-json.xsd
http://www.mulesoft.org/schema/mule/http http://www.mulesoft.org/schema/mule/http/current/mule-http.xsd
http://www.mulesoft.org/schema/mule/validation http://www.mulesoft.org/schema/mule/validation/current/mule-validation.xsd
http://www.mulesoft.org/schema/mule/ee/tracking http://www.mulesoft.org/schema/mule/ee/tracking/current/mule-tracking-ee.xsd
http://www.mulesoft.org/schema/mule/acquait-metrics http://www.mulesoft.org/schema/mule/acquait-metrics/current/mule-acquait-metrics.xsd">
    
    <flow name="shopify-articulos-read-articulo-queue-flow" initialState="stopped" processingStrategy="synchronous">
      
        <jms:inbound-endpoint  connector-ref="Active_MQ" doc:name="JMS" queue="${activemq.queue.articulos}">
            <jms:transaction action="ALWAYS_BEGIN"/>
        </jms:inbound-endpoint>
     
     	<copy-properties propertyName="*" doc:name="Property"/>
     
        <expression-component doc:name="Set Init Expressions"><![CDATA[flowVars.flowName=flow.name;
flowVars.apiName='Shopify-Process-Articulo';
flowVars.errorCode=server.dateTime.format('yyyyMMddHHmmssSSS');
flowVars.metricCategory='Shopify-Process-Articulo';
flowVars.generarCSV=false;
flowVars.sendMail=false;
flowVars.transactionIDShopi=message.inboundProperties['batchID']+'_0';]]></expression-component>
        <logger message="Transaccion Batch ID recibida #[flowVars.transactionIDShopi]" level="INFO" category="com.acqua.base.ProcessLayer" doc:name="Logger"/>
        <flow-ref name="shopify-articulos-main-articulo-flow" doc:name="shopify-articulos-main-articulo-flow"/>
         
		<choice-exception-strategy doc:name="Choice Exception Strategy">
		
			<catch-exception-strategy doc:name="Catch Exception Strategy"
				when="#[!exception.causedBy(com.acqua.common.pl.exceptions.TransactionServiceException)]">
				<logger doc:name="Commit transaction" level="INFO"
					message="Entered catch exception strategy. The transaction is commited." />
			</catch-exception-strategy>

			<rollback-exception-strategy doc:name="Rollback Exception Strategy"
				when="#[exception.causedBy(com.acqua.common.pl.exceptions.TransactionServiceException)]">
				<logger doc:name="Rollback transaction" level="INFO"
					message="Entered rollback exception strategy. The message rolls back to its original state for reprocessing." />
				<on-redelivery-attempts-exceeded>
					<jms:outbound-endpoint queue="error-queue"
						connector-ref="Active_MQ" doc:name="JMS (Dead Letter Queue)">
						<jms:transaction action="NONE" />
					</jms:outbound-endpoint>
				</on-redelivery-attempts-exceeded>
			</rollback-exception-strategy>
			
		</choice-exception-strategy>
        
    </flow> 
    
    <flow name="shopify-articulos-read-csv-queue-flow" initialState="started" processingStrategy="synchronous">
      
        <jms:inbound-endpoint  connector-ref="Active_MQ" doc:name="JMS" queue="${activemq.queue.articulos.csv}">
            <jms:transaction action="ALWAYS_BEGIN"/>
        </jms:inbound-endpoint>
     	
     	<copy-properties propertyName="*" doc:name="Property"/>

     
        <expression-component doc:name="Set Init Expressions"><![CDATA[flowVars.flowName=flow.name;
flowVars.apiName='Shopify-Process-Articulo-CSV';
flowVars.errorCode=server.dateTime.format('yyyyMMddHHmmssSSS');
flowVars.metricCategory='Shopify-Process-Articulo-CSV';
flowVars.generarCSV=true;
flowVars.sendMail=false;
flowVars.transactionIDShopi=message.inboundProperties['batchID']+'_0';]]></expression-component>
        <logger message="Transaccion Batch ID recibida #[flowVars.transactionIDShopi]" level="INFO" category="com.acqua.base.ProcessLayer" doc:name="Logger"/>
        <flow-ref name="shopify-articulos-main-articulo-flow" doc:name="shopify-articulos-main-articulo-flow"/>
         
		<choice-exception-strategy doc:name="Choice Exception Strategy">
		
			<catch-exception-strategy doc:name="Catch Exception Strategy"
				when="#[!exception.causedBy(com.acqua.common.pl.exceptions.TransactionServiceException)]">
				<logger doc:name="Commit transaction" level="INFO"
					message="Entered catch exception strategy. The transaction is commited." />
			</catch-exception-strategy>

			<rollback-exception-strategy doc:name="Rollback Exception Strategy"
				when="#[exception.causedBy(com.acqua.common.pl.exceptions.TransactionServiceException)]">
				<logger doc:name="Rollback transaction" level="INFO"
					message="Entered rollback exception strategy. The message rolls back to its original state for reprocessing." />
				<on-redelivery-attempts-exceeded>
					<jms:outbound-endpoint queue="error-queue"
						connector-ref="Active_MQ" doc:name="JMS (Dead Letter Queue)">
						<jms:transaction action="NONE" />
					</jms:outbound-endpoint>
				</on-redelivery-attempts-exceeded>
			</rollback-exception-strategy>
			
		</choice-exception-strategy>
        
    </flow>
    <flow name="shopify-articulos-main-articulo-flow" processingStrategy="synchronous">
        <enricher target="#[flowVars.articuloModificado]" doc:name="Message Enricher">
            <json:json-to-object-transformer returnClass="java.util.HashMap" doc:name="JSON to Object"/>
        </enricher>
        <choice doc:name="Choice">
            <when expression="#[flowVars.articuloModificado.action == &quot;BEGIN&quot;]">
                <flow-ref name="shopify-articulos-begin-flow" doc:name="shopify-articulos-begin-flow"/>
            </when>
            <when expression="#[flowVars.articuloModificado.action == &quot;END&quot;]">
                <flow-ref name="shopify-articulos-end-flow" doc:name="shopify-articulos-end-flow"/>
            </when>
            <otherwise>
                <flow-ref name="shopify-articulos-process-flow" doc:name="shopify-articulos-process-flow"/>
            </otherwise>
        </choice>
    </flow> 
    
    <flow name="shopify-articulos-process-flow" processingStrategy="synchronous">
        <expression-component doc:name="Expression - Set Return Value"><![CDATA[flowVars.returnValue = new java.util.ArrayList();]]></expression-component>
        <acquait-metrics:inc-count config-ref="AcquaIT_Metrics__AcquaIT_Metric_Connector_Configuration" category="#[flowVars.metricCategory]" doc:name="Metrics Count Request">
            <acquait-metrics:metric-keys>
                <acquait-metrics:metric-key>#[flowVars.metricCategory]-Request</acquait-metrics:metric-key>
            </acquait-metrics:metric-keys>
        </acquait-metrics:inc-count>
        <acquait-metrics:snap-time config-ref="AcquaIT_Metrics__AcquaIT_Metric_Connector_Configuration" snapTimeKey="#[flowVars.metricCategory]_begin_snap" doc:name="Metrics Begin Snap"/>
        <flow-ref name="shopify-articulos-main-flow" doc:name="shopify-articulos-main-flow"/>
        <acquait-metrics:snap-time config-ref="AcquaIT_Metrics__AcquaIT_Metric_Connector_Configuration" snapTimeKey="#[flowVars.metricCategory]_end_snap" doc:name="Metrics End Snap"/>
        <acquait-metrics:time config-ref="AcquaIT_Metrics__AcquaIT_Metric_Connector_Configuration" beginSnapKey="#[flowVars.metricCategory]_begin_snap" category="#[flowVars.metricCategory]" endSnapKey="#[flowVars.metricCategory]_end_snap" metricKey="#[flowVars.metricCategory + '-' + flowVars.ArticuloStatus]" doc:name="Metrics Record Full Request"/>
        <expression-component doc:name="Expression"><![CDATA[payload = new java.util.HashMap();
payload.put("codigoDragon",flowVars.articuloModificado.articulo.codigo);  
payload.put("status",flowVars.transactionIDShopi + ' ' + flowVars.ArticuloStatus); 
payload.put("transactionID",flowVars.transactionIDShopi);]]></expression-component>
        <custom-transformer mimeType="application/json" class="com.acqua.transformer.ShopifyGenInformeCSVTransformer" doc:name="Shopify Informe Transformer"/>
        <set-property propertyName="http.status" value="#[200]" doc:name="Set http.status"/>
        <exception-strategy ref="Process_Layer_Generic_Exception_Strategy" doc:name="Reference Exception Strategy"/>
    </flow>
    <flow name="shopify-articulos-main-flow" processingStrategy="synchronous">
        <set-variable variableName="ArticuloStatus" value="Publicado" doc:name="Set Status Valid"/>
        <set-variable variableName="registrosProcesados" value="#[flowVars.registrosProcesados + 1]" doc:name="Set registros Procesados"/>
        <choice doc:name="Choice">
            <when expression="#[flowVars.generarCSV]">
                <flow-ref name="shopify-articulos-gen-csv-flow" doc:name="shopify-articulos-gen-csv-flow"/>
            </when>
            <otherwise>
                <flow-ref name="shopify-articulo-process-flow" doc:name="shopify-articulo-process-flow"/>
            </otherwise>
        </choice>
        <logger message="Producto Sincronizado #[payload]" level="INFO" category="com.acqua.base.ProcessLayer" doc:name="Logger"/>
        <catch-exception-strategy doc:name="Catch Exception Strategy">
            <logger message="Error procesando articulo #[flowVars.ProductoASincronizar]" level="INFO" category="com.acqua.base.ProcessLayer" doc:name="Logger Error"/>
            <set-variable variableName="ArticuloStatus" value="Error" doc:name="Set Status Invalid"/>
            <set-variable variableName="registrosProcesadosConError" value="#[flowVars.registrosProcesadosConError + 1]" doc:name="Set registros Procesados Con Error"/>
        </catch-exception-strategy>
    </flow>
    
    <flow name="shopify-articulo-process-flow" processingStrategy="synchronous">
        <choice doc:name="Choice">
            <when expression="#[(flowVars.articuloModificado.shopifyid==null || flowVars.articuloModificado.shopifyid=='')  &amp;&amp; flowVars.articuloModificado.articulo.noPublicarEnEcommerce]">
                <set-variable variableName="actualizado" value="#[false]" doc:name="Set NO Actualizado"/>
            </when>
            <otherwise>
                <enricher target="#[flowVars.articuloShopify]" doc:name="Message Enricher">
                    <processor-chain doc:name="Processor Chain - Actualiza Producto en Shopify">
                        <set-payload value="#[flowVars.articuloModificado]" doc:name="Set Payload"/>
                        <custom-transformer mimeType="application/json" class="com.acqua.transformer.ShopifyPutProductoTransformer" doc:name="Shopify Alta Producto Transformer">
                            <spring:property name="tableLookup" ref="TableLookup"/>
                        </custom-transformer>
                        <json:object-to-json-transformer doc:name="Object to JSON"/>
                        <http:request config-ref="ShopifySL_Request_Configuration" path="put-articulo" method="PUT" doc:name="HTTP Actualizar Producto Shopify">
                            <http:success-status-code-validator values="200..599"/>
                        </http:request>
                        <set-variable variableName="validationErrorMessage" value="No se pudo obtener actualizar Producto en Shopify" doc:name="Set Error Message"/>
                        <validation:custom-validator config-ref="Validation_Configuration" message="#[flowVars.validationErrorMessage]" class="com.acqua.common.pl.validator.PLExternalRestfulValidator" doc:name="Validation"/>
                        <json:json-to-object-transformer returnClass="java.util.HashMap" doc:name="JSON to Object"/>
                    </processor-chain>
                </enricher>
            </otherwise>
        </choice>


        
    </flow>
    
     <flow name="shopify-articulos-gen-csv-flow" processingStrategy="synchronous">
       
       <enricher target="#[flowVars.articuloModificado]" doc:name="Message Enricher">
            <json:json-to-object-transformer returnClass="java.util.HashMap" doc:name="JSON to Object"/>
        </enricher>
     
        <choice doc:name="Choice">
            <when expression="#[(flowVars.articuloModificado.shopifyid==null || flowVars.articuloModificado.shopifyid=='')  &amp;&amp; flowVars.articuloModificado.articulo.noPublicarEnEcommerce]">
                <logger message="Articulo No Actualizado" level="INFO" category="com.acqua.base.ProcessLayer" doc:name="Logger No Actualizado"/>
            </when>
            <otherwise>
                <set-payload value="#[flowVars.articuloModificado]" doc:name="Set Payload"/>
                <custom-transformer mimeType="application/json" class="com.acqua.transformer.ShopifyPutProductoTransformer" doc:name="Shopify Alta Producto Transformer">
                    <spring:property name="tableLookup" ref="TableLookup"/>
                </custom-transformer>
                <custom-transformer mimeType="application/json" class="com.acqua.transformer.ShopifyGenCSVTransformer" doc:name="Shopify SCV Transformer"/>
                <logger message="Actualizado" level="INFO" category="com.acqua.base.ProcessLayer" doc:name="Articulo Actualizado"/>
            </otherwise>
        </choice>
    </flow>
    
    <flow name="shopify-articulos-begin-flow" processingStrategy="synchronous">
    	<acquait-metrics:inc-count config-ref="AcquaIT_Metrics__AcquaIT_Metric_Connector_Configuration" category="#[flowVars.metricCategory]-Begin" doc:name="Metrics Count Request">
            <acquait-metrics:metric-keys>
                <acquait-metrics:metric-key>Shopify-Sincronizacion-Articulo-Request</acquait-metrics:metric-key>

            </acquait-metrics:metric-keys>
        </acquait-metrics:inc-count>
        <acquait-metrics:snap-time config-ref="AcquaIT_Metrics__AcquaIT_Metric_Connector_Configuration" snapTimeKey="Shopify-Proc-Sincronizacion_Begin" doc:name="Metrics Begin Snap"/>
        <set-variable variableName="registrosProcesados" value="#[0]" doc:name="Set registros Procesados"/>
        <set-variable variableName="registrosProcesadosConError" value="#[0]" doc:name="Set registros Procesados Con Error"/>
        <logger message="Inicio Transaction ID: #[flowVars.transactionIDShopi]" level="INFO" category="com.acqua.base.ProcessLayer" doc:name="Logger"/>
    </flow>
    
    <flow name="shopify-articulos-end-flow" processingStrategy="synchronous">
        <logger message="Fin de Exportacion de CSV con Transaction ID: #[flowVars.transactionIDShopi]" level="INFO" category="com.acqua.base.ProcessLayer" doc:name="Logger"/>
        <flow-ref name="shopify-articulos-end-metrics-flow" doc:name="shopify-articulos-end-metrics-flow"/>
        <choice doc:name="Choice - Si No se Proceso Registro">
            <when expression="#[flowVars.?registrosProcesados== 0]">
                <expression-component doc:name="Expression Return Value"><![CDATA[payload = new java.util.HashMap();
payload.put("codigoDragon","N/A"); 
payload.put("status",""); 
payload.put("transactionID",flowVars.transacionIDGen);]]></expression-component>
                <custom-transformer mimeType="application/json" class="com.acqua.transformer.ShopifyGenInformeCSVTransformer" doc:name="Shopify Informe Transformer"/>
            </when>
            <otherwise>
                <logger message="Se procesaron #[flowVars.registrosProcesados] registros" level="INFO" category="com.acqua.base.ProcessLayer" doc:name="Logger"/>
            </otherwise>
        </choice>
        <choice doc:name="Choice Genera CSV">
            <when expression="#[flowVars.generarCSV]">
                <set-payload value="CSV Generado con la Transaccion: #[flowVars.transactionIDShopi]" doc:name="Set Payload"/>
                <set-variable variableName="attachLogs" value="#[flowVars.registrosProcesadosConError&gt;0?true:false]" doc:name="Set AttachLogs Y or N"/>
                <set-variable variableName="adjunto" value="${shopify_generar_csv_file_name}#[flowVars.transactionIDShopi].csv" doc:name="Set File Name Adjunto 1"/>
                <set-variable variableName="adjunto2" value="#[&quot;/tmp/informe_&quot; + flowVars.transactionIDShopi + &quot;.csv&quot;]" doc:name="Set File Name Adjunto 2"/>
                <flow-ref name="common-send-notification-w-attach-flow" doc:name="common-send-notification-w-attach-flow"/>
            </when>
            <otherwise>
                <set-payload value="Sincronzacion Finalizada. Se proceso Transaccion: #[flowVars.transactionIDShopi]" doc:name="Set Payload"/>
                <set-variable variableName="attachLogs" value="#[flowVars.registrosProcesadosConError&gt;0?true:false]" doc:name="Set AttachLogs Y or N"/>
                <set-variable variableName="adjunto" value="#[&quot;/tmp/informe_&quot; + flowVars.transactionIDShopi + &quot;.csv&quot;]" doc:name="Set File Name Adjunto 1"/>
                <flow-ref name="common-send-notification-w-attach-flow" doc:name="common-send-notification-w-attach-flow"/>
            </otherwise>
        </choice>

    </flow>
    <flow name="shopify-articulos-end-metrics-flow" processingStrategy="synchronous">
        <acquait-metrics:snap-time config-ref="AcquaIT_Metrics__AcquaIT_Metric_Connector_Configuration" snapTimeKey="Shopify-Proc-Sincronizacion_End" doc:name="Metrics End Snap"/>
        <acquait-metrics:time config-ref="AcquaIT_Metrics__AcquaIT_Metric_Connector_Configuration" beginSnapKey="Shopify-Proc-Sincronizacion_Begin" category="#[flowVars.metricCategory]-Time" endSnapKey="Shopify-Proc-Sincronizacion_End" metricKey="#[flowVars.metricCategory]-Time" doc:name="Metrics Record Full Request"/>
        <acquait-metrics:inc-count config-ref="AcquaIT_Metrics__AcquaIT_Metric_Connector_Configuration" category="#[flowVars.metricCategory]-End" doc:name="Metrics Count Request">
            <acquait-metrics:metric-keys>
                <acquait-metrics:metric-key>Shopify-Sincronizacion-Articulo-Request</acquait-metrics:metric-key>
            </acquait-metrics:metric-keys>
        </acquait-metrics:inc-count>
        <catch-exception-strategy doc:name="Catch Exception Strategy">
            <logger message="Error procesando articulo End" level="INFO" category="com.acqua.base.ProcessLayer" doc:name="Logger Error"/>
        </catch-exception-strategy>
    </flow>
</mule>
