<?xml version="1.0" encoding="UTF-8"?>

<mule xmlns:acquait-metrics="http://www.mulesoft.org/schema/mule/acquait-metrics" xmlns:tracking="http://www.mulesoft.org/schema/mule/ee/tracking" xmlns:json="http://www.mulesoft.org/schema/mule/json" xmlns:http="http://www.mulesoft.org/schema/mule/http" xmlns:validation="http://www.mulesoft.org/schema/mule/validation" xmlns:jms="http://www.mulesoft.org/schema/mule/jms" xmlns="http://www.mulesoft.org/schema/mule/core" xmlns:doc="http://www.mulesoft.org/schema/mule/documentation"
	xmlns:spring="http://www.springframework.org/schema/beans" 
	xmlns:xsi="http://www.w3.org/2001/XMLSchema-instance"
	xsi:schemaLocation="http://www.springframework.org/schema/beans http://www.springframework.org/schema/beans/spring-beans-current.xsd
http://www.mulesoft.org/schema/mule/core http://www.mulesoft.org/schema/mule/core/current/mule.xsd
http://www.mulesoft.org/schema/mule/jms http://www.mulesoft.org/schema/mule/jms/current/mule-jms.xsd
http://www.mulesoft.org/schema/mule/json http://www.mulesoft.org/schema/mule/json/current/mule-json.xsd
http://www.mulesoft.org/schema/mule/http http://www.mulesoft.org/schema/mule/http/current/mule-http.xsd
http://www.mulesoft.org/schema/mule/validation http://www.mulesoft.org/schema/mule/validation/current/mule-validation.xsd
http://www.mulesoft.org/schema/mule/ee/tracking http://www.mulesoft.org/schema/mule/ee/tracking/current/mule-tracking-ee.xsd
http://www.mulesoft.org/schema/mule/acquait-metrics http://www.mulesoft.org/schema/mule/acquait-metrics/current/mule-acquait-metrics.xsd">
    
    <flow name="shopify-articulos-read-articulo-queue-flow" initialState="started" processingStrategy="synchronous">
      
        <jms:inbound-endpoint  connector-ref="Active_MQ" doc:name="JMS" queue="${activemq.queue.articulos}">
            <jms:transaction action="ALWAYS_BEGIN"/>
        </jms:inbound-endpoint>
     
     	<copy-properties propertyName="*" doc:name="Property"/>
     	
        <logger message="Shopify Articulo Recibido" level="INFO" category="com.acqua.base.ProcessLayer" doc:name="Logger"/>
     
        <expression-component doc:name="Set Init Expressions"><![CDATA[flowVars.flowName=flow.name;
flowVars.apiName='Shopify-Process-Articulo';
flowVars.errorCode=server.dateTime.format('yyyyMMddHHmmssSSS');
flowVars.metricCategory='Shopify-Process-Articulo';
flowVars.generarCSV=false;
flowVars.sendMail=false;]]></expression-component>
        <flow-ref name="shopify-articulos-process-flow" doc:name="shopify-articulos-process-flow"/>
       
        <validation:custom-validator config-ref="Validation_Configuration_Transaction" message="ROLLBACK" class="com.acqua.common.pl.validator.PLTransactionValidator" doc:name="Validation"/>
         
		<choice-exception-strategy doc:name="Choice Exception Strategy">
		
			<catch-exception-strategy doc:name="Catch Exception Strategy"
				when="#[!exception.causedBy(com.acqua.common.pl.exceptions.TransactionServiceException)]">
				<logger doc:name="Commit transaction" level="INFO"
					message="Entered catch exception strategy. The transaction is commited." />
			</catch-exception-strategy>

			<rollback-exception-strategy doc:name="Rollback Exception Strategy"
				when="#[exception.causedBy(com.acqua.common.pl.exceptions.TransactionServiceException)]">
				<logger doc:name="Rollback transaction" level="INFO"
					message="Entered rollback exception strategy. The message rolls back to its original state for reprocessing." />
				<on-redelivery-attempts-exceeded>
					<jms:outbound-endpoint queue="error-queue"
						connector-ref="Active_MQ" doc:name="JMS (Dead Letter Queue)">
						<jms:transaction action="NONE" />
					</jms:outbound-endpoint>
				</on-redelivery-attempts-exceeded>
			</rollback-exception-strategy>
			
		</choice-exception-strategy>
        
    </flow> 
    
    <flow name="shopify-articulos-read-csv-queue-flow" initialState="started" processingStrategy="synchronous">
      
        <jms:inbound-endpoint  connector-ref="Active_MQ" doc:name="JMS" queue="${activemq.queue.articulos.csv}">
            <jms:transaction action="ALWAYS_BEGIN"/>
        </jms:inbound-endpoint>
     	
     	<copy-properties propertyName="*" doc:name="Property"/>
     	
        <logger message="Shopify Articulo Recibido" level="INFO" category="com.acqua.base.ProcessLayer" doc:name="Logger"/>
     
        <expression-component doc:name="Set Init Expressions"><![CDATA[flowVars.flowName=flow.name;
flowVars.apiName='Shopify-Process-Articulo-CSV';
flowVars.errorCode=server.dateTime.format('yyyyMMddHHmmssSSS');
flowVars.metricCategory='Shopify-Process-Articulo-CSV';
flowVars.generarCSV=true;
flowVars.sendMail=false;
flowVars.transactionID=message.inboundProperties['batchID'];]]></expression-component>
        <flow-ref name="shopify-articulos-process-flow" doc:name="shopify-articulos-process-flow"/>
       
        <validation:custom-validator config-ref="Validation_Configuration_Transaction" message="ROLLBACK" class="com.acqua.common.pl.validator.PLTransactionValidator" doc:name="Validation"/>
         
		<choice-exception-strategy doc:name="Choice Exception Strategy">
		
			<catch-exception-strategy doc:name="Catch Exception Strategy"
				when="#[!exception.causedBy(com.acqua.common.pl.exceptions.TransactionServiceException)]">
				<logger doc:name="Commit transaction" level="INFO"
					message="Entered catch exception strategy. The transaction is commited." />
			</catch-exception-strategy>

			<rollback-exception-strategy doc:name="Rollback Exception Strategy"
				when="#[exception.causedBy(com.acqua.common.pl.exceptions.TransactionServiceException)]">
				<logger doc:name="Rollback transaction" level="INFO"
					message="Entered rollback exception strategy. The message rolls back to its original state for reprocessing." />
				<on-redelivery-attempts-exceeded>
					<jms:outbound-endpoint queue="error-queue"
						connector-ref="Active_MQ" doc:name="JMS (Dead Letter Queue)">
						<jms:transaction action="NONE" />
					</jms:outbound-endpoint>
				</on-redelivery-attempts-exceeded>
			</rollback-exception-strategy>
			
		</choice-exception-strategy>
        
    </flow> 
    
    <flow name="shopify-articulos-process-flow" processingStrategy="synchronous">
        <expression-component doc:name="Expression - Set Return Value"><![CDATA[flowVars.returnValue = new java.util.ArrayList();]]></expression-component>
        <acquait-metrics:inc-count config-ref="AcquaIT_Metrics__AcquaIT_Metric_Connector_Configuration" category="#[flowVars.metricCategory]" doc:name="Metrics Count Request">
            <acquait-metrics:metric-keys>
                <acquait-metrics:metric-key>#[flowVars.metricCategory]-Request</acquait-metrics:metric-key>
            </acquait-metrics:metric-keys>
        </acquait-metrics:inc-count>
        <acquait-metrics:snap-time config-ref="AcquaIT_Metrics__AcquaIT_Metric_Connector_Configuration" snapTimeKey="#[flowVars.metricCategory]_begin_snap" doc:name="Metrics Begin Snap"/>
        
        <choice doc:name="Choice">
        
            <when expression="#[!flowVars.generarCSV]">
                <flow-ref name="shopify-articulo-process-flow" doc:name="shopify-articulo-process-flow"/>
            </when>
            
            <otherwise>
                <flow-ref name="shopify-articulos-gen-csv-flow" doc:name="shopify-articulos-gen-csv-flow"/>
            </otherwise>
            
        </choice>
        <acquait-metrics:snap-time config-ref="AcquaIT_Metrics__AcquaIT_Metric_Connector_Configuration" snapTimeKey="#[flowVars.metricCategory]_end_snap" doc:name="Metrics End Snap"/>
        <acquait-metrics:time config-ref="AcquaIT_Metrics__AcquaIT_Metric_Connector_Configuration" beginSnapKey="#[flowVars.metricCategory]_begin_snap" category="#[flowVars.metricCategory]" endSnapKey="#[flowVars.metricCategory]_end_snap" metricKey="#[flowVars.metricCategory + (message.outboundProperties[&quot;http.status&quot;]!=200?((message.outboundProperties[&quot;http.status&quot;]==510)?&quot;-Error-Response&quot;:((message.outboundProperties[&quot;http.status&quot;]==401)?&quot;Unauthorized&quot;:&quot;-Invalid-Response&quot;)):&quot;-Valid-Response&quot;)]" doc:name="Metrics Record Full Request"/>
        <set-payload value="#[flowVars.returnValue]" doc:name="Set Payload"/>
        <json:object-to-json-transformer doc:name="Object to JSON"/>
        <logger message="Articulo: #[payload]" level="INFO" category="com.acqua.base.ProcessLayer" doc:name="Logger"/>
        <set-property propertyName="http.status" value="#[200]" doc:name="Set http.status"/>
        <exception-strategy ref="Process_Layer_Generic_Exception_Strategy" doc:name="Reference Exception Strategy"/>
    </flow>
    
    <flow name="shopify-articulo-process-flow" processingStrategy="synchronous">
    
        <enricher target="#[flowVars.articuloModificado]" doc:name="Message Enricher">
            <json:json-to-object-transformer returnClass="java.util.HashMap" doc:name="JSON to Object"/>
        </enricher>
        <set-variable variableName="transactionID" value="#[flowVars.articuloModificado.time]" doc:name="Variable"/>
        <choice doc:name="Choice">
            <when expression="#[flowVars.articuloModificado.action == &quot;ROW&quot;]">
                <choice doc:name="Choice">
                    <when expression="#[(flowVars.articuloModificado.shopifyid==null || flowVars.articuloModificado.shopifyid=='')  &amp;&amp; flowVars.articuloModificado.articulo.noPublicarEnEcommerce]">
                        <set-variable variableName="actualizado" value="#[false]" doc:name="Set NO Actualizado"/>
                    </when>
                    <otherwise>
                        <enricher target="#[flowVars.articuloShopify]" doc:name="Message Enricher">
                            <processor-chain doc:name="Processor Chain - Actualiza Producto en Shopify">
                                <set-payload value="#[flowVars.articuloModificado]" doc:name="Set Payload"/>
                                <custom-transformer mimeType="application/json" class="com.acqua.transformer.ShopifyPutProductoTransformer" doc:name="Shopify Alta Producto Transformer">
                                    <spring:property name="tableLookup" ref="TableLookup"/>
                                </custom-transformer>
                                <json:object-to-json-transformer doc:name="Object to JSON"/>
                                <http:request config-ref="ShopifySL_Request_Configuration" path="put-articulo" method="PUT" doc:name="HTTP Actualizar Producto Shopify">
                                    <http:success-status-code-validator values="200..599"/>
                                </http:request>
                                <set-variable variableName="validationErrorMessage" value="No se pudo obtener actualizar Producto en Shopify" doc:name="Set Error Message"/>
                                <validation:custom-validator config-ref="Validation_Configuration" message="#[flowVars.validationErrorMessage]" class="com.acqua.common.pl.validator.PLExternalRestfulValidator" doc:name="Validation"/>
                                <json:json-to-object-transformer returnClass="java.util.HashMap" doc:name="JSON to Object"/>
                            </processor-chain>
                        </enricher>
                        <set-variable variableName="actualizado" value="#[true]" doc:name="Set Actualizado"/>
                        <set-variable variableName="articuloProcesado" value="#[true]" doc:name="Set Articulo Procesado"/>
                        <flow-ref name="shopify-articulos-notify-id-flow" doc:name="shopify-articulos-notify-id-flow"/>
                    </otherwise>
                </choice>
            </when>
            <when expression="#[flowVars.articuloModificado.action == &quot;BEGIN&quot;]">
                <flow-ref name="shopify-articulos-begin-flow" doc:name="shopify-articulos-begin-flow"/>
            </when>
            <when expression="#[flowVars.articuloModificado.action == &quot;END&quot;]">
                <flow-ref name="shopify-articulos-end-flow" doc:name="shopify-articulos-end-flow"/>
            </when>
            <otherwise>
                <logger message="Accion Invalida" level="INFO" category="com.acqua.base.ProcessLayer" doc:name="Logger"/>
            </otherwise>
        </choice>

        
    </flow>
    
     <flow name="shopify-articulos-gen-csv-flow" processingStrategy="synchronous">
        <logger message="Generar CSV" level="INFO" category="com.acqua.base.ProcessLayer" doc:name="Logger"/>
        <enricher target="#[flowVars.articuloModificado]" doc:name="Message Enricher">
            <json:json-to-object-transformer returnClass="java.util.HashMap" doc:name="JSON to Object"/>
        </enricher>

        <choice doc:name="Choice">
            <when expression="#[flowVars.articuloModificado.action == &quot;ROW&quot;]">
                <set-variable variableName="articuloAProcesar" value="#flowVars.articuloModificado.dragonID]" doc:name="Set Art to Process"/>
                <choice doc:name="Choice">
                    <when expression="#[(flowVars.articuloModificado.shopifyid==null || flowVars.articuloModificado.shopifyid=='')  &amp;&amp; flowVars.articuloModificado.articulo.noPublicarEnEcommerce]">
                        <logger message="Articulo No Actualizado" level="INFO" category="com.acqua.base.ProcessLayer" doc:name="Logger No Actualizado"/>
                    </when>
                    <otherwise>
                        <set-payload value="#[flowVars.articuloModificado]" doc:name="Set Payload"/>
                        <custom-transformer mimeType="application/json" class="com.acqua.transformer.ShopifyPutProductoTransformer" doc:name="Shopify Alta Producto Transformer">
                            <spring:property name="tableLookup" ref="TableLookup"/>
                        </custom-transformer>
                        <custom-transformer mimeType="application/json" class="com.acqua.transformer.ShopifyGenCSVTransformer" doc:name="Shopify SCV Transformer"/>
                        <logger message="Actualizado" level="INFO" category="com.acqua.base.ProcessLayer" doc:name="Articulo Actualizado"/>
                    </otherwise>
                </choice>
            </when>
            <when expression="#[flowVars.articuloModificado.action == &quot;BEGIN&quot;]">
                <flow-ref name="shopify-articulos-begin-flow" doc:name="shopify-articulos-begin-flow"/>
            </when>
            <when expression="#[flowVars.articuloModificado.action == &quot;END&quot;]">
                <flow-ref name="shopify-articulos-end-flow" doc:name="shopify-articulos-end-flow"/>
            </when>
            <otherwise>
                <logger message="Accion Invalida" level="INFO" category="com.acqua.base.ProcessLayer" doc:name="Logger"/>
            </otherwise>
        </choice>
        <set-property propertyName="http.status" value="#[200]" doc:name="Set http.status"/>
    </flow>
    
    <flow name="shopify-articulos-begin-flow" processingStrategy="synchronous">
        <expression-component doc:name="Expression - Set Return Value"><![CDATA[flowVars.returnValue = new java.util.ArrayList();]]></expression-component>
        <logger message="Inicio de Exportacion de CSV con Transaction ID: #[flowVars.transactionID]" level="INFO" category="com.acqua.base.ProcessLayer" doc:name="Logger"/>
    </flow>
    
    <flow name="shopify-articulos-end-flow" processingStrategy="synchronous">
        <logger message="Fin de Exportacion de CSV con Transaction ID: #[flowVars.transactionID]" level="INFO" category="com.acqua.base.ProcessLayer" doc:name="Logger"/>
        <set-payload value="CSV Generado" doc:name="Set Payload"/>
        <set-variable variableName="adjunto" value="${shopify_generar_csv_file_name}#[message.inboundProperties.batchID].csv" doc:name="Set File"/>

        <flow-ref name="common-send-notification-w-attach-flow" doc:name="common-send-notification-w-attach-flow"/>
    </flow>
    
    <flow name="shopify-articulos-notify-id-flow" processingStrategy="synchronous">
        <choice doc:name="Choice">
                <when expression="#[flowVars.articuloProcesado &amp;&amp; flowVars.actualizado &amp;&amp; (flowVars.articuloModificado.shopifyid == &quot;&quot; || (flowVars.articuloShopify.product.id != flowVars.articuloModificado.shopifyid)) &amp;&amp; flowVars.articuloProcesado]">
                    <enricher target="#[flowVars.equivalencia]" doc:name="Message Enricher">
                        <processor-chain doc:name="Processor Chain">
                            <expression-component doc:name="Expression"><![CDATA[payload = new java.util.HashMap();
payload.put("codigoDragon",flowVars.articuloModificado.articulo.codigo); 
payload.put("codigoShopify",((flowVars.articuloModificado.barecode=='')?Long.toString(flowVars.articuloShopify.product.id):flowVars.articuloModificado.barecode)); 
payload.put("observacion","shopifyID=" + Long.toString(flowVars.articuloShopify.product.id));]]></expression-component>
                            <json:object-to-json-transformer doc:name="Object to JSON"/>
                            <http:request config-ref="DragonSL_Request_Configuration" path="post-equivalencia" method="POST" doc:name="HTTP Alta de Equivalencia">
                                <http:success-status-code-validator values="200..599"/>
                            </http:request>
                            <set-variable variableName="validationErrorMessage" value="No se pudo obtener generar la equivalencia en DragonFish" doc:name="Set Error Message"/>
                            <validation:custom-validator config-ref="Validation_Configuration" message="#[flowVars.validationErrorMessage]" class="com.acqua.common.pl.validator.PLExternalRestfulValidator" doc:name="Validation"/>
                            <json:json-to-object-transformer doc:name="JSON to Object"/>
                            <logger message="DragonID #[flowVars.articuloModificado.articulo.codigo] con Fecha de Modificacion #[flowVars.lastDate] con Shopify ID #[Long.toString(flowVars.articuloShopify.product.id)] ha sido agregado" level="INFO" category="com.acqua.base.ProcessLayer" doc:name="Logger"/>
                            <expression-component doc:name="Expression - Add return Value"><![CDATA[payload = new java.util.HashMap();
payload.put("codigoDragon",flowVars.articuloModificado.articulo.codigo); 
payload.put("codigoShopify",flowVars.articuloShopify.product.id); 
payload.put("ultimaActualizacion",flowVars.lastDate); 
payload.put("status","Agregado"); 
flowVars.returnValue.add(payload);]]></expression-component>
                        </processor-chain>
                    </enricher>
                </when>
                <when expression="#[flowVars.articuloProcesado  &amp;&amp; flowVars.actualizado &amp;&amp; flowVars.articuloModificado.shopifyid != &quot;&quot; &amp;&amp; flowVars.articuloProcesado]">
                    <logger message="DragonID #[flowVars.articuloModificado.articulo.codigo] con Fecha de Modificacion #[flowVars.lastDate] con Shopify ID #[Long.toString(flowVars.articuloShopify.product.id)] ha sido actualizado" level="INFO" category="com.acqua.base.ProcessLayer" doc:name="Logger"/>
                    <expression-component doc:name="Expression - Add return Value"><![CDATA[payload = new java.util.HashMap();
payload.put("codigoDragon",flowVars.articuloModificado.articulo.codigo); 
payload.put("codigoShopify",flowVars.articuloShopify.product.id); 
payload.put("ultimaActualizacion",flowVars.lastDate); 
payload.put("status","Actualizado"); 
flowVars.returnValue.add(payload);]]></expression-component>
                </when>
                <when expression="#[flowVars.articuloProcesado  &amp;&amp; !flowVars.actualizado]">
                    <logger message="DragonID #[flowVars.articuloModificado.articulo.codigo] con Fecha de Modificacion #[flowVars.lastDate] no ha sido actualizado" level="INFO" category="com.acqua.base.ProcessLayer" doc:name="Logger"/>
                    <expression-component doc:name="Expression - Add return Value"><![CDATA[payload = new java.util.HashMap();
payload.put("codigoDragon",flowVars.articuloModificado.articulo.codigo); 
payload.put("codigoShopify",""); 
payload.put("ultimaActualizacion",flowVars.lastDate); 
payload.put("status","No actualizado"); 
flowVars.returnValue.add(payload);]]></expression-component>
                </when>
                <otherwise>
                    <set-variable variableName="errorMessage" value="#[payload]" doc:name="Set Error Msg"/>
                    <expression-component doc:name="Expression - Error return Value"><![CDATA[payload = new java.util.HashMap();
payload.put("codigoDragon",flowVars.articuloModificado.articulo.codigo); 
payload.put("codigoShopify",0); 
payload.put("ultimaActualizacion",""); 
payload.put("status","Error"); 
flowVars.returnValue.add(payload);

]]></expression-component>
                    <validation:custom-validator config-ref="Validation_Configuration" message="Error Procesando Articulo" class="com.acqua.common.pl.validator.PLCommonValidator" doc:name="Validation"/>
                </otherwise>
            </choice>
    </flow>
</mule>
