<?xml version="1.0" encoding="UTF-8"?>

<mule xmlns:acquait-metrics="http://www.mulesoft.org/schema/mule/acquait-metrics" xmlns:tracking="http://www.mulesoft.org/schema/mule/ee/tracking" xmlns:json="http://www.mulesoft.org/schema/mule/json" xmlns:http="http://www.mulesoft.org/schema/mule/http" xmlns:validation="http://www.mulesoft.org/schema/mule/validation" xmlns:jms="http://www.mulesoft.org/schema/mule/jms" xmlns="http://www.mulesoft.org/schema/mule/core" xmlns:doc="http://www.mulesoft.org/schema/mule/documentation"
	xmlns:spring="http://www.springframework.org/schema/beans" 
	xmlns:xsi="http://www.w3.org/2001/XMLSchema-instance"
	xsi:schemaLocation="http://www.springframework.org/schema/beans http://www.springframework.org/schema/beans/spring-beans-current.xsd
http://www.mulesoft.org/schema/mule/core http://www.mulesoft.org/schema/mule/core/current/mule.xsd
http://www.mulesoft.org/schema/mule/jms http://www.mulesoft.org/schema/mule/jms/current/mule-jms.xsd
http://www.mulesoft.org/schema/mule/json http://www.mulesoft.org/schema/mule/json/current/mule-json.xsd
http://www.mulesoft.org/schema/mule/http http://www.mulesoft.org/schema/mule/http/current/mule-http.xsd
http://www.mulesoft.org/schema/mule/validation http://www.mulesoft.org/schema/mule/validation/current/mule-validation.xsd
http://www.mulesoft.org/schema/mule/ee/tracking http://www.mulesoft.org/schema/mule/ee/tracking/current/mule-tracking-ee.xsd
http://www.mulesoft.org/schema/mule/acquait-metrics http://www.mulesoft.org/schema/mule/acquait-metrics/current/mule-acquait-metrics.xsd">
<!--     <flow name="shopify-articulos-read-topic-flow" initialState="started" processingStrategy="synchronous"> -->
<!--         <jms:inbound-endpoint topic="articulos-a-procesar" connector-ref="Active_MQ" doc:name="JMS"> -->
<!--             <jms:transaction action="ALWAYS_BEGIN"/> -->
<!--         </jms:inbound-endpoint> -->
<!--         <logger message="Shopify Articulo Recibido" level="INFO" category="com.acqua.base.ProcessLayer" doc:name="Logger"/> -->
<!--         <expression-component doc:name="Set Init Expressions"><![CDATA[flowVars.flowName=flow.name; -->
<!-- flowVars.apiName='Shopify-Process-Articulo'; -->
<!-- flowVars.errorCode=server.dateTime.format('yyyyMMddHHmmssSSS'); -->
<!-- flowVars.metricCategory='Shopify-Process-Articulo'; -->
<!-- flowVars.sendMail=true;]]></expression-component> -->
<!--         <flow-ref name="shopify-articulos-process-topic-flow" doc:name="shopify-articulos-process-topic-flow"/> -->
<!--         <validation:custom-validator config-ref="Validation_Configuration_Transaction" message="ROLLBACK" class="com.acqua.common.pl.validator.PLTransactionValidator" doc:name="Validation"/> -->
<!--         <default-exception-strategy>  -->
<!--             <commit-transaction exception-pattern="*" /> -->
	
<!-- 			<rollback-transaction -->
<!-- 				exception-pattern="com.acqua.common.pl.exceptions.TransactionServiceException" /> -->
				
<!--         </default-exception-strategy> -->
<!--     </flow> -->
<!--     <flow name="shopify-articulos-process-topic-flow" processingStrategy="synchronous"> -->
<!--         <expression-component doc:name="Expression - Set Return Value"><![CDATA[flowVars.returnValue = new java.util.ArrayList();]]></expression-component> -->
<!--         <acquait-metrics:inc-count config-ref="AcquaIT_Metrics__AcquaIT_Metric_Connector_Configuration" category="#[flowVars.metricCategory]" doc:name="Metrics Count Request"> -->
<!--             <acquait-metrics:metric-keys> -->
<!--                 <acquait-metrics:metric-key>#[flowVars.metricCategory]-Request</acquait-metrics:metric-key> -->
<!--             </acquait-metrics:metric-keys> -->
<!--         </acquait-metrics:inc-count> -->
<!--         <acquait-metrics:snap-time config-ref="AcquaIT_Metrics__AcquaIT_Metric_Connector_Configuration" snapTimeKey="begin_snap" doc:name="Metrics Begin Snap"/> -->
<!--         <flow-ref name="shopify-articulo-process-flow" doc:name="shopify-articulo-process-flow"/> -->
<!--         <acquait-metrics:snap-time config-ref="AcquaIT_Metrics__AcquaIT_Metric_Connector_Configuration" snapTimeKey="end_snap" doc:name="Metrics End Snap"/> -->
<!--         <acquait-metrics:time config-ref="AcquaIT_Metrics__AcquaIT_Metric_Connector_Configuration" beginSnapKey="begin_snap" category="#[flowVars.metricCategory]" endSnapKey="end_snap" metricKey="#[flowVars.metricCategory + (message.outboundProperties[&quot;http.status&quot;]!=200?((message.outboundProperties[&quot;http.status&quot;]==510)?&quot;-Error-Response&quot;:((message.outboundProperties[&quot;http.status&quot;]==401)?&quot;Unauthorized&quot;:&quot;-Invalid-Response&quot;)):&quot;-Valid-Response&quot;)]" doc:name="Metrics Record Full Request"/> -->
<!--         <set-payload value="#[flowVars.returnValue]" doc:name="Set Payload"/> -->
<!--         <json:object-to-json-transformer doc:name="Object to JSON"/> -->
<!--         <logger message="Articulo: #[payload]" level="INFO" category="com.acqua.base.ProcessLayer" doc:name="Logger"/> -->
<!--         <set-property propertyName="http.status" value="#[200]" doc:name="Set http.status"/> -->
<!--         <exception-strategy ref="Process_Layer_Generic_Exception_Strategy" doc:name="Reference Exception Strategy"/> -->
<!--     </flow> -->
    
<!--     <flow name="shopify-articulo-process-flow" processingStrategy="synchronous"> -->
<!--         <enricher target="#[flowVars.articuloModificado]" doc:name="Message Enricher"> -->
<!--             <json:json-to-object-transformer returnClass="java.util.HashMap" doc:name="JSON to Object"/> -->
<!--         </enricher> -->
<!--         <choice doc:name="Choice"> -->
<!--             <when expression="#[(flowVars.articuloModificado.shopifyid==null || flowVars.articuloModificado.shopifyid=='')  &amp;&amp; flowVars.articuloModificado.articulo.noPublicarEnEcommerce]"> -->
<!--                 <set-variable variableName="actualizado" value="#[false]" doc:name="Set NO Actualizado"/> -->
<!--             </when> -->
<!--             <otherwise> -->
<!--                 <enricher target="#[flowVars.articuloShopify]" doc:name="Message Enricher"> -->
<!--                     <processor-chain doc:name="Processor Chain - Actualiza Producto en Shopify"> -->
<!--                         <set-payload value="#[flowVars.articuloModificado]" doc:name="Set Payload"/> -->
<!--                         <custom-transformer mimeType="application/json" class="com.acqua.transformer.ShopifyPutProductoTransformer" doc:name="Shopify Alta Producto Transformer"> -->
<!--                             <spring:property name="tableLookup" ref="TableLookup"/> -->
<!--                         </custom-transformer> -->
<!--                         <json:object-to-json-transformer doc:name="Object to JSON"/> -->
<!--                         <http:request config-ref="ShopifySL_Request_Configuration" path="put-articulo" method="PUT" doc:name="HTTP Actualizar Producto Shopify"> -->
<!--                             <http:success-status-code-validator values="200..599"/> -->
<!--                         </http:request> -->
<!--                         <set-variable variableName="validationErrorMessage" value="No se pudo obtener actualizar Producto en Shopify" doc:name="Set Error Message"/> -->
<!--                         <validation:custom-validator config-ref="Validation_Configuration" message="#[flowVars.validationErrorMessage]" class="com.acqua.common.pl.validator.PLExternalRestfulValidator" doc:name="Validation"/> -->
<!--                         <json:json-to-object-transformer returnClass="java.util.HashMap" doc:name="JSON to Object"/> -->
<!--                     </processor-chain> -->
<!--                 </enricher> -->
<!--                 <set-variable variableName="actualizado" value="#[true]" doc:name="Set Actualizado"/> -->
<!--             </otherwise> -->
<!--         </choice> -->
<!--         <set-variable variableName="articuloProcesado" value="#[true]" doc:name="Set Articulo Procesado"/> -->
<!--         <flow-ref name="shopify-articulos-notify-id-flow" doc:name="shopify-articulos-notify-id-flow"/> -->
<!--     </flow> -->
    
<!--     <flow name="shopify-articulos-notify-id-flow" processingStrategy="synchronous"> -->
<!--         <choice doc:name="Choice" doc:description="AAAAAAAAAAAAAAAAAAAAAAAAAAAAAAAAAA"> -->
<!--             <when expression="#[flowVars.articuloProcesado &amp;&amp; flowVars.actualizado &amp;&amp; (flowVars.articuloModificado.shopifyid == &quot;&quot; || (flowVars.articuloShopify.product.id != flowVars.articuloModificado.shopifyid)) &amp;&amp; flowVars.articuloProcesado]"> -->
<!--                 <enricher target="#[flowVars.equivalencia]" doc:name="Message Enricher"> -->
<!--                     <processor-chain doc:name="Processor Chain"> -->
<!--                         <expression-component doc:name="Set Json To Send"><![CDATA[payload = new java.util.HashMap(); -->
<!-- payload.put("codigoDragon",flowVars.articuloModificado.articulo.codigo);  -->
<!-- payload.put("codigoShopify",Long.toString(flowVars.articuloShopify.product.id));  -->
<!-- payload.put("Platform","shopifyID" );]]></expression-component> -->
<!--                         <json:object-to-json-transformer doc:name="Object to JSON"/> -->
<!--                         <jms:outbound-endpoint queue="articulos-procesados" connector-ref="Active_MQ" doc:name="JMS"/> -->
<!--                         <expression-component doc:name="Expression - Add return Value"><![CDATA[payload = new java.util.HashMap(); -->
<!-- payload.put("codigoDragon",flowVars.articuloModificado.articulo.codigo);  -->
<!-- payload.put("codigoShopify",flowVars.articuloShopify.product.id); -->
<!-- payload.put("status","Agregado");  -->
<!-- flowVars.returnValue.add(payload);]]></expression-component> -->
<!--                     </processor-chain> -->
<!--                 </enricher> -->
<!--             </when> -->
<!--             <when expression="#[flowVars.articuloProcesado  &amp;&amp; flowVars.actualizado &amp;&amp; flowVars.articuloModificado.shopifyid != &quot;&quot; &amp;&amp; flowVars.articuloProcesado]"> -->
<!--                 <logger message="DragonID #[flowVars.articuloModificado.articulo.codigo] con Fecha de Modificacion #[flowVars.lastDate] con Shopify ID #[Long.toString(flowVars.articuloShopify.product.id)] ha sido actualizado" level="INFO" category="com.acqua.base.ProcessLayer" doc:name="Logger"/> -->
<!--                 <expression-component doc:name="Expression - Add return Value"><![CDATA[payload = new java.util.HashMap(); -->
<!-- payload.put("codigoDragon",flowVars.articuloModificado.articulo.codigo);  -->
<!-- payload.put("codigoShopify",flowVars.articuloShopify.product.id);  -->
<!-- payload.put("status","Actualizado");  -->
<!-- flowVars.returnValue.add(payload);]]></expression-component> -->
<!--             </when> -->
<!--             <when expression="#[flowVars.articuloProcesado  &amp;&amp; !flowVars.actualizado]"> -->
<!--                 <logger message="DragonID #[flowVars.articuloModificado.articulo.codigo] con Fecha de Modificacion #[flowVars.lastDate] no ha sido actualizado" level="INFO" category="com.acqua.base.ProcessLayer" doc:name="Logger"/> -->
<!--                 <expression-component doc:name="Expression - Add return Value"><![CDATA[payload = new java.util.HashMap(); -->
<!-- payload.put("codigoDragon",flowVars.articuloModificado.articulo.codigo);  -->
<!-- payload.put("codigoShopify","");  -->
<!-- payload.put("status","No actualizado");  -->
<!-- flowVars.returnValue.add(payload);]]></expression-component> -->
<!--             </when> -->
<!--             <otherwise> -->
<!--                 <set-variable variableName="errorMessage" value="#[payload]" doc:name="Set Error Msg"/> -->
<!--                 <expression-component doc:name="Expression - Error return Value"><![CDATA[payload = new java.util.HashMap(); -->
<!-- payload.put("codigoDragon",flowVars.articuloModificado.articulo.codigo);  -->
<!-- payload.put("codigoShopify",0);  -->
<!-- payload.put("status","Error");  -->
<!-- flowVars.returnValue.add(payload); -->

<!-- ]]></expression-component> -->
<!--                 <validation:custom-validator config-ref="Validation_Configuration" message="Error Procesando Articulo" class="com.acqua.common.pl.validator.PLCommonValidator" doc:name="Validation"/> -->
<!--             </otherwise> -->
<!--         </choice> -->
<!--     </flow> -->
</mule>
