<?xml version="1.0" encoding="UTF-8"?>

<mule xmlns:jms="http://www.mulesoft.org/schema/mule/jms"
	xmlns:validation="http://www.mulesoft.org/schema/mule/validation"
	xmlns:acquait-metrics="http://www.mulesoft.org/schema/mule/acquait-metrics"
	xmlns:json="http://www.mulesoft.org/schema/mule/json" xmlns:tracking="http://www.mulesoft.org/schema/mule/ee/tracking"
	xmlns:tls="http://www.mulesoft.org/schema/mule/tls" xmlns:http="http://www.mulesoft.org/schema/mule/http"
	xmlns="http://www.mulesoft.org/schema/mule/core" xmlns:doc="http://www.mulesoft.org/schema/mule/documentation"
	xmlns:spring="http://www.springframework.org/schema/beans" xmlns:xsi="http://www.w3.org/2001/XMLSchema-instance"
	xsi:schemaLocation="http://www.mulesoft.org/schema/mule/validation http://www.mulesoft.org/schema/mule/validation/current/mule-validation.xsd
http://www.mulesoft.org/schema/mule/acquait-metrics http://www.mulesoft.org/schema/mule/acquait-metrics/current/mule-acquait-metrics.xsd
http://www.mulesoft.org/schema/mule/tls http://www.mulesoft.org/schema/mule/tls/current/mule-tls.xsd
http://www.springframework.org/schema/beans http://www.springframework.org/schema/beans/spring-beans-current.xsd
http://www.mulesoft.org/schema/mule/core http://www.mulesoft.org/schema/mule/core/current/mule.xsd
http://www.mulesoft.org/schema/mule/http http://www.mulesoft.org/schema/mule/http/current/mule-http.xsd
http://www.mulesoft.org/schema/mule/json http://www.mulesoft.org/schema/mule/json/current/mule-json.xsd
http://www.mulesoft.org/schema/mule/ee/tracking http://www.mulesoft.org/schema/mule/ee/tracking/current/mule-tracking-ee.xsd
http://www.mulesoft.org/schema/mule/jms http://www.mulesoft.org/schema/mule/jms/current/mule-jms.xsd">
   
	<flow name="dragonfish-webhooks-activemq-flow">
		<expression-component doc:name="Set Init Expressions"><![CDATA[flowVars.flowName=flow.name;
flowVars.apiName='WebHooks Shopify';
flowVars.errorCode=server.dateTime.format('yyyyMMddHHmmssSSS');
flowVars.metricCategory='Shopify-WebHooks';
flowVars.sendMail=true;]]></expression-component>
		<acquait-metrics:inc-count
			config-ref="AcquaIT_Metrics__AcquaIT_Metric_Connector_Configuration"
			category="#[flowVars.metricCategory]" doc:name="Metrics Count Request">
			<acquait-metrics:metric-keys>
                <acquait-metrics:metric-key>#[flowVars.metricCategory]-Request</acquait-metrics:metric-key>

			</acquait-metrics:metric-keys>
		</acquait-metrics:inc-count>
		<expression-component doc:name="Expression - Get Entidad/Accion"><![CDATA[flowVars.entidad=(message.inboundProperties.'http.uri.params'.entidad == null? "":message.inboundProperties.'http.uri.params'.entidad);
flowVars.accion=(message.inboundProperties.'http.uri.params'.accion == null? "":message.inboundProperties.'http.uri.params'.accion);]]></expression-component>
		<byte-array-to-string-transformer
			doc:name="Byte Array to String" />
		<logger message="Webhook recibido #[payload]" level="INFO"
			category="com.acqua.base.ProcessLayer" doc:name="Logger" />
		<message-properties-transformer
			overwrite="true" doc:name="Message Properties">
			<add-message-property key="entidad" value="#[flowVars.entidad]" />
			<add-message-property key="accion" value="#[flowVars.accion]" />
		</message-properties-transformer>
		<jms:outbound-endpoint queue="${activemq.queue.webhook}"
			connector-ref="Active_MQ" doc:name="JMS" />
		<exception-strategy ref="Process_Layer_Generic_Exception_Strategy"
			doc:name="Reference Exception Strategy" />
	</flow>
	
	<flow name="dragonfish-webhooks-process-activemq-flow">
		<jms:inbound-endpoint queue="${activemq.queue.webhook}"
			connector-ref="Active_MQ" doc:name="JMS">
			<jms:transaction action="ALWAYS_BEGIN" /> 
			<properties>
          <spring:entry key="pollingFrequency" value="5000" />
     </properties>
		</jms:inbound-endpoint>
        <expression-component doc:name="Set Init Expressions"><![CDATA[flowVars.flowName=flow.name;
flowVars.apiName='WebHooks Shopify';
flowVars.errorCode=server.dateTime.format('yyyyMMddHHmmssSSS');
flowVars.metricCategory='Shopify-WebHooks-Queue';
flowVars.sendMail=true;]]></expression-component>
        <json:json-to-object-transformer returnClass="java.util.HashMap" doc:name="JSON to Object"/>
		<acquait-metrics:inc-count
			config-ref="AcquaIT_Metrics__AcquaIT_Metric_Connector_Configuration"
			category="#[flowVars.metricCategory]" doc:name="Metrics Count Request">
			<acquait-metrics:metric-keys>
				<acquait-metrics:metric-key>#[flowVars.metricCategory]-Request</acquait-metrics:metric-key>
			</acquait-metrics:metric-keys>
		</acquait-metrics:inc-count>
        <acquait-metrics:snap-time config-ref="AcquaIT_Metrics__AcquaIT_Metric_Connector_Configuration" snapTimeKey="Shopify_WebHooks_Queue_Begin" doc:name="Metrics Begin Snap"/>
		<expression-component doc:name="Expression - Get Entidad/Accion"><![CDATA[flowVars.entidad=(message.inboundProperties.'entidad' == null? "":message.inboundProperties.'entidad');
flowVars.accion=(message.inboundProperties.'accion' == null? "":message.inboundProperties.'accion');
]]></expression-component>
		<flow-ref name="dragonfish-shopify-process-#[flowVars.entidad]-flow"
			doc:name="dragonfish-shopify-process-ENTIDAD-flow" />
		<acquait-metrics:snap-time
			config-ref="AcquaIT_Metrics__AcquaIT_Metric_Connector_Configuration"
			snapTimeKey="Shopify_WebHooks_Queue_End" doc:name="Metrics End Snap" />
		<acquait-metrics:time
			config-ref="AcquaIT_Metrics__AcquaIT_Metric_Connector_Configuration"
			beginSnapKey="Shopify_WebHooks_Queue_Begin" category="#[flowVars.metricCategory]"
			endSnapKey="Shopify_WebHooks_Queue_End"
			metricKey="#[flowVars.metricCategory + (message.outboundProperties[&quot;http.status&quot;]!=200?((message.outboundProperties[&quot;http.status&quot;]==510)?&quot;-Error-Response&quot;:((message.outboundProperties[&quot;http.status&quot;]==401)?&quot;Unauthorized&quot;:&quot;-Invalid-Response&quot;)):&quot;-Valid-Response&quot;)]"
			doc:name="Metrics Record Full Request" />
        <validation:custom-validator config-ref="Validation_Configuration_Transaction" message="ROLLBACK" class="com.acqua.common.pl.validator.PLTransactionValidator" doc:name="Validation Commit/Rollback"/>
 
<choice-exception-strategy doc:name="Choice Exception Strategy">
		
			<catch-exception-strategy doc:name="Catch Exception Strategy"
				when="#[!exception.causedBy(com.acqua.common.pl.exceptions.TransactionServiceException)]">
				<logger doc:name="Commit transaction" level="INFO"
					message="Entered catch exception strategy. The transaction is commited." />
			</catch-exception-strategy>

			<rollback-exception-strategy doc:name="Rollback Exception Strategy"
				when="#[exception.causedBy(com.acqua.common.pl.exceptions.TransactionServiceException)]">
				<logger doc:name="Rollback transaction" level="INFO"
					message="Entered rollback exception strategy. The message rolls back to its original state for reprocessing." />
				<on-redelivery-attempts-exceeded>
					<jms:outbound-endpoint queue="error-webhook-queue"
						connector-ref="Active_MQ" doc:name="JMS (Dead Letter Queue)">
						<jms:transaction action="NONE" />
					</jms:outbound-endpoint>
				</on-redelivery-attempts-exceeded>
			</rollback-exception-strategy>
			
		</choice-exception-strategy>
        


	</flow>


	<flow name="dragonfish-shopify-process-customer-flow"
		processingStrategy="synchronous">
		<set-variable variableName="currentPayload" value="#[payload]"
			doc:name="Save Payload" />
		<enricher target="#[flowVars.regCtrol]" doc:name="Message Enricher">
			<processor-chain
				doc:name="Processor Chain - Alta/Baja/Eliminacion de Cliente ECommerce">
				<logger message="Process: customer-create" level="INFO"
					category="com.acqua.base.ProcessLayer" doc:name="Logger" />
				<choice doc:name="Choice">
					<when expression="#[flowVars.accion=='delete']">
						<expression-component doc:name="Expression - Prepare Request"><![CDATA[payload = new java.util.HashMap();
payload.put("action",flowVars.accion);
payload.put("nombre",""); 
payload.put("apellido",""); 
payload.put("mail",""); 
payload.put("observacion",""); 
payload.put("telefono",""); 
payload.put("tipoDoc",""); 
payload.put("nroDoc",""); 
payload.put("codigo",Long.toString(flowVars.currentPayload.id));
payload.put("clienteDragon",""); 
payload.put("clienteEcommerce",""); 
payload.put("cuentaEcommerce",""); 
]]></expression-component>
					</when>
					<otherwise>
						<expression-component doc:name="Expression"><![CDATA[payload = new java.util.HashMap();
payload.put("action",flowVars.accion);
payload.put("nombre",flowVars.currentPayload.first_name); 
payload.put("apellido",flowVars.currentPayload.last_name); 
payload.put("mail",(flowVars.currentPayload.email!=null?flowVars.currentPayload.email:"")); 
payload.put("observacion",Long.toString(flowVars.currentPayload.id)); 
payload.put("telefono",flowVars.currentPayload.phone==null?"":flowVars.currentPayload.phone); 
payload.put("tipoDoc",""); 
payload.put("nroDoc",""); 
payload.put("codigo",Long.toString(flowVars.currentPayload.id)); 
payload.put("clienteDragon",""); 
payload.put("clienteEcommerce",flowVars.currentPayload.first_name + " " + flowVars.currentPayload.last_name); 
payload.put("cuentaEcommerce","${Dragon_ECommerce}");
]]></expression-component>
					</otherwise>
				</choice>
				<json:object-to-json-transformer
					doc:name="Object to JSON" />
				<http:request config-ref="DragonSL_Request_Configuration"
					path="put-customerecommerce" method="PUT"
					doc:name="HTTP Add/Upd/Del Cliente ECommerce">
					<http:success-status-code-validator
						values="200..599" />
				</http:request>
				<set-variable variableName="validationErrorMessage"
					value="No se pudo dar de alta el cliente de Ecommerce" doc:name="Set Error Message" />
				<validation:custom-validator config-ref="Validation_Configuration"
					message="#[flowVars.validationErrorMessage]" class="com.acqua.common.pl.validator.PLExternalRestfulValidator"
					doc:name="Validation" />
				<json:json-to-object-transformer
					doc:name="JSON to Object" />

			</processor-chain>
		</enricher>
		<set-property propertyName="http.status" value="#[200]" doc:name="Set http.status"/>
        <exception-strategy ref="Process_Layer_Generic_Exception_Strategy" doc:name="Reference Exception Strategy"/>
	</flow>

	<flow name="dragonfish-shopify-process-order-flow"
		processingStrategy="synchronous">
		<set-variable variableName="currentPayload" value="#[payload]"
			doc:name="Save Payload" />
		<enricher target="#[flowVars.regCtrol]" doc:name="Message Enricher">
			<processor-chain
				doc:name="Processor Chain - Alta/Baja/Eliminacion de Order ECommerce">
				<set-variable variableName="orderId" value=" #[payload.name]"
					doc:name="Save Order ID" />
				<logger message="Process: customer-create  #[payload.id]"
					level="INFO" category="com.acqua.base.ProcessLayer" doc:name="Logger" />
				<enricher doc:name="Message Enricher" target="#[flowVars.currentCustomer]">
					<flow-ref name="dragonfish-shopify-process-order-customer-flow"
						doc:name="dragonfish-shopify-process-order-customer-flow" />
				</enricher>
				<choice doc:name="Choice">
					<when expression="#[flowVars.accion=='create']">
						<logger message="Creando Orden..." level="INFO"
							category="com.acqua.base.ProcessLayer" doc:name="Logger" />
						<flow-ref name="dragonfish-shopify-process-order-create-request-flow"
							doc:name="dragonfish-shopify-process-order-create-request-flow" />
						<set-payload value="#[flowVars.request]" doc:name="Set Payload" />
						<json:object-to-json-transformer
							doc:name="Object to JSON" />
						<logger message="Enviando Orden: Request al Service Layer: #[payload]"
							level="INFO" category="com.acqua.base.ProcessLayer" doc:name="Logger" />
						<http:request config-ref="DragonSL_Request_Configuration"
							path="create-order" method="POST" doc:name="HTTP Add/Upd/Del Cliente ECommerce">
							<http:success-status-code-validator
								values="200..599" />
						</http:request>
						<logger
							message="Procesando Order. Response del System Layer: #[message.payloadAs(java.lang.String)]"
							level="INFO" category="com.acqua.base.ProcessLayer" doc:name="Logger" />
						<set-variable variableName="validationErrorMessage"
							value="No se pudo dar de alta la orden Ecommerce" doc:name="Set Error Message" />
						<validation:custom-validator
							config-ref="Validation_Configuration" message="#[flowVars.validationErrorMessage]"
							class="com.acqua.common.pl.validator.PLExternalRestfulValidator"
							doc:name="Validation" />
						<json:json-to-object-transformer
							doc:name="JSON to Object" />
					</when>
					<otherwise>
						<logger message="Accion Invalida #[flowVars.accion]" level="INFO"
							category="com.acqua.base.ProcessLayer" doc:name="Logger" />
						<set-variable variableName="errorMessage"
							value="Accion #[flowVars.accion] invalida procesando order id: #[flowVars.orderId]"
							doc:name="Set Error Msg" />
						<validation:custom-validator
							config-ref="Validation_Configuration" message="Error Procesando WebHook de Creando Ordenes"
							class="com.acqua.common.pl.validator.PLCommonValidator" doc:name="Validation" />
					</otherwise>
				</choice>

			</processor-chain>
		</enricher>
		<set-property propertyName="http.status" value="#[200]" doc:name="Set http.status"/>
        <exception-strategy ref="Process_Layer_Generic_Exception_Strategy" doc:name="Reference Exception Strategy"/>
	</flow>
	
	<flow name="dragonfish-shopify-process-order-create-request-flow"
		processingStrategy="synchronous">
		<expression-component doc:name="Expression - Prepare Request Header"><![CDATA[flowVars.request = new java.util.HashMap();
flowVars.request.put("action",flowVars.accion);
flowVars.request.put("codigoPlataforma","${Dragon_ECommerce}"); 
flowVars.request.put("numeroOrden",payload.order_number); 
flowVars.request.put("clienteEcommerceDragon",org.apache.commons.lang3.StringUtils.substring(payload.customer.id,(org.apache.commons.lang.StringUtils.length(payload.customer.id) - 10))); 
flowVars.request.put("datosEnvio",payload.shipping_lines[0].title); 
flowVars.request.put("datosPago",payload.gateway); 
flowVars.request.put("pagado",false);  
flowVars.request.put("idOperacion",Long.toString(payload.id));
flowVars.request.put("fechaOperacion",payload.updated_at); 
flowVars.request.put("observacion",payload.order_status_url); 
flowVars.request.put("total",Double.parseDouble(payload.total_price));
flowVars.requestLine = new java.util.ArrayList();
flowVars.request.LineSeq = 0;
]]></expression-component>
		<foreach collection="#[payload.line_items]" doc:name="For Each - Line">
			<expression-component doc:name="Expression - Prepare Request Line"><![CDATA[flowVars.request.LineSeq=flowVars.request.LineSeq+1;
flowVars.requestDetailLine = new java.util.HashMap();
flowVars.requestDetailLine.put("idLinea",Long.toString(payload.id)); 
flowVars.requestDetailLine.put("idProducto",Long.toString(payload.variant_id)); 
flowVars.requestDetailLine.put("descripcionProductoEcommerce",payload.title); 
flowVars.requestDetailLine.put("idArticuloDragon",payload.sku); 
flowVars.requestDetailLine.put("descripcionProducto",payload.name); 
flowVars.requestDetailLine.put("codigoColor",""); 
flowVars.requestDetailLine.put("descripcionColor",""); 
flowVars.requestDetailLine.put("codigoTalle",""); 
flowVars.requestDetailLine.put("cantidadSolicitada",payload.quantity); 
flowVars.requestDetailLine.put("precioProducto",Double.parseDouble(payload.price)); 
flowVars.requestDetailLine.put("montoTotalLinea",((java.lang.Double.parseDouble(payload.price) + java.lang.Double.parseDouble(payload.tax_lines[0].price)) * java.lang.Integer.parseInt(payload.quantity)) - java.lang.Double.parseDouble(payload.total_discount)); 
flowVars.requestDetailLine.put("nroDeLinea",flowVars.request.LineSeq); 
flowVars.requestLine.add(flowVars.requestDetailLine);]]></expression-component>
		</foreach>
		<expression-component doc:name="Expression - Add Details to Request"><![CDATA[flowVars.request.put("detalleDeLaOrden",flowVars.requestLine);]]></expression-component>
	</flow>
	<flow name="dragonfish-shopify-process-order-customer-flow"
		processingStrategy="synchronous">
		<logger message="Procesando Customer de la Orden" level="INFO"
			category="com.acqua.base.ProcessLayer" doc:name="Logger" />
		<expression-component doc:name="Expression - Create Request"><![CDATA[flowVars.request= new java.util.HashMap();
flowVars.request.put("action",'create');
flowVars.request.put("nombre",payload.customer.first_name); 
flowVars.request.put("apellido",payload.customer.last_name); 
flowVars.request.put("mail",(payload.customer.email!=null?payload.customer.email:"")); 
flowVars.request.put("observacion",Long.toString(flowVars.currentPayload.id)); 
flowVars.request.put("telefono",payload.customer.phone==null?"":payload.customer.phone); 
flowVars.request.put("tipoDoc",""); 
flowVars.request.put("nroDoc",""); 
flowVars.request.put("codigo",Long.toString(payload.customer.id)); 
flowVars.request.put("clienteDragon",""); 
flowVars.request.put("clienteEcommerce",payload.customer.first_name + " " + payload.customer.last_name); 
flowVars.request.put("cuentaEcommerce","${Dragon_ECommerce}");]]></expression-component>
		<set-payload value="#[flowVars.request]" doc:name="Set Payload" />
		<json:object-to-json-transformer
			doc:name="Object to JSON" />
		<logger message="Procesando Customer. Request a System Layer: #[payload]"
			level="INFO" category="com.acqua.base.ProcessLayer" doc:name="Logger" />
		<http:request config-ref="DragonSL_Request_Configuration"
			path="put-customerecommerce" method="PUT"
			doc:name="HTTP Add/Upd/Del Cliente ECommerce">
			<http:success-status-code-validator
				values="200..599" />
		</http:request>
		<logger
			message="Procesando Customer. Response del System Layer: #[message.payloadAs(java.lang.String)]"
			level="INFO" category="com.acqua.base.ProcessLayer" doc:name="Logger" />
		<set-variable variableName="validationErrorMessage"
			value="No se pudo dar de alta el cliente de Ecommerce para la orden id #[flowVars.orderId]"
			doc:name="Set Error Message" />
		<validation:custom-validator config-ref="Validation_Configuration"
			message="#[flowVars.validationErrorMessage]" class="com.acqua.common.pl.validator.PLExternalRestfulValidator"
			doc:name="Validation" />
		<json:json-to-object-transformer
			doc:name="JSON to Object" />
	</flow>


</mule>
