<?xml version="1.0" encoding="UTF-8"?>

<mule xmlns:http="http://www.mulesoft.org/schema/mule/http" xmlns:json="http://www.mulesoft.org/schema/mule/json"
	xmlns:dragonfish="http://www.mulesoft.org/schema/mule/dragonfish" xmlns:tracking="http://www.mulesoft.org/schema/mule/ee/tracking" xmlns="http://www.mulesoft.org/schema/mule/core" xmlns:doc="http://www.mulesoft.org/schema/mule/documentation"
	xmlns:spring="http://www.springframework.org/schema/beans" 
	xmlns:xsi="http://www.w3.org/2001/XMLSchema-instance"
	xsi:schemaLocation="http://www.mulesoft.org/schema/mule/json http://www.mulesoft.org/schema/mule/json/current/mule-json.xsd
http://www.springframework.org/schema/beans http://www.springframework.org/schema/beans/spring-beans-current.xsd
http://www.mulesoft.org/schema/mule/core http://www.mulesoft.org/schema/mule/core/current/mule.xsd
http://www.mulesoft.org/schema/mule/ee/tracking http://www.mulesoft.org/schema/mule/ee/tracking/current/mule-tracking-ee.xsd
http://www.mulesoft.org/schema/mule/dragonfish http://www.mulesoft.org/schema/mule/dragonfish/current/mule-dragonfish.xsd
http://www.mulesoft.org/schema/mule/http http://www.mulesoft.org/schema/mule/http/current/mule-http.xsd">
    
    <flow name="start-flow">
    
        <logger message="Inicializacion de la Aplicacion" level="INFO" doc:name="Logger" category="com.acqua.utils.SystemLayer"/>
        
        <expression-component doc:name="Set Control Vars"><![CDATA[flowVars.flowName=flow.name;
flowVars.metricCategory="webhook-configuration";
flowVars.apiName="start";
flowVars.errorCode="";]]></expression-component>

		<enricher target="#[flowVars.ecommerces]" doc:name="Message Enricher">
            <invoke object-ref="DragonUtil" method="getEcommerces" doc:name="Get E-commerces"/>
        </enricher>
        
        <foreach collection="#[flowVars.ecommerces]" doc:name="For Each">
        
                <set-variable variableName="ECommerceWebhookTopics" value="Start" doc:name="Set Shopify Webhook Topics"/>
                
        		<flow-ref name="#[payload]-process-webhook-flow" doc:name="eCommerce-process-webhook-flow"/>
        		
        </foreach> 
        
        <flow-ref name="start-send-start-email" doc:name="start-send-start-email"/>
    </flow>
    
    <flow name="stop-flow" processingStrategy="synchronous">
    
        <logger message="Finalizando de la Aplicacion" level="INFO" category="com.acqua.utils.SystemLayer" doc:name="Logger"/>
        
        <expression-component doc:name="Set Control Vars"><![CDATA[flowVars.flowName=flow.name;
flowVars.metricCategory="webhook-configuration";
flowVars.apiName="stop";
flowVars.errorCode="";]]></expression-component>

		<enricher target="#[flowVars.ecommerces]" doc:name="Message Enricher">
            <invoke object-ref="DragonUtil" method="getEcommerces" doc:name="Get E-commerces"/>
        </enricher>
        
        <foreach collection="#[flowVars.ecommerces]" doc:name="For Each">
        
                <set-variable variableName="ECommerceWebhookTopics" value="#[&quot;&quot;]" doc:name="Set Empty Shopify Webhook Topics"/>
                
        		<flow-ref name="#[payload]-process-webhook-flow" doc:name="shopify-process-webhook-flow"/>
        		
        </foreach> 
          
        <flow-ref name="stop-send-end-email" doc:name="stop-send-end-email"/>
    </flow>
     
    <flow name="start-send-start-email" processingStrategy="synchronous">
    
        <set-payload value="Se ha iniciado la capa del sistema" doc:name="Set Payload"/>
        
        <flow-ref name="common-send-notification-flow" doc:name="common-send-notification-flow"/>
        
    </flow>
    
    <flow name="stop-send-end-email" processingStrategy="synchronous">
    
        <set-payload value="Se ha finalizado la capa del sistema" doc:name="Set Payload"/>
        
        <flow-ref name="common-send-notification-flow" doc:name="common-send-notification-flow"/>
    </flow>

</mule>
