<?xml version="1.0" encoding="UTF-8"?>

<mule xmlns:tracking="http://www.mulesoft.org/schema/mule/ee/tracking" xmlns:dragonfish="http://www.mulesoft.org/schema/mule/dragonfish" xmlns:json="http://www.mulesoft.org/schema/mule/json" xmlns:http="http://www.mulesoft.org/schema/mule/http" xmlns:validation="http://www.mulesoft.org/schema/mule/validation" xmlns="http://www.mulesoft.org/schema/mule/core" xmlns:doc="http://www.mulesoft.org/schema/mule/documentation"
	xmlns:spring="http://www.springframework.org/schema/beans" 
	xmlns:xsi="http://www.w3.org/2001/XMLSchema-instance"
	xsi:schemaLocation="http://www.springframework.org/schema/beans http://www.springframework.org/schema/beans/spring-beans-current.xsd
http://www.mulesoft.org/schema/mule/core http://www.mulesoft.org/schema/mule/core/current/mule.xsd
http://www.mulesoft.org/schema/mule/json http://www.mulesoft.org/schema/mule/json/current/mule-json.xsd
http://www.mulesoft.org/schema/mule/http http://www.mulesoft.org/schema/mule/http/current/mule-http.xsd
http://www.mulesoft.org/schema/mule/validation http://www.mulesoft.org/schema/mule/validation/current/mule-validation.xsd
http://www.mulesoft.org/schema/mule/dragonfish http://www.mulesoft.org/schema/mule/dragonfish/current/mule-dragonfish.xsd
http://www.mulesoft.org/schema/mule/ee/tracking http://www.mulesoft.org/schema/mule/ee/tracking/current/mule-tracking-ee.xsd">
    <flow name="dragon-customer-flow">
        <expression-component doc:name="Set Control Vars"><![CDATA[flowVars.flowName=flow.name;
flowVars.metricCategory=message.inboundProperties.'http.request.path';
flowVars.apiName=message.inboundProperties.'http.request.uri';
flowVars.errorCode="";]]></expression-component>
        <byte-array-to-string-transformer doc:name="Byte Array to String" encoding="UTF-8" mimeType="application/json"/>
        <logger message="Payload recibido #[payload]" level="INFO" category="com.acqua.utils.SystemLayer" doc:name="Logger"/>
        <json:json-to-object-transformer returnClass="java.util.HashMap" doc:name="JSON to Object"/>
        <enricher target="#[flowVars.idDragonClienteEcommerce]" doc:name="Message Enricher - Obtener ID">
            <flow-ref name="dragon-customer-obtener-customerEcommerceID-flow" doc:name="dragon-customer-obtener-customerEcommerceID-flow"/>
        </enricher>
        <choice doc:name="Choice">
            <when expression="#[payload.action=='create' &amp;&amp; flowVars.idDragonClienteEcommerce == '']">
                <expression-component doc:name="Expression"><![CDATA[flowVars.request = new java.util.HashMap();
flowVars.requestTmp = new java.util.HashMap();
flowVars.requestTmp.put("nombre",payload.nombre);
flowVars.requestTmp.put("apellido",payload.apellido);
flowVars.requestTmp.put("mail",payload.mail.toLowerCase());
flowVars.requestTmp.put("observacion",payload.codigo);
flowVars.requestTmp.put("telefono",payload.telefono);
flowVars.requestTmp.put("tipoDoc",payload.tipoDoc);
flowVars.requestTmp.put("nroDoc",payload.nroDoc);
flowVars.requestTmp.put("codigo",org.apache.commons.lang.StringUtils.right( payload.codigo, 10 ));
flowVars.requestTmp.put("clienteDragon",payload.clienteDragon);
flowVars.requestTmp.put("clienteEcommerce",payload.clienteEcommerce + " " + payload.codigo);
flowVars.requestTmp.put("cuentaecommerce",payload.cuentaEcommerce);
flowVars.request.put("request",flowVars.requestTmp);]]></expression-component>
                <dragonfish:servicio config-ref="Dragonfish__Configuration" entityType="Clienteecommerce_clienteecommercePost" doc:name="Dragonfish">
                    <dragonfish:entity-data ref="#[flowVars.request]"/>
                </dragonfish:servicio>
                <set-payload value="#[payload.codigo]" doc:name="Set Payload"/>
            </when>
            <when expression="#[payload.action=='update' || (payload.action=='create' &amp;&amp; flowVars.idDragonClienteEcommerce != '')]">
                <expression-component doc:name="Expression"><![CDATA[flowVars.request = new java.util.HashMap();
flowVars.request.put("id",flowVars.idDragonClienteEcommerce);
flowVars.requestTmp = new java.util.HashMap();
flowVars.requestTmp.put("nombre",payload.nombre);
flowVars.requestTmp.put("apellido",payload.apellido);
flowVars.requestTmp.put("mail",payload.mail.toLowerCase());
flowVars.requestTmp.put("observacion",payload.codigo);
flowVars.requestTmp.put("telefono",payload.telefono);
flowVars.requestTmp.put("tipoDoc",payload.tipoDoc);
flowVars.requestTmp.put("nroDoc",payload.nroDoc);
flowVars.requestTmp.put("codigo",flowVars.idDragonClienteEcommerce);
flowVars.requestTmp.put("clienteDragon",payload.clienteDragon);
flowVars.requestTmp.put("clienteEcommerce",payload.clienteEcommerce + " " + payload.codigo);
flowVars.requestTmp.put("cuentaecommerce",payload.cuentaEcommerce);
flowVars.request.put("request",flowVars.requestTmp);]]></expression-component>
                <dragonfish:servicio config-ref="Dragonfish__Configuration" entityType="ClienteecommerceById_clienteecommerceByIdPut" doc:name="Dragonfish">
                    <dragonfish:entity-data ref="#[flowVars.request]"/>
                </dragonfish:servicio>
                <set-payload value="#[payload.codigo]" doc:name="Set Payload"/>
            </when>
            <when expression="#[payload.action=='delete']">
                <expression-component doc:name="Expression"><![CDATA[flowVars.request = new java.util.HashMap();
flowVars.request.put("id",flowVars.idDragonClienteEcommerce);]]></expression-component>
                <dragonfish:servicio config-ref="Dragonfish__Configuration" entityType="ClienteecommerceById_clienteecommerceByIdDelete" doc:name="Dragonfish">
                    <dragonfish:entity-data ref="#[flowVars.request]"/>
                </dragonfish:servicio>
                <set-payload value="#[flowVars.idDragonClienteEcommerce]" doc:name="Set Payload"/>
            </when>
            <when expression="#[payload.action=='get']">
                <expression-component doc:name="Expression"><![CDATA[flowVars.request = new java.util.HashMap();
flowVars.request.put("id",flowVars.idDragonClienteEcommerce);]]></expression-component>
                <dragonfish:servicio config-ref="Dragonfish__Configuration" entityType="ClienteecommerceById_clienteecommerceByIdGet" doc:name="Dragonfish">
                    <dragonfish:entity-data ref="#[flowVars.request]"/>
                </dragonfish:servicio>
                <json:object-to-json-transformer doc:name="Object to JSON"/>
            </when>
            <otherwise>
                <logger message="Accion Invalida" level="INFO" category="com.acqua.utils.SystemLayer" doc:name="Logger"/>
            </otherwise>
        </choice>


        <exception-strategy ref="System_Layer_Generic_Exception_Strategy" doc:name="Reference Exception Strategy"/>
    </flow>
    
    
    <flow name="dragon-customer-obtener-customerEcommerceID-flow" processingStrategy="synchronous">
        <expression-component doc:name="Expression - Prepare Request"><![CDATA[flowVars.request = new java.util.HashMap();
flowVars .request.put("mail",payload.mail);]]></expression-component>
        <dragonfish:servicio config-ref="Dragonfish__Configuration" entityType="Clienteecommerce_clienteecommerceGet" doc:name="Dragonfish">
            <dragonfish:entity-data ref="#[flowVars.request]"/>
        </dragonfish:servicio>
        <set-payload value="#[payload.resultados[0].codigo]" doc:name="Set Payload"/>

		 
        <choice-exception-strategy doc:name="Choice Exception Strategy">
            <catch-exception-strategy when="exception.causedBy(org.mule.modules.connector.exceptions.ExternalConnectorException) &amp;&amp; (exception.cause.message.equals(&quot;INTERNAL: Not Found&quot;))" doc:name="Catch Exception Strategy" enableNotifications="false" logException="false">
                <logger message="No existe el Cliente E Commernce en DragonFish" level="INFO" doc:name="Logger" category="com.acqua.utils.SystemLayer"/>
                <set-payload value="#[&quot;&quot;]" doc:name="Set Payload"/>


            </catch-exception-strategy>
        </choice-exception-strategy>

    </flow>
    
    
</mule>
