<?xml version="1.0" encoding="UTF-8"?>

<mule xmlns:json="http://www.mulesoft.org/schema/mule/json"
	xmlns:validation="http://www.mulesoft.org/schema/mule/validation"
	xmlns:http="http://www.mulesoft.org/schema/mule/http" xmlns:tracking="http://www.mulesoft.org/schema/mule/ee/tracking"
	xmlns="http://www.mulesoft.org/schema/mule/core" xmlns:doc="http://www.mulesoft.org/schema/mule/documentation"
	xmlns:spring="http://www.springframework.org/schema/beans" xmlns:xsi="http://www.w3.org/2001/XMLSchema-instance"
	xsi:schemaLocation="http://www.mulesoft.org/schema/mule/json http://www.mulesoft.org/schema/mule/json/current/mule-json.xsd
http://www.mulesoft.org/schema/mule/validation http://www.mulesoft.org/schema/mule/validation/current/mule-validation.xsd
http://www.springframework.org/schema/beans http://www.springframework.org/schema/beans/spring-beans-current.xsd
http://www.mulesoft.org/schema/mule/core http://www.mulesoft.org/schema/mule/core/current/mule.xsd
http://www.mulesoft.org/schema/mule/ee/tracking http://www.mulesoft.org/schema/mule/ee/tracking/current/mule-tracking-ee.xsd
http://www.mulesoft.org/schema/mule/http http://www.mulesoft.org/schema/mule/http/current/mule-http.xsd">


	<flow name="shopify-get-status-flow" processingStrategy="synchronous">
		
		<expression-component doc:name="Set Control Vars"><![CDATA[flowVars.flowName=flow.name;
flowVars.metricCategory=message.inboundProperties.'http.request.path';
flowVars.apiName=message.inboundProperties.'http.request.uri';
flowVars.errorCode="";]]></expression-component>
        <expression-component doc:name="Expression"><![CDATA[flowVars.returnValue = new java.util.HashMap();
flowVars.shopifyStatus = new java.util.HashMap();
flowVars.shopifyWebHookStatus = new java.util.HashMap();]]></expression-component>

        
		<enricher target="#[flowVars.shopifyParms]" doc:name="Message Enricher">
            <invoke object-ref="ShopifyUtil" method="generateURL" methodArguments="${Shopify_API_Key}, ${Shopify_API_Password}, &quot;&quot;" doc:name="Invoke - Genera Path de la URL"/>
		</enricher>
        <enricher target="#[flowVars.shopifyStatus]" doc:name="Message Enricher">
            <processor-chain doc:name="Processor Chain">
                <http:request config-ref="HTTP_Request_Configuration_Shopify" path="/shop.json" method="GET" source="#[flowVars.request]" doc:name="HTTP - Get Shop Status">
                    <http:request-builder>
                        <http:header headerName="authorization" value="#[flowVars.shopifyParms['ShopifyBaseAuth']]"/>
                    </http:request-builder>
                </http:request>
                <validation:custom-validator config-ref="Validation_Configuration" message="SHOPIFY API ha retornado un error" class="com.acqua.common.sl.validator.SLExternalRestfulValidator" doc:name="Validation HTTP Response"/>
                <byte-array-to-string-transformer doc:name="Byte Array to String" encoding="UTF-8" mimeType="application/json"/>
                <json:json-to-object-transformer returnClass="java.util.HashMap" doc:name="JSON to Object"/>
            </processor-chain>
        </enricher>
        <enricher target="#[flowVars.shopifyWebHookStatus]" doc:name="Message Enricher">
            <processor-chain doc:name="Processor Chain">
                <http:request config-ref="HTTP_Request_Configuration_Shopify" path="/webhooks.json" method="GET" source="#[flowVars.request]" doc:name="HTTP - Get Shop Webhook Status">
                    <http:request-builder>
                        <http:header headerName="authorization" value="#[flowVars.shopifyParms['ShopifyBaseAuth']]"/>
                    </http:request-builder>
                </http:request>
                <validation:custom-validator config-ref="Validation_Configuration" message="SHOPIFY Webhook API ha retornado un error" class="com.acqua.common.sl.validator.SLExternalRestfulValidator" doc:name="Validation HTTP Response"/>
                <byte-array-to-string-transformer doc:name="Byte Array to String" encoding="UTF-8" mimeType="application/json"/>
                <json:json-to-object-transformer returnClass="java.util.HashMap" doc:name="JSON to Object"/>
            </processor-chain>
        </enricher>
        <expression-component doc:name="Expression"><![CDATA[flowVars.returnValue.put("ShopifyStatus",flowVars.shopifyStatus);
flowVars.returnValue.put("ShopifyWebHookStatus",flowVars.shopifyWebHookStatus);]]></expression-component>
        <set-payload value="#[flowVars.returnValue]" doc:name="Set Payload"/>
        <json:object-to-json-transformer doc:name="Object to JSON"/>


		<logger message="#[payload]" level="INFO" doc:name="Logger" category="com.acqua.utils.SystemLayer"/>

		<exception-strategy ref="System_Layer_Generic_Exception_Strategy"
				doc:name="Reference Exception Strategy" />
				
	</flow>


</mule>
