<?xml version="1.0" encoding="UTF-8"?>

<mule xmlns:json="http://www.mulesoft.org/schema/mule/json"
	xmlns:validation="http://www.mulesoft.org/schema/mule/validation"
	xmlns:http="http://www.mulesoft.org/schema/mule/http" xmlns:tracking="http://www.mulesoft.org/schema/mule/ee/tracking"
	xmlns="http://www.mulesoft.org/schema/mule/core" xmlns:doc="http://www.mulesoft.org/schema/mule/documentation"
	xmlns:spring="http://www.springframework.org/schema/beans" xmlns:xsi="http://www.w3.org/2001/XMLSchema-instance"
	xsi:schemaLocation="http://www.mulesoft.org/schema/mule/json http://www.mulesoft.org/schema/mule/json/current/mule-json.xsd
http://www.mulesoft.org/schema/mule/validation http://www.mulesoft.org/schema/mule/validation/current/mule-validation.xsd
http://www.springframework.org/schema/beans http://www.springframework.org/schema/beans/spring-beans-current.xsd
http://www.mulesoft.org/schema/mule/core http://www.mulesoft.org/schema/mule/core/current/mule.xsd
http://www.mulesoft.org/schema/mule/ee/tracking http://www.mulesoft.org/schema/mule/ee/tracking/current/mule-tracking-ee.xsd
http://www.mulesoft.org/schema/mule/http http://www.mulesoft.org/schema/mule/http/current/mule-http.xsd">


	<flow name="woo-validate-image-flow" processingStrategy="synchronous">
		
		<expression-component doc:name="Set Control Vars"><![CDATA[flowVars.flowName=flow.name;
flowVars.metricCategory=message.inboundProperties.'http.request.path';
flowVars.apiName=message.inboundProperties.'http.request.uri';
flowVars.errorCode="";
flowVars.imageName=message.inboundProperties.'http.uri.params'.ImageName;]]></expression-component>
        
        <logger message="#[&quot;-----------------------------------------------------------------------------------------&quot;]" level="INFO" category="com.acqua.utils.ConsolaSystemWoo" doc:name="Logger CONSOLA"/>
        
        <logger message="SYSTEM LAYER - Validate Image #[flowVars.imageName] Woo" level="INFO" category="com.acqua.utils.ConsolaSystemWoo" doc:name="Logger CONSOLA"/>
        
        <http:request config-ref="HTTP_Request_Configuration_Woo_Image" path="#[flowVars.imageName]${woo_generar_csv_image_url_sufix}" method="GET" doc:name="HTTP - Get Shop Status">
            <http:success-status-code-validator values="200..599"/>
        </http:request>
      
        <validation:custom-validator config-ref="Validation_Configuration" message="WOO API ha retornado un error" class="com.acqua.common.sl.validator.SLExternalRestfulValidator" doc:name="Validation HTTP Response"/>
       
        <logger message="SYSTEM LAYER - Image #[flowVars.imageName] exists" level="INFO" category="com.acqua.utils.ConsolaSystemWoo" doc:name="Logger CONSOLA"/>
        
        <set-payload value="true" encoding="ISO-8859-1" mimeType="application/java" doc:name="Set Payload"/>

		<choice-exception-strategy doc:name="Choice Exception Strategy">
			
			<catch-exception-strategy
				when="exception.causedBy(com.acqua.common.sl.exceptions.SLException)"
				doc:name="Catch Exception Strategy" enableNotifications="false"
				logException="false">
			
				<logger
					message="SYSTEM LAYER - Image #[flowVars.imageName] doesn't exists"
					level="INFO" doc:name="Logger CONSOLA" category="com.acqua.utils.ConsolaSystemWoo" />
			
				<set-payload value="false"
					doc:name="Set Payload" encoding="ISO-8859-1" mimeType="application/java"/>

				<set-property propertyName="http.status" value="#[404]" doc:name="http.status"/>
				
			</catch-exception-strategy>
			
		</choice-exception-strategy>
				
	</flow>
	
	<flow name="woo-producto_get_id_flow">
        <expression-component doc:name="Set Control Vars"><![CDATA[flowVars.flowName=flow.name;
flowVars.metricCategory=message.inboundProperties.'http.request.path';
flowVars.apiName=message.inboundProperties.'http.request.uri';
flowVars.errorCode="";
flowVars .parameterCodigo=message.inboundProperties.'http.uri.params'.sku;]]></expression-component>
	
        <logger message="Recuperando Woo ID de Dragon Code:  #[flowVars.dragonId]" level="INFO" category="com.acqua.utils.SystemLayer" doc:name="Logger"/>
    
        <http:request config-ref="HTTP_Request_Configuration_Woo" path="/products" method="GET"  doc:name="HTTP - Validate Woo ID">
            <http:request-builder>
                <http:query-param paramName="consumer_key" value="${Woo_API_Key}"/>
                <http:query-param paramName="consumer_secret" value="${Woo_API_Password}"/>
                <http:query-param paramName="sku" value="#[flowVars.parameterCodigo]"/>

            </http:request-builder>
            <http:success-status-code-validator values="200..500"/>
        </http:request>
        
        <validation:custom-validator config-ref="Validation_Configuration" message="Woo No se pudo recuperar el articulo en base al codigo Dragon" class="com.acqua.common.sl.validator.SLExternalRestfulValidator" doc:name="Validation HTTP Response"/>
  
        <json:json-to-object-transformer returnClass="java.util.ArrayList" doc:name="JSON to Object"/>
  
        <choice doc:name="Choice">
            <when expression="#[payload.size() &gt; 0]">
                <set-payload value="{&quot;id&quot;:#[payload[0].id]}" mimeType="application/json" doc:name="Set Payload"/>
            </when>
            <otherwise>
                <set-payload value="{&quot;id&quot;:0}" doc:name="Set Payload" mimeType="application/json"/>
            </otherwise>
        </choice>
        
        <exception-strategy ref="System_Layer_Generic_Exception_Strategy"
			doc:name="Reference Exception Strategy" />
    </flow>


</mule>
