<?xml version="1.0" encoding="UTF-8"?>

<mule xmlns:validation="http://www.mulesoft.org/schema/mule/validation"
	xmlns:http="http://www.mulesoft.org/schema/mule/http"
	xmlns:json="http://www.mulesoft.org/schema/mule/json" xmlns:tracking="http://www.mulesoft.org/schema/mule/ee/tracking" xmlns="http://www.mulesoft.org/schema/mule/core" xmlns:doc="http://www.mulesoft.org/schema/mule/documentation"
	xmlns:spring="http://www.springframework.org/schema/beans" 
	xmlns:xsi="http://www.w3.org/2001/XMLSchema-instance"
	xsi:schemaLocation="http://www.mulesoft.org/schema/mule/validation http://www.mulesoft.org/schema/mule/validation/current/mule-validation.xsd
http://www.mulesoft.org/schema/mule/http http://www.mulesoft.org/schema/mule/http/current/mule-http.xsd
http://www.springframework.org/schema/beans http://www.springframework.org/schema/beans/spring-beans-current.xsd
http://www.mulesoft.org/schema/mule/core http://www.mulesoft.org/schema/mule/core/current/mule.xsd
http://www.mulesoft.org/schema/mule/ee/tracking http://www.mulesoft.org/schema/mule/ee/tracking/current/mule-tracking-ee.xsd
http://www.mulesoft.org/schema/mule/json http://www.mulesoft.org/schema/mule/json/current/mule-json.xsd">

    <flow name="woo-table-refresh-categorias-flow">
    
    	<logger message="SYSTEM LAYER - Refreshing Categories" level="INFO" category="com.acqua.utils.ConsolaSystemWoo" doc:name="Logger CONSOLA"/>
        
        <expression-component doc:name="Set Control Vars"><![CDATA[flowVars.flowName=flow.name;
flowVars.metricCategory=message.inboundProperties.'http.request.path';
flowVars.apiName=message.inboundProperties.'http.request.uri';
flowVars.errorCode="";]]></expression-component>

        <expression-component doc:name="Expression - Create Return Value"><![CDATA[flowVars.returnValues = new java.util.ArrayList();
flowVars.errorStatus = false;]]></expression-component>
       
        <enricher target="#[flowVars.dragonCategories]" doc:name="Message Enricher - Get Dragon Categories">
            <processor-chain doc:name="Processor Chain">
                <flow-ref name="dragon-table-lookup-table-familia-flow" doc:name="dragon-table-lookup-table-familia-flow"/>
                <json:json-to-object-transformer returnClass="java.util.ArrayList" doc:name="JSON to Object"/>
            </processor-chain>
        </enricher>
        
        <flow-ref name="woo-table-lookup-categorias-flow" doc:name="woo-table-lookup-categorias-flow"/>
        <json:json-to-object-transformer returnClass="java.util.ArrayList" doc:name="JSON to Object"/>
        
         <custom-transformer mimeType="application/json" class="com.acqua.transformer.WooRefreshCategoriesTransformer" doc:name="Woo Alta Producto Transformer">               
         </custom-transformer>
        <choice doc:name="Choice">
            <when expression="#[!payload.isEmpty()]">
                <foreach collection="#[payload]" doc:name="For Each">
                    <json:object-to-json-transformer doc:name="Object to JSON"/>
                    <logger message="SYSTEM LAYER - Refreshing Categories Request: #[&quot;\n&quot;]#[payload]" level="INFO" category="com.acqua.utils.ConsolaSystemWoo" doc:name="Logger CONSOLA"/>
                    <http:request config-ref="HTTP_Request_Configuration_Woo" path="/products/categories/batch" method="POST" doc:name="HTTP - Update Categories">
                        <http:request-builder>
                            <http:query-param paramName="consumer_key" value="${Woo_API_Key}"/>
                            <http:query-param paramName="consumer_secret" value="${Woo_API_Password}"/>
                            <http:header headerName="content-type" value="application/json; charset=utf-8"/>
                        </http:request-builder>
                        <http:success-status-code-validator values="200..599"/>
                    </http:request>
                    <validation:custom-validator config-ref="Validation_Configuration" message="Woo API ha retornado un error" class="com.acqua.common.sl.validator.SLExternalRestfulValidator" doc:name="Validation HTTP Response"/>
                    <json:json-to-object-transformer returnClass="java.util.HashMap" doc:name="JSON to Object"/>
                    <expression-component doc:name="Expression - Add Return Value"><![CDATA[flowVars.returnValues.add(payload);]]></expression-component>
                    <logger message="SYSTEM LAYER - Refresh Categories:  #[message.inboundProperties[&quot;http.status&quot;]] #[&quot;\n&quot;]#[message.payloadAs(java.lang.String)]" level="INFO" category="com.acqua.utils.ConsolaSystemWoo" doc:name="Logger CONSOLA"/>
                </foreach>
            </when>
            <otherwise>
                <logger message="SYSTEM LAYER - No records" level="INFO" category="com.acqua.utils.ConsolaSystemWoo" doc:name="Logger"/>
            </otherwise>
        </choice>
        
        <set-payload value="#[flowVars.returnValues]" doc:name="Set Payload"/>
         
        <json:object-to-json-transformer doc:name="Object to JSON"/>
        
        <set-property propertyName="http.status" value="#[flowVars.errorStatus?400:200]" doc:name="http.status"/>
        
        <validation:custom-validator config-ref="Validation_Configuration" message="Error actualizando Etiquetas" class="com.acqua.common.sl.validator.SLExternalRestfulValidator" doc:name="Validation HTTP Response"/>        
                
        <exception-strategy ref="System_Layer_Generic_Exception_Strategy"
				doc:name="Reference Exception Strategy" />
				
                    
    </flow>
    
    <flow name="woo-table-refresh-etiquetas-flow">
    
    	<logger message="SYSTEM LAYER - Refreshing Categories" level="INFO" category="com.acqua.utils.ConsolaSystemWoo" doc:name="Logger CONSOLA"/>

        <expression-component doc:name="Set Control Vars"><![CDATA[flowVars.flowName=flow.name;
flowVars.metricCategory=message.inboundProperties.'http.request.path';
flowVars.apiName=message.inboundProperties.'http.request.uri';
flowVars.errorCode="";]]></expression-component>

        <expression-component doc:name="Expression - Create Return Value"><![CDATA[flowVars.returnValues = new java.util.ArrayList();
flowVars.errorStatus = false;]]></expression-component>
       
       
        <enricher target="#[flowVars.dragonCategories]" doc:name="Message Enricher - Get Dragon Categories" source="#[flowVars.values]">
            <processor-chain doc:name="Processor Chain">
                <expression-component doc:name="Expression Create ArrayList"><![CDATA[flowVars.values = new java.util.ArrayList();
]]></expression-component>
                <flow-ref name="dragon-table-lookup-table-categoriasarticulo-flow" doc:name="dragon-table-lookup-table-categoriasarticulo-flow"/>
                <json:json-to-object-transformer returnClass="java.util.ArrayList" doc:name="JSON to Object"/>
                <expression-component doc:name="Expression"><![CDATA[flowVars.values.addAll(payload);]]></expression-component>
                <flow-ref name="dragon-table-lookup-table-tiposarticulo-flow" doc:name="dragon-table-lookup-table-tiposarticulo-flow"/>
                <json:json-to-object-transformer returnClass="java.util.ArrayList" doc:name="JSON to Object"/>
                <expression-component doc:name="Expression"><![CDATA[flowVars.values.addAll(payload);]]></expression-component>
                <flow-ref name="dragon-table-lookup-table-colores-flow" doc:name="dragon-table-lookup-table-colores-flow"/>
                <json:json-to-object-transformer returnClass="java.util.ArrayList" doc:name="JSON to Object"/>
                <expression-component doc:name="Expression"><![CDATA[flowVars.values.addAll(payload);]]></expression-component>
                <flow-ref name="dragon-table-lookup-table-talles-flow" doc:name="dragon-table-lookup-table-talles-flow"/>
                <json:json-to-object-transformer returnClass="java.util.ArrayList" doc:name="JSON to Object"/>
                <expression-component doc:name="Expression"><![CDATA[flowVars.values.addAll(payload);]]></expression-component>
            </processor-chain>
        </enricher>
        
        <flow-ref name="woo-table-lookup-etiquetas-flow" doc:name="woo-table-lookup-etiquetas-flow"/>
        <json:json-to-object-transformer returnClass="java.util.ArrayList" doc:name="JSON to Object"/>
        
         <custom-transformer mimeType="application/json" class="com.acqua.transformer.WooRefreshCategoriesTransformer" doc:name="Woo Alta Producto Transformer">               
         </custom-transformer>
        <choice doc:name="Choice">
            <when expression="#[!payload.isEmpty()]">
                <foreach collection="#[payload]" doc:name="For Each">
                    <json:object-to-json-transformer doc:name="Object to JSON"/>
                    <logger message="SYSTEM LAYER - Refreshing Categories Request: #[&quot;\n&quot;]#[payload]" level="INFO" category="com.acqua.utils.ConsolaSystemWoo" doc:name="Logger CONSOLA"/>
                    <http:request config-ref="HTTP_Request_Configuration_Woo" path="/products/tags/batch" method="POST" doc:name="HTTP - Update Tags">
                        <http:request-builder>
                            <http:query-param paramName="consumer_key" value="${Woo_API_Key}"/>
                            <http:query-param paramName="consumer_secret" value="${Woo_API_Password}"/>
                            <http:header headerName="content-type" value="application/json; charset=utf-8"/>

                        </http:request-builder>
                        <http:success-status-code-validator values="200..599"/>
                    </http:request>
                    <logger message="SYSTEM LAYER - Refresh Categories:  #[message.inboundProperties[&quot;http.status&quot;]] #[&quot;\n&quot;]#[message.payloadAs(java.lang.String)]" level="INFO" category="com.acqua.utils.ConsolaSystemWoo" doc:name="Logger CONSOLA"/>
                    <validation:custom-validator config-ref="Validation_Configuration" message="Woo API ha retornado un error" class="com.acqua.common.sl.validator.SLExternalRestfulValidator" doc:name="Validation HTTP Response"/>
                    <json:json-to-object-transformer returnClass="java.util.HashMap" doc:name="JSON to Object"/>
                    <expression-component doc:name="Expression - Add Return Value"><![CDATA[flowVars.errorStatus=(flowVars.errorStatus==false?(message.inboundProperties['http.status']>=400):400);
flowVars.returnValues.add(payload);
]]></expression-component>
                </foreach>
            </when>
            <otherwise>
                <logger message="SYSTEM LAYER - No records" level="INFO" category="com.acqua.utils.ConsolaSystemWoo" doc:name="Logger"/>
            </otherwise>
        </choice>
			
        
        <set-payload value="#[flowVars.returnValues]" doc:name="Set Payload"/>
         
        <json:object-to-json-transformer doc:name="Object to JSON"/>
        
        <set-property propertyName="http.status" value="#[flowVars.errorStatus?400:200]" doc:name="http.status"/>
        
        <validation:custom-validator config-ref="Validation_Configuration" message="Error actualizando Etiquetas" class="com.acqua.common.sl.validator.SLExternalRestfulValidator" doc:name="Validation HTTP Response"/>        
        
        <exception-strategy ref="System_Layer_Generic_Exception_Strategy"
				doc:name="Reference Exception Strategy" />
				
                    
    </flow>

</mule>
