{
	"request": {
		"type": "version"
	},
	"value": {
		"agent": "1.6.0",
		"protocol": "7.2",
		"config": {
			"listenForHttpService": "true",
			"authIgnoreCerts": "false",
			"agentId": "169.254.24.157-7112-28f8e165-servlet",
			"debug": "false",
			"agentType": "servlet",
			"policyLocation": "classpath:/jolokia-access.xml",
			"agentContext": "/jolokia",
			"serializeException": "false",
			"mimeType": "text/plain",
			"dispatcherClasses": "org.jolokia.http.Jsr160ProxyNotEnabledByDefaultAnymoreDispatcher",
			"authMode": "basic",
			"streaming": "true",
			"canonicalNaming": "true",
			"historyMaxEntries": "10",
			"allowErrorDetails": "false",
			"allowDnsReverseLookup": "true",
			"realm": "jolokia",
			"includeStackTrace": "true",
			"useRestrictorService": "false",
			"debugMaxEntries": "100"
		},
		"info": {
			"product": "activemq",
			"vendor": "Apache",
			"version": "5.15.7"
		}
	},
	"timestamp": 1565789208,
	"status": 200
}