{
    "obs": "Datos completo del Pago",
    "informacionAdicional": [
        {
            "estadoTransferencia": "",
            "versionAltaFW": "09.0002.12567",
            "horaExpo": "",
            "horaAltaFW": "16:29:49",
            "versionModificacionFW": "09.0002.12567",
            "horaImpo": "",
            "usuarioModificacionFW": "ADMIN",
            "fechaTransferencia": null,
            "baseDeDatosAltaFW": "DEMO",
            "ZADSFW": "",
            "serieModificacionFW": "DEMO",
            "usuarioAltaFW": "ADMIN",
            "fechaModificacionFW": {
                "year": 2020,
                "month": "APRIL",
                "dayOfMonth": 2,
                "dayOfWeek": "THURSDAY",
                "era": "CE",
                "dayOfYear": 93,
                "leapYear": true,
                "monthValue": 4,
                "chronology": {
                    "id": "ISO",
                    "calendarType": "iso8601"
                }
            },
            "baseDeDatosModificacionFW": "DEMO",
            "fechaImpo": null,
            "serieAltaFW": "DEMO",
            "fechaExpo": null,
            "fechaAltaFW": {
                "year": 2020,
                "month": "APRIL",
                "dayOfMonth": 2,
                "dayOfWeek": "THURSDAY",
                "era": "CE",
                "dayOfYear": 93,
                "leapYear": true,
                "monthValue": 4,
                "chronology": {
                    "id": "ISO",
                    "calendarType": "iso8601"
                }
            },
            "horaModificacionFW": "16:29:49"
        }
    ],
    "codigo": "1254658474034",
    "compAfec": [],
    "numero": "1000",
    "publicacionDetalle": [
        {
            "descripcion": "REMERA HOMBRE DRY FIT CUELLO REDONDO A23",
            "codigo": "",
            "precio": 66.0,
            "monto": 66.0,
            "color": "BLACK",
            "talle": "1",
            "articulo": "00100101",
            "articuloDetalle": "REMERA HOMBRE DRY FIT CUELLO REDONDO A23 - 1 Azul",
            "cantidad": 1,
            "nroItem": 1,
            "idPublicacion": "1254658474034",
            "colorDetalle": "Negro"
        }
    ],
    "hora": "16:05",
    "datosEnvio": "SH",
    "datosPago": "Cash on Delivery (COD) - manual",
    "fecha": {
        "year": 2019,
        "month": "JULY",
        "dayOfMonth": 16,
        "dayOfWeek": "TUESDAY",
        "era": "CE",
        "dayOfYear": 197,
        "leapYear": false,
        "monthValue": 7,
        "chronology": {
            "id": "ISO",
            "calendarType": "iso8601"
        }
    },
    "clienteEcom": "SH00000020",
    "total": 170.93,
    "pagado": true,
    "ecommerce": "SHOPIFY"
}