{
	"product_type": "variable",
	"id": "0",
	"description": "DEMO REMERA HOMBRE",
	"short_description": "<p>Descripcion corta del producto</p>\n",
	"long_description": "<p>Descripcion larga del producto</p>\n",
	"publica": true,
	"single": {
		"regular_price": "",
		"sale_price": "",
		"inventory_quantity": "",
		"sku": "00100101",
		"weight": "2.0",
		"weight_unit": "kg",
		"length": "10",
		"width": "11",
		"height": "12",
		"images": [
			{
				"image_name": "00100101",
				"position": 1
			}
		]
	},
	"variants": [    {
      "inventory_quantity": "8",
      "color": "Rojo salmon",
      "weight_unit": "kg",
      "image_name": "00100101_01_03",
      "regular_price": "100.0",
	  "sale_price": "99.0",
      "talle": "TALLE 1",
      "weight": "2.0",
	  "length": "10",
	  "width": "11",
	  "height": "12",
      "sku": "00100101-01-02",
      "barcode": ""
    },
    {
      "inventory_quantity": "8",
      "color": "Amarillo",
      "weight_unit": "kg",
      "image_name": "00100101_01_02",
      "regular_price": "100.0",
	  "sale_price": "99.0",
      "talle": "TALLE 2",
      "weight": "2.0",
	  "length": "10",
	  "width": "11",
	  "height": "12",
      "sku": "00100101-01-03",
      "barcode": ""
    }] 	,
	"atributes": {
		"familia": "REMERAS",
		"material": "ALGODON",
		"linea": "MARCA 1",
		"categoria": "Prenda Hombre",
		"tipo": "Casual",
		"talles": [
			"TALLE 1",
			"TALLE 2"
		],
		"colores": [
			"Amarillo",
			"Rojo salmon"
		]
	},
	"categories": [28],
	"tags": [26,27] 
}