{
    "errors": {
        "flowName": "",
        "errorCode": "0000",
        "category": "",
        "httpStatus": 404,
        "errorMessage": "INTERNAL: El dato buscado 1000 de la entidad OPERACIONES ECOMMERCE no existe.",
        "externalErrorCode": {
            "apiName": "OperacionecommerceById.operacionecommerceByIdDelete",
            "result": "",
            "result_namespace": "",
            "errorMessage": "INTERNAL: El dato buscado 1000 de la entidad OPERACIONES ECOMMERCE no existe.",
            "httpStatus": 404,
            "request": "{\"Authorization\":\"eyJ0eXAiOiJKV1QiLCJhbGciOiJIUzI1NiJ9.eyJwYXNzd29yZCI6ImFjZjMyYmJlMmViZDFmOGVkZThjOWVlMTQzY2Q1YWMzMTM0NTg2NzRhMzZkMzk1ODA0OTAxZjU5ZWI3NTVkMDIiLCJ1c3VhcmlvIjoiQURNSU4iLCJleHAiOiIxNTg2MDMzMTA0In0.vgPZodCEnw1fYjNB9PGdjHzSAK2M286cxW30xUK5Nmo\",\"IdCliente\":\"CODIGO001\",\"BaseDeDatos\":\"\",\"Accept\":\"application/json\",\"User-Agent\":\"Swagger-Codegen/1.0.0/java\",\"Method\":\"DELETE\",\"URI\":\"http://192.168.99.1:8008/api.Dragonfish/Operacionecommerce/1000/\"}",
            "response": "{\"Access-Control-Expose-Headers\":\"InformacionAdicional\",\"Reason Code\":\"El dato buscado 1000 de la entidad OPERACIONES ECOMMERCE no existe.\",\"Http Status\":404,\"Server\":\"Microsoft-HTTPAPI/2.0\",\"Access-Control-Allow-Origin\":\"\",\"Access-Control-Allow-Methods\":\"OPTIONS,GET,POST,DELETE,PUT\",\"Content-Length\":\"0\",\"Date\":\"Thu, 02 Apr 2020 19:09:26 GMT\",\"Access-Control-Allow-Headers\":\"content-type,Authorization,IdCliente\"}",
            "layer": "ENTERNAL SERVICE"
        }
    }
}