{
  "statusAutentication": 200,
  "fechaUltimaModificacionConfig": "2020-09-28T15:10:00",
  "plataformas": {
    "totalRegistros": 1,
    "resultados": [
      {
        "descripcion": "Woo Ecommerce",
        "accion": "",
        "informacionAdicional": [
          {
            "estadoTransferencia": "",
            "versionAltaFW": "09.0012.12838",
            "horaExpo": "",
            "horaAltaFW": "12:20:50",
            "versionModificacionFW": "09.0012.12838",
            "horaImpo": "",
            "usuarioModificacionFW": "ADMIN",
            "fechaTransferencia": null,
            "baseDeDatosAltaFW": "DEPOSITO",
            "ZADSFW": "",
            "serieModificacionFW": "704252",
            "usuarioAltaFW": "ADMIN",
            "fechaModificacionFW": {
              "year": 2020,
              "month": "OCTOBER",
              "dayOfMonth": 16,
              "dayOfWeek": "FRIDAY",
              "era": "CE",
              "dayOfYear": 290,
              "leapYear": true,
              "monthValue": 10,
              "chronology": {
                "id": "ISO",
                "calendarType": "iso8601"
              }
            },
            "baseDeDatosModificacionFW": "DEPOSITO",
            "fechaImpo": null,
            "serieAltaFW": "704252",
            "fechaExpo": null,
            "fechaAltaFW": {
              "year": 2020,
              "month": "OCTOBER",
              "dayOfMonth": 16,
              "dayOfWeek": "FRIDAY",
              "era": "CE",
              "dayOfYear": 290,
              "leapYear": true,
              "monthValue": 10,
              "chronology": {
                "id": "ISO",
                "calendarType": "iso8601"
              }
            },
            "horaModificacionFW": "12:20:50"
          }
        ],
        "codigo": "WOO",
        "vendedor": "",
        "transportista": "",
        "motivo": "",
        "usaValeCambio": false,
        "listaDePrecios": "LISTA2",
        "facturarSinPersonalizar": false,
        "tipoEcommerce": 0,
        "baseDeDatos": "",
        "concenvio": "",
        "pago": "VI",
        "condicionPagoPreferente": "",
        "clienteDefault": "",
        "idVinculacion": 0,
        "cuenta": "Cuenta Woo",
        "buzon": "",
        "observacion": ""
      }
    ],
    "siguiente": null,
    "countResultado": 1
  },
  "autenticacion": {
    "ClavePrivadaConfCliente": "OBHDF76111",
    "User": "ADMIN",
    "httpStatus": 200,
    "Token": "eyJ0eXAiOiJKV1QiLCJhbGciOiJIUzI1NiJ9.eyJwYXNzd29yZCI6IjgwOWYwYTliMGYzODE5NDM1ZTU3YzliN2JhODhhNTY0OGZkYmVmYWJhNjE0ZmJiYTgxMTA4MGYxZmYzYzIyMWQiLCJ1c3VhcmlvIjoiQURNSU4iLCJleHAiOiIxNjA5NTI2OTU1In0.ElSKLVLDjeZAsCKgmeExXWBEGoYLdoWMrLYbKB-yl24",
    "CodigoConfCliente": "O0D55AA400",
    "UrlBase": "http://juvenilia.ngrok.io/api.Dragonfish",
    "Password": "ADMIN"
  },
  "message": "Logged",
  "dragon-connector-response": {
    "ClavePrivadaConfCliente": "OBHDF76111",
    "User": "ADMIN",
    "httpStatus": 200,
    "Token": "eyJ0eXAiOiJKV1QiLCJhbGciOiJIUzI1NiJ9.eyJwYXNzd29yZCI6IjgwOWYwYTliMGYzODE5NDM1ZTU3YzliN2JhODhhNTY0OGZkYmVmYWJhNjE0ZmJiYTgxMTA4MGYxZmYzYzIyMWQiLCJ1c3VhcmlvIjoiQURNSU4iLCJleHAiOiIxNjA5NTI2OTU1In0.ElSKLVLDjeZAsCKgmeExXWBEGoYLdoWMrLYbKB-yl24",
    "CodigoConfCliente": "O0D55AA400",
    "UrlBase": "http://juvenilia.ngrok.io/api.Dragonfish",
    "Password": "ADMIN"
  },
  "dragon-information-base": {
    "puerto": 8008,
    "informacionOrganic": [
      {
        "descripcion": "JUVESERVER",
        "baseDeDatosActiva": "DEPOSITO",
        "codigoServidor": "202012041605006SSFHY",
        "cajaActiva": 1,
        "tipoComprobante": "         0",
        "version": "09.0012.12838",
        "impresoraPredeterminada": "Canon LBP6030/6040/6018L",
        "rutaInstalacion": "C:\\DRAGONFISH\\",
        "puertoConfigurado": 8008
      }
    ],
    "nombreProceso": "DRAGONFISH_Core",
    "hora": "30-12-2020 13:49:16",
    "informacionEntorno": [
      {
        "memoria": "17055318016",
        "impresoras": [
          {
            "nombre": "ZDesigner TLP 2844",
            "network": false,
            "status": "Unknown"
          },
          {
            "nombre": "Microsoft XPS Document Writer",
            "network": false,
            "status": "Unknown"
          },
          {
            "nombre": "Microsoft Print to PDF",
            "network": false,
            "status": "Unknown"
          },
          {
            "nombre": "LBP6030w/6018w",
            "network": false,
            "status": "Unknown"
          },
          {
            "nombre": "Generica",
            "network": false,
            "status": "Unknown"
          },
          {
            "nombre": "Fax",
            "network": false,
            "status": "Unknown"
          },
          {
            "nombre": "Canon LBP6030/6040/6018L",
            "network": false,
            "status": "Unknown"
          }
        ],
        "puertoHabilitado": true
      }
    ],
    "idProceso": 4468,
    "registro": [
      {
        "tipoRequest": "EquivalenciaListar",
        "cantidadRequests": 1,
        "tiempoEjecucionInicial": "498",
        "tiempoUltimaEjecucion": "498"
      },
      {
        "tipoRequest": "EcommerceListar",
        "cantidadRequests": 1,
        "tiempoEjecucionInicial": "145",
        "tiempoUltimaEjecucion": "145"
      }
    ]
  },
  "fechaUltimaModificacion": null
}