[
  {
    "eCommercePlataforma": "WOO",
    "eCommerceComprobante": "12417",
    "pedidoCodigo": "19EE50C981217D1458A1B86F13491813533561",
    "pedidoComprobante": "X-0001-00000008",
    "eCommerceCodigo": "W12417",
    "modificacion": "2020-10-07|17:47:54",
    "remitoCodigo": "17010C2A41BAA914AD61838410344301116401",
    "detail": [
      {
        "precio": 180,
        "monto": 360,
        "color": "",
        "cantidadReal": 1,
        "talle": "",
        "cantidadSolicitada": 2,
        "nroItem": 1,
        "articulo": "00100201",
        "idPublicacion": "12298"
      }
    ],
    "remitoComprobante": "R-0001-00000008",
    "eCommerceId": 12417
  },
  {
    "eCommercePlataforma": "WOO",
    "eCommerceComprobante": "12422",
    "pedidoCodigo": "13DE9E12412D7514BC01836710324929748561",
    "pedidoComprobante": "X-0001-00000009",
    "eCommerceCodigo": "W12422",
    "modificacion": "2020-10-09|18:55:28",
    "remitoCodigo": "1AA34227415AE2146871BE7613072288259581",
    "detail": [
      {
        "precio": 180,
        "monto": 900,
        "color": "",
        "cantidadReal": 4,
        "talle": "",
        "cantidadSolicitada": 5,
        "nroItem": 1,
        "articulo": "00100201",
        "idPublicacion": "127|12298"
      },
      {
        "precio": 90,
        "monto": 360,
        "color": "",
        "cantidadReal": 2,
        "talle": "",
        "cantidadSolicitada": 4,
        "nroItem": 2,
        "articulo": "00100201-1",
        "idPublicacion": "128|12312"
      }
    ],
    "remitoComprobante": "R-0001-00000009",
    "eCommerceId": 12422
  }
]