{ 
  "action": "create",
  "codigoPlataforma": "SHOPIFY",
  "numeroOrden": 1008,		 
  "clienteEcommerceDragon": "2209931312",		 
  "datosEnvio": "SH",            
  "datosPago": "Cash on Delivery (COD) - manual",		 
  "pagado": true,
  "idOperacion": "1254658474032",
  "fechaOperacion": "2019-07-16T16:05:04-04:00", 
  "observacion": "Datos completo del Pago",
  "detalleDeLaOrden": [
    {
      "idLinea": "2794233528368",					 
      "idProducto": "2794233528368",
      "descripcionProductoEcommerce": "REMERA HOMBRE DRY FIT CUELLO REDONDO A23",		
      "idArticuloDragon": "00100101",						 
      "descripcionProducto": "REMERA HOMBRE DRY FIT CUELLO REDONDO A23 - 1 Azul",	
      "codigoColor": "BLACK",				 
      "descripcionColor": "Negro",
      "codigoTalle": "1",
      "cantidadSolicitada": 1,
      "precioProducto": 66.0,					 
      "montoTotalLinea": 66.0,					 
      "nroDeLinea": 1
    } 
  ],
  "total": 170.93
}