{
  "statusAutentication": 510,
  "autenticacion": {
    "result": "",
    "request": "",
    "apiName": "",
    "response": "",
    "httpStatus": 510,
    "errorMessage": "UNAVAILABLE: io exception",
    "result_namespace": "",
    "message": "UNAVAILABLE: io exception",
    "layer": "CONNECTOR SERVICE",
    "status": 510
  },
  "dragon-connector-response": {
    "errors": {
      "flowName": "dragon-status-flow",
      "errorCode": "",
      "category": "/api/dragon/status",
      "httpStatus": 510,
      "errorMessage": "UNAVAILABLE: io exception",
      "externalErrorCode": {
        "apiName": "",
        "result": "",
        "result_namespace": "",
        "errorMessage": "UNAVAILABLE: io exception",
        "httpStatus": 510,
        "request": "",
        "response": "",
        "layer": "CONNECTOR SERVICE"
      }
    }
  }
}