{
  "image-woo": [
    "00100201"
  ],
  "basesAdicionales": {
    "00-DEMO": {
      "resultados": [
        {
          "lista": "LISTA0",
          "color": "",
          "ordenPorTalle": "00100201        0 0",
          "talle": "",
          "precios": [
            {
              "lista": "Compra",
              "precio": 45
            },
            {
              "lista": "PUBLICO",
              "precio": 2000
            },
            {
              "lista": "MAYOR",
              "precio": 1500
            },
            {
              "lista": "FRANQUICIAS",
              "precio": 0
            },
            {
              "lista": "EXPORTACIONES",
              "precio": 140
            },
            {
              "lista": "Descuento",
              "precio": 72
            }
          ],
          "comprometidoOrdenesECommerce": 9,
          "precio": 45,
          "talleDescripcion": null,
          "colorDescripcion": null,
          "comprometido": 5,
          "articuloDescripcionAdicional": "Demo Adicional",
          "pendienteEntrega": 0,
          "articulo": "00100201",
          "ordenPorColor": "00100201        0 0",
          "articuloDescripcion": "Camisa Verde 100",
          "stock": 90,
          "sku": "00100201",
          "disponible": 85
        }
      ]
    },
    "01-DEMO": {
      "resultados": [
        {
          "lista": "LISTA0",
          "color": "",
          "ordenPorTalle": "00100201        0 0",
          "talle": "",
          "precios": [
            {
              "lista": "Compra",
              "precio": 45
            },
            {
              "lista": "PUBLICO",
              "precio": 2000
            },
            {
              "lista": "MAYOR",
              "precio": 1500
            },
            {
              "lista": "FRANQUICIAS",
              "precio": 0
            },
            {
              "lista": "EXPORTACIONES",
              "precio": 140
            },
            {
              "lista": "Descuento",
              "precio": 72
            }
          ],
          "comprometidoOrdenesECommerce": 0,
          "precio": 45,
          "talleDescripcion": null,
          "colorDescripcion": null,
          "comprometido": 5,
          "articuloDescripcionAdicional": "Demo Adicional",
          "pendienteEntrega": 0,
          "articulo": "00100201",
          "ordenPorColor": "00100201        0 0",
          "articuloDescripcion": "Camisa Verde 100",
          "stock": 90,
          "sku": "00100201",
          "disponible": 85
        }
      ]
    }
  },
  "precioStock": {
    "resultados": [
      {
        "lista": "LISTA0",
        "articuloColorImages-woo": "",
        "color": "",
        "ordenPorTalle": "00100201        0 0",
        "talle": "",
        "precios": [
          {
            "lista": "Compra",
            "precio": 45
          },
          {
            "lista": "PUBLICO",
            "precio": 2000
          },
          {
            "lista": "MAYOR",
            "precio": 1500
          },
          {
            "lista": "FRANQUICIAS",
            "precio": 0
          },
          {
            "lista": "EXPORTACIONES",
            "precio": 140
          },
          {
            "lista": "Descuento",
            "precio": 72
          }
        ],
        "comprometidoOrdenesECommerce": 9,
        "precio": 45,
        "talleDescripcion": null,
        "colorDescripcion": null,
        "comprometido": 10,
        "articuloDescripcionAdicional": "Demo Adicional",
        "pendienteEntrega": 0,
        "articuloColor": "",
        "articulo": "00100201",
        "ordenPorColor": "00100201        0 0",
        "articuloDescripcion": "Camisa Verde 100",
        "stock": 180,
        "sku": "00100201",
        "disponible": 161
      }
    ]
  },
  "barecode": null,
  "articulo": {
    "descripcion": "Camisa Verde 100",
    "porcentajeImpuestoInterno": 0,
    "noComercializable": null,
    "informacionAdicional": [
      {
        "estadoTransferencia": "ENVIADO",
        "versionAltaFW": "",
        "horaExpo": "10:46:44",
        "horaAltaFW": "14:20:32",
        "versionModificacionFW": "09.0012.12838",
        "horaImpo": "10:32:13",
        "usuarioModificacionFW": "ADMIN",
        "fechaTransferencia": "2010-12-09",
        "baseDeDatosAltaFW": "DEMO",
        "ZADSFW": "",
        "serieModificacionFW": "703400",
        "usuarioAltaFW": "ADMIN",
        "fechaModificacionFW": "2020-12-18",
        "baseDeDatosModificacionFW": "DEMO",
        "fechaImpo": "2020-12-18",
        "serieAltaFW": "DEMO",
        "fechaExpo": "2020-12-18",
        "fechaAltaFW": "2010-10-07",
        "horaModificacionFW": "10:32:15"
      }
    ],
    "porcentajeIvaVentas": 0,
    "curvadetalles": "",
    "unidadDeMedida": "1",
    "agrupublidetalle": [],
    "grupo": "IMP",
    "noPermiteDevoluciones": false,
    "comportamiento": 0,
    "restringirDescuentos": false,
    "alto": 14,
    "linea": "MARCA1",
    "categoriaDeArticulo": "0",
    "condicionIvaVentas": 1,
    "temporada": "01",
    "ancho": 13,
    "tipodeArticulo": "C",
    "largo": 12,
    "observacion": "PRUEBA DE NO PALETAS",
    "codigo": "00100201",
    "ano": 2012,
    "porcentajeIvaCompras": 0,
    "peso": 11,
    "tipoAgrupamientoPublicaciones": 0,
    "imagen": ".\\IMAGENES\\DEMO\\REMERA-VERDE.PNG",
    "imprimeDespacho": false,
    "material": "01",
    "condicionIvaCompras": 1,
    "importado": false,
    "nomenclador": "",
    "proveedor": "0000000004",
    "clasificacion": "001002",
    "descripcionAdicional": "Demo Adicional",
    "requiereCCosto": 0,
    "paletadecolores": "",
    "noPublicarEnEcommerce": false,
    "familia": "01"
  }
}