[
  {
    "lista": "LISTA0",
    "color": "276",
    "ordenPorTalle": "00100102        0 0",
    "talle": "40",
    "precios": [
      {
        "lista": "Compra",
        "precio": 70
      },
      {
        "lista": "PUBLICO",
        "precio": 13000
      },
      {
        "lista": "MAYOR",
        "precio": 180
      },
      {
        "lista": "FRANQUICIAS",
        "precio": 0
      },
      {
        "lista": "EXPORTACIONES",
        "precio": 140
      },
      {
        "lista": "Descuento",
        "precio": 78
      }
    ],
    "precio": 70,
    "talleDescripcion": "TALLE 40",
    "colorDescripcion": "Azul noche",
    "comprometido": 3,
    "articuloDescripcionAdicional": "
<strong>Cambio de Imagen</strong>.",
    "pendienteEntrega": 0,
    "articulo": "00100102",
    "ordenPorColor": "00100102        0 0",
    "articuloDescripcion": "PANTALON MUJER 7",
    "stock": 331,
    "disponible": 328,
    "pendienteECommerce": 0
  },
  {
    "lista": "LISTA0",
    "color": "12",
    "ordenPorTalle": "00100102        0 0",
    "talle": "38",
    "precios": [
      {
        "lista": "Compra",
        "precio": 70
      },
      {
        "lista": "PUBLICO",
        "precio": 338
      },
      {
        "lista": "MAYOR",
        "precio": 180
      },
      {
        "lista": "FRANQUICIAS",
        "precio": 0
      },
      {
        "lista": "EXPORTACIONES",
        "precio": 140
      },
      {
        "lista": "Descuento",
        "precio": 78
      }
    ],
    "precio": 70,
    "talleDescripcion": "TALLE 38",
    "colorDescripcion": "Rojo salmón",
    "comprometido": 0,
    "articuloDescripcionAdicional": "
<strong>Cambio de Imagen</strong>.",
    "pendienteEntrega": 0,
    "articulo": "00100102",
    "ordenPorColor": "00100102        0 0",
    "articuloDescripcion": "PANTALON MUJER 7",
    "stock": 49,
    "disponible": 49,
    "pendienteECommerce": 0
  },
  {
    "lista": "LISTA0",
    "color": "",
    "ordenPorTalle": "TAPA01          0 0",
    "talle": "",
    "precios": [
      {
        "lista": "Compra",
        "precio": 0
      },
      {
        "lista": "PUBLICO",
        "precio": 150
      },
      {
        "lista": "MAYOR",
        "precio": 140
      },
      {
        "lista": "FRANQUICIAS",
        "precio": 0
      },
      {
        "lista": "EXPORTACIONES",
        "precio": 0
      },
      {
        "lista": "Descuento",
        "precio": 0
      }
    ],
    "precio": 0,
    "talleDescripcion": null,
    "colorDescripcion": null,
    "comprometido": 0,
    "articuloDescripcionAdicional": "Tapas de Empanadas",
    "pendienteEntrega": 0,
    "articulo": "TAPA01",
    "ordenPorColor": "TAPA01          0 0",
    "articuloDescripcion": "TAPAS DE EMPANADAS (FREIR)",
    "stock": 120,
    "disponible": 120,
    "pendienteECommerce": 0
  },
  {
    "lista": "LISTA0",
    "color": "116 2X",
    "ordenPorTalle": "00100101        0 0",
    "talle": "40",
    "precios": [
      {
        "lista": "Compra",
        "precio": 50
      },
      {
        "lista": "PUBLICO",
        "precio": 260
      },
      {
        "lista": "MAYOR",
        "precio": 150
      },
      {
        "lista": "FRANQUICIAS",
        "precio": 48
      },
      {
        "lista": "EXPORTACIONES",
        "precio": 120
      },
      {
        "lista": "Descuento",
        "precio": 72
      }
    ],
    "precio": 50,
    "talleDescripcion": "TALLE 40",
    "colorDescripcion": "Amarillo",
    "comprometido": 3,
    "articuloDescripcionAdicional": "Demo Adicional",
    "pendienteEntrega": 0,
    "articulo": "00100101",
    "ordenPorColor": "00100101        0 0",
    "articuloDescripcion": "Camisa Final 2",
    "stock": 122,
    "disponible": 119,
    "pendienteECommerce": 0
  },
  {
    "lista": "LISTA0",
    "color": "",
    "ordenPorTalle": "00100201        0 0",
    "talle": "",
    "precios": [
      {
        "lista": "Compra",
        "precio": 45
      },
      {
        "lista": "PUBLICO",
        "precio": 312
      },
      {
        "lista": "MAYOR",
        "precio": 180
      },
      {
        "lista": "FRANQUICIAS",
        "precio": 0
      },
      {
        "lista": "EXPORTACIONES",
        "precio": 140
      },
      {
        "lista": "Descuento",
        "precio": 72
      }
    ],
    "precio": 45,
    "talleDescripcion": null,
    "colorDescripcion": null,
    "comprometido": 4,
    "articuloDescripcionAdicional": "",
    "pendienteEntrega": 0,
    "articulo": "00100201",
    "ordenPorColor": "00100201        0 0",
    "articuloDescripcion": "ATUN 10",
    "stock": 2089,
    "disponible": 2085,
    "pendienteECommerce": 269
  }
]