{
    "errors": {
        "flowName": "dragon-equivalencia-delete-flow",
        "errorCode": "",
        "category": "/api/dragon/equivalencia/9999",
        "httpStatus": 404,
        "errorMessage": "INTERNAL: El dato buscado 9999 de la entidad EQUIVALENCIAS no existe.",
        "externalErrorCode": {
            "apiName": "EquivalenciaById.equivalenciaByIdDelete",
            "result": "",
            "result_namespace": "",
            "errorMessage": "INTERNAL: El dato buscado 9999 de la entidad EQUIVALENCIAS no existe.",
            "httpStatus": 404,
            "request": "{\"Authorization\":\"eyJ0eXAiOiJKV1QiLCJhbGciOiJIUzI1NiJ9.eyJwYXNzd29yZCI6ImFjZjMyYmJlMmViZDFmOGVkZThjOWVlMTQzY2Q1YWMzMTM0NTg2NzRhMzZkMzk1ODA0OTAxZjU5ZWI3NTVkMDIiLCJ1c3VhcmlvIjoiQURNSU4iLCJleHAiOiIxNTg2Mjk4MDU3In0.p1Fzu9xZ5bdkogCk2EjI17RialQV2LCMfuA6vl-H-ss\",\"IdCliente\":\"CODIGO001\",\"BaseDeDatos\":\"\",\"Accept\":\"application/json\",\"User-Agent\":\"Swagger-Codegen/1.0.0/java\",\"Method\":\"DELETE\",\"URI\":\"http://192.168.99.1:8008/api.Dragonfish/Equivalencia/9999/\"}",
            "response": "{\"Access-Control-Expose-Headers\":\"InformacionAdicional\",\"Reason Code\":\"El dato buscado 9999 de la entidad EQUIVALENCIAS no existe.\",\"Http Status\":404,\"Server\":\"Microsoft-HTTPAPI/2.0\",\"Access-Control-Allow-Origin\":\"\",\"Access-Control-Allow-Methods\":\"OPTIONS,GET,POST,DELETE,PUT\",\"Content-Length\":\"0\",\"Date\":\"Sun, 05 Apr 2020 20:21:00 GMT\",\"Access-Control-Allow-Headers\":\"content-type,Authorization,IdCliente\"}",
            "layer": "ENTERNAL SERVICE"
        }
    }
}