{
    "errors": {
        "flowName": "dragon-delete-articulo-flow",
        "errorCode": "",
        "category": "/api/dragon/producto/9999",
        "httpStatus": 404,
        "errorMessage": "INTERNAL: El dato buscado 9999 de la entidad ARTÍCULOS no existe.",
        "externalErrorCode": {
            "apiName": "ArticuloById.articuloByIdDelete",
            "result": "",
            "result_namespace": "",
            "errorMessage": "INTERNAL: El dato buscado 9999 de la entidad ARTÍCULOS no existe.",
            "httpStatus": 404,
            "request": "{\"Authorization\":\"eyJ0eXAiOiJKV1QiLCJhbGciOiJIUzI1NiJ9.eyJwYXNzd29yZCI6ImFjZjMyYmJlMmViZDFmOGVkZThjOWVlMTQzY2Q1YWMzMTM0NTg2NzRhMzZkMzk1ODA0OTAxZjU5ZWI3NTVkMDIiLCJ1c3VhcmlvIjoiQURNSU4iLCJleHAiOiIxNTg2MjkzNDM4In0.NjqV-VhAI060zVXiU5RfkFvGXhx8GvV7DQWUElxPLcE\",\"IdCliente\":\"CODIGO001\",\"BaseDeDatos\":\"\",\"Accept\":\"application/json\",\"User-Agent\":\"Swagger-Codegen/1.0.0/java\",\"Method\":\"DELETE\",\"URI\":\"http://192.168.99.1:8008/api.Dragonfish/Articulo/9999/\"}",
            "response": "{\"Access-Control-Expose-Headers\":\"InformacionAdicional\",\"Reason Code\":\"El dato buscado 9999 de la entidad ARTÍCULOS no existe.\",\"Http Status\":404,\"Server\":\"Microsoft-HTTPAPI/2.0\",\"Access-Control-Allow-Origin\":\"\",\"Access-Control-Allow-Methods\":\"OPTIONS,GET,POST,DELETE,PUT\",\"Content-Length\":\"0\",\"Date\":\"Sun, 05 Apr 2020 19:04:01 GMT\",\"Access-Control-Allow-Headers\":\"content-type,Authorization,IdCliente\"}",
            "layer": "ENTERNAL SERVICE"
        }
    }
}