{
  "statusAutentication": 401,
  "autenticacion": {
    "Accept": "application/json",
    "User-Agent": "Swagger-Codegen/1.0.0/java",
    "TipoDeEntidad": "com.acqua.dragon.model.SeguridadOrganicServicioDTO",
    "Method": "POST",
    "message": "INTERNAL: Error Autenticando Usuario",
    "URI": "http://juvenilia.ngrok.io/api.Dragonfish/Autenticar",
    "Content-Type": "application/json;charset=UTF-8",
    "Entidad": {
      "idCliente": "O0D55AA400",
      "jwToken": "eyJ0eXAiOiJKV1QiLCJhbGciOiJIUzI1NiJ9.eyJwYXNzd29yZCI6ImRkOWUwOWYxMzQwZDM2NjExZGE1N2NlODQ3YTM1MGUwZGJkZjkxMDJkMDk0YTI2ZDM2ODViYzM5ODBiZTViOGIiLCJ1c3VhcmlvIjoiQURNSU4iLCJleHAiOiIxNjA5NTI3MTk0In0.7gIE4FqORuipufGCTKYryGPYb4A9l3lCf4B94sszhlk"
    },
    "status": 401
  },
  "dragon-connector-response": {
    "errors": {
      "flowName": "dragon-status-flow",
      "errorCode": "",
      "category": "/api/dragon/status",
      "httpStatus": 401,
      "errorMessage": "INTERNAL: Error Autenticando Usuario",
      "externalErrorCode": {
        "apiName": "Autenticar.autenticarPost",
        "result": "",
        "result_namespace": "",
        "errorMessage": "INTERNAL: Error Autenticando Usuario",
        "httpStatus": 401,
        "request": "{\"Accept\":\"application/json\",\"User-Agent\":\"Swagger-Codegen/1.0.0/java\",\"TipoDeEntidad\":\"com.acqua.dragon.model.SeguridadOrganicServicioDTO\",\"Method\":\"POST\",\"URI\":\"http://juvenilia.ngrok.io/api.Dragonfish/Autenticar\",\"Content-Type\":\"application/json;charset=UTF-8\",\"Entidad\":{\"idCliente\":\"O0D55AA400\",\"jwToken\":\"eyJ0eXAiOiJKV1QiLCJhbGciOiJIUzI1NiJ9.eyJwYXNzd29yZCI6ImRkOWUwOWYxMzQwZDM2NjExZGE1N2NlODQ3YTM1MGUwZGJkZjkxMDJkMDk0YTI2ZDM2ODViYzM5ODBiZTViOGIiLCJ1c3VhcmlvIjoiQURNSU4iLCJleHAiOiIxNjA5NTI3MTk0In0.7gIE4FqORuipufGCTKYryGPYb4A9l3lCf4B94sszhlk\"}}",
        "response": "{\"Informacionadicional\":\"Credenciales inválidas.\",\"Access-Control-Expose-Headers\":\"InformacionAdicional\",\"Reason Code\":\"Unauthorized\",\"Http Status\":401,\"Server\":\"Microsoft-HTTPAPI/2.0\",\"Access-Control-Allow-Origin\":\"\",\"Access-Control-Allow-Methods\":\"OPTIONS,GET,POST,DELETE,PUT\",\"Content-Length\":\"0\",\"Date\":\"Wed, 30 Dec 2020 16:53:14 GMT\",\"Access-Control-Allow-Headers\":\"content-type,Authorization,IdCliente\"}",
        "layer": "ENTERNAL SERVICE"
      }
    }
  }
}