{
  "articulo": {
    "descripcion": "Camisa Verde",
    "porcentajeImpuestoInterno": 0,
    "noComercializable": null,
    "informacionAdicional": [
      {
        "estadoTransferencia": "",
        "versionAltaFW": "",
        "horaExpo": "10:12:51",
        "horaAltaFW": "14:20:32",
        "versionModificacionFW": "09.0012.12838",
        "horaImpo": "14:20:32",
        "usuarioModificacionFW": "ADMIN",
        "fechaTransferencia": {
          "year": 2010,
          "month": "DECEMBER",
          "dayOfMonth": 9,
          "dayOfWeek": "THURSDAY",
          "era": "CE",
          "dayOfYear": 343,
          "leapYear": false,
          "monthValue": 12,
          "chronology": {
            "id": "ISO",
            "calendarType": "iso8601"
          }
        },
        "baseDeDatosAltaFW": "DEMO",
        "ZADSFW": "",
        "serieModificacionFW": "703400",
        "usuarioAltaFW": "ADMIN",
        "fechaModificacionFW": {
          "year": 2020,
          "month": "OCTOBER",
          "dayOfMonth": 18,
          "dayOfWeek": "SUNDAY",
          "era": "CE",
          "dayOfYear": 292,
          "leapYear": true,
          "monthValue": 10,
          "chronology": {
            "id": "ISO",
            "calendarType": "iso8601"
          }
        },
        "baseDeDatosModificacionFW": "DEMO",
        "fechaImpo": {
          "year": 2010,
          "month": "OCTOBER",
          "dayOfMonth": 7,
          "dayOfWeek": "THURSDAY",
          "era": "CE",
          "dayOfYear": 280,
          "leapYear": false,
          "monthValue": 10,
          "chronology": {
            "id": "ISO",
            "calendarType": "iso8601"
          }
        },
        "serieAltaFW": "DEMO",
        "fechaExpo": {
          "year": 2019,
          "month": "JUNE",
          "dayOfMonth": 21,
          "dayOfWeek": "FRIDAY",
          "era": "CE",
          "dayOfYear": 172,
          "leapYear": false,
          "monthValue": 6,
          "chronology": {
            "id": "ISO",
            "calendarType": "iso8601"
          }
        },
        "fechaAltaFW": {
          "year": 2010,
          "month": "OCTOBER",
          "dayOfMonth": 7,
          "dayOfWeek": "THURSDAY",
          "era": "CE",
          "dayOfYear": 280,
          "leapYear": false,
          "monthValue": 10,
          "chronology": {
            "id": "ISO",
            "calendarType": "iso8601"
          }
        },
        "horaModificacionFW": "19:07:55"
      }
    ],
    "porcentajeIvaVentas": 0,
    "curvadetalles": "",
    "unidadDeMedida": "1",
    "agrupublidetalle": [],
    "grupo": "IMP",
    "noPermiteDevoluciones": false,
    "comportamiento": 0,
    "restringirDescuentos": false,
    "alto": 14,
    "linea": "MARCA1",
    "categoriaDeArticulo": "0",
    "condicionIvaVentas": 1,
    "temporada": "01",
    "ancho": 13,
    "tipodeArticulo": "C",
    "largo": 12,
    "observacion": "PRUEBA DE NO PALETAS",
    "codigo": "00100201",
    "ano": 2012,
    "porcentajeIvaCompras": 0,
    "peso": 11,
    "tipoAgrupamientoPublicaciones": 0,
    "imagen": ".\\IMAGENES\\DEMO\\REMERA-VERDE.PNG",
    "imprimeDespacho": false,
    "material": "01",
    "condicionIvaCompras": 1,
    "importado": false,
    "nomenclador": "",
    "proveedor": "0000000004",
    "clasificacion": "001002",
    "descripcionAdicional": "Demo Adicional",
    "requiereCCosto": 0,
    "paletadecolores": "",
    "noPublicarEnEcommerce": false,
    "familia": "01"
  }
}