{
    "informacionAdicional": [
        {
            "estadoTransferencia": "",
            "versionAltaFW": "09.0002.12567",
            "horaExpo": "",
            "horaAltaFW": "17:32:48",
            "versionModificacionFW": "09.0002.12567",
            "horaImpo": "",
            "usuarioModificacionFW": "ADMIN",
            "fechaTransferencia": null,
            "baseDeDatosAltaFW": "DEMO",
            "ZADSFW": "",
            "serieModificacionFW": "DEMO",
            "usuarioAltaFW": "ADMIN",
            "fechaModificacionFW": {
                "year": 2020,
                "month": "APRIL",
                "dayOfMonth": 5,
                "dayOfWeek": "SUNDAY",
                "era": "CE",
                "dayOfYear": 96,
                "leapYear": true,
                "monthValue": 4,
                "chronology": {
                    "id": "ISO",
                    "calendarType": "iso8601"
                }
            },
            "baseDeDatosModificacionFW": "DEMO",
            "fechaImpo": null,
            "serieAltaFW": "DEMO",
            "fechaExpo": null,
            "fechaAltaFW": {
                "year": 2020,
                "month": "APRIL",
                "dayOfMonth": 5,
                "dayOfWeek": "SUNDAY",
                "era": "CE",
                "dayOfYear": 96,
                "leapYear": true,
                "monthValue": 4,
                "chronology": {
                    "id": "ISO",
                    "calendarType": "iso8601"
                }
            },
            "horaModificacionFW": "17:32:48"
        }
    ],
    "codigo": "9999",
    "color": "",
    "agrupublidetalle": [],
    "tipoAgrupamientoPublicaciones": 0,
    "talle": "",
    "articulo": "9999",
    "cantidad": 0.0,
    "observacion": "FechaUltimaActualizacion=20200401130719",
    "esGTIN": false
}