{
  "errors": {
    "flowName": "dragon-get-articulo-flow",
    "errorCode": "",
    "category": "Dragon-Product",
    "httpStatus": 404,
    "errorMessage": "INTERNAL: El dato buscado 00100101A de la entidad ARTÍCULOS no existe.",
    "externalErrorCode": {
      "apiName": "ArticuloById.articuloByIdGet",
      "result": "",
      "result_namespace": "",
      "errorMessage": "INTERNAL: El dato buscado 00100101A de la entidad ARTÍCULOS no existe.",
      "httpStatus": 404,
      "request": "{\"Authorization\":\"eyJ0eXAiOiJKV1QiLCJhbGciOiJIUzI1NiJ9.eyJwYXNzd29yZCI6ImFjZjMyYmJlMmViZDFmOGVkZThjOWVlMTQzY2Q1YWMzMTM0NTg2NzRhMzZkMzk1ODA0OTAxZjU5ZWI3NTVkMDIiLCJ1c3VhcmlvIjoiQURNSU4iLCJleHAiOiIxNTYxNDA1MjE0In0.n5a2hLovlK9hVW72DL5qkeVk-dfoY7oc1beYmswbpGg\",\"IdCliente\":\"CODIGO001\",\"BaseDeDatos\":\"\",\"Accept\":\"application/json\",\"User-Agent\":\"Swagger-Codegen/1.0.0/java\",\"Method\":\"GET\",\"URI\":\"http://localhost:8008/api.Dragonfish/Articulo/00100101A/\"}",
      "response": "{\"Access-Control-Expose-Headers\":\"InformacionAdicional\",\"Reason Code\":\"El dato buscado 00100101A de la entidad ARTÍCULOS no existe.\",\"Http Status\":404,\"Server\":\"Microsoft-HTTPAPI/2.0\",\"Access-Control-Allow-Origin\":\"\",\"Access-Control-Allow-Methods\":\"OPTIONS,GET,POST,DELETE,PUT\",\"Content-Length\":\"0\",\"Date\":\"Mon, 24 Jun 2019 18:01:11 GMT\",\"Access-Control-Allow-Headers\":\"content-type,Authorization,IdCliente\"}",
      "layer": "ENTERNAL SERVICE"
    }
  }
}