{
  "clienteDescripcion": "Godino, Javier",
  "obs": "Datos de envío: #12448;Francisco;Godino;22223636;Tigre;;Tigre;B;1648;AR",
  "informacionAdicional": [
    {
      "estadoTransferencia": "",
      "versionAltaFW": "09.0012.12838",
      "horaExpo": "",
      "horaAltaFW": "13:49:14",
      "versionModificacionFW": "09.0012.12838",
      "horaImpo": "",
      "usuarioModificacionFW": "ADMIN",
      "fechaTransferencia": null,
      "baseDeDatosAltaFW": "DEMO",
      "ZADSFW": "",
      "serieModificacionFW": "703400",
      "usuarioAltaFW": "ADMIN",
      "fechaModificacionFW": {
        "year": 2020,
        "month": "OCTOBER",
        "dayOfMonth": 12,
        "dayOfWeek": "MONDAY",
        "era": "CE",
        "dayOfYear": 286,
        "leapYear": true,
        "monthValue": 10,
        "chronology": {
          "id": "ISO",
          "calendarType": "iso8601"
        }
      },
      "baseDeDatosModificacionFW": "DEMO",
      "fechaImpo": null,
      "serieAltaFW": "703400",
      "fechaExpo": null,
      "fechaAltaFW": {
        "year": 2020,
        "month": "OCTOBER",
        "dayOfMonth": 12,
        "dayOfWeek": "MONDAY",
        "era": "CE",
        "dayOfYear": 286,
        "leapYear": true,
        "monthValue": 10,
        "chronology": {
          "id": "ISO",
          "calendarType": "iso8601"
        }
      },
      "horaModificacionFW": "20:37:29"
    }
  ],
  "motivo": "08",
  "compAfec": [
    {
      "codigo": "1AA73BF5D18869143EC1BF8A10392120933981",
      "tipo": "Afectado",
      "afecta": "1A4B64D6C18CCE14C4B181FD14727666174471",
      "numero": 10,
      "entidadComprobante": "",
      "interviniente": "",
      "tipoCompCaracter": "Pedido De Venta X 0001-00000010",
      "letra": "X",
      "origen": "DEMO",
      "nroItem": 1,
      "fecha": {
        "year": 2020,
        "month": "OCTOBER",
        "dayOfMonth": 12,
        "dayOfWeek": "MONDAY",
        "era": "CE",
        "dayOfYear": 286,
        "leapYear": true,
        "monthValue": 10,
        "chronology": {
          "id": "ISO",
          "calendarType": "iso8601"
        }
      },
      "total": 550,
      "puntoDeVenta": 1,
      "tipoComprobante": 23
    }
  ],
  "numero": 10,
  "totalImpuestos": 0,
  "direccionEntrega": "",
  "total": 550,
  "forPago": "",
  "montoDescuento3": 0,
  "recargoPorcentaje": 0,
  "facturaDetalle": [
    {
      "codigo": "1AA73BF5D18869143EC1BF8A10392120933981",
      "precio": 180,
      "monto": 540,
      "color": "",
      "descuento": 0,
      "talle": "",
      "articulo": "00100201",
      "articuloDetalle": "ATUN 10",
      "cantidad": 3,
      "nroItem": 1,
      "montoDescuento": 0,
      "colorDetalle": ""
    },
    {
      "codigo": "1AA73BF5D18869143EC1BF8A10392120933981",
      "precio": 10,
      "monto": 10,
      "color": "",
      "descuento": 0,
      "talle": "",
      "articulo": "ENVIO",
      "articuloDetalle": "ENVIO",
      "cantidad": 1,
      "nroItem": 2,
      "montoDescuento": 0,
      "colorDetalle": ""
    }
  ],
  "recargoMonto2": 0,
  "vendedor": "",
  "transportista": "",
  "codigo": "1AA73BF5D18869143EC1BF8A10392120933981",
  "listaDePrecios": "LISTA4",
  "descuento": 0,
  "impuestosComprobante": [],
  "letra": "R",
  "cliente": "0000000001",
  "fecha": {
    "year": 2020,
    "month": "OCTOBER",
    "dayOfMonth": 12,
    "dayOfWeek": "MONDAY",
    "era": "CE",
    "dayOfYear": 286,
    "leapYear": true,
    "monthValue": 10,
    "chronology": {
      "id": "ISO",
      "calendarType": "iso8601"
    }
  },
  "recargoMonto": 0,
  "porcentajeDescuento": 0,
  "impuestos": 95.45,
  "puntoDeVenta": 1,
  "impuestosDetalle": [
    {
      "montoDeIva": 95.4545,
      "codigo": "1AA73BF5D18869143EC1BF8A10392120933981",
      "montoDeImpuestoInternoSinDescuento": 0,
      "montoDeIvaSinDescuento": 95.4545,
      "montoNoGravadoSinDescuento": 454.5455,
      "nroItem": 1,
      "montoNoGravado": 454.5455,
      "montoDeImpuestoInterno": 0,
      "porcentajeDeIva": 21
    }
  ],
  "ajustesPorRedondeos": 0
}