{
  "image-woo": [
    "00100101"
  ],
  "basesAdicionales": {
    "00-DEMO": {
      "resultados": [
        {
          "lista": "LISTA0",
          "color": "116 2X",
          "ordenPorTalle": "00100101        0 3",
          "talle": "1",
          "precios": [
            {
              "lista": "Compra",
              "precio": 50
            },
            {
              "lista": "PUBLICO",
              "precio": 515.32
            },
            {
              "lista": "MAYOR",
              "precio": 181.5
            },
            {
              "lista": "FRANQUICIAS",
              "precio": 48
            },
            {
              "lista": "EXPORTACIONES",
              "precio": 120
            },
            {
              "lista": "Descuento",
              "precio": 72
            }
          ],
          "comprometidoOrdenesECommerce": 3,
          "precio": 50,
          "talleDescripcion": "TALLE 1",
          "colorDescripcion": "Amarillo",
          "comprometido": 0,
          "articuloDescripcionAdicional": "Demo Adicional",
          "pendienteEntrega": 0,
          "articulo": "00100101",
          "ordenPorColor": "00100101        3 0",
          "articuloDescripcion": "Remera Hombre Nueva",
          "stock": 9,
          "sku": "00100101_116 2X_1",
          "disponible": 9
        },
        {
          "lista": "LISTA0",
          "color": "116 2X",
          "ordenPorTalle": "00100101        0 3",
          "talle": "10",
          "precios": [
            {
              "lista": "Compra",
              "precio": 50
            },
            {
              "lista": "PUBLICO",
              "precio": 515.32
            },
            {
              "lista": "MAYOR",
              "precio": 181.5
            },
            {
              "lista": "FRANQUICIAS",
              "precio": 48
            },
            {
              "lista": "EXPORTACIONES",
              "precio": 120
            },
            {
              "lista": "Descuento",
              "precio": 72
            }
          ],
          "comprometidoOrdenesECommerce": 0,
          "precio": 50,
          "talleDescripcion": "TALLE 10",
          "colorDescripcion": "Amarillo",
          "comprometido": 0,
          "articuloDescripcionAdicional": "Demo Adicional",
          "pendienteEntrega": 0,
          "articulo": "00100101",
          "ordenPorColor": "00100101        3 0",
          "articuloDescripcion": "Remera Hombre Nueva",
          "stock": 8,
          "sku": "00100101_116 2X_10",
          "disponible": 8
        },
        {
          "lista": "LISTA0",
          "color": "116 2X",
          "ordenPorTalle": "00100101        0 3",
          "talle": "22",
          "precios": [
            {
              "lista": "Compra",
              "precio": 50
            },
            {
              "lista": "PUBLICO",
              "precio": 515.32
            },
            {
              "lista": "MAYOR",
              "precio": 181.5
            },
            {
              "lista": "FRANQUICIAS",
              "precio": 48
            },
            {
              "lista": "EXPORTACIONES",
              "precio": 120
            },
            {
              "lista": "Descuento",
              "precio": 72
            }
          ],
          "comprometidoOrdenesECommerce": 0,
          "precio": 50,
          "talleDescripcion": "TALLE 22",
          "colorDescripcion": "Amarillo",
          "comprometido": 0,
          "articuloDescripcionAdicional": "Demo Adicional",
          "pendienteEntrega": 0,
          "articulo": "00100101",
          "ordenPorColor": "00100101        3 0",
          "articuloDescripcion": "Remera Hombre Nueva",
          "stock": 8,
          "sku": "00100101_116 2X_22",
          "disponible": 8
        },
        {
          "lista": "LISTA0",
          "color": "116 2X",
          "ordenPorTalle": "00100101        0 3",
          "talle": "38",
          "precios": [
            {
              "lista": "Compra",
              "precio": 50
            },
            {
              "lista": "PUBLICO",
              "precio": 515.32
            },
            {
              "lista": "MAYOR",
              "precio": 181.5
            },
            {
              "lista": "FRANQUICIAS",
              "precio": 48
            },
            {
              "lista": "EXPORTACIONES",
              "precio": 120
            },
            {
              "lista": "Descuento",
              "precio": 72
            }
          ],
          "comprometidoOrdenesECommerce": 0,
          "precio": 50,
          "talleDescripcion": "TALLE 38",
          "colorDescripcion": "Amarillo",
          "comprometido": 3,
          "articuloDescripcionAdicional": "Demo Adicional",
          "pendienteEntrega": 0,
          "articulo": "00100101",
          "ordenPorColor": "00100101        3 0",
          "articuloDescripcion": "Remera Hombre Nueva",
          "stock": 62,
          "sku": "00100101_116 2X_38",
          "disponible": 59
        },
        {
          "lista": "LISTA0",
          "color": "116 2X",
          "ordenPorTalle": "00100101        0 3",
          "talle": "4",
          "precios": [
            {
              "lista": "Compra",
              "precio": 50
            },
            {
              "lista": "PUBLICO",
              "precio": 515.32
            },
            {
              "lista": "MAYOR",
              "precio": 181.5
            },
            {
              "lista": "FRANQUICIAS",
              "precio": 48
            },
            {
              "lista": "EXPORTACIONES",
              "precio": 120
            },
            {
              "lista": "Descuento",
              "precio": 72
            }
          ],
          "comprometidoOrdenesECommerce": 0,
          "precio": 50,
          "talleDescripcion": "TALLE 4",
          "colorDescripcion": "Amarillo",
          "comprometido": 0,
          "articuloDescripcionAdicional": "Demo Adicional",
          "pendienteEntrega": 0,
          "articulo": "00100101",
          "ordenPorColor": "00100101        3 0",
          "articuloDescripcion": "Remera Hombre Nueva",
          "stock": 3,
          "sku": "00100101_116 2X_4",
          "disponible": 3
        },
        {
          "lista": "LISTA0",
          "color": "116 2X",
          "ordenPorTalle": "00100101        0 3",
          "talle": "40",
          "precios": [
            {
              "lista": "Compra",
              "precio": 50
            },
            {
              "lista": "PUBLICO",
              "precio": 515.32
            },
            {
              "lista": "MAYOR",
              "precio": 181.5
            },
            {
              "lista": "FRANQUICIAS",
              "precio": 48
            },
            {
              "lista": "EXPORTACIONES",
              "precio": 120
            },
            {
              "lista": "Descuento",
              "precio": 72
            }
          ],
          "comprometidoOrdenesECommerce": 0,
          "precio": 50,
          "talleDescripcion": "TALLE 40",
          "colorDescripcion": "Amarillo",
          "comprometido": 3,
          "articuloDescripcionAdicional": "Demo Adicional",
          "pendienteEntrega": 0,
          "articulo": "00100101",
          "ordenPorColor": "00100101        3 0",
          "articuloDescripcion": "Remera Hombre Nueva",
          "stock": 225122,
          "sku": "00100101_116 2X_40",
          "disponible": 225119
        },
        {
          "lista": "LISTA0",
          "color": "12",
          "ordenPorTalle": "00100101        0 0",
          "talle": "38",
          "precios": [
            {
              "lista": "Compra",
              "precio": 50
            },
            {
              "lista": "PUBLICO",
              "precio": 515.32
            },
            {
              "lista": "MAYOR",
              "precio": 181.5
            },
            {
              "lista": "FRANQUICIAS",
              "precio": 48
            },
            {
              "lista": "EXPORTACIONES",
              "precio": 120
            },
            {
              "lista": "Descuento",
              "precio": 72
            }
          ],
          "comprometidoOrdenesECommerce": 0,
          "precio": 50,
          "talleDescripcion": "TALLE 38",
          "colorDescripcion": "Rojo salmón",
          "comprometido": 0,
          "articuloDescripcionAdicional": "Demo Adicional",
          "pendienteEntrega": 0,
          "articulo": "00100101",
          "ordenPorColor": "00100101        0 0",
          "articuloDescripcion": "Remera Hombre Nueva",
          "stock": 21048,
          "sku": "00100101_12_38",
          "disponible": 21048
        },
        {
          "lista": "LISTA0",
          "color": "12",
          "ordenPorTalle": "00100101        0 0",
          "talle": "40",
          "precios": [
            {
              "lista": "Compra",
              "precio": 50
            },
            {
              "lista": "PUBLICO",
              "precio": 515.32
            },
            {
              "lista": "MAYOR",
              "precio": 181.5
            },
            {
              "lista": "FRANQUICIAS",
              "precio": 48
            },
            {
              "lista": "EXPORTACIONES",
              "precio": 120
            },
            {
              "lista": "Descuento",
              "precio": 72
            }
          ],
          "comprometidoOrdenesECommerce": 0,
          "precio": 50,
          "talleDescripcion": "TALLE 40",
          "colorDescripcion": "Rojo salmón",
          "comprometido": 0,
          "articuloDescripcionAdicional": "Demo Adicional",
          "pendienteEntrega": 0,
          "articulo": "00100101",
          "ordenPorColor": "00100101        0 0",
          "articuloDescripcion": "Remera Hombre Nueva",
          "stock": 1050,
          "sku": "00100101_12_40",
          "disponible": 1050
        },
        {
          "lista": "LISTA0",
          "color": "123",
          "ordenPorTalle": "00100101        0 0",
          "talle": "10",
          "precios": [
            {
              "lista": "Compra",
              "precio": 50
            },
            {
              "lista": "PUBLICO",
              "precio": 515.32
            },
            {
              "lista": "MAYOR",
              "precio": 181.5
            },
            {
              "lista": "FRANQUICIAS",
              "precio": 48
            },
            {
              "lista": "EXPORTACIONES",
              "precio": 120
            },
            {
              "lista": "Descuento",
              "precio": 72
            }
          ],
          "comprometidoOrdenesECommerce": 0,
          "precio": 50,
          "talleDescripcion": "TALLE 10",
          "colorDescripcion": "Amarillo zinc",
          "comprometido": 0,
          "articuloDescripcionAdicional": "Demo Adicional",
          "pendienteEntrega": 0,
          "articulo": "00100101",
          "ordenPorColor": "00100101        0 0",
          "articuloDescripcion": "Remera Hombre Nueva",
          "stock": 22222,
          "sku": "00100101_123_10",
          "disponible": 22222
        },
        {
          "lista": "LISTA0",
          "color": "124",
          "ordenPorTalle": "00100101        0 2",
          "talle": "10",
          "precios": [
            {
              "lista": "Compra",
              "precio": 50
            },
            {
              "lista": "PUBLICO",
              "precio": 515.32
            },
            {
              "lista": "MAYOR",
              "precio": 181.5
            },
            {
              "lista": "FRANQUICIAS",
              "precio": 48
            },
            {
              "lista": "EXPORTACIONES",
              "precio": 120
            },
            {
              "lista": "Descuento",
              "precio": 72
            }
          ],
          "comprometidoOrdenesECommerce": 0,
          "precio": 50,
          "talleDescripcion": "TALLE 10",
          "colorDescripcion": "Amarillo oro",
          "comprometido": 0,
          "articuloDescripcionAdicional": "Demo Adicional",
          "pendienteEntrega": 0,
          "articulo": "00100101",
          "ordenPorColor": "00100101        2 0",
          "articuloDescripcion": "Remera Hombre Nueva",
          "stock": 7,
          "sku": "00100101_124_10",
          "disponible": 7
        }
      ]
    },
    "01-DEMO": {
      "resultados": [
        {
          "lista": "LISTA0",
          "color": "116 2X",
          "ordenPorTalle": "00100101        0 3",
          "talle": "1",
          "precios": [
            {
              "lista": "Compra",
              "precio": 50
            },
            {
              "lista": "PUBLICO",
              "precio": 515.32
            },
            {
              "lista": "MAYOR",
              "precio": 181.5
            },
            {
              "lista": "FRANQUICIAS",
              "precio": 48
            },
            {
              "lista": "EXPORTACIONES",
              "precio": 120
            },
            {
              "lista": "Descuento",
              "precio": 72
            }
          ],
          "comprometidoOrdenesECommerce": 0,
          "precio": 50,
          "talleDescripcion": "TALLE 1",
          "colorDescripcion": "Amarillo",
          "comprometido": 0,
          "articuloDescripcionAdicional": "Demo Adicional",
          "pendienteEntrega": 0,
          "articulo": "00100101",
          "ordenPorColor": "00100101        3 0",
          "articuloDescripcion": "Remera Hombre Nueva",
          "stock": 9,
          "sku": "00100101_116 2X_1",
          "disponible": 9
        },
        {
          "lista": "LISTA0",
          "color": "116 2X",
          "ordenPorTalle": "00100101        0 3",
          "talle": "10",
          "precios": [
            {
              "lista": "Compra",
              "precio": 50
            },
            {
              "lista": "PUBLICO",
              "precio": 515.32
            },
            {
              "lista": "MAYOR",
              "precio": 181.5
            },
            {
              "lista": "FRANQUICIAS",
              "precio": 48
            },
            {
              "lista": "EXPORTACIONES",
              "precio": 120
            },
            {
              "lista": "Descuento",
              "precio": 72
            }
          ],
          "comprometidoOrdenesECommerce": 0,
          "precio": 50,
          "talleDescripcion": "TALLE 10",
          "colorDescripcion": "Amarillo",
          "comprometido": 0,
          "articuloDescripcionAdicional": "Demo Adicional",
          "pendienteEntrega": 0,
          "articulo": "00100101",
          "ordenPorColor": "00100101        3 0",
          "articuloDescripcion": "Remera Hombre Nueva",
          "stock": 8,
          "sku": "00100101_116 2X_10",
          "disponible": 8
        },
        {
          "lista": "LISTA0",
          "color": "116 2X",
          "ordenPorTalle": "00100101        0 3",
          "talle": "22",
          "precios": [
            {
              "lista": "Compra",
              "precio": 50
            },
            {
              "lista": "PUBLICO",
              "precio": 515.32
            },
            {
              "lista": "MAYOR",
              "precio": 181.5
            },
            {
              "lista": "FRANQUICIAS",
              "precio": 48
            },
            {
              "lista": "EXPORTACIONES",
              "precio": 120
            },
            {
              "lista": "Descuento",
              "precio": 72
            }
          ],
          "comprometidoOrdenesECommerce": 0,
          "precio": 50,
          "talleDescripcion": "TALLE 22",
          "colorDescripcion": "Amarillo",
          "comprometido": 0,
          "articuloDescripcionAdicional": "Demo Adicional",
          "pendienteEntrega": 0,
          "articulo": "00100101",
          "ordenPorColor": "00100101        3 0",
          "articuloDescripcion": "Remera Hombre Nueva",
          "stock": 8,
          "sku": "00100101_116 2X_22",
          "disponible": 8
        },
        {
          "lista": "LISTA0",
          "color": "116 2X",
          "ordenPorTalle": "00100101        0 3",
          "talle": "38",
          "precios": [
            {
              "lista": "Compra",
              "precio": 50
            },
            {
              "lista": "PUBLICO",
              "precio": 515.32
            },
            {
              "lista": "MAYOR",
              "precio": 181.5
            },
            {
              "lista": "FRANQUICIAS",
              "precio": 48
            },
            {
              "lista": "EXPORTACIONES",
              "precio": 120
            },
            {
              "lista": "Descuento",
              "precio": 72
            }
          ],
          "comprometidoOrdenesECommerce": 0,
          "precio": 50,
          "talleDescripcion": "TALLE 38",
          "colorDescripcion": "Amarillo",
          "comprometido": 3,
          "articuloDescripcionAdicional": "Demo Adicional",
          "pendienteEntrega": 0,
          "articulo": "00100101",
          "ordenPorColor": "00100101        3 0",
          "articuloDescripcion": "Remera Hombre Nueva",
          "stock": 62,
          "sku": "00100101_116 2X_38",
          "disponible": 59
        },
        {
          "lista": "LISTA0",
          "color": "116 2X",
          "ordenPorTalle": "00100101        0 3",
          "talle": "4",
          "precios": [
            {
              "lista": "Compra",
              "precio": 50
            },
            {
              "lista": "PUBLICO",
              "precio": 515.32
            },
            {
              "lista": "MAYOR",
              "precio": 181.5
            },
            {
              "lista": "FRANQUICIAS",
              "precio": 48
            },
            {
              "lista": "EXPORTACIONES",
              "precio": 120
            },
            {
              "lista": "Descuento",
              "precio": 72
            }
          ],
          "comprometidoOrdenesECommerce": 0,
          "precio": 50,
          "talleDescripcion": "TALLE 4",
          "colorDescripcion": "Amarillo",
          "comprometido": 0,
          "articuloDescripcionAdicional": "Demo Adicional",
          "pendienteEntrega": 0,
          "articulo": "00100101",
          "ordenPorColor": "00100101        3 0",
          "articuloDescripcion": "Remera Hombre Nueva",
          "stock": 3,
          "sku": "00100101_116 2X_4",
          "disponible": 3
        },
        {
          "lista": "LISTA0",
          "color": "116 2X",
          "ordenPorTalle": "00100101        0 3",
          "talle": "40",
          "precios": [
            {
              "lista": "Compra",
              "precio": 50
            },
            {
              "lista": "PUBLICO",
              "precio": 515.32
            },
            {
              "lista": "MAYOR",
              "precio": 181.5
            },
            {
              "lista": "FRANQUICIAS",
              "precio": 48
            },
            {
              "lista": "EXPORTACIONES",
              "precio": 120
            },
            {
              "lista": "Descuento",
              "precio": 72
            }
          ],
          "comprometidoOrdenesECommerce": 0,
          "precio": 50,
          "talleDescripcion": "TALLE 40",
          "colorDescripcion": "Amarillo",
          "comprometido": 3,
          "articuloDescripcionAdicional": "Demo Adicional",
          "pendienteEntrega": 0,
          "articulo": "00100101",
          "ordenPorColor": "00100101        3 0",
          "articuloDescripcion": "Remera Hombre Nueva",
          "stock": 225122,
          "sku": "00100101_116 2X_40",
          "disponible": 225119
        },
        {
          "lista": "LISTA0",
          "color": "12",
          "ordenPorTalle": "00100101        0 0",
          "talle": "38",
          "precios": [
            {
              "lista": "Compra",
              "precio": 50
            },
            {
              "lista": "PUBLICO",
              "precio": 515.32
            },
            {
              "lista": "MAYOR",
              "precio": 181.5
            },
            {
              "lista": "FRANQUICIAS",
              "precio": 48
            },
            {
              "lista": "EXPORTACIONES",
              "precio": 120
            },
            {
              "lista": "Descuento",
              "precio": 72
            }
          ],
          "comprometidoOrdenesECommerce": 0,
          "precio": 50,
          "talleDescripcion": "TALLE 38",
          "colorDescripcion": "Rojo salmón",
          "comprometido": 0,
          "articuloDescripcionAdicional": "Demo Adicional",
          "pendienteEntrega": 0,
          "articulo": "00100101",
          "ordenPorColor": "00100101        0 0",
          "articuloDescripcion": "Remera Hombre Nueva",
          "stock": 21048,
          "sku": "00100101_12_38",
          "disponible": 21048
        },
        {
          "lista": "LISTA0",
          "color": "12",
          "ordenPorTalle": "00100101        0 0",
          "talle": "40",
          "precios": [
            {
              "lista": "Compra",
              "precio": 50
            },
            {
              "lista": "PUBLICO",
              "precio": 515.32
            },
            {
              "lista": "MAYOR",
              "precio": 181.5
            },
            {
              "lista": "FRANQUICIAS",
              "precio": 48
            },
            {
              "lista": "EXPORTACIONES",
              "precio": 120
            },
            {
              "lista": "Descuento",
              "precio": 72
            }
          ],
          "comprometidoOrdenesECommerce": 0,
          "precio": 50,
          "talleDescripcion": "TALLE 40",
          "colorDescripcion": "Rojo salmón",
          "comprometido": 0,
          "articuloDescripcionAdicional": "Demo Adicional",
          "pendienteEntrega": 0,
          "articulo": "00100101",
          "ordenPorColor": "00100101        0 0",
          "articuloDescripcion": "Remera Hombre Nueva",
          "stock": 1050,
          "sku": "00100101_12_40",
          "disponible": 1050
        },
        {
          "lista": "LISTA0",
          "color": "123",
          "ordenPorTalle": "00100101        0 0",
          "talle": "10",
          "precios": [
            {
              "lista": "Compra",
              "precio": 50
            },
            {
              "lista": "PUBLICO",
              "precio": 515.32
            },
            {
              "lista": "MAYOR",
              "precio": 181.5
            },
            {
              "lista": "FRANQUICIAS",
              "precio": 48
            },
            {
              "lista": "EXPORTACIONES",
              "precio": 120
            },
            {
              "lista": "Descuento",
              "precio": 72
            }
          ],
          "comprometidoOrdenesECommerce": 0,
          "precio": 50,
          "talleDescripcion": "TALLE 10",
          "colorDescripcion": "Amarillo zinc",
          "comprometido": 0,
          "articuloDescripcionAdicional": "Demo Adicional",
          "pendienteEntrega": 0,
          "articulo": "00100101",
          "ordenPorColor": "00100101        0 0",
          "articuloDescripcion": "Remera Hombre Nueva",
          "stock": 22222,
          "sku": "00100101_123_10",
          "disponible": 22222
        },
        {
          "lista": "LISTA0",
          "color": "124",
          "ordenPorTalle": "00100101        0 2",
          "talle": "10",
          "precios": [
            {
              "lista": "Compra",
              "precio": 50
            },
            {
              "lista": "PUBLICO",
              "precio": 515.32
            },
            {
              "lista": "MAYOR",
              "precio": 181.5
            },
            {
              "lista": "FRANQUICIAS",
              "precio": 48
            },
            {
              "lista": "EXPORTACIONES",
              "precio": 120
            },
            {
              "lista": "Descuento",
              "precio": 72
            }
          ],
          "comprometidoOrdenesECommerce": 0,
          "precio": 50,
          "talleDescripcion": "TALLE 10",
          "colorDescripcion": "Amarillo oro",
          "comprometido": 0,
          "articuloDescripcionAdicional": "Demo Adicional",
          "pendienteEntrega": 0,
          "articulo": "00100101",
          "ordenPorColor": "00100101        2 0",
          "articuloDescripcion": "Remera Hombre Nueva",
          "stock": 7,
          "sku": "00100101_124_10",
          "disponible": 7
        }
      ]
    }
  },
  "precioStock": {
    "resultados": [
      {
        "lista": "LISTA0",
        "articuloColorImages-woo": "00100101_116-2X_03",
        "color": "116 2X",
        "ordenPorTalle": "00100101        0 3",
        "talle": "1",
        "precios": [
          {
            "lista": "Compra",
            "precio": 50
          },
          {
            "lista": "PUBLICO",
            "precio": 515.32
          },
          {
            "lista": "MAYOR",
            "precio": 181.5
          },
          {
            "lista": "FRANQUICIAS",
            "precio": 48
          },
          {
            "lista": "EXPORTACIONES",
            "precio": 120
          },
          {
            "lista": "Descuento",
            "precio": 72
          }
        ],
        "comprometidoOrdenesECommerce": 3,
        "precio": 50,
        "talleDescripcion": "TALLE 1",
        "colorDescripcion": "Amarillo",
        "comprometido": 0,
        "articuloDescripcionAdicional": "Demo Adicional",
        "pendienteEntrega": 0,
        "articuloColor": "00100101_116-2X",
        "articulo": "00100101",
        "ordenPorColor": "00100101        3 0",
        "articuloDescripcion": "Remera Hombre Nueva",
        "stock": 18,
        "sku": "00100101_116 2X_1",
        "disponible": 15
      },
      {
        "lista": "LISTA0",
        "articuloColorImages-woo": "00100101_116-2X_02",
        "color": "116 2X",
        "ordenPorTalle": "00100101        0 3",
        "talle": "10",
        "precios": [
          {
            "lista": "Compra",
            "precio": 50
          },
          {
            "lista": "PUBLICO",
            "precio": 515.32
          },
          {
            "lista": "MAYOR",
            "precio": 181.5
          },
          {
            "lista": "FRANQUICIAS",
            "precio": 48
          },
          {
            "lista": "EXPORTACIONES",
            "precio": 120
          },
          {
            "lista": "Descuento",
            "precio": 72
          }
        ],
        "comprometidoOrdenesECommerce": 0,
        "precio": 50,
        "talleDescripcion": "TALLE 10",
        "colorDescripcion": "Amarillo",
        "comprometido": 0,
        "articuloDescripcionAdicional": "Demo Adicional",
        "pendienteEntrega": 0,
        "articuloColor": "00100101_116-2X",
        "articulo": "00100101",
        "ordenPorColor": "00100101        3 0",
        "articuloDescripcion": "Remera Hombre Nueva",
        "stock": 16,
        "sku": "00100101_116 2X_10",
        "disponible": 16
      },
      {
        "lista": "LISTA0",
        "articuloColorImages-woo": "00100101_116-2X_01",
        "color": "116 2X",
        "ordenPorTalle": "00100101        0 3",
        "talle": "22",
        "precios": [
          {
            "lista": "Compra",
            "precio": 50
          },
          {
            "lista": "PUBLICO",
            "precio": 515.32
          },
          {
            "lista": "MAYOR",
            "precio": 181.5
          },
          {
            "lista": "FRANQUICIAS",
            "precio": 48
          },
          {
            "lista": "EXPORTACIONES",
            "precio": 120
          },
          {
            "lista": "Descuento",
            "precio": 72
          }
        ],
        "comprometidoOrdenesECommerce": 0,
        "precio": 50,
        "talleDescripcion": "TALLE 22",
        "colorDescripcion": "Amarillo",
        "comprometido": 0,
        "articuloDescripcionAdicional": "Demo Adicional",
        "pendienteEntrega": 0,
        "articuloColor": "00100101_116-2X",
        "articulo": "00100101",
        "ordenPorColor": "00100101        3 0",
        "articuloDescripcion": "Remera Hombre Nueva",
        "stock": 16,
        "sku": "00100101_116 2X_22",
        "disponible": 16
      },
      {
        "lista": "LISTA0",
        "articuloColorImages-woo": "00100101_116-2X_00",
        "color": "116 2X",
        "ordenPorTalle": "00100101        0 3",
        "talle": "38",
        "precios": [
          {
            "lista": "Compra",
            "precio": 50
          },
          {
            "lista": "PUBLICO",
            "precio": 515.32
          },
          {
            "lista": "MAYOR",
            "precio": 181.5
          },
          {
            "lista": "FRANQUICIAS",
            "precio": 48
          },
          {
            "lista": "EXPORTACIONES",
            "precio": 120
          },
          {
            "lista": "Descuento",
            "precio": 72
          }
        ],
        "comprometidoOrdenesECommerce": 0,
        "precio": 50,
        "talleDescripcion": "TALLE 38",
        "colorDescripcion": "Amarillo",
        "comprometido": 6,
        "articuloDescripcionAdicional": "Demo Adicional",
        "pendienteEntrega": 0,
        "articuloColor": "00100101_116-2X",
        "articulo": "00100101",
        "ordenPorColor": "00100101        3 0",
        "articuloDescripcion": "Remera Hombre Nueva",
        "stock": 124,
        "sku": "00100101_116 2X_38",
        "disponible": 118
      },
      {
        "lista": "LISTA0",
        "articuloColorImages-woo": "00100101_116-2X_00",
        "color": "116 2X",
        "ordenPorTalle": "00100101        0 3",
        "talle": "4",
        "precios": [
          {
            "lista": "Compra",
            "precio": 50
          },
          {
            "lista": "PUBLICO",
            "precio": 515.32
          },
          {
            "lista": "MAYOR",
            "precio": 181.5
          },
          {
            "lista": "FRANQUICIAS",
            "precio": 48
          },
          {
            "lista": "EXPORTACIONES",
            "precio": 120
          },
          {
            "lista": "Descuento",
            "precio": 72
          }
        ],
        "comprometidoOrdenesECommerce": 0,
        "precio": 50,
        "talleDescripcion": "TALLE 4",
        "colorDescripcion": "Amarillo",
        "comprometido": 0,
        "articuloDescripcionAdicional": "Demo Adicional",
        "pendienteEntrega": 0,
        "articuloColor": "00100101_116-2X",
        "articulo": "00100101",
        "ordenPorColor": "00100101        3 0",
        "articuloDescripcion": "Remera Hombre Nueva",
        "stock": 6,
        "sku": "00100101_116 2X_4",
        "disponible": 6
      },
      {
        "lista": "LISTA0",
        "articuloColorImages-woo": "00100101_116-2X_00",
        "color": "116 2X",
        "ordenPorTalle": "00100101        0 3",
        "talle": "40",
        "precios": [
          {
            "lista": "Compra",
            "precio": 50
          },
          {
            "lista": "PUBLICO",
            "precio": 515.32
          },
          {
            "lista": "MAYOR",
            "precio": 181.5
          },
          {
            "lista": "FRANQUICIAS",
            "precio": 48
          },
          {
            "lista": "EXPORTACIONES",
            "precio": 120
          },
          {
            "lista": "Descuento",
            "precio": 72
          }
        ],
        "comprometidoOrdenesECommerce": 0,
        "precio": 50,
        "talleDescripcion": "TALLE 40",
        "colorDescripcion": "Amarillo",
        "comprometido": 6,
        "articuloDescripcionAdicional": "Demo Adicional",
        "pendienteEntrega": 0,
        "articuloColor": "00100101_116-2X",
        "articulo": "00100101",
        "ordenPorColor": "00100101        3 0",
        "articuloDescripcion": "Remera Hombre Nueva",
        "stock": 450244,
        "sku": "00100101_116 2X_40",
        "disponible": 450238
      },
      {
        "lista": "LISTA0",
        "articuloColorImages-woo": "",
        "color": "12",
        "ordenPorTalle": "00100101        0 0",
        "talle": "38",
        "precios": [
          {
            "lista": "Compra",
            "precio": 50
          },
          {
            "lista": "PUBLICO",
            "precio": 515.32
          },
          {
            "lista": "MAYOR",
            "precio": 181.5
          },
          {
            "lista": "FRANQUICIAS",
            "precio": 48
          },
          {
            "lista": "EXPORTACIONES",
            "precio": 120
          },
          {
            "lista": "Descuento",
            "precio": 72
          }
        ],
        "comprometidoOrdenesECommerce": 0,
        "precio": 50,
        "talleDescripcion": "TALLE 38",
        "colorDescripcion": "Rojo salmón",
        "comprometido": 0,
        "articuloDescripcionAdicional": "Demo Adicional",
        "pendienteEntrega": 0,
        "articuloColor": "00100101_12",
        "articulo": "00100101",
        "ordenPorColor": "00100101        0 0",
        "articuloDescripcion": "Remera Hombre Nueva",
        "stock": 42096,
        "sku": "00100101_12_38",
        "disponible": 42096
      },
      {
        "lista": "LISTA0",
        "articuloColorImages-woo": "",
        "color": "12",
        "ordenPorTalle": "00100101        0 0",
        "talle": "40",
        "precios": [
          {
            "lista": "Compra",
            "precio": 50
          },
          {
            "lista": "PUBLICO",
            "precio": 515.32
          },
          {
            "lista": "MAYOR",
            "precio": 181.5
          },
          {
            "lista": "FRANQUICIAS",
            "precio": 48
          },
          {
            "lista": "EXPORTACIONES",
            "precio": 120
          },
          {
            "lista": "Descuento",
            "precio": 72
          }
        ],
        "comprometidoOrdenesECommerce": 0,
        "precio": 50,
        "talleDescripcion": "TALLE 40",
        "colorDescripcion": "Rojo salmón",
        "comprometido": 0,
        "articuloDescripcionAdicional": "Demo Adicional",
        "pendienteEntrega": 0,
        "articuloColor": "00100101_12",
        "articulo": "00100101",
        "ordenPorColor": "00100101        0 0",
        "articuloDescripcion": "Remera Hombre Nueva",
        "stock": 2100,
        "sku": "00100101_12_40",
        "disponible": 2100
      },
      {
        "lista": "LISTA0",
        "articuloColorImages-woo": "",
        "color": "123",
        "ordenPorTalle": "00100101        0 0",
        "talle": "10",
        "precios": [
          {
            "lista": "Compra",
            "precio": 50
          },
          {
            "lista": "PUBLICO",
            "precio": 515.32
          },
          {
            "lista": "MAYOR",
            "precio": 181.5
          },
          {
            "lista": "FRANQUICIAS",
            "precio": 48
          },
          {
            "lista": "EXPORTACIONES",
            "precio": 120
          },
          {
            "lista": "Descuento",
            "precio": 72
          }
        ],
        "comprometidoOrdenesECommerce": 0,
        "precio": 50,
        "talleDescripcion": "TALLE 10",
        "colorDescripcion": "Amarillo zinc",
        "comprometido": 0,
        "articuloDescripcionAdicional": "Demo Adicional",
        "pendienteEntrega": 0,
        "articuloColor": "00100101_123",
        "articulo": "00100101",
        "ordenPorColor": "00100101        0 0",
        "articuloDescripcion": "Remera Hombre Nueva",
        "stock": 44444,
        "sku": "00100101_123_10",
        "disponible": 44444
      },
      {
        "lista": "LISTA0",
        "articuloColorImages-woo": "",
        "color": "124",
        "ordenPorTalle": "00100101        0 2",
        "talle": "10",
        "precios": [
          {
            "lista": "Compra",
            "precio": 50
          },
          {
            "lista": "PUBLICO",
            "precio": 515.32
          },
          {
            "lista": "MAYOR",
            "precio": 181.5
          },
          {
            "lista": "FRANQUICIAS",
            "precio": 48
          },
          {
            "lista": "EXPORTACIONES",
            "precio": 120
          },
          {
            "lista": "Descuento",
            "precio": 72
          }
        ],
        "comprometidoOrdenesECommerce": 0,
        "precio": 50,
        "talleDescripcion": "TALLE 10",
        "colorDescripcion": "Amarillo oro",
        "comprometido": 0,
        "articuloDescripcionAdicional": "Demo Adicional",
        "pendienteEntrega": 0,
        "articuloColor": "00100101_124",
        "articulo": "00100101",
        "ordenPorColor": "00100101        2 0",
        "articuloDescripcion": "Remera Hombre Nueva",
        "stock": 14,
        "sku": "00100101_124_10",
        "disponible": 14
      }
    ]
  },
  "barecode": null,
  "articulo": {
    "descripcion": "Remera Hombre Nueva",
    "porcentajeImpuestoInterno": 0,
    "noComercializable": "3930-02-01",
    "informacionAdicional": [
      {
        "estadoTransferencia": "ENVIADO",
        "versionAltaFW": "",
        "horaExpo": "10:46:44",
        "horaAltaFW": "14:20:32",
        "versionModificacionFW": "09.0012.12838",
        "horaImpo": "10:32:13",
        "usuarioModificacionFW": "ADMIN",
        "fechaTransferencia": "2010-12-09",
        "baseDeDatosAltaFW": "DEMO",
        "ZADSFW": "",
        "serieModificacionFW": "703400",
        "usuarioAltaFW": "ADMIN",
        "fechaModificacionFW": "2020-12-18",
        "baseDeDatosModificacionFW": "DEMO",
        "fechaImpo": "2020-12-18",
        "serieAltaFW": "DEMO",
        "fechaExpo": "2020-12-18",
        "fechaAltaFW": "2010-10-07",
        "horaModificacionFW": "10:32:15"
      }
    ],
    "porcentajeIvaVentas": 0,
    "curvadetalles": "TALLE1",
    "unidadDeMedida": "1",
    "agrupublidetalle": [],
    "grupo": "IMP",
    "noPermiteDevoluciones": true,
    "comportamiento": 0,
    "restringirDescuentos": false,
    "alto": 12,
    "linea": "MARCA1",
    "categoriaDeArticulo": "0",
    "condicionIvaVentas": 1,
    "temporada": "01",
    "ancho": 11,
    "tipodeArticulo": "C",
    "largo": 10,
    "observacion": "Demo",
    "codigo": "00100101",
    "ano": 2012,
    "porcentajeIvaCompras": 0,
    "peso": 2,
    "tipoAgrupamientoPublicaciones": 0,
    "imagen": ".\\IMAGENES\\DEMO\\REMERA-AZUL.PNG",
    "imprimeDespacho": false,
    "material": "01",
    "condicionIvaCompras": 1,
    "importado": true,
    "nomenclador": "",
    "proveedor": "0000000004",
    "clasificacion": "001001",
    "descripcionAdicional": "Demo Adicional",
    "requiereCCosto": 0,
    "paletadecolores": "COLOR1",
    "noPublicarEnEcommerce": false,
    "familia": "01"
  }
}