{
    "id-shopify": 4502144221232,
    "id-woo": 555,
    "image-woo": [
        "00100101"
    ],
    "precioStock": {
        "totalRegistros": 10,
        "resultados": [
            {
                "lista": "LISTA4",
                "articuloColorImages-shopify": "",
                "articuloColorImages-woo": "",
                "color": "",
                "talle": "",
                "precioDescuento": 60.0,
                "precio": 60.0,
                "talleDescripcion": null,
                "colorDescripcion": null,
                "articuloColor": "",
                "articulo": "00100101",
                "articuloDescripcion": "Camisa 2",
                "stock": 9.0
            },
            {
                "lista": "LISTA4",
                "articuloColorImages-shopify": "00100101_116-2X",
                "articuloColorImages-woo": "00100101_116-2X",
                "color": "116 2X",
                "talle": "1",
                "precioDescuento": 60.0,
                "precio": 60.0,
                "talleDescripcion": "TALLE 1",
                "colorDescripcion": "Amarillo",
                "articuloColor": "00100101_116-2X",
                "articulo": "00100101",
                "articuloDescripcion": "Camisa 2",
                "stock": 9.0
            },
            {
                "lista": "LISTA4",
                "articuloColorImages-shopify": "00100101_116-2X",
                "articuloColorImages-woo": "00100101_116-2X",
                "color": "116 2X",
                "talle": "10",
                "precioDescuento": 60.0,
                "precio": 60.0,
                "talleDescripcion": "TALLE 10",
                "colorDescripcion": "Amarillo",
                "articuloColor": "00100101_116-2X",
                "articulo": "00100101",
                "articuloDescripcion": "Camisa 2",
                "stock": 8.0
            },
            {
                "lista": "LISTA4",
                "articuloColorImages-shopify": "00100101_116-2X",
                "articuloColorImages-woo": "00100101_116-2X",
                "color": "116 2X",
                "talle": "22",
                "precioDescuento": 60.0,
                "precio": 60.0,
                "talleDescripcion": "TALLE 22",
                "colorDescripcion": "Amarillo",
                "articuloColor": "00100101_116-2X",
                "articulo": "00100101",
                "articuloDescripcion": "Camisa 2",
                "stock": 8.0
            },
            {
                "lista": "LISTA4",
                "articuloColorImages-shopify": "00100101_116-2X",
                "articuloColorImages-woo": "00100101_116-2X",
                "color": "116 2X",
                "talle": "38",
                "precioDescuento": 60.0,
                "precio": 60.0,
                "talleDescripcion": "TALLE 38",
                "colorDescripcion": "Amarillo",
                "articuloColor": "00100101_116-2X",
                "articulo": "00100101",
                "articuloDescripcion": "Camisa 2",
                "stock": 62.0
            },
            {
                "lista": "LISTA4",
                "articuloColorImages-shopify": "00100101_116-2X",
                "articuloColorImages-woo": "00100101_116-2X",
                "color": "116 2X",
                "talle": "4",
                "precioDescuento": 60.0,
                "precio": 60.0,
                "talleDescripcion": "TALLE 4",
                "colorDescripcion": "Amarillo",
                "articuloColor": "00100101_116-2X",
                "articulo": "00100101",
                "articuloDescripcion": "Camisa 2",
                "stock": 3.0
            },
            {
                "lista": "LISTA4",
                "articuloColorImages-shopify": "00100101_116-2X",
                "articuloColorImages-woo": "00100101_116-2X",
                "color": "116 2X",
                "talle": "40",
                "precioDescuento": 60.0,
                "precio": 60.0,
                "talleDescripcion": "TALLE 40",
                "colorDescripcion": "Amarillo",
                "articuloColor": "00100101_116-2X",
                "articulo": "00100101",
                "articuloDescripcion": "Camisa 2",
                "stock": 39.0
            },
            {
                "lista": "LISTA4",
                "articuloColorImages-shopify": "00100101_12",
                "articuloColorImages-woo": "00100101_12",
                "color": "12",
                "talle": "38",
                "precioDescuento": 60.0,
                "precio": 60.0,
                "talleDescripcion": "TALLE 38",
                "colorDescripcion": "Rojo salmón",
                "articuloColor": "00100101_12",
                "articulo": "00100101",
                "articuloDescripcion": "Camisa 2",
                "stock": 48.0
            },
            {
                "lista": "LISTA4",
                "articuloColorImages-shopify": "00100101_12",
                "articuloColorImages-woo": "00100101_12",
                "color": "12",
                "talle": "40",
                "precioDescuento": 60.0,
                "precio": 60.0,
                "talleDescripcion": "TALLE 40",
                "colorDescripcion": "Rojo salmón",
                "articuloColor": "00100101_12",
                "articulo": "00100101",
                "articuloDescripcion": "Camisa 2",
                "stock": 50.0
            },
            {
                "lista": "LISTA4",
                "articuloColorImages-shopify": "00100101_124",
                "articuloColorImages-woo": "00100101_124",
                "color": "124",
                "talle": "10",
                "precioDescuento": 60.0,
                "precio": 60.0,
                "talleDescripcion": "TALLE 10",
                "colorDescripcion": "Amarillo oro",
                "articuloColor": "00100101_124",
                "articulo": "00100101",
                "articuloDescripcion": "Camisa 2",
                "stock": 7.0
            }
        ],
        "siguiente": null,
        "countResultado": 10
    },
    "barecode": null,
    "articulo": {
        "descripcion": "Camisa 2",
        "porcentajeImpuestoInterno": 0.0,
        "noComercializable": "3930-02-01",
        "informacionAdicional": [
            {
                "estadoTransferencia": "ENVIADO",
                "versionAltaFW": "",
                "horaExpo": "10:12:51",
                "horaAltaFW": "14:20:32",
                "versionModificacionFW": "09.0002.12567",
                "horaImpo": "14:20:32",
                "usuarioModificacionFW": "ADMIN",
                "fechaTransferencia": "2010-12-09",
                "baseDeDatosAltaFW": "DEMO",
                "ZADSFW": "",
                "serieModificacionFW": "DEMO",
                "usuarioAltaFW": "ADMIN",
                "fechaModificacionFW": "2020-04-14",
                "baseDeDatosModificacionFW": "DEMO",
                "fechaImpo": "2010-10-07",
                "serieAltaFW": "DEMO",
                "fechaExpo": "2019-06-21",
                "fechaAltaFW": "2010-10-07",
                "horaModificacionFW": "10:54:32"
            }
        ],
        "porcentajeIvaVentas": 0.0,
        "curvadetalles": "TALLE1",
        "unidadDeMedida": "1",
        "agrupublidetalle": [],
        "grupo": "IMP",
        "noPermiteDevoluciones": true,
        "comportamiento": 0,
        "restringirDescuentos": false,
        "alto": 12.0,
        "linea": "MARCA1",
        "categoriaDeArticulo": "0",
        "condicionIvaVentas": 1,
        "temporada": "01",
        "ancho": 11.0,
        "tipodeArticulo": "C",
        "largo": 10.0,
        "observacion": "Demo",
        "codigo": "00100101",
        "ano": 2012,
        "porcentajeIvaCompras": 0.0,
        "peso": 2.0,
        "tipoAgrupamientoPublicaciones": 0,
        "imagen": ".\\IMAGENES\\DEMO\\REMERA-AZUL.PNG",
        "imprimeDespacho": false,
        "material": "01",
        "condicionIvaCompras": 1,
        "importado": true,
        "nomenclador": "",
        "proveedor": "0000000004",
        "clasificacion": "001001",
        "descripcionAdicional": "Demo Adicional",
        "requiereCCosto": 0,
        "paletadecolores": "COLOR1",
        "noPublicarEnEcommerce": false,
        "familia": "01"
    },
    "image-shopify": [
        "00100101"
    ]
}