{
  "descripcion": "Demo descripcion",
  "descripcionAdicional": "Demo Adicional",
  "observacion": "Demo",
  "proveedor": "0000000004",
  "unidadDeMedida": "1",
  "temporada": "01",
  "ano": "2012",
  "familia": "01",
  "material": "01",
  "linea": "MARCA1",
  "grupo": "IMP",
  "categoriaDeArticulo": "0",
  "clasificacion": "001001",
  "tipoDeArticulo": "C",
  "paletadecolores": "COLOR1",
  "curvadetalles": "TALLE1",
  "peso": 2,
  "largo": 10,
  "ancho": 11,
  "alto": 12,
  "noPublicarEnEcommerce": false
}