{
  "talles": [
    "TALLE 1",
    "TALLE 10",
    "TALLE 11",
    "TALLE 12",
    "TALLE 13",
    "TALLE 14",
    "TALLE 15",
    "TALLE 16",
    "TALLE 17",
    "TALLE 18",
    "TALLE 19",
    "TALLE 2",
    "TALLE 20",
    "TALLE 21",
    "TALLE 22",
    "TALLE 23",
    "TALLE 24",
    "TALLE 25",
    "TALLE 26",
    "TALLE 27",
    "TALLE 28",
    "TALLE 29",
    "TALLE 3",
    "TALLE 30",
    "TALLE 31",
    "TALLE 32",
    "TALLE 33",
    "TALLE 34",
    "TALLE 35",
    "TALLE 36",
    "TALLE 37",
    "TALLE 38",
    "TALLE 39",
    "TALLE 4",
    "TALLE 40",
    "TALLE 41",
    "TALLE 42",
    "TALLE 43",
    "TALLE 44",
    "TALLE 45",
    "TALLE 46",
    "TALLE 47",
    "TALLE 48",
    "TALLE 49",
    "TALLE 5",
    "TALLE 50",
    "TALLE 6",
    "TALLE 7",
    "TALLE 8",
    "TALLE 9"
  ],
  "publica": true,
  "image": [
    {
      "src": "https://cdn.shopify.com/s/files/1/0254/9507/6912/files/00100101_12_00.jpg",
      "position": 1
    }
  ],
  "product_type": "REMERAS",
  "vendor": "Marca 1",
  "colores": [
    "Amarillo",
    "Rojo salmón",
    "Amarillo zinc",
    "Amarillo oro",
    "Amarillo curry",
    "Amarillo maiz",
    "Amarillo miel",
    "Amarillo melón",
    "Amarillo dalia",
    "Amarillo narciso",
    "Amarillo azafrán",
    "Amarillo naranja",
    "Naranja intenso",
    "Naranja pálido",
    "Naranja puro",
    "Naranja señales",
    "Naranja tráfico",
    "Rojo anaranjado",
    "Marrón",
    "Naranja salmón",
    "Rojo coral",
    "Rojo oriente",
    "Rojo Marrón",
    "Rojo carmín",
    "Rosa claro",
    "Azul noche",
    "Azul ultramar",
    "Azul acero",
    "Azul señales",
    "Azul tráfico",
    "Azul capri",
    "Azul verdoso",
    "Azul azur",
    "Azul turquesa",
    "Azul agua",
    "Verde azulado",
    "Verde ópalo",
    "Verde pino",
    "Verde musgo",
    "Verde turquesa",
    "Verde señales",
    "Verde esmeralda",
    "Verde amarillento",
    "Verde mayo",
    "Verde helecho",
    "Gris oliva",
    "Marrón grisáceo",
    "Gris guijarro",
    "Gris piedra",
    "Gris musgo",
    "Gris negruzco",
    "Blanco grisáceo",
    "Gris seda",
    "Gris platino",
    "Gris hormigón",
    "Gris hierro",
    "Negro señales",
    "Gris tele 4",
    "Gris ágata",
    "Gris tráfico A",
    "Gris cuarzo",
    "Gris grafito",
    "Gris antracita",
    "Blanco papiro",
    "Gris señales",
    "Gris plata",
    "Gris basalto",
    "Gris pizarra",
    "Oliva negruzco",
    "Gris parduzco",
    "Pardo verdoso",
    "Amarillo oliva",
    "Beige verdoso",
    "Pardo oliva",
    "Marrón arcilla",
    "Beige Marrón",
    "Amarillo Arena",
    "Beige",
    "Marfil",
    "Blanco perla",
    "Caoba",
    "Marrón pálido",
    "Marrón anaranjado",
    "Marrón nuez",
    "Marrón señales",
    "Rojo tomate",
    "Rojo tráfico",
    "Rojo vino",
    "Rojo púrpura",
    "Chocolate",
    "Rojo negruzco",
    "Marrón rojo",
    "Burdeos",
    "Violeta señales",
    "Púrpura tráfico",
    "Violeta pastel",
    "Violeta púrpura",
    "Azul cobalto",
    "Azul zafiro",
    "Azul distante",
    "Azul genciana",
    "Gris luminoso",
    "Verde abeto",
    "Azul pastel",
    "Turquesa pastel",
    "Verde cromo",
    "Verde blanquecino",
    "Verde botella",
    "Gris cemento",
    "Verde patina",
    "Amarillo azufre",
    "Azul colombino",
    "Azul brillante",
    "Lila azulado",
    "Violeta érica",
    "Magenta tele",
    "Rojo violeta",
    "Rojo viejo",
    "Rojo señales",
    "Rojo fresa",
    "Amarillo sol",
    "Marfil claro",
    "Amarillo limón",
    "Amarillo tráfico",
    "Amarillo pastel",
    "Rosa",
    "Rojo frambuesa",
    "Azul luminoso",
    "Verde luminoso",
    "Turquesa menta",
    "Azul océano",
    "Gris caqui",
    "Verde oliva",
    "Rojo beige",
    "Beige agrisado",
    "Sepia",
    "Gris ardilla",
    "Gris azulado",
    "Verde reseda",
    "Marrón ocre",
    "Blanco puro",
    "Blanco señales",
    "Blanco crema",
    "Negro",
    "Negro intenso",
    "Azul negruzco",
    "Azul celeste",
    "Aluminio gris claro",
    "Gris beige"
  ],
  "id": "0",
  "variants": [
    {
      "inventory_quantity": "8.0",
      "color": "Amarillo",
      "weight_unit": "kg",
      "src": "https://cdn.shopify.com/s/files/1/0254/9474/9281/files/00100101_12_00.jpg",
      "sales_price": "51.0",
      "price": "61.0",
      "talle": "TALLE 10",
      "weight": "2.0",
      "sku": "00100101",
      "barcode": ""
    },
    {
      "inventory_quantity": "8.0",
      "color": "Amarillo",
      "weight_unit": "kg",
      "src": "https://cdn.shopify.com/s/files/1/0254/9474/9281/files/00100101_12_00.jpg",
      "sales_price": "52.0",
      "price": "62.0",
      "talle": "TALLE 22",
      "weight": "2.0",
      "sku": "00100101",
      "barcode": ""
    },
    {
      "inventory_quantity": "72.0",
      "color": "Amarillo",
      "weight_unit": "kg",
      "src": "https://cdn.shopify.com/s/files/1/0254/9474/9281/files/00100101_12_00.jpg",
      "sales_price": "53.0",
      "price": "63.0",
      "talle": "TALLE 38",
      "weight": "2.0",
      "sku": "00100101",
      "barcode": ""
    },
    {
      "inventory_quantity": "3.0",
      "color": "Amarillo",
      "weight_unit": "kg",
      "src": "https://cdn.shopify.com/s/files/1/0254/9474/9281/files/00100101_12_00.jpg",
      "sales_price": "54.0",
      "price": "64.0",
      "talle": "TALLE 4",
      "weight": "2.0",
      "sku": "00100101",
      "barcode": ""
    },
    {
      "inventory_quantity": "39.0",
      "color": "Amarillo",
      "weight_unit": "kg",
      "src": "https://cdn.shopify.com/s/files/1/0254/9474/9281/files/00100101_12_00.jpg",
      "sales_price": "55.0",
      "price": "65.0",
      "talle": "TALLE 40",
      "weight": "2.0",
      "sku": "00100101",
      "barcode": ""
    },
    {
      "inventory_quantity": "48.0",
      "color": "Rojo salmón",
      "weight_unit": "kg",
      "src": "https://cdn.shopify.com/s/files/1/0254/9474/9281/files/00100101_12_00.jpg",
      "sales_price": "56.0",
      "price": "66.0",
      "talle": "TALLE 38",
      "weight": "2.0",
      "sku": "00100101",
      "barcode": ""
    },
    {
      "inventory_quantity": "50.0",
      "color": "Rojo salmon",
      "weight_unit": "kg",
      "src": "https://cdn.shopify.com/s/files/1/0254/9474/9281/files/00100101_12_00.jpg",
      "sales_price": "57.0",
      "price": "67.0",
      "talle": "TALLE 40",
      "weight": "2.0",
      "sku": "00100101",
      "barcode": ""
    },
    {
      "inventory_quantity": "7.0",
      "color": "Amarillo oro",
      "weight_unit": "kg",
      "src": "https://cdn.shopify.com/s/files/1/0254/9474/9281/files/00100101_12_00.jpg",
      "sales_price": "58.0",
      "price": "68.0",
      "talle": "TALLE 10",
      "weight": "2.0",
      "sku": "00100101",
      "barcode": ""
    }
  ],
  "title": "DEMO REMERA HOMBRE 9",
  "body": "",
  "dragonID": "00100101",
  "tags": "TALLE 1,TALLE 10,Amarillo,TALLE 40,Amarillo oro,TALLE 4,Rojo salmón,Casual,TALLE 38,TALLE 22,Prendas Hombre"
}