{
    "product": {
        "id": 4502276964400,
        "title": "DEMO REMERA HOMBRE 9",
        "body_html": "",
        "vendor": "Marca 1",
        "product_type": "REMERAS",
        "created_at": "2020-04-14T12:14:58-04:00",
        "handle": "00100101",
        "updated_at": "2020-04-14T12:15:07-04:00",
        "published_at": "2020-04-14T12:14:58-04:00",
        "template_suffix": null,
        "published_scope": "web",
        "tags": "Amarillo, Amarillo oro, Casual, Prendas Hombre, Rojo salmón, TALLE 1, TALLE 10, TALLE 22, TALLE 38, TALLE 4, TALLE 40",
        "admin_graphql_api_id": "gid://shopify/Product/4502276964400",
        "variants": [
            {
                "id": 31872010027056,
                "product_id": 4502276964400,
                "title": "Amarillo / TALLE 10",
                "price": "51.00",
                "sku": "00100101",
                "position": 1,
                "inventory_policy": "deny",
                "compare_at_price": "61.00",
                "fulfillment_service": "manual",
                "inventory_management": "shopify",
                "option1": "Amarillo",
                "option2": "TALLE 10",
                "option3": null,
                "created_at": "2020-04-14T12:14:58-04:00",
                "updated_at": "2020-04-14T12:15:07-04:00",
                "taxable": false,
                "barcode": "",
                "grams": 2000,
                "image_id": 14632476639280,
                "weight": 2.0,
                "weight_unit": "kg",
                "inventory_item_id": 33455155281968,
                "inventory_quantity": 8,
                "old_inventory_quantity": 8,
                "requires_shipping": true,
                "admin_graphql_api_id": "gid://shopify/ProductVariant/31872010027056"
            },
            {
                "id": 31872010059824,
                "product_id": 4502276964400,
                "title": "Amarillo / TALLE 22",
                "price": "52.00",
                "sku": "00100101",
                "position": 2,
                "inventory_policy": "deny",
                "compare_at_price": "62.00",
                "fulfillment_service": "manual",
                "inventory_management": "shopify",
                "option1": "Amarillo",
                "option2": "TALLE 22",
                "option3": null,
                "created_at": "2020-04-14T12:14:58-04:00",
                "updated_at": "2020-04-14T12:15:07-04:00",
                "taxable": false,
                "barcode": "",
                "grams": 2000,
                "image_id": 14632476672048,
                "weight": 2.0,
                "weight_unit": "kg",
                "inventory_item_id": 33455155314736,
                "inventory_quantity": 8,
                "old_inventory_quantity": 8,
                "requires_shipping": true,
                "admin_graphql_api_id": "gid://shopify/ProductVariant/31872010059824"
            },
            {
                "id": 31872010092592,
                "product_id": 4502276964400,
                "title": "Amarillo / TALLE 38",
                "price": "53.00",
                "sku": "00100101",
                "position": 3,
                "inventory_policy": "deny",
                "compare_at_price": "63.00",
                "fulfillment_service": "manual",
                "inventory_management": "shopify",
                "option1": "Amarillo",
                "option2": "TALLE 38",
                "option3": null,
                "created_at": "2020-04-14T12:14:58-04:00",
                "updated_at": "2020-04-14T12:15:07-04:00",
                "taxable": false,
                "barcode": "",
                "grams": 2000,
                "image_id": 14632476704816,
                "weight": 2.0,
                "weight_unit": "kg",
                "inventory_item_id": 33455155347504,
                "inventory_quantity": 72,
                "old_inventory_quantity": 72,
                "requires_shipping": true,
                "admin_graphql_api_id": "gid://shopify/ProductVariant/31872010092592"
            },
            {
                "id": 31872010125360,
                "product_id": 4502276964400,
                "title": "Amarillo / TALLE 4",
                "price": "54.00",
                "sku": "00100101",
                "position": 4,
                "inventory_policy": "deny",
                "compare_at_price": "64.00",
                "fulfillment_service": "manual",
                "inventory_management": "shopify",
                "option1": "Amarillo",
                "option2": "TALLE 4",
                "option3": null,
                "created_at": "2020-04-14T12:14:58-04:00",
                "updated_at": "2020-04-14T12:15:07-04:00",
                "taxable": false,
                "barcode": "",
                "grams": 2000,
                "image_id": 14632476737584,
                "weight": 2.0,
                "weight_unit": "kg",
                "inventory_item_id": 33455155380272,
                "inventory_quantity": 3,
                "old_inventory_quantity": 3,
                "requires_shipping": true,
                "admin_graphql_api_id": "gid://shopify/ProductVariant/31872010125360"
            },
            {
                "id": 31872010158128,
                "product_id": 4502276964400,
                "title": "Amarillo / TALLE 40",
                "price": "55.00",
                "sku": "00100101",
                "position": 5,
                "inventory_policy": "deny",
                "compare_at_price": "65.00",
                "fulfillment_service": "manual",
                "inventory_management": "shopify",
                "option1": "Amarillo",
                "option2": "TALLE 40",
                "option3": null,
                "created_at": "2020-04-14T12:14:58-04:00",
                "updated_at": "2020-04-14T12:15:07-04:00",
                "taxable": false,
                "barcode": "",
                "grams": 2000,
                "image_id": 14632476770352,
                "weight": 2.0,
                "weight_unit": "kg",
                "inventory_item_id": 33455155413040,
                "inventory_quantity": 39,
                "old_inventory_quantity": 39,
                "requires_shipping": true,
                "admin_graphql_api_id": "gid://shopify/ProductVariant/31872010158128"
            },
            {
                "id": 31872010190896,
                "product_id": 4502276964400,
                "title": "Rojo salmón / TALLE 38",
                "price": "56.00",
                "sku": "00100101",
                "position": 6,
                "inventory_policy": "deny",
                "compare_at_price": "66.00",
                "fulfillment_service": "manual",
                "inventory_management": "shopify",
                "option1": "Rojo salmón",
                "option2": "TALLE 38",
                "option3": null,
                "created_at": "2020-04-14T12:14:59-04:00",
                "updated_at": "2020-04-14T12:15:07-04:00",
                "taxable": false,
                "barcode": "",
                "grams": 2000,
                "image_id": 14632476803120,
                "weight": 2.0,
                "weight_unit": "kg",
                "inventory_item_id": 33455155445808,
                "inventory_quantity": 48,
                "old_inventory_quantity": 48,
                "requires_shipping": true,
                "admin_graphql_api_id": "gid://shopify/ProductVariant/31872010190896"
            },
            {
                "id": 31872010223664,
                "product_id": 4502276964400,
                "title": "Rojo salmon / TALLE 40",
                "price": "57.00",
                "sku": "00100101",
                "position": 7,
                "inventory_policy": "deny",
                "compare_at_price": "67.00",
                "fulfillment_service": "manual",
                "inventory_management": "shopify",
                "option1": "Rojo salmon",
                "option2": "TALLE 40",
                "option3": null,
                "created_at": "2020-04-14T12:14:59-04:00",
                "updated_at": "2020-04-14T12:15:07-04:00",
                "taxable": false,
                "barcode": "",
                "grams": 2000,
                "image_id": 14632476835888,
                "weight": 2.0,
                "weight_unit": "kg",
                "inventory_item_id": 33455155478576,
                "inventory_quantity": 50,
                "old_inventory_quantity": 50,
                "requires_shipping": true,
                "admin_graphql_api_id": "gid://shopify/ProductVariant/31872010223664"
            },
            {
                "id": 31872010256432,
                "product_id": 4502276964400,
                "title": "Amarillo oro / TALLE 10",
                "price": "58.00",
                "sku": "00100101",
                "position": 8,
                "inventory_policy": "deny",
                "compare_at_price": "68.00",
                "fulfillment_service": "manual",
                "inventory_management": "shopify",
                "option1": "Amarillo oro",
                "option2": "TALLE 10",
                "option3": null,
                "created_at": "2020-04-14T12:14:59-04:00",
                "updated_at": "2020-04-14T12:15:07-04:00",
                "taxable": false,
                "barcode": "",
                "grams": 2000,
                "image_id": 14632476868656,
                "weight": 2.0,
                "weight_unit": "kg",
                "inventory_item_id": 33455155511344,
                "inventory_quantity": 7,
                "old_inventory_quantity": 7,
                "requires_shipping": true,
                "admin_graphql_api_id": "gid://shopify/ProductVariant/31872010256432"
            }
        ],
        "options": [
            {
                "id": 5847174643760,
                "product_id": 4502276964400,
                "name": "Color",
                "position": 1,
                "values": [
                    "Amarillo",
                    "Rojo salmón",
                    "Rojo salmon",
                    "Amarillo oro"
                ]
            },
            {
                "id": 5847174676528,
                "product_id": 4502276964400,
                "name": "Talle",
                "position": 2,
                "values": [
                    "TALLE 10",
                    "TALLE 22",
                    "TALLE 38",
                    "TALLE 4",
                    "TALLE 40"
                ]
            }
        ],
        "images": [
            {
                "id": 14632476639280,
                "product_id": 4502276964400,
                "position": 2,
                "created_at": "2020-04-14T12:15:07-04:00",
                "updated_at": "2020-04-14T12:15:07-04:00",
                "alt": null,
                "width": 1600,
                "height": 1599,
                "src": "https://cdn.shopify.com/s/files/1/0254/9507/6912/products/00100101_12_00.jpg?v=1586880907",
                "variant_ids": [
                    31872010027056
                ],
                "admin_graphql_api_id": "gid://shopify/ProductImage/14632476639280"
            },
            {
                "id": 14632476672048,
                "product_id": 4502276964400,
                "position": 3,
                "created_at": "2020-04-14T12:15:07-04:00",
                "updated_at": "2020-04-14T12:15:07-04:00",
                "alt": null,
                "width": 1600,
                "height": 1599,
                "src": "https://cdn.shopify.com/s/files/1/0254/9507/6912/products/00100101_12_00_346acd6f-fd8c-4c5f-8d0c-eead3d236df6.jpg?v=1586880907",
                "variant_ids": [
                    31872010059824
                ],
                "admin_graphql_api_id": "gid://shopify/ProductImage/14632476672048"
            },
            {
                "id": 14632476704816,
                "product_id": 4502276964400,
                "position": 4,
                "created_at": "2020-04-14T12:15:07-04:00",
                "updated_at": "2020-04-14T12:15:07-04:00",
                "alt": null,
                "width": 1600,
                "height": 1599,
                "src": "https://cdn.shopify.com/s/files/1/0254/9507/6912/products/00100101_12_00_f82be348-d736-4a89-ba45-245880ceecce.jpg?v=1586880907",
                "variant_ids": [
                    31872010092592
                ],
                "admin_graphql_api_id": "gid://shopify/ProductImage/14632476704816"
            },
            {
                "id": 14632476737584,
                "product_id": 4502276964400,
                "position": 5,
                "created_at": "2020-04-14T12:15:07-04:00",
                "updated_at": "2020-04-14T12:15:07-04:00",
                "alt": null,
                "width": 1600,
                "height": 1599,
                "src": "https://cdn.shopify.com/s/files/1/0254/9507/6912/products/00100101_12_00_62e8b882-c192-4d2b-b424-79443d776886.jpg?v=1586880907",
                "variant_ids": [
                    31872010125360
                ],
                "admin_graphql_api_id": "gid://shopify/ProductImage/14632476737584"
            },
            {
                "id": 14632476770352,
                "product_id": 4502276964400,
                "position": 6,
                "created_at": "2020-04-14T12:15:07-04:00",
                "updated_at": "2020-04-14T12:15:07-04:00",
                "alt": null,
                "width": 1600,
                "height": 1599,
                "src": "https://cdn.shopify.com/s/files/1/0254/9507/6912/products/00100101_12_00_936ccfb3-81d3-4b1b-9922-326b4cd2fc70.jpg?v=1586880907",
                "variant_ids": [
                    31872010158128
                ],
                "admin_graphql_api_id": "gid://shopify/ProductImage/14632476770352"
            },
            {
                "id": 14632476803120,
                "product_id": 4502276964400,
                "position": 7,
                "created_at": "2020-04-14T12:15:07-04:00",
                "updated_at": "2020-04-14T12:15:07-04:00",
                "alt": null,
                "width": 1600,
                "height": 1599,
                "src": "https://cdn.shopify.com/s/files/1/0254/9507/6912/products/00100101_12_00_434f1591-32d0-4eb3-bf92-6b93eb995448.jpg?v=1586880907",
                "variant_ids": [
                    31872010190896
                ],
                "admin_graphql_api_id": "gid://shopify/ProductImage/14632476803120"
            },
            {
                "id": 14632476835888,
                "product_id": 4502276964400,
                "position": 8,
                "created_at": "2020-04-14T12:15:07-04:00",
                "updated_at": "2020-04-14T12:15:07-04:00",
                "alt": null,
                "width": 1600,
                "height": 1599,
                "src": "https://cdn.shopify.com/s/files/1/0254/9507/6912/products/00100101_12_00_7d0c75fe-02a6-4c8d-abad-e0102c6643e7.jpg?v=1586880907",
                "variant_ids": [
                    31872010223664
                ],
                "admin_graphql_api_id": "gid://shopify/ProductImage/14632476835888"
            },
            {
                "id": 14632476868656,
                "product_id": 4502276964400,
                "position": 9,
                "created_at": "2020-04-14T12:15:07-04:00",
                "updated_at": "2020-04-14T12:15:07-04:00",
                "alt": null,
                "width": 1600,
                "height": 1599,
                "src": "https://cdn.shopify.com/s/files/1/0254/9507/6912/products/00100101_12_00_09602ae0-3ba6-4ee6-868b-ef860a1a68eb.jpg?v=1586880907",
                "variant_ids": [
                    31872010256432
                ],
                "admin_graphql_api_id": "gid://shopify/ProductImage/14632476868656"
            }
        ],
        "image": {
            "id": 14632476639280,
            "product_id": 4502276964400,
            "position": 2,
            "created_at": "2020-04-14T12:15:07-04:00",
            "updated_at": "2020-04-14T12:15:07-04:00",
            "alt": null,
            "width": 1600,
            "height": 1599,
            "src": "https://cdn.shopify.com/s/files/1/0254/9507/6912/products/00100101_12_00.jpg?v=1586880907",
            "variant_ids": [
                31872010027056
            ],
            "admin_graphql_api_id": "gid://shopify/ProductImage/14632476639280"
        }
    }
}