{
  "orders": [
    {
      "id": 1073460017,
      "email": "",
      "closed_at": null,
      "created_at": "2020-07-09T13:39:02-04:00",
      "updated_at": "2020-07-09T13:39:02-04:00",
      "number": 2,
      "note": null,
      "token": "e0f76581dc04536c97f4a40e8f9fbaf6",
      "gateway": "",
      "test": false,
      "total_price": "199.00",
      "subtotal_price": "199.00",
      "total_weight": 0,
      "total_tax": "0.00",
      "taxes_included": false,
      "currency": "USD",
      "financial_status": "paid",
      "confirmed": true,
      "total_discounts": "0.00",
      "total_line_items_price": "199.00",
      "cart_token": null,
      "buyer_accepts_marketing": false,
      "name": "#1002",
      "referring_site": null,
      "landing_site": null,
      "cancelled_at": null,
      "cancel_reason": null,
      "total_price_usd": "199.00",
      "checkout_token": null,
      "reference": null,
      "user_id": null,
      "location_id": null,
      "source_identifier": null,
      "source_url": null,
      "processed_at": "2020-07-09T13:39:02-04:00",
      "device_id": null,
      "phone": null,
      "customer_locale": null,
      "app_id": 755357713,
      "browser_ip": null,
      "landing_site_ref": null,
      "order_number": 1002,
      "discount_applications": [],
      "discount_codes": [],
      "note_attributes": [],
      "payment_gateway_names": [],
      "processing_method": "",
      "checkout_id": null,
      "source_name": "755357713",
      "fulfillment_status": null,
      "tax_lines": [],
      "tags": "",
      "contact_email": null,
      "order_status_url": "https://apple.myshopify.com/690933842/orders/e0f76581dc04536c97f4a40e8f9fbaf6/authenticate?key=333aad294ec5cbc6639bd28e0d859688",
      "presentment_currency": "USD",
      "total_line_items_price_set": {
        "shop_money": {
          "amount": "199.00",
          "currency_code": "USD"
        },
        "presentment_money": {
          "amount": "199.00",
          "currency_code": "USD"
        }
      },
      "total_discounts_set": {
        "shop_money": {
          "amount": "0.00",
          "currency_code": "USD"
        },
        "presentment_money": {
          "amount": "0.00",
          "currency_code": "USD"
        }
      },
      "total_shipping_price_set": {
        "shop_money": {
          "amount": "0.00",
          "currency_code": "USD"
        },
        "presentment_money": {
          "amount": "0.00",
          "currency_code": "USD"
        }
      },
      "subtotal_price_set": {
        "shop_money": {
          "amount": "199.00",
          "currency_code": "USD"
        },
        "presentment_money": {
          "amount": "199.00",
          "currency_code": "USD"
        }
      },
      "total_price_set": {
        "shop_money": {
          "amount": "199.00",
          "currency_code": "USD"
        },
        "presentment_money": {
          "amount": "199.00",
          "currency_code": "USD"
        }
      },
      "total_tax_set": {
        "shop_money": {
          "amount": "0.00",
          "currency_code": "USD"
        },
        "presentment_money": {
          "amount": "0.00",
          "currency_code": "USD"
        }
      },
      "total_tip_received": "0.0",
      "original_total_duties_set": null,
      "current_total_duties_set": null,
      "admin_graphql_api_id": "gid://shopify/Order/1073460017",
      "shipping_lines": [],
      "line_items": [
        {
          "id": 1071823241,
          "variant_id": 447654529,
          "title": "IPod Touch 8GB",
          "quantity": 1,
          "sku": "IPOD2009BLACK",
          "variant_title": "Black",
          "vendor": "Apple",
          "fulfillment_service": "shipwire-app",
          "product_id": 921728736,
          "requires_shipping": true,
          "taxable": true,
          "gift_card": false,
          "name": "IPod Touch 8GB - Black",
          "variant_inventory_management": "shipwire-app",
          "properties": [],
          "product_exists": true,
          "fulfillable_quantity": 1,
          "grams": 567,
          "price": "199.00",
          "total_discount": "0.00",
          "fulfillment_status": null,
          "price_set": {
            "shop_money": {
              "amount": "199.00",
              "currency_code": "USD"
            },
            "presentment_money": {
              "amount": "199.00",
              "currency_code": "USD"
            }
          },
          "total_discount_set": {
            "shop_money": {
              "amount": "0.00",
              "currency_code": "USD"
            },
            "presentment_money": {
              "amount": "0.00",
              "currency_code": "USD"
            }
          },
          "discount_allocations": [],
          "duties": [],
          "admin_graphql_api_id": "gid://shopify/LineItem/1071823241",
          "tax_lines": []
        }
      ],
      "fulfillments": [],
      "refunds": []
    }
  ]
}