{
    "id": 688,
    "parent_id": 0,
    "number": "688",
    "order_key": "wc_order_zLr5SXf1SIXnQ",
    "created_via": "checkout",
    "version": "4.5.2",
    "status": "on-hold",
    "currency": "ARS",
    "date_created": "2020-09-22T15:01:26",
    "date_created_gmt": "2020-09-22T18:01:26",
    "date_modified": "2020-09-22T15:01:26",
    "date_modified_gmt": "2020-09-22T18:01:26",
    "discount_total": "100.00",
    "discount_tax": "0.00",
    "shipping_total": "250.00",
    "shipping_tax": "0.00",
    "cart_tax": "0.00",
    "total": "8430.00",
    "total_tax": "0.00",
    "prices_include_tax": false,
    "customer_id": 1,
    "customer_ip_address": "181.110.57.25",
    "customer_user_agent": "Mozilla/5.0 (Macintosh; Intel Mac OS X 10_13_6) AppleWebKit/537.36 (KHTML, like Gecko) Chrome/85.0.4183.102 Safari/537.36",
    "customer_note": "Pedido Fixed Product.",
    "billing": {
        "first_name": "PruebaDNI",
        "last_name": "ApellidoDNI",
        "company": "mercadodirecto",
        "address_1": "san nicolas",
        "address_2": "540",
        "city": "Rosario",
        "state": "S",
        "postcode": "2000",
        "country": "AR",
        "email": "info@cuatrosistemas.com.ar",
        "phone": "123123123"
    },
    "shipping": {
        "first_name": "PruebaDNI",
        "last_name": "ApellidoDNI",
        "company": "mercadodirecto",
        "address_1": "san nicolas",
        "address_2": "540",
        "city": "Rosario",
        "state": "S",
        "postcode": "2000",
        "country": "AR"
    },
    "payment_method": "bacs",
    "payment_method_title": "Transferencia bancaria directa",
    "transaction_id": "",
    "date_paid": null,
    "date_paid_gmt": null,
    "date_completed": null,
    "date_completed_gmt": null,
    "cart_hash": "070da77632ed928c2e61cd42f5a2e195",
    "meta_data": [
        {
            "id": 6531,
            "key": "_shipping_phone",
            "value": "123123123"
        },
        {
            "id": 6532,
            "key": "is_vat_exempt",
            "value": "no"
        },
        {
            "id": 6533,
            "key": "situacion_fiscal",
            "value": [
                "5"
            ]
        },
        {
            "id": 6534,
            "key": "dni",
            "value": "234234234423"
        },
        {
            "id": 6535,
            "key": "fecha_envio",
            "value": "09/30/2020"
        },
        {
            "id": 6536,
            "key": "turno_envio",
            "value": [
                "2"
            ]
        }
    ],
    "line_items": [
        {
            "id": 74,
            "name": "Harina 0000 BARBARA 1kg",
            "product_id": 638,
            "variation_id": 0,
            "quantity": 10,
            "tax_class": "",
            "subtotal": "8000.00",
            "subtotal_tax": "0.00",
            "total": "7900.00",
            "total_tax": "0.00",
            "taxes": [],
            "meta_data": [
                {
                    "id": 571,
                    "key": "_reduced_stock",
                    "value": "10"
                }
            ],
            "sku": "7794270035529",
            "price": 790
        },
        {
            "id": 75,
            "name": "TAPAS DE EMPANADAS (FREIR)",
            "product_id": 518,
            "variation_id": 0,
            "quantity": 2,
            "tax_class": "",
            "subtotal": "280.00",
            "subtotal_tax": "0.00",
            "total": "280.00",
            "total_tax": "0.00",
            "taxes": [],
            "meta_data": [
                {
                    "id": 572,
                    "key": "_reduced_stock",
                    "value": "2"
                }
            ],
            "sku": "TAPA01",
            "price": 140
        }
    ],
    "tax_lines": [],
    "shipping_lines": [
        {
            "id": 76,
            "method_title": "Precio fijo",
            "method_id": "flat_rate",
            "instance_id": "1",
            "total": "250.00",
            "total_tax": "0.00",
            "taxes": [],
            "meta_data": [
                {
                    "id": 567,
                    "key": "Artículos",
                    "value": "Harina 0000 BARBARA 1kg &times; 10, TAPAS DE EMPANADAS (FREIR) &times; 2"
                }
            ]
        }
    ],
    "fee_lines": [],
    "coupon_lines": [
        {
            "id": 77,
            "code": "fixed_product",
            "discount": "100",
            "discount_tax": "0",
            "meta_data": [
                {
                    "id": 570,
                    "key": "coupon_data",
                    "value": {
                        "id": 685,
                        "code": "fixed_product",
                        "amount": "10",
                        "date_created": {
                            "date": "2020-09-22 14:57:30.000000",
                            "timezone_type": 3,
                            "timezone": "America/Argentina/Buenos_Aires"
                        },
                        "date_modified": {
                            "date": "2020-09-22 15:00:22.000000",
                            "timezone_type": 3,
                            "timezone": "America/Argentina/Buenos_Aires"
                        },
                        "date_expires": {
                            "date": "2020-09-30 00:00:00.000000",
                            "timezone_type": 3,
                            "timezone": "America/Argentina/Buenos_Aires"
                        },
                        "discount_type": "fixed_product",
                        "description": "descuento fijo en producto",
                        "usage_count": 0,
                        "individual_use": false,
                        "product_ids": [
                            638
                        ],
                        "excluded_product_ids": [],
                        "usage_limit": 0,
                        "usage_limit_per_user": 0,
                        "limit_usage_to_x_items": null,
                        "free_shipping": true,
                        "product_categories": [],
                        "excluded_product_categories": [],
                        "exclude_sale_items": false,
                        "minimum_amount": "",
                        "maximum_amount": "",
                        "email_restrictions": [],
                        "virtual": false,
                        "meta_data": [
                            {
                                "id": 6491,
                                "key": "_pwb_coupon_restriction",
                                "value": ""
                            }
                        ]
                    }
                }
            ]
        }
    ],
    "refunds": [],
    "currency_symbol": "$",
    "_links": {
        "self": [
            {
                "href": "https://mercadodirecto.com.ar/ros/wp-json/wc/v3/orders/688"
            }
        ],
        "collection": [
            {
                "href": "https://mercadodirecto.com.ar/ros/wp-json/wc/v3/orders"
            }
        ],
        "customer": [
            {
                "href": "https://mercadodirecto.com.ar/ros/wp-json/wc/v3/customers/1"
            }
        ]
    }
}