[
  {
    "name": "TRIÁNGULO FIJO SOFT + COLA LESS CARTAGENA",
    "validSku": "*93235C*93101C",
    "id": "48221",
    "sku": "",
    "products": [
      {
        "name": "Triángulo fijo soft Cartagena",
        "id": 48057,
        "sku": "93235C"
      },
      {
        "name": "Cola less Cartagena",
        "id": 48047,
        "sku": "93101C"
      }
    ],
    "status": "ERROR"
  },
  {
    "name": "TRIÁNGULO + MEDIA COLA CON CORREDERA PALAOS",
    "validSku": "*93124D*931011D",
    "id": "48218",
    "sku": "",
    "products": [
      {
        "name": "Triángulo Brasil Palaos",
        "id": 48029,
        "sku": "93124D"
      },
      {
        "name": "Media cola con corredera Palaos",
        "id": 48012,
        "sku": "931011D"
      }
    ],
    "status": "ERROR"
  }
 ]