{
  "product": {
    "upsell_ids": [],
    "featured": false,
    "purchasable": true,
    "grouped_products": [],
    "_links": {
      "self": [
        {
          "href": "https://134.122.14.13:8091/wp-json/wc/v3/products/23041"
        }
      ],
      "collection": [
        {
          "href": "https://134.122.14.13:8091/wp-json/wc/v3/products"
        }
      ]
    },
    "tax_status": "taxable",
    "catalog_visibility": "visible",
    "type": "variable",
    "external_url": "",
    "price": "181.50",
    "meta_data": [
      {
        "id": 530180,
        "key": "sku",
        "value": "00100101@116 2X"
      }
    ],
    "id": 23041,
    "sku": "00100101@116 2X",
    "slug": "remera-hombre-amarillo",
    "date_on_sale_from": null,
    "shipping_required": true,
    "date_modified_gmt": "2021-02-10T19:30:37",
    "images": [],
    "stock_status": "instock",
    "price_html": "
<span class=\"woocommerce-Price-amount amount\">
  <span class=\"woocommerce-Price-currencySymbol\">&#36;</span>181.50
</span> &ndash; 
<span class=\"woocommerce-Price-amount amount\">
  <span class=\"woocommerce-Price-currencySymbol\">&#36;</span>401.00
</span>",
    "download_expiry": -1,
    "backordered": false,
    "weight": "",
    "rating_count": 0,
    "tags": [],
    "date_on_sale_to": null,
    "sold_individually": false,
    "backorders": "no",
    "shipping_taxable": true,
    "parent_id": 0,
    "download_limit": -1,
    "name": "REMERA HOMBRE - Amarillo",
    "shipping_class": "",
    "button_text": "",
    "permalink": "https://134.122.14.13:8091/producto/remera-hombre-amarillo/",
    "status": "publish",
    "cross_sell_ids": [],
    "short_description": "Remera Hombre",
    "virtual": false,
    "downloadable": false,
    "menu_order": 0,
    "description": "Demo",
    "date_on_sale_to_gmt": null,
    "date_on_sale_from_gmt": null,
    "regular_price": "",
    "backorders_allowed": false,
    "downloads": [],
    "reviews_allowed": true,
    "variations": [
      23042,
      23043,
      23044,
      23045,
      23046,
      23047,
      23048
    ],
    "categories": [
      {
        "id": 15,
        "name": "Sin categorizar",
        "slug": "sin-categorizar"
      }
    ],
    "total_sales": 0,
    "on_sale": true,
    "manage_stock": false,
    "default_attributes": [],
    "purchase_note": "",
    "date_created": "2021-01-04T18:45:24",
    "tax_class": "",
    "date_created_gmt": "2021-01-04T21:45:24",
    "average_rating": "0",
    "stock_quantity": null,
    "sale_price": "",
    "shipping_class_id": 0,
    "date_modified": "2021-02-10T16:30:37",
    "related_ids": [
      16859,
      16872,
      16865,
      16858,
      16866
    ],
    "attributes": [
      {
        "id": 0,
        "name": "Talle",
        "position": 0,
        "visible": true,
        "variation": true,
        "options": [
          "TALLE 1",
          "TALLE 10",
          "TALLE 22",
          "TALLE 38",
          "TALLE 4",
          "TALLE 40",
          "TALLE 2"
        ]
      }
    ],
    "dimensions": {
      "length": "",
      "width": "",
      "height": ""
    }
  },
  "variants": {
    "update": [
      {
        "id": 23042,
        "date_created": "2021-01-04T18:45:24",
        "date_created_gmt": "2021-01-04T21:45:24",
        "date_modified": "2021-02-10T16:30:43",
        "date_modified_gmt": "2021-02-10T19:30:43",
        "description": "
<p>REMERA HOMBRE &#8211; Amarillo TALLE 1</p>\n",
        "permalink": "https://134.122.14.13:8091/producto/remera-hombre-amarillo/?attribute_talle=TALLE+1",
        "sku": "00100101@116 2X_1",
        "price": "401.00",
        "regular_price": "515.32",
        "sale_price": "401.00",
        "date_on_sale_from": null,
        "date_on_sale_from_gmt": null,
        "date_on_sale_to": null,
        "date_on_sale_to_gmt": null,
        "on_sale": true,
        "status": "publish",
        "purchasable": true,
        "virtual": false,
        "downloadable": false,
        "downloads": [],
        "download_limit": -1,
        "download_expiry": -1,
        "tax_status": "taxable",
        "tax_class": "",
        "manage_stock": true,
        "stock_quantity": 49,
        "stock_status": "instock",
        "backorders": "yes",
        "backorders_allowed": true,
        "backordered": false,
        "weight": "2.0",
        "dimensions": {
          "length": "10.0",
          "width": "11.0",
          "height": "12.0"
        },
        "shipping_class": "",
        "shipping_class_id": 0,
        "image": null,
        "attributes": [
          {
            "id": 0,
            "name": "Talle",
            "option": "TALLE 1"
          }
        ],
        "menu_order": 0,
        "meta_data": [],
        "_links": {
          "self": [
            {
              "href": "https://134.122.14.13:8091/wp-json/wc/v3/products/23041/variations/23042"
            }
          ],
          "collection": [
            {
              "href": "https://134.122.14.13:8091/wp-json/wc/v3/products/23041/variations"
            }
          ],
          "up": [
            {
              "href": "https://134.122.14.13:8091/wp-json/wc/v3/products/23041"
            }
          ]
        }
      },
      {
        "id": 23043,
        "date_created": "2021-01-04T18:45:24",
        "date_created_gmt": "2021-01-04T21:45:24",
        "date_modified": "2021-02-10T16:30:44",
        "date_modified_gmt": "2021-02-10T19:30:44",
        "description": "
<p>REMERA HOMBRE &#8211; Amarillo TALLE 10 Amarillo</p>\n",
        "permalink": "https://134.122.14.13:8091/producto/remera-hombre-amarillo/?attribute_talle=TALLE+10",
        "sku": "00100101@116 2X_10",
        "price": "181.50",
        "regular_price": "515.32",
        "sale_price": "181.50",
        "date_on_sale_from": null,
        "date_on_sale_from_gmt": null,
        "date_on_sale_to": null,
        "date_on_sale_to_gmt": null,
        "on_sale": true,
        "status": "publish",
        "purchasable": true,
        "virtual": false,
        "downloadable": false,
        "downloads": [],
        "download_limit": -1,
        "download_expiry": -1,
        "tax_status": "taxable",
        "tax_class": "",
        "manage_stock": true,
        "stock_quantity": 8,
        "stock_status": "instock",
        "backorders": "yes",
        "backorders_allowed": true,
        "backordered": false,
        "weight": "2.0",
        "dimensions": {
          "length": "10.0",
          "width": "11.0",
          "height": "12.0"
        },
        "shipping_class": "",
        "shipping_class_id": 0,
        "image": null,
        "attributes": [
          {
            "id": 0,
            "name": "Talle",
            "option": "TALLE 10"
          }
        ],
        "menu_order": 0,
        "meta_data": [],
        "_links": {
          "self": [
            {
              "href": "https://134.122.14.13:8091/wp-json/wc/v3/products/23041/variations/23043"
            }
          ],
          "collection": [
            {
              "href": "https://134.122.14.13:8091/wp-json/wc/v3/products/23041/variations"
            }
          ],
          "up": [
            {
              "href": "https://134.122.14.13:8091/wp-json/wc/v3/products/23041"
            }
          ]
        }
      },
      {
        "id": 23044,
        "date_created": "2021-01-04T18:45:25",
        "date_created_gmt": "2021-01-04T21:45:25",
        "date_modified": "2021-02-10T16:30:44",
        "date_modified_gmt": "2021-02-10T19:30:44",
        "description": "
<p>REMERA HOMBRE &#8211; Amarillo TALLE 22 Amarillo</p>\n",
        "permalink": "https://134.122.14.13:8091/producto/remera-hombre-amarillo/?attribute_talle=TALLE+22",
        "sku": "00100101@116 2X_22",
        "price": "181.50",
        "regular_price": "515.32",
        "sale_price": "181.50",
        "date_on_sale_from": null,
        "date_on_sale_from_gmt": null,
        "date_on_sale_to": null,
        "date_on_sale_to_gmt": null,
        "on_sale": true,
        "status": "publish",
        "purchasable": true,
        "virtual": false,
        "downloadable": false,
        "downloads": [],
        "download_limit": -1,
        "download_expiry": -1,
        "tax_status": "taxable",
        "tax_class": "",
        "manage_stock": true,
        "stock_quantity": 8,
        "stock_status": "instock",
        "backorders": "yes",
        "backorders_allowed": true,
        "backordered": false,
        "weight": "2.0",
        "dimensions": {
          "length": "10.0",
          "width": "11.0",
          "height": "12.0"
        },
        "shipping_class": "",
        "shipping_class_id": 0,
        "image": null,
        "attributes": [
          {
            "id": 0,
            "name": "Talle",
            "option": "TALLE 22"
          }
        ],
        "menu_order": 0,
        "meta_data": [],
        "_links": {
          "self": [
            {
              "href": "https://134.122.14.13:8091/wp-json/wc/v3/products/23041/variations/23044"
            }
          ],
          "collection": [
            {
              "href": "https://134.122.14.13:8091/wp-json/wc/v3/products/23041/variations"
            }
          ],
          "up": [
            {
              "href": "https://134.122.14.13:8091/wp-json/wc/v3/products/23041"
            }
          ]
        }
      },
      {
        "id": 23045,
        "date_created": "2021-01-04T18:45:25",
        "date_created_gmt": "2021-01-04T21:45:25",
        "date_modified": "2021-02-10T16:30:44",
        "date_modified_gmt": "2021-02-10T19:30:44",
        "description": "
<p>REMERA HOMBRE &#8211; Amarillo TALLE 38 Amarillo</p>\n",
        "permalink": "https://134.122.14.13:8091/producto/remera-hombre-amarillo/?attribute_talle=TALLE+38",
        "sku": "00100101@116 2X_38",
        "price": "181.50",
        "regular_price": "515.32",
        "sale_price": "181.50",
        "date_on_sale_from": null,
        "date_on_sale_from_gmt": null,
        "date_on_sale_to": null,
        "date_on_sale_to_gmt": null,
        "on_sale": true,
        "status": "publish",
        "purchasable": true,
        "virtual": false,
        "downloadable": false,
        "downloads": [],
        "download_limit": -1,
        "download_expiry": -1,
        "tax_status": "taxable",
        "tax_class": "",
        "manage_stock": true,
        "stock_quantity": 59,
        "stock_status": "instock",
        "backorders": "yes",
        "backorders_allowed": true,
        "backordered": false,
        "weight": "2.0",
        "dimensions": {
          "length": "10.0",
          "width": "11.0",
          "height": "12.0"
        },
        "shipping_class": "",
        "shipping_class_id": 0,
        "image": null,
        "attributes": [
          {
            "id": 0,
            "name": "Talle",
            "option": "TALLE 38"
          }
        ],
        "menu_order": 0,
        "meta_data": [],
        "_links": {
          "self": [
            {
              "href": "https://134.122.14.13:8091/wp-json/wc/v3/products/23041/variations/23045"
            }
          ],
          "collection": [
            {
              "href": "https://134.122.14.13:8091/wp-json/wc/v3/products/23041/variations"
            }
          ],
          "up": [
            {
              "href": "https://134.122.14.13:8091/wp-json/wc/v3/products/23041"
            }
          ]
        }
      },
      {
        "id": 23046,
        "date_created": "2021-01-04T18:45:25",
        "date_created_gmt": "2021-01-04T21:45:25",
        "date_modified": "2021-02-10T16:30:44",
        "date_modified_gmt": "2021-02-10T19:30:44",
        "description": "
<p>REMERA HOMBRE &#8211; Amarillo TALLE 4 Amarillo</p>\n",
        "permalink": "https://134.122.14.13:8091/producto/remera-hombre-amarillo/?attribute_talle=TALLE+4",
        "sku": "00100101@116 2X_4",
        "price": "181.50",
        "regular_price": "515.32",
        "sale_price": "181.50",
        "date_on_sale_from": null,
        "date_on_sale_from_gmt": null,
        "date_on_sale_to": null,
        "date_on_sale_to_gmt": null,
        "on_sale": true,
        "status": "publish",
        "purchasable": true,
        "virtual": false,
        "downloadable": false,
        "downloads": [],
        "download_limit": -1,
        "download_expiry": -1,
        "tax_status": "taxable",
        "tax_class": "",
        "manage_stock": true,
        "stock_quantity": 3,
        "stock_status": "instock",
        "backorders": "yes",
        "backorders_allowed": true,
        "backordered": false,
        "weight": "2.0",
        "dimensions": {
          "length": "10.0",
          "width": "11.0",
          "height": "12.0"
        },
        "shipping_class": "",
        "shipping_class_id": 0,
        "image": null,
        "attributes": [
          {
            "id": 0,
            "name": "Talle",
            "option": "TALLE 4"
          }
        ],
        "menu_order": 0,
        "meta_data": [],
        "_links": {
          "self": [
            {
              "href": "https://134.122.14.13:8091/wp-json/wc/v3/products/23041/variations/23046"
            }
          ],
          "collection": [
            {
              "href": "https://134.122.14.13:8091/wp-json/wc/v3/products/23041/variations"
            }
          ],
          "up": [
            {
              "href": "https://134.122.14.13:8091/wp-json/wc/v3/products/23041"
            }
          ]
        }
      },
      {
        "id": 23047,
        "date_created": "2021-01-04T18:45:25",
        "date_created_gmt": "2021-01-04T21:45:25",
        "date_modified": "2021-02-10T16:30:44",
        "date_modified_gmt": "2021-02-10T19:30:44",
        "description": "
<p>REMERA HOMBRE &#8211; Amarillo TALLE 40 Amarillo</p>\n",
        "permalink": "https://134.122.14.13:8091/producto/remera-hombre-amarillo/?attribute_talle=TALLE+40",
        "sku": "00100101@116 2X_40",
        "price": "181.50",
        "regular_price": "515.32",
        "sale_price": "181.50",
        "date_on_sale_from": null,
        "date_on_sale_from_gmt": null,
        "date_on_sale_to": null,
        "date_on_sale_to_gmt": null,
        "on_sale": true,
        "status": "publish",
        "purchasable": true,
        "virtual": false,
        "downloadable": false,
        "downloads": [],
        "download_limit": -1,
        "download_expiry": -1,
        "tax_status": "taxable",
        "tax_class": "",
        "manage_stock": true,
        "stock_quantity": 226019,
        "stock_status": "instock",
        "backorders": "yes",
        "backorders_allowed": true,
        "backordered": false,
        "weight": "2.0",
        "dimensions": {
          "length": "10.0",
          "width": "11.0",
          "height": "12.0"
        },
        "shipping_class": "",
        "shipping_class_id": 0,
        "image": null,
        "attributes": [
          {
            "id": 0,
            "name": "Talle",
            "option": "TALLE 40"
          }
        ],
        "menu_order": 0,
        "meta_data": [],
        "_links": {
          "self": [
            {
              "href": "https://134.122.14.13:8091/wp-json/wc/v3/products/23041/variations/23047"
            }
          ],
          "collection": [
            {
              "href": "https://134.122.14.13:8091/wp-json/wc/v3/products/23041/variations"
            }
          ],
          "up": [
            {
              "href": "https://134.122.14.13:8091/wp-json/wc/v3/products/23041"
            }
          ]
        }
      },
      {
        "id": 23048,
        "date_created": "2021-01-04T18:45:25",
        "date_created_gmt": "2021-01-04T21:45:25",
        "date_modified": "2021-02-10T16:30:44",
        "date_modified_gmt": "2021-02-10T19:30:44",
        "description": "
<p>REMERA HOMBRE &#8211; Amarillo TALLE 2 Amarillo</p>\n",
        "permalink": "https://134.122.14.13:8091/producto/remera-hombre-amarillo/?attribute_talle=TALLE+2",
        "sku": "00100101@116 2X_2",
        "price": "400.00",
        "regular_price": "400.00",
        "sale_price": "",
        "date_on_sale_from": null,
        "date_on_sale_from_gmt": null,
        "date_on_sale_to": null,
        "date_on_sale_to_gmt": null,
        "on_sale": false,
        "status": "publish",
        "purchasable": true,
        "virtual": false,
        "downloadable": false,
        "downloads": [],
        "download_limit": -1,
        "download_expiry": -1,
        "tax_status": "taxable",
        "tax_class": "",
        "manage_stock": true,
        "stock_quantity": null,
        "stock_status": "onbackorder",
        "backorders": "yes",
        "backorders_allowed": true,
        "backordered": true,
        "weight": "2.0",
        "dimensions": {
          "length": "10.0",
          "width": "11.0",
          "height": "12.0"
        },
        "shipping_class": "",
        "shipping_class_id": 0,
        "image": null,
        "attributes": [
          {
            "id": 0,
            "name": "Talle",
            "option": "TALLE 2"
          }
        ],
        "menu_order": 0,
        "meta_data": [],
        "_links": {
          "self": [
            {
              "href": "https://134.122.14.13:8091/wp-json/wc/v3/products/23041/variations/23048"
            }
          ],
          "collection": [
            {
              "href": "https://134.122.14.13:8091/wp-json/wc/v3/products/23041/variations"
            }
          ],
          "up": [
            {
              "href": "https://134.122.14.13:8091/wp-json/wc/v3/products/23041"
            }
          ]
        }
      }
    ]
  }
}