{
  "CAMISAS|JEAN": {
    "id": 1088,
    "idParent": 1086
  },
  "REMERAS": {
    "id": 1080,
    "idParent": 0
  },
  "CAMPERAS|CORDEROY": {
    "id": 1081,
    "idParent": 1079
  },
  "ACCESORIOS|METALICOS": {
    "id": 1083,
    "idParent": 1078
  },
  "PANTALONES|JEAN": {
    "id": 1082,
    "idParent": 1077
  },
  "ACCESORIOS|METALICOS|Marca 2": {
    "id": 1089,
    "idParent": 1083
  },
  "CAMPERAS|JEAN": {
    "id": 1084,
    "idParent": 1079
  },
  "CAMPERAS|CORDEROY|Marca 2": {
    "id": 1090,
    "idParent": 1081
  },
  "CAMISAS": {
    "id": 1086,
    "idParent": 0
  },
  "PANTALONES|CORDEROY": {
    "id": 1085,
    "idParent": 1077
  },
  "CAMPERAS|CORDEROY|Marca 1": {
    "id": 1091,
    "idParent": 1081
  },
  "ACCESORIOS|METALICOS|Marca 1": {
    "id": 1092,
    "idParent": 1083
  },
  "CAMISAS|ALGODON|Marca 1": {
    "id": 1104,
    "idParent": 1099
  },
  "CAMISAS|ALGODON|Marca 2": {
    "id": 1105,
    "idParent": 1099
  },
  "REMERAS|ALGODON|Marca 2": {
    "id": 1106,
    "idParent": 1101
  },
  "REMERAS|ALGODON|Marca 1": {
    "id": 1107,
    "idParent": 1101
  },
  "ACCESORIOS": {
    "id": 1078,
    "idParent": 0
  },
  "PANTALONES": {
    "id": 1077,
    "idParent": 0
  },
  "REMERAS|DRY FIT|Marca 1": {
    "id": 1108,
    "idParent": 1100
  },
  "CAMPERAS|JEAN|Marca 2": {
    "id": 1093,
    "idParent": 1084
  },
  "PANTALONES|JEAN|Marca 2": {
    "id": 1095,
    "idParent": 1082
  },
  "CAMPERAS|JEAN|Marca 1": {
    "id": 1094,
    "idParent": 1084
  },
  "PANTALONES|JEAN|Marca 1": {
    "id": 1096,
    "idParent": 1082
  },
  "ACCESORIOS|CUEROS|Marca 1": {
    "id": 1097,
    "idParent": 1087
  },
  "ACCESORIOS|CUEROS|Marca 2": {
    "id": 1098,
    "idParent": 1087
  },
  "Sin categorizar": {
    "id": 15,
    "idParent": 0
  },
  "ACCESORIOS|CUEROS": {
    "id": 1087,
    "idParent": 1078
  },
  "CAMPERAS": {
    "id": 1079,
    "idParent": 0
  },
  "CAMISAS|ALGODON": {
    "id": 1099,
    "idParent": 1086
  },
  "CAMISAS|JEAN|Marca 2": {
    "id": 1109,
    "idParent": 1088
  },
  "CAMISAS|JEAN|Marca 1": {
    "id": 1110,
    "idParent": 1088
  },
  "REMERAS|DRY FIT": {
    "id": 1100,
    "idParent": 1080
  },
  "REMERAS|ALGODON": {
    "id": 1101,
    "idParent": 1080
  },
  "PANTALONES|CORDEROY|Marca 1": {
    "id": 1102,
    "idParent": 1085
  },
  "PANTALONES|CORDEROY|Marca 2": {
    "id": 1103,
    "idParent": 1085
  }
}