{
	"publica": true,
	"single": {
		"inventory_quantity": "130",
		"regular_price": 2000.0,
		"images": [],
		"weight_unit": "kg",
		"backorders": true,
		"length": "12.0",
		"width": "13.0",
		"weight": "11.0",
		"sku": "00100201",
		"sale_price": 1500.0,
		"height": "14.0"
	},
	"atributes": {
		"talles": [],
		"tipo": "",
		"material": "ALGODON",
		"categoria": "",
		"grupo": "",
		"colores": [],
		"familia": "Remeras",
		"linea": ""
	},
	"short_description": "Camisa Verde FIN",
	"product_type": "simple",
	"description": "Camisa Verde FIN",
	"id": "0",
	"long_description": "PRUEBA DE NO PALETAS",
	"variants": [],
	"tags": [ 
	]
}