{
  "product": {
    "upsell_ids": [],
    "featured": false,
    "purchasable": true,
    "grouped_products": [],
    "_links": {
      "self": [
        {
          "href": "https://134.122.14.13:8091/wp-json/wc/v3/products/23055"
        }
      ],
      "collection": [
        {
          "href": "https://134.122.14.13:8091/wp-json/wc/v3/products"
        }
      ]
    },
    "tax_status": "taxable",
    "catalog_visibility": "visible",
    "type": "variable",
    "external_url": "",
    "price": "181.50",
    "meta_data": [
      {
        "id": 530515,
        "key": "sku",
        "value": "00100101"
      }
    ],
    "id": 23055,
    "sku": "00100101",
    "slug": "remera-hombre",
    "date_on_sale_from": null,
    "shipping_required": true,
    "date_modified_gmt": "2021-02-10T19:27:30",
    "images": [],
    "stock_status": "instock",
    "price_html": "
<del>
  <span class=\"woocommerce-Price-amount amount\">
    <span class=\"woocommerce-Price-currencySymbol\">&#36;</span>515.32
  </span>
</del>
<ins>
  <span class=\"woocommerce-Price-amount amount\">
    <span class=\"woocommerce-Price-currencySymbol\">&#36;</span>181.50
  </span>
</ins>",
    "download_expiry": -1,
    "backordered": false,
    "weight": "",
    "rating_count": 0,
    "tags": [],
    "date_on_sale_to": null,
    "sold_individually": false,
    "backorders": "no",
    "shipping_taxable": true,
    "parent_id": 0,
    "download_limit": -1,
    "name": "REMERA HOMBRE",
    "shipping_class": "",
    "button_text": "",
    "permalink": "https://134.122.14.13:8091/producto/remera-hombre/",
    "status": "publish",
    "cross_sell_ids": [],
    "short_description": "Remera Hombre",
    "virtual": false,
    "downloadable": false,
    "menu_order": 0,
    "description": "Demo",
    "date_on_sale_to_gmt": null,
    "date_on_sale_from_gmt": null,
    "regular_price": "",
    "backorders_allowed": false,
    "downloads": [],
    "reviews_allowed": true,
    "variations": [
      23056
    ],
    "categories": [
      {
        "id": 15,
        "name": "Sin categorizar",
        "slug": "sin-categorizar"
      }
    ],
    "total_sales": 0,
    "on_sale": true,
    "manage_stock": false,
    "default_attributes": [],
    "purchase_note": "",
    "date_created": "2021-01-04T18:45:29",
    "tax_class": "",
    "date_created_gmt": "2021-01-04T21:45:29",
    "average_rating": "0",
    "stock_quantity": null,
    "sale_price": "",
    "shipping_class_id": 0,
    "date_modified": "2021-02-10T16:27:30",
    "related_ids": [
      16864,
      16857,
      16874,
      16876,
      16868
    ],
    "attributes": [
      {
        "id": 0,
        "name": "Talle",
        "position": 0,
        "visible": true,
        "variation": true,
        "options": [
          "TALLE 1",
          "TALLE 10",
          "TALLE 22",
          "TALLE 38",
          "TALLE 4",
          "TALLE 40",
          "TALLE 2"
        ]
      },
      {
        "id": 0,
        "name": "Color",
        "position": 0,
        "visible": true,
        "variation": true,
        "options": [
          "Amarillo",
          "Rojo salm?n",
          "Amarillo zinc",
          "Amarillo oro"
        ]
      }
    ],
    "dimensions": {
      "length": "",
      "width": "",
      "height": ""
    }
  },
  "variants": {
    "update": [
      {
        "id": 23056,
        "date_created": "2021-01-04T18:45:30",
        "date_created_gmt": "2021-01-04T21:45:30",
        "date_modified": "2021-02-10T16:27:37",
        "date_modified_gmt": "2021-02-10T19:27:37",
        "description": "
<p>REMERA HOMBRE TALLE 10 Amarillo zinc</p>\n",
        "permalink": "https://134.122.14.13:8091/producto/remera-hombre/?attribute_talle=TALLE+10&attribute_color=Amarillo+zinc",
        "sku": "00100101_123_10",
        "price": "181.50",
        "regular_price": "515.32",
        "sale_price": "181.50",
        "date_on_sale_from": null,
        "date_on_sale_from_gmt": null,
        "date_on_sale_to": null,
        "date_on_sale_to_gmt": null,
        "on_sale": true,
        "status": "publish",
        "purchasable": true,
        "virtual": false,
        "downloadable": false,
        "downloads": [],
        "download_limit": -1,
        "download_expiry": -1,
        "tax_status": "taxable",
        "tax_class": "",
        "manage_stock": true,
        "stock_quantity": 22222,
        "stock_status": "instock",
        "backorders": "yes",
        "backorders_allowed": true,
        "backordered": false,
        "weight": "2.0",
        "dimensions": {
          "length": "10.0",
          "width": "11.0",
          "height": "12.0"
        },
        "shipping_class": "",
        "shipping_class_id": 0,
        "image": null,
        "attributes": [
          {
            "id": 0,
            "name": "Talle",
            "option": "TALLE 10"
          },
          {
            "id": 0,
            "name": "Color",
            "option": "Amarillo zinc"
          }
        ],
        "menu_order": 0,
        "meta_data": [],
        "_links": {
          "self": [
            {
              "href": "https://134.122.14.13:8091/wp-json/wc/v3/products/23055/variations/23056"
            }
          ],
          "collection": [
            {
              "href": "https://134.122.14.13:8091/wp-json/wc/v3/products/23055/variations"
            }
          ],
          "up": [
            {
              "href": "https://134.122.14.13:8091/wp-json/wc/v3/products/23055"
            }
          ]
        }
      }
    ]
  }
}