{
	"publica": true,
	"single": {
		"inventory_quantity": "",
		"regular_price": "",
		"images": [],
		"weight_unit": "kg",
		"backorders": true,
		"length": "10.0",
		"width": "11.0",
		"weight": "2.0",
		"sku": "00100101@116 2X",
		"sale_price": "",
		"height": "12.0"
	},
	"atributes": {
		"talles": [
			"TALLE 1",
			"TALLE 10",
			"TALLE 22",
			"TALLE 38",
			"TALLE 4",
			"TALLE 40",
			"TALLE 2"
		],
		"tipo": "",
		"material": "ALGODON",
		"categoria": "",
		"grupo": "",
		"familia": "Remeras",
		"linea": ""
	},
	"short_description": "Remera Hombre",
	"product_type": "variable",
	"description": "REMERA HOMBRE - Amarillo",
	"id": "0",
	"long_description": "Demo",
	"variants": [
		{
			"inventory_quantity": "49",
			"talle": "TALLE 1",
			"length": "10.0",
			"weight": "2.0",
			"sale_price": 401.0,
			"regular_price": 515.32,
			"image_name": "",
			"weight_unit": "kg",
			"backorders": true,
			"width": "11.0",
			"sku": "00100101@116 2X_1",
			"barcode": "",
			"height": "12.0"
		},
		{
			"inventory_quantity": "8",
			"color": "Amarillo",
			"colorID": "116 2X",
			"talle": "TALLE 10",
			"length": "10.0",
			"weight": "2.0",
			"sale_price": 181.5,
			"regular_price": 515.32,
			"image_name": "",
			"weight_unit": "kg",
			"backorders": true,
			"width": "11.0",
			"sku": "00100101@116 2X_10",
			"barcode": "",
			"height": "12.0"
		},
		{
			"inventory_quantity": "8",
			"color": "Amarillo",
			"colorID": "116 2X",
			"talle": "TALLE 22",
			"length": "10.0",
			"weight": "2.0",
			"sale_price": 181.5,
			"regular_price": 515.32,
			"image_name": "",
			"weight_unit": "kg",
			"backorders": true,
			"width": "11.0",
			"sku": "00100101@116 2X_22",
			"barcode": "",
			"height": "12.0"
		},
		{
			"inventory_quantity": "59",
			"color": "Amarillo",
			"colorID": "116 2X",
			"talle": "TALLE 38",
			"length": "10.0",
			"weight": "2.0",
			"sale_price": 181.5,
			"regular_price": 515.32,
			"image_name": "",
			"weight_unit": "kg",
			"backorders": true,
			"width": "11.0",
			"sku": "00100101@116 2X_38",
			"barcode": "",
			"height": "12.0"
		},
		{
			"inventory_quantity": "3",
			"color": "Amarillo",
			"colorID": "116 2X",
			"talle": "TALLE 4",
			"length": "10.0",
			"weight": "2.0",
			"sale_price": 181.5,
			"regular_price": 515.32,
			"image_name": "",
			"weight_unit": "kg",
			"backorders": true,
			"width": "11.0",
			"sku": "00100101@116 2X_4",
			"barcode": "",
			"height": "12.0"
		},
		{
			"inventory_quantity": "226019",
			"color": "Amarillo",
			"colorID": "116 2X",
			"talle": "TALLE 40",
			"length": "10.0",
			"weight": "2.0",
			"sale_price": 181.5,
			"regular_price": 515.32,
			"image_name": "",
			"weight_unit": "kg",
			"backorders": true,
			"width": "11.0",
			"sku": "00100101@116 2X_40",
			"barcode": "",
			"height": "12.0"
		},
		{
			"inventory_quantity": "0",
			"color": "Amarillo",
			"colorID": "116 2X",
			"talle": "TALLE 2",
			"length": "10.0",
			"weight": "2.0",
			"sale_price": 400.0,
			"regular_price": 400.0,
			"image_name": "",
			"weight_unit": "kg",
			"backorders": true,
			"width": "11.0",
			"sku": "00100101@116 2X_2",
			"barcode": "",
			"height": "12.0"
		}
	],
	"tags": [ 
	]
}