{
	"product_type": "simple",
	"id": "0",
	"description": "DEMO REMERA MUJER 11",
	"short_description": "<p>Descripcion corta del producto F</p>\n",
	"long_description": "<p>Descripcion larga del producto F</p>\n",
	"publica": true,
	"single": {
		"regular_price": "200",
		"sale_price": "190",
		"inventory_quantity": "11",
		"sku": "00100102",
		"weight": "2.0",
		"weight_unit": "kg",
		"length": "10",
		"width": "11",
		"height": "12",
		"images": [
			{
				"image_name": "00100101",
				"position": 1
			}
		]
	},
	"variants": [] 	,
	"atributes": {
		"familia": "REMERAS",
		"material": "ALGODON",
		"linea": "MARCA 1",
		"categoria": "Prenda MUJER",
		"tipo": "Casual",
		"talles": null,
		"colores": null
	},
	"categories": [28],
	"tags": [26,27] 
}
 