{
  "note": {
    "note": "Demo",
    "_links": {
      "self": [
        {
          "href": "https://134.122.14.13:8091/wp-json/wc/v3/orders/12422/notes/267"
        }
      ],
      "collection": [
        {
          "href": "https://134.122.14.13:8091/wp-json/wc/v3/orders/12422/notes"
        }
      ],
      "up": [
        {
          "href": "https://134.122.14.13:8091/wp-json/wc/v3/orders/12422"
        }
      ]
    },
    "author": "WooCommerce",
    "date_created": "2020-10-09T20:50:43",
    "date_created_gmt": "2020-10-09T23:50:43",
    "id": 267,
    "customer_note": false
  },
  "order": {
    "discount_total": "0.00",
    "order_key": "wc_order_pgXI8aQJ47Vbi",
    "prices_include_tax": false,
    "_links": {
      "self": [
        {
          "href": "https://134.122.14.13:8091/wp-json/wc/v3/orders/12422"
        }
      ],
      "collection": [
        {
          "href": "https://134.122.14.13:8091/wp-json/wc/v3/orders"
        }
      ],
      "customer": [
        {
          "href": "https://134.122.14.13:8091/wp-json/wc/v3/customers/1"
        }
      ]
    },
    "customer_note": "",
    "line_items": [
      {
        "id": 127,
        "name": "ATUN 7",
        "product_id": 12298,
        "variation_id": 0,
        "quantity": 4,
        "tax_class": "",
        "subtotal": "720.00",
        "subtotal_tax": "0.00",
        "total": "720.00",
        "total_tax": "0.00",
        "taxes": [],
        "meta_data": [
          {
            "id": 992,
            "key": "_reduced_stock",
            "value": "5"
          }
        ],
        "sku": "00100201",
        "price": 180
      },
      {
        "id": 128,
        "name": "HARINA",
        "product_id": 12312,
        "variation_id": 0,
        "quantity": 2,
        "tax_class": "",
        "subtotal": "180.00",
        "subtotal_tax": "0.00",
        "total": "180.00",
        "total_tax": "0.00",
        "taxes": [],
        "meta_data": [
          {
            "id": 993,
            "key": "_reduced_stock",
            "value": "4"
          }
        ],
        "sku": "00100201-1",
        "price": 90
      }
    ],
    "coupon_lines": [],
    "billing": {
      "first_name": "Francisco",
      "last_name": "Godino",
      "company": "22223636",
      "address_1": "Tigre",
      "address_2": "",
      "city": "Tigre",
      "state": "B",
      "postcode": "1648",
      "country": "AR",
      "email": "javier.godino@acqua.net.ar",
      "phone": "1145316346"
    },
    "refunds": [],
    "number": "12422",
    "total": "910.00",
    "shipping": {
      "first_name": "Francisco",
      "last_name": "Godino",
      "company": "22223636",
      "address_1": "Tigre",
      "address_2": "",
      "city": "Tigre",
      "state": "B",
      "postcode": "1648",
      "country": "AR"
    },
    "date_paid_gmt": null,
    "tax_lines": [],
    "date_paid": null,
    "customer_user_agent": "Mozilla/5.0 (Windows NT 10.0; Win64; x64) AppleWebKit/537.36 (KHTML, like Gecko) Chrome/85.0.4183.121 Safari/537.36",
    "payment_method_title": "Cash on delivery",
    "meta_data": [
      {
        "id": 299056,
        "key": "is_vat_exempt",
        "value": "no"
      }
    ],
    "date_completed": null,
    "currency": "ARS",
    "id": 12422,
    "date_completed_gmt": null,
    "payment_method": "cod",
    "shipping_tax": "0.00",
    "transaction_id": "",
    "date_modified_gmt": "2020-10-09T21:30:14",
    "cart_hash": "7a94f620a4ff5e30f19f9ddfb25c45b1",
    "shipping_total": "10.00",
    "cart_tax": "0.00",
    "currency_symbol": "$",
    "created_via": "checkout",
    "date_created": "2020-10-09T18:30:14",
    "date_created_gmt": "2020-10-09T21:30:14",
    "discount_tax": "0.00",
    "total_tax": "0.00",
    "version": "3.8.1",
    "customer_ip_address": "181.174.201.2",
    "shipping_lines": [
      {
        "id": 129,
        "method_title": "Precio fijo",
        "method_id": "flat_rate",
        "instance_id": "1",
        "total": "10.00",
        "total_tax": "0.00",
        "taxes": [],
        "meta_data": [
          {
            "id": 991,
            "key": "Items",
            "value": "ATUN 7 &times; 5, HARINA &times; 4"
          }
        ]
      }
    ],
    "date_modified": "2020-10-09T18:30:14",
    "parent_id": 0,
    "fee_lines": [],
    "customer_id": 1,
    "status": "processing"
  }
}