[
  {
    "order_status": "processing",
    "order_remito_codigo": "",
    "order_number": "12366",
    "id": 12366
  },
  {
    "order_status": "processing",
    "order_remito_codigo": "",
    "order_number": "12399",
    "id": 12399
  },
  {
    "order_status": "processing",
    "order_remito_codigo": "",
    "order_number": "12350",
    "id": 12350
  },
  {
    "order_status": "processing",
    "order_remito_codigo": "",
    "order_number": "12383",
    "id": 12383
  },
  {
    "order_status": "processing",
    "order_remito_codigo": "",
    "order_number": "12428",
    "id": 12428
  },
  {
    "order_status": "processing",
    "order_remito_codigo": "",
    "order_number": "12369",
    "id": 12369
  },
  {
    "order_status": "processing",
    "order_remito_codigo": "",
    "order_number": "12413",
    "id": 12413
  },
  {
    "order_status": "processing",
    "order_remito_codigo": "",
    "order_number": "12347",
    "id": 12347
  },
  {
    "order_status": "processing",
    "order_remito_codigo": "",
    "order_number": "12379",
    "id": 12379
  },
  {
    "order_status": "processing",
    "order_remito_codigo": "",
    "order_number": "12376",
    "id": 12376
  },
  {
    "order_status": "processing",
    "order_remito_codigo": "",
    "order_number": "12407",
    "id": 12407
  },
  {
    "order_status": "processing",
    "order_remito_codigo": "",
    "order_number": "12396",
    "id": 12396
  },
  {
    "order_status": "processing",
    "order_remito_codigo": "",
    "order_number": "12393",
    "id": 12393
  },
  {
    "order_status": "processing",
    "order_remito_codigo": "",
    "order_number": "12362",
    "id": 12362
  },
  {
    "order_status": "processing",
    "order_remito_codigo": "",
    "order_number": "12373",
    "id": 12373
  },
  {
    "order_status": "processing",
    "order_remito_codigo": "",
    "order_number": "12417",
    "id": 12417
  },
  {
    "order_status": "on-hold",
    "order_remito_codigo": "1AA34227415AE2146871BE7613072288259581",
    "order_number": "12422",
    "id": 12422
  },
  {
    "order_status": "processing",
    "order_remito_codigo": "",
    "order_number": "12403",
    "id": 12403
  },
  {
    "order_status": "processing",
    "order_remito_codigo": "",
    "order_number": "12433",
    "id": 12433
  },
  {
    "order_status": "on-hold",
    "order_remito_codigo": "1AA73BF5D18869143EC1BF8A10392120933981",
    "order_number": "12448",
    "id": 12448
  },
  {
    "order_status": "processing",
    "order_remito_codigo": "",
    "order_number": "12357",
    "id": 12357
  },
  {
    "order_status": "processing",
    "order_remito_codigo": "",
    "order_number": "12410",
    "id": 12410
  },
  {
    "order_status": "processing",
    "order_remito_codigo": "",
    "order_number": "12443",
    "id": 12443
  },
  {
    "order_status": "processing",
    "order_remito_codigo": "",
    "order_number": "12389",
    "id": 12389
  },
  {
    "order_status": "on-hold",
    "order_remito_codigo": "1FFD67D761FD3F14FDF1AF8010663598260241",
    "order_number": "12478",
    "id": 12478
  },
  {
    "order_status": "processing",
    "order_remito_codigo": "",
    "order_number": "12353",
    "id": 12353
  },
  {
    "order_status": "processing",
    "order_remito_codigo": "",
    "order_number": "12386",
    "id": 12386
  }
]