{
  "product": {
    "upsell_ids": [],
    "featured": false,
    "purchasable": true,
    "grouped_products": [],
    "_links": {
      "self": [
        {
          "href": "https://134.122.14.13:8091/wp-json/wc/v3/products/31258"
        }
      ],
      "collection": [
        {
          "href": "https://134.122.14.13:8091/wp-json/wc/v3/products"
        }
      ]
    },
    "tax_status": "taxable",
    "catalog_visibility": "visible",
    "type": "simple",
    "external_url": "",
    "price": "1500.00",
    "meta_data": [
      {
        "id": 738703,
        "key": "sku",
        "value": "00100201"
      }
    ],
    "id": 31258,
    "sku": "00100201",
    "slug": "camisa-verde-fin",
    "date_on_sale_from": null,
    "shipping_required": true,
    "date_modified_gmt": "2021-02-10T19:22:35",
    "images": [],
    "stock_status": "instock",
    "price_html": "
<del>
  <span class=\"woocommerce-Price-amount amount\">
    <span class=\"woocommerce-Price-currencySymbol\">&#36;</span>2,000.00
  </span>
</del>
<ins>
  <span class=\"woocommerce-Price-amount amount\">
    <span class=\"woocommerce-Price-currencySymbol\">&#36;</span>1,500.00
  </span>
</ins>",
    "download_expiry": -1,
    "backordered": false,
    "weight": "11.0",
    "rating_count": 0,
    "tags": [],
    "date_on_sale_to": null,
    "sold_individually": false,
    "backorders": "yes",
    "shipping_taxable": true,
    "parent_id": 0,
    "download_limit": -1,
    "name": "Camisa Verde FIN",
    "shipping_class": "",
    "button_text": "",
    "permalink": "https://134.122.14.13:8091/producto/camisa-verde-fin/",
    "status": "publish",
    "cross_sell_ids": [],
    "short_description": "Camisa Verde FIN",
    "virtual": false,
    "downloadable": false,
    "menu_order": 0,
    "description": "PRUEBA DE NO PALETAS",
    "date_on_sale_to_gmt": null,
    "date_on_sale_from_gmt": null,
    "regular_price": "2000.00",
    "backorders_allowed": true,
    "downloads": [],
    "reviews_allowed": true,
    "variations": [],
    "categories": [
      {
        "id": 15,
        "name": "Sin categorizar",
        "slug": "sin-categorizar"
      }
    ],
    "total_sales": 0,
    "on_sale": true,
    "manage_stock": true,
    "default_attributes": [],
    "purchase_note": "",
    "date_created": "2021-02-10T15:54:20",
    "tax_class": "",
    "date_created_gmt": "2021-02-10T18:54:20",
    "average_rating": "0",
    "stock_quantity": 130,
    "sale_price": "1500.00",
    "shipping_class_id": 0,
    "date_modified": "2021-02-10T16:22:35",
    "related_ids": [
      16877,
      16855,
      16876,
      16856,
      16858
    ],
    "attributes": [],
    "dimensions": {
      "length": "12.0",
      "width": "13.0",
      "height": "14.0"
    }
  },
  "variants": {}
}