{
  "variant": {
    "purchasable": true,
    "virtual": false,
    "downloadable": false,
    "menu_order": 0,
    "_links": {
      "self": [
        {
          "href": "https://134.122.14.13:8091/wp-json/wc/v3/products/23055/variations/23055"
        }
      ],
      "collection": [
        {
          "href": "https://134.122.14.13:8091/wp-json/wc/v3/products/23055/variations"
        }
      ],
      "up": [
        {
          "href": "https://134.122.14.13:8091/wp-json/wc/v3/products/23055"
        }
      ]
    },
    "tax_status": "taxable",
    "description": "
<p>Demo</p>\n",
    "date_on_sale_to_gmt": null,
    "date_on_sale_from_gmt": null,
    "regular_price": "",
    "backorders_allowed": false,
    "downloads": [],
    "price": "181.50",
    "meta_data": [
      {
        "id": 530515,
        "key": "sku",
        "value": "00100101"
      }
    ],
    "id": 23055,
    "sku": "00100101",
    "date_on_sale_from": null,
    "on_sale": true,
    "date_modified_gmt": "2021-02-10T20:33:14",
    "manage_stock": false,
    "image": null,
    "stock_status": "instock",
    "date_created": "2021-01-04T18:45:29",
    "tax_class": "",
    "download_expiry": -1,
    "backordered": false,
    "weight": "",
    "date_created_gmt": "2021-01-04T21:45:29",
    "stock_quantity": null,
    "sale_price": "",
    "shipping_class_id": 0,
    "date_on_sale_to": null,
    "date_modified": "2021-02-10T17:33:14",
    "backorders": "no",
    "download_limit": -1,
    "shipping_class": "",
    "attributes": [
      {
        "id": 0,
        "name": "Talle",
        "position": 0,
        "visible": true,
        "variation": true,
        "options": [
          "TALLE 1",
          "TALLE 10",
          "TALLE 22",
          "TALLE 38",
          "TALLE 4",
          "TALLE 40",
          "TALLE 2"
        ]
      },
      {
        "id": 0,
        "name": "Color",
        "position": 0,
        "visible": true,
        "variation": true,
        "options": [
          "Amarillo",
          "Rojo salm?n",
          "Amarillo zinc",
          "Amarillo oro"
        ]
      }
    ],
    "permalink": "https://134.122.14.13:8091/producto/remera-hombre/",
    "status": "publish",
    "dimensions": {
      "length": "",
      "width": "",
      "height": ""
    }
  }
}