{
	"publica": true,
	"single": {
		"inventory_quantity": "",
		"regular_price": "",
		"images": [],
		"weight_unit": "kg",
		"backorders": true,
		"length": "10.0",
		"width": "11.0",
		"weight": "2.0",
		"sku": "00100101",
		"sale_price": "",
		"height": "12.0"
	},
	"atributes": {
		"talles": [
			"TALLE 1",
			"TALLE 10",
			"TALLE 22",
			"TALLE 38",
			"TALLE 4",
			"TALLE 40",
			"TALLE 2"
		],
		"tipo": "",
		"material": "ALGODON",
		"categoria": "",
		"grupo": "",
		"colores": [
			"Amarillo",
			"Rojo salmón",
			"Amarillo zinc",
			"Amarillo oro"
		],
		"familia": "Remeras",
		"linea": ""
	},
	"short_description": "Remera Hombre",
	"product_type": "variable",
	"description": "REMERA HOMBRE",
	"id": "0",
	"long_description": "Demo",
	"variants": [
		{
			"inventory_quantity": "22222",
			"color": "Amarillo zinc",
			"colorID": "123",
			"talle": "TALLE 10",
			"length": "10.0",
			"weight": "2.0",
			"sale_price": 181.5,
			"regular_price": 515.32,
			"image_name": "",
			"weight_unit": "kg",
			"backorders": true,
			"width": "11.0",
			"sku": "00100101_123_10",
			"barcode": "",
			"height": "12.0"
		}
	],
	"tags": [ 
	]
}