{
  "wooEcommerce": {
    "body": {
      "inactive_plugins": [
        {
          "plugin": "akismet/akismet.php",
          "name": "Akismet Anti-Spam",
          "version": "4.1.3",
          "version_latest": "4.1.8",
          "url": "https://akismet.com/",
          "author_name": "Automattic",
          "author_url": "https://automattic.com/wordpress-plugins/",
          "network_activated": false
        },
        {
          "plugin": "easy-media-download/main.php",
          "name": "Easy Media Download",
          "version": "1.1.5",
          "version_latest": "1.1.5",
          "url": "https://noorsplugin.com/easy-media-download-plugin-for-wordpress/",
          "author_name": "naa986",
          "author_url": "https://noorsplugin.com/",
          "network_activated": false
        },
        {
          "plugin": "facebook-for-woocommerce/facebook-for-woocommerce.php",
          "name": "Facebook for WooCommerce",
          "version": "1.9.15",
          "version_latest": "2.2.0",
          "url": "https://github.com/facebookincubator/facebook-for-woocommerce/",
          "author_name": "Facebook",
          "author_url": "https://www.facebook.com/",
          "network_activated": false
        },
        {
          "plugin": "hello.php",
          "name": "Hello Dolly",
          "version": "1.7.2",
          "version_latest": "1.7.2",
          "url": "http://wordpress.org/plugins/hello-dolly/",
          "author_name": "Matt Mullenweg",
          "author_url": "http://ma.tt/",
          "network_activated": false
        },
        {
          "plugin": "updraftplus/updraftplus.php",
          "name": "UpdraftPlus - Backup/Restore",
          "version": "1.16.21",
          "version_latest": "1.16.47",
          "url": "https://updraftplus.com",
          "author_name": "UpdraftPlus.Com, DavidAnderson",
          "author_url": "https://updraftplus.com",
          "network_activated": false
        }
      ],
      "settings": {
        "api_enabled": true,
        "force_ssl": false,
        "currency": "ARS",
        "currency_symbol": "&#36;",
        "currency_position": "left",
        "thousand_separator": ",",
        "decimal_separator": ".",
        "number_of_decimals": 2,
        "geolocation_enabled": true,
        "taxonomies": {
          "external": "external",
          "grouped": "grouped",
          "simple": "simple",
          "variable": "variable"
        },
        "product_visibility_terms": {
          "exclude-from-catalog": "exclude-from-catalog",
          "exclude-from-search": "exclude-from-search",
          "featured": "featured",
          "outofstock": "outofstock",
          "rated-1": "rated-1",
          "rated-2": "rated-2",
          "rated-3": "rated-3",
          "rated-4": "rated-4",
          "rated-5": "rated-5"
        },
        "woocommerce_com_connected": "no"
      },
      "environment": {
        "home_url": "https://134.122.14.13:8091",
        "site_url": "https://134.122.14.13:8091",
        "version": "3.8.1",
        "log_directory": "/var/www/html/wp-content/uploads/wc-logs/",
        "log_directory_writable": true,
        "wp_version": "5.3.1",
        "wp_multisite": false,
        "wp_memory_limit": 134217728,
        "wp_debug_mode": false,
        "wp_cron": true,
        "language": "en_US",
        "external_object_cache": null,
        "server_info": "Apache/2.4.38 (Debian)",
        "php_version": "7.4.5",
        "php_post_max_size": 8388608,
        "php_max_execution_time": 30,
        "php_max_input_vars": 1000,
        "curl_version": "7.64.0, OpenSSL/1.1.1d",
        "suhosin_installed": false,
        "max_upload_size": 2097152,
        "mysql_version": "8.0.19",
        "mysql_version_string": "8.0.19",
        "default_timezone": "UTC",
        "fsockopen_or_curl_enabled": true,
        "soapclient_enabled": false,
        "domdocument_enabled": true,
        "gzip_enabled": true,
        "mbstring_enabled": true,
        "remote_post_successful": true,
        "remote_post_response": "200",
        "remote_get_successful": true,
        "remote_get_response": "200"
      },
      "database": {
        "wc_database_version": "3.8.1",
        "database_prefix": "wp_",
        "maxmind_geoip_database": "/var/www/html/wp-content/uploads/GeoLite2-Country.mmdb",
        "database_tables": {
          "woocommerce": {
            "wp_woocommerce_sessions": {
              "data": "0.02",
              "index": "0.02",
              "engine": "InnoDB"
            },
            "wp_woocommerce_api_keys": {
              "data": "0.02",
              "index": "0.03",
              "engine": "InnoDB"
            },
            "wp_woocommerce_attribute_taxonomies": {
              "data": "0.02",
              "index": "0.02",
              "engine": "InnoDB"
            },
            "wp_woocommerce_downloadable_product_permissions": {
              "data": "0.02",
              "index": "0.06",
              "engine": "InnoDB"
            },
            "wp_woocommerce_order_items": {
              "data": "0.02",
              "index": "0.02",
              "engine": "InnoDB"
            },
            "wp_woocommerce_order_itemmeta": {
              "data": "0.13",
              "index": "0.16",
              "engine": "InnoDB"
            },
            "wp_woocommerce_tax_rates": {
              "data": "0.02",
              "index": "0.06",
              "engine": "InnoDB"
            },
            "wp_woocommerce_tax_rate_locations": {
              "data": "0.02",
              "index": "0.03",
              "engine": "InnoDB"
            },
            "wp_woocommerce_shipping_zones": {
              "data": "0.02",
              "index": "0.00",
              "engine": "InnoDB"
            },
            "wp_woocommerce_shipping_zone_locations": {
              "data": "0.02",
              "index": "0.03",
              "engine": "InnoDB"
            },
            "wp_woocommerce_shipping_zone_methods": {
              "data": "0.02",
              "index": "0.00",
              "engine": "InnoDB"
            },
            "wp_woocommerce_payment_tokens": {
              "data": "0.02",
              "index": "0.02",
              "engine": "InnoDB"
            },
            "wp_woocommerce_payment_tokenmeta": {
              "data": "0.02",
              "index": "0.03",
              "engine": "InnoDB"
            },
            "wp_woocommerce_log": {
              "data": "0.02",
              "index": "0.02",
              "engine": "InnoDB"
            }
          },
          "other": {
            "wp_commentmeta": {
              "data": "0.02",
              "index": "0.03",
              "engine": "InnoDB"
            },
            "wp_comments": {
              "data": "0.09",
              "index": "0.09",
              "engine": "InnoDB"
            },
            "wp_links": {
              "data": "0.02",
              "index": "0.02",
              "engine": "InnoDB"
            },
            "wp_mclean_refs": {
              "data": "0.08",
              "index": "0.00",
              "engine": "InnoDB"
            },
            "wp_mclean_scan": {
              "data": "0.02",
              "index": "0.02",
              "engine": "InnoDB"
            },
            "wp_options": {
              "data": "7.03",
              "index": "1.55",
              "engine": "InnoDB"
            },
            "wp_postmeta": {
              "data": "24.09",
              "index": "22.08",
              "engine": "InnoDB"
            },
            "wp_posts": {
              "data": "5.03",
              "index": "3.72",
              "engine": "InnoDB"
            },
            "wp_term_relationships": {
              "data": "0.45",
              "index": "0.27",
              "engine": "InnoDB"
            },
            "wp_term_taxonomy": {
              "data": "0.02",
              "index": "0.03",
              "engine": "InnoDB"
            },
            "wp_termmeta": {
              "data": "0.02",
              "index": "0.03",
              "engine": "InnoDB"
            },
            "wp_terms": {
              "data": "0.02",
              "index": "0.03",
              "engine": "InnoDB"
            },
            "wp_usermeta": {
              "data": "0.02",
              "index": "0.03",
              "engine": "InnoDB"
            },
            "wp_users": {
              "data": "0.02",
              "index": "0.05",
              "engine": "InnoDB"
            },
            "wp_wc_admin_note_actions": {
              "data": "0.02",
              "index": "0.02",
              "engine": "InnoDB"
            },
            "wp_wc_admin_notes": {
              "data": "0.02",
              "index": "0.00",
              "engine": "InnoDB"
            },
            "wp_wc_category_lookup": {
              "data": "0.02",
              "index": "0.00",
              "engine": "InnoDB"
            },
            "wp_wc_customer_lookup": {
              "data": "0.02",
              "index": "0.03",
              "engine": "InnoDB"
            },
            "wp_wc_download_log": {
              "data": "0.02",
              "index": "0.03",
              "engine": "InnoDB"
            },
            "wp_wc_order_coupon_lookup": {
              "data": "0.02",
              "index": "0.03",
              "engine": "InnoDB"
            },
            "wp_wc_order_product_lookup": {
              "data": "0.02",
              "index": "0.06",
              "engine": "InnoDB"
            },
            "wp_wc_order_stats": {
              "data": "0.02",
              "index": "0.05",
              "engine": "InnoDB"
            },
            "wp_wc_order_tax_lookup": {
              "data": "0.02",
              "index": "0.03",
              "engine": "InnoDB"
            },
            "wp_wc_product_meta_lookup": {
              "data": "2.16",
              "index": "3.13",
              "engine": "InnoDB"
            },
            "wp_wc_tax_rate_classes": {
              "data": "0.02",
              "index": "0.02",
              "engine": "InnoDB"
            },
            "wp_wc_webhooks": {
              "data": "0.02",
              "index": "0.02",
              "engine": "InnoDB"
            },
            "wp_wpfm_backup": {
              "data": "0.02",
              "index": "0.00",
              "engine": "InnoDB"
            },
            "wp_wpmelon_advbedit_temp": {
              "data": "0.02",
              "index": "0.00",
              "engine": "InnoDB"
            }
          }
        },
        "database_size": {
          "data": 39.74000000000011,
          "index": 31.870000000000005
        }
      },
      "security": {
        "secure_connection": true,
        "hide_errors": true
      },
      "pages": [
        {
          "page_name": "Shop base",
          "page_id": "6",
          "page_set": true,
          "page_exists": true,
          "page_visible": true,
          "shortcode": "",
          "shortcode_required": false,
          "shortcode_present": false
        },
        {
          "page_name": "Cart",
          "page_id": "7",
          "page_set": true,
          "page_exists": true,
          "page_visible": true,
          "shortcode": "[woocommerce_cart]",
          "shortcode_required": true,
          "shortcode_present": true
        },
        {
          "page_name": "Checkout",
          "page_id": "8",
          "page_set": true,
          "page_exists": true,
          "page_visible": true,
          "shortcode": "[woocommerce_checkout]",
          "shortcode_required": true,
          "shortcode_present": true
        },
        {
          "page_name": "My account",
          "page_id": "9",
          "page_set": true,
          "page_exists": true,
          "page_visible": true,
          "shortcode": "[woocommerce_my_account]",
          "shortcode_required": true,
          "shortcode_present": true
        },
        {
          "page_name": "Terms and conditions",
          "page_id": "",
          "page_set": false,
          "page_exists": false,
          "page_visible": false,
          "shortcode": "",
          "shortcode_required": false,
          "shortcode_present": false
        }
      ],
      "active_plugins": [
        {
          "plugin": "export-media-library/index.php",
          "name": "Export Media Library",
          "version": "3.0.1",
          "version_latest": "3.0.1",
          "url": "https://github.com/massedge/wordpress-plugin-export-media-library",
          "author_name": "Mass Edge Inc.",
          "author_url": "https://www.massedge.com/",
          "network_activated": false
        },
        {
          "plugin": "media-cleaner/media-cleaner.php",
          "name": "Media Cleaner",
          "version": "6.1.2",
          "version_latest": "6.1.3",
          "url": "https://meowapps.com",
          "author_name": "Jordy Meow",
          "author_url": "https://meowapps.com",
          "network_activated": false
        },
        {
          "plugin": "woocommerce-admin/woocommerce-admin.php",
          "name": "WooCommerce Admin",
          "version": "1.1.0",
          "version_latest": "1.9.0",
          "url": "https://github.com/woocommerce/woocommerce-admin",
          "author_name": "WooCommerce",
          "author_url": "https://woocommerce.com/",
          "network_activated": false
        },
        {
          "plugin": "woocommerce-advanced-bulk-edit/woocommerce-advanced-bulk-edit.php",
          "name": "WooCommerce Advanced Bulk Edit",
          "version": "4.6.2.3",
          "version_latest": "4.6.2.3",
          "url": "https://wpmelon.com",
          "author_name": "George Iron",
          "author_url": "https://codecanyon.net/user/georgeiron/portfolio",
          "network_activated": false
        },
        {
          "plugin": "woocommerce-gateway-stripe/woocommerce-gateway-stripe.php",
          "name": "WooCommerce Stripe Gateway",
          "version": "4.3.1",
          "version_latest": "4.8.0",
          "url": "https://wordpress.org/plugins/woocommerce-gateway-stripe/",
          "author_name": "WooCommerce",
          "author_url": "https://woocommerce.com/",
          "network_activated": false
        },
        {
          "plugin": "woocommerce-services/woocommerce-services.php",
          "name": "WooCommerce Services",
          "version": "1.22.2",
          "version_latest": "1.25.7",
          "url": "https://woocommerce.com/",
          "author_name": "Automattic",
          "author_url": "https://woocommerce.com/",
          "network_activated": false
        },
        {
          "plugin": "woocommerce-shipstation-integration/woocommerce-shipstation.php",
          "name": "WooCommerce - ShipStation Integration",
          "version": "4.1.30",
          "version_latest": "4.1.40",
          "url": "https://woocommerce.com/products/shipstation-integration/",
          "author_name": "WooCommerce",
          "author_url": "https://woocommerce.com/",
          "network_activated": false
        },
        {
          "plugin": "woocommerce/woocommerce.php",
          "name": "WooCommerce",
          "version": "3.8.1",
          "version_latest": "3.8.1",
          "url": "https://woocommerce.com/",
          "author_name": "Automattic",
          "author_url": "https://woocommerce.com",
          "network_activated": false
        },
        {
          "plugin": "wp-api-swaggerui/wp-api-swaggerui.php",
          "name": "WP API SwaggerUI",
          "version": "1.0.3",
          "version_latest": "1.1.1",
          "url": "",
          "author_name": "Agus Suroyo",
          "author_url": "",
          "network_activated": false
        },
        {
          "plugin": "wp-extra-file-types/wp-extra-file-types.php",
          "name": "WP Extra File Types",
          "version": "0.4.4.1",
          "version_latest": "0.4.4.1",
          "url": "http://www.airaghi.net/en/2015/01/02/wordpress-custom-mime-types/",
          "author_name": "Davide Airaghi",
          "author_url": "http://www.airaghi.net",
          "network_activated": false
        },
        {
          "plugin": "wp-file-manager/file_folder_manager.php",
          "name": "WP File Manager",
          "version": "6.9",
          "version_latest": "7.0",
          "url": "https://wordpress.org/plugins/wp-file-manager",
          "author_name": "mndpsingh287",
          "author_url": "https://profiles.wordpress.org/mndpsingh287",
          "network_activated": false
        },
        {
          "plugin": "wp-rest-api-authentication/miniorange-api-authentication.php",
          "name": "WordPress REST API Authentication",
          "version": "1.3.7",
          "version_latest": "1.4.1",
          "url": "http://wp-rest-api-authentication",
          "author_name": "miniOrange",
          "author_url": "https://www.miniorange.com",
          "network_activated": false
        }
      ],
      "dropins_mu_plugins": {
        "dropins": [],
        "mu_plugins": []
      },
      "theme": {
        "name": "Twenty Twenty",
        "version": "1.1",
        "version_latest": "1.6",
        "author_url": "https://wordpress.org/",
        "is_child_theme": false,
        "has_woocommerce_support": true,
        "has_woocommerce_file": false,
        "has_outdated_templates": false,
        "overrides": [],
        "parent_name": "",
        "parent_version": "",
        "parent_version_latest": "",
        "parent_author_url": ""
      }
    },
    "error": false
  },
  "wooWebHookStatus": {
    "body": [
      {
        "id": 564,
        "name": "order_created",
        "status": "active",
        "topic": "order.created",
        "resource": "order",
        "event": "created",
        "hooks": [
          "woocommerce_new_order"
        ],
        "delivery_url": "https://192.168.5.128:8081/api/dragon/webhook/woo/order/created",
        "date_created": "2021-02-10T13:02:02",
        "date_created_gmt": "2021-02-10T16:02:02",
        "date_modified": "2021-02-10T16:29:27",
        "date_modified_gmt": "2021-02-10T19:29:27",
        "_links": {
          "self": [
            {
              "href": "https://134.122.14.13:8091/wp-json/wc/v3/webhooks/564"
            }
          ],
          "collection": [
            {
              "href": "https://134.122.14.13:8091/wp-json/wc/v3/webhooks"
            }
          ]
        }
      },
      {
        "id": 565,
        "name": "order_updated",
        "status": "active",
        "topic": "order.updated",
        "resource": "order",
        "event": "updated",
        "hooks": [
          "woocommerce_update_order",
          "woocommerce_order_refunded"
        ],
        "delivery_url": "https://192.168.5.128:8081/api/dragon/webhook/woo/order/updated",
        "date_created": "2021-02-10T13:02:02",
        "date_created_gmt": "2021-02-10T16:02:02",
        "date_modified": "2021-02-10T16:29:28",
        "date_modified_gmt": "2021-02-10T19:29:28",
        "_links": {
          "self": [
            {
              "href": "https://134.122.14.13:8091/wp-json/wc/v3/webhooks/565"
            }
          ],
          "collection": [
            {
              "href": "https://134.122.14.13:8091/wp-json/wc/v3/webhooks"
            }
          ]
        }
      }
    ],
    "error": false
  },
  "wooImageStatus": {
    "body": [
      {
        "id": 30332,
        "date": "2021-01-06T18:06:10",
        "date_gmt": "2021-01-06T21:06:10",
        "guid": {
          "rendered": "https://134.122.14.13:8091/wp-content/uploads/10869001gr-2.jpg"
        },
        "modified": "2021-01-06T18:06:10",
        "modified_gmt": "2021-01-06T21:06:10",
        "slug": "10869001gr-2",
        "status": "inherit",
        "type": "attachment",
        "link": "https://134.122.14.13:8091/10869001gr-2/",
        "title": {
          "rendered": "10869001gr-2"
        },
        "author": 1,
        "comment_status": "open",
        "ping_status": "closed",
        "template": "",
        "meta": [],
        "description": {
          "rendered": "
<p class=\"attachment\">
  <a href='https://134.122.14.13:8091/wp-content/uploads/10869001gr-2.jpg'>
    <img width=\"300\" height=\"300\" src=\"https://134.122.14.13:8091/wp-content/uploads/10869001gr-2-300x300.jpg\" class=\"attachment-medium size-medium\" alt=\"\" srcset=\"https://134.122.14.13:8091/wp-content/uploads/10869001gr-2-300x300.jpg 300w, https://134.122.14.13:8091/wp-content/uploads/10869001gr-2-1024x1024.jpg 1024w, https://134.122.14.13:8091/wp-content/uploads/10869001gr-2-150x150.jpg 150w, https://134.122.14.13:8091/wp-content/uploads/10869001gr-2-768x768.jpg 768w, https://134.122.14.13:8091/wp-content/uploads/10869001gr-2-1536x1536.jpg 1536w, https://134.122.14.13:8091/wp-content/uploads/10869001gr-2-2048x2048.jpg 2048w, https://134.122.14.13:8091/wp-content/uploads/10869001gr-2-1200x1200.jpg 1200w, https://134.122.14.13:8091/wp-content/uploads/10869001gr-2-1980x1979.jpg 1980w, https://134.122.14.13:8091/wp-content/uploads/10869001gr-2-450x450.jpg 450w, https://134.122.14.13:8091/wp-content/uploads/10869001gr-2-600x600.jpg 600w, https://134.122.14.13:8091/wp-content/uploads/10869001gr-2-100x100.jpg 100w\" sizes=\"(max-width: 300px) 100vw, 300px\" />
  </a>
</p>\n"
        },
        "caption": {
          "rendered": ""
        },
        "alt_text": "",
        "media_type": "image",
        "mime_type": "image/jpeg",
        "media_details": {
          "width": 2560,
          "height": 2559,
          "file": "10869001gr-2.jpg",
          "sizes": {
            "medium": {
              "file": "10869001gr-2-300x300.jpg",
              "width": 300,
              "height": 300,
              "mime_type": "image/jpeg",
              "source_url": "https://134.122.14.13:8091/wp-content/uploads/10869001gr-2-300x300.jpg"
            },
            "large": {
              "file": "10869001gr-2-1024x1024.jpg",
              "width": 1024,
              "height": 1024,
              "mime_type": "image/jpeg",
              "source_url": "https://134.122.14.13:8091/wp-content/uploads/10869001gr-2-1024x1024.jpg"
            },
            "thumbnail": {
              "file": "10869001gr-2-150x150.jpg",
              "width": 150,
              "height": 150,
              "mime_type": "image/jpeg",
              "source_url": "https://134.122.14.13:8091/wp-content/uploads/10869001gr-2-150x150.jpg"
            },
            "medium_large": {
              "file": "10869001gr-2-768x768.jpg",
              "width": 768,
              "height": 768,
              "mime_type": "image/jpeg",
              "source_url": "https://134.122.14.13:8091/wp-content/uploads/10869001gr-2-768x768.jpg"
            },
            "1536x1536": {
              "file": "10869001gr-2-1536x1536.jpg",
              "width": 1536,
              "height": 1536,
              "mime_type": "image/jpeg",
              "source_url": "https://134.122.14.13:8091/wp-content/uploads/10869001gr-2-1536x1536.jpg"
            },
            "2048x2048": {
              "file": "10869001gr-2-2048x2048.jpg",
              "width": 2048,
              "height": 2048,
              "mime_type": "image/jpeg",
              "source_url": "https://134.122.14.13:8091/wp-content/uploads/10869001gr-2-2048x2048.jpg"
            },
            "post-thumbnail": {
              "file": "10869001gr-2-1200x1200.jpg",
              "width": 1200,
              "height": 1200,
              "mime_type": "image/jpeg",
              "source_url": "https://134.122.14.13:8091/wp-content/uploads/10869001gr-2-1200x1200.jpg"
            },
            "twentytwenty-fullscreen": {
              "file": "10869001gr-2-1980x1979.jpg",
              "width": 1980,
              "height": 1979,
              "mime_type": "image/jpeg",
              "source_url": "https://134.122.14.13:8091/wp-content/uploads/10869001gr-2-1980x1979.jpg"
            },
            "woocommerce_thumbnail": {
              "file": "10869001gr-2-450x450.jpg",
              "width": 450,
              "height": 450,
              "uncropped": false,
              "mime_type": "image/jpeg",
              "source_url": "https://134.122.14.13:8091/wp-content/uploads/10869001gr-2-450x450.jpg"
            },
            "woocommerce_single": {
              "file": "10869001gr-2-600x600.jpg",
              "width": 600,
              "height": 600,
              "mime_type": "image/jpeg",
              "source_url": "https://134.122.14.13:8091/wp-content/uploads/10869001gr-2-600x600.jpg"
            },
            "woocommerce_gallery_thumbnail": {
              "file": "10869001gr-2-100x100.jpg",
              "width": 100,
              "height": 100,
              "mime_type": "image/jpeg",
              "source_url": "https://134.122.14.13:8091/wp-content/uploads/10869001gr-2-100x100.jpg"
            },
            "shop_catalog": {
              "file": "10869001gr-2-450x450.jpg",
              "width": 450,
              "height": 450,
              "mime_type": "image/jpeg",
              "source_url": "https://134.122.14.13:8091/wp-content/uploads/10869001gr-2-450x450.jpg"
            },
            "shop_single": {
              "file": "10869001gr-2-600x600.jpg",
              "width": 600,
              "height": 600,
              "mime_type": "image/jpeg",
              "source_url": "https://134.122.14.13:8091/wp-content/uploads/10869001gr-2-600x600.jpg"
            },
            "shop_thumbnail": {
              "file": "10869001gr-2-100x100.jpg",
              "width": 100,
              "height": 100,
              "mime_type": "image/jpeg",
              "source_url": "https://134.122.14.13:8091/wp-content/uploads/10869001gr-2-100x100.jpg"
            },
            "full": {
              "file": "10869001gr-2.jpg",
              "width": 2560,
              "height": 2559,
              "mime_type": "image/jpeg",
              "source_url": "https://134.122.14.13:8091/wp-content/uploads/10869001gr-2.jpg"
            }
          },
          "image_meta": {
            "aperture": "0",
            "credit": "",
            "camera": "",
            "caption": "",
            "created_timestamp": "0",
            "copyright": "",
            "focal_length": "0",
            "iso": "0",
            "shutter_speed": "0",
            "title": "",
            "orientation": "0",
            "keywords": []
          }
        },
        "post": null,
        "source_url": "https://134.122.14.13:8091/wp-content/uploads/10869001gr-2.jpg",
        "_links": {
          "self": [
            {
              "href": "https://134.122.14.13:8091/wp-json/wp/v2/media/30332"
            }
          ],
          "collection": [
            {
              "href": "https://134.122.14.13:8091/wp-json/wp/v2/media"
            }
          ],
          "about": [
            {
              "href": "https://134.122.14.13:8091/wp-json/wp/v2/types/attachment"
            }
          ],
          "author": [
            {
              "embeddable": true,
              "href": "https://134.122.14.13:8091/wp-json/wp/v2/users/1"
            }
          ],
          "replies": [
            {
              "embeddable": true,
              "href": "https://134.122.14.13:8091/wp-json/wp/v2/comments?post=30332"
            }
          ]
        }
      }
    ],
    "error": false
  }
}