<?xml version="1.0" encoding="utf-8"?>
<Configuration>

	<!--These are some of the loggers you can enable. There are several more 
		you can find in the documentation. Besides this log4j configuration, you 
		can also use Java VM environment variables to enable other logs like network 
		(-Djavax.net.debug=ssl or all) and Garbage Collector (-XX:+PrintGC). These 
		will be append to the console, so you will see them in the mule_ee.log file. -->


	<Appenders>
		<RollingFile name="file"
			fileName="${sys:mule.home}${sys:file.separator}logs${sys:file.separator}acqua-system-layer.log"
			filePattern="${sys:mule.home}${sys:file.separator}logs${sys:file.separator}acqua-system-layer-%i.log">
			<PatternLayout pattern="%d [%t] %-5p %c - %m%n" />
			<SizeBasedTriggeringPolicy size="10 MB" />
			<DefaultRolloverStrategy max="10" />
		</RollingFile>

		<RollingFile name="consolaSystemShopify"
			fileName="${sys:mule.home}${sys:file.separator}logs${sys:file.separator}acqua-consola-system-shopify.log"
			filePattern="${sys:mule.home}${sys:file.separator}logs${sys:file.separator}acqua-consola-system-shopify-%i.log">
			<PatternLayout pattern="%d [%t] %-5p %c - %m%n" />
			<SizeBasedTriggeringPolicy size="10 MB" />
			<DefaultRolloverStrategy max="10" />
		</RollingFile>
		
		<RollingFile name="consolaSystemWoo"
			fileName="${sys:mule.home}${sys:file.separator}logs${sys:file.separator}acqua-consola-system-woo.log"
			filePattern="${sys:mule.home}${sys:file.separator}logs${sys:file.separator}acqua-consola-system-woo-%i.log">
			<PatternLayout pattern="%d [%t] %-5p %c - %m%n" />
			<SizeBasedTriggeringPolicy size="10 MB" />
			<DefaultRolloverStrategy max="10" />
		</RollingFile>
		
		<RollingFile name="consolaSystemDragon"
			fileName="${sys:mule.home}${sys:file.separator}logs${sys:file.separator}acqua-consola-system-dragon.log"
			filePattern="${sys:mule.home}${sys:file.separator}logs${sys:file.separator}acqua-consola-system-dragon-%i.log">
			<PatternLayout pattern="%d [%t] %-5p %c - %m%n" />
			<SizeBasedTriggeringPolicy size="10 MB" />
			<DefaultRolloverStrategy max="10" />
		</RollingFile>

	</Appenders>

	<Loggers>


		<!-- Http Logger shows wire traffic on DEBUG -->
		<AsyncLogger name="org.mule.module.http.internal.HttpMessageLogger"
			level="WARN" />

		<!-- JDBC Logger shows queries and parameters values on DEBUG -->
		<AsyncLogger name="com.mulesoft.mule.transport.jdbc"
			level="WARN" />

		<!-- CXF is used heavily by Mule for web services -->
		<AsyncLogger name="org.apache.cxf" level="WARN" />

		<!-- Apache Commons tend to make a lot of noise which can clutter the log -->
		<AsyncLogger name="org.apache" level="WARN" />

		<!-- Reduce startup noise -->
		<AsyncLogger name="org.springframework.beans.factory"
			level="WARN" />

		<!-- Mule classes -->
		<AsyncLogger name="org.mule" level="INFO" />
		<AsyncLogger name="com.mulesoft" level="INFO" />

		<!-- Reduce DM verbosity -->
		<AsyncLogger name="org.jetel" level="WARN" />
		<AsyncLogger name="Tracking" level="WARN" />

		<!-- Dragon Fish Connector -->
		<AsyncLogger name="org.mule.modules.dragonfish.DragonfishConnector"
			level="DEBUG" />
		<AsyncLogger name="org.mule.modules.dragonfish.config.ConnectorConfig"
			level="DEBUG" />
		<AsyncLogger name="org.mule.modules.dragonfish.datasense.DataSenseResolver"
			level="DEBUG" />
		<AsyncLogger
			name="org.mule.modules.dragonfish.implementations.ConnectorServiceImpl"
			level="DEBUG" />
		<AsyncLogger
			name="org.mule.modules.dragonfish.implementations.GRPCReflectionUtil"
			level="INFO" />

		<!-- System Layer -->

		<AsyncLogger name="com.acqua.common.utils.CommonLayer"
			level="DEBUG" />

		<!-- System Layer -->

		<AsyncLogger name="com.acqua.utils.SystemLayer" level="DEBUG" />

		<AsyncLogger name="com.acqua.utils.ConsolaSystemShopify" level="DEBUG">
			<AppenderRef ref="consolaSystemShopify" />
		</AsyncLogger>
		
		<AsyncLogger name="com.acqua.utils.ConsolaSystemDragon" level="DEBUG">
			<AppenderRef ref="consolaSystemDragon" />
		</AsyncLogger>
		
		<AsyncLogger name="com.acqua.utils.ConsolaSystemWoo" level="DEBUG">
			<AppenderRef ref="consolaSystemWoo" />
		</AsyncLogger>

		<AsyncRoot level="INFO">
			<AppenderRef ref="file" />
		</AsyncRoot>
		
	</Loggers>
	
</Configuration>