<?xml version="1.0" encoding="UTF-8"?>
<mule xmlns:json="http://www.mulesoft.org/schema/mule/json" xmlns:tracking="http://www.mulesoft.org/schema/mule/ee/tracking" xmlns:doc="http://www.mulesoft.org/schema/mule/documentation" xmlns="http://www.mulesoft.org/schema/mule/core" xmlns:apikit="http://www.mulesoft.org/schema/mule/apikit" xmlns:http="http://www.mulesoft.org/schema/mule/http" xmlns:spring="http://www.springframework.org/schema/beans" xmlns:xsi="http://www.w3.org/2001/XMLSchema-instance" xsi:schemaLocation="http://www.mulesoft.org/schema/mule/core http://www.mulesoft.org/schema/mule/core/current/mule.xsd
http://www.mulesoft.org/schema/mule/http http://www.mulesoft.org/schema/mule/http/current/mule-http.xsd
http://www.mulesoft.org/schema/mule/apikit http://www.mulesoft.org/schema/mule/apikit/current/mule-apikit.xsd
http://www.springframework.org/schema/beans http://www.springframework.org/schema/beans/spring-beans-3.1.xsd
http://www.mulesoft.org/schema/mule/ee/tracking http://www.mulesoft.org/schema/mule/ee/tracking/current/mule-tracking-ee.xsd
http://www.mulesoft.org/schema/mule/json http://www.mulesoft.org/schema/mule/json/current/mule-json.xsd">
   
    <http:listener-config name="api-httpListenerConfig" host="0.0.0.0" port="${system_layer_port}" doc:name="HTTP Listener Configuration"/>
    
    <apikit:config name="api-config" raml="api.raml" consoleEnabled="false" doc:name="Router"/>
    
    <flow name="api-main">
        <http:listener config-ref="api-httpListenerConfig" path="/api/*" doc:name="HTTP"/>
        <apikit:router config-ref="api-config" doc:name="APIkit Router"/>
        <exception-strategy ref="api-apiKitGlobalExceptionMapping-Common" doc:name="Reference Exception Strategy"/>
    </flow>
    
    <flow name="api-console">
        <http:listener config-ref="api-httpListenerConfig" path="/console/*" doc:name="HTTP"/>
        <apikit:console config-ref="api-config" doc:name="APIkit Console"/>
    </flow>
    
    <flow name="put:/dragon/startup:application/json:api-config">
        <flow-ref name="dragon-startup-flow" doc:name="dragon-startup-flow"/>
    </flow>
    
    <flow name="put:/shopify/put-articulo:application/json:api-config">
        <flow-ref name="shopify-producto_actualizar_flow" doc:name="shopify-producto_actualizar_flow"/>
    </flow>
    
    <flow name="put:/shopify/put-varianza:application/json:api-config">
        <flow-ref name="shopify-varianza_actualizar_flow" doc:name="shopify-varianza_actualizar_flow"/>
    </flow>
    
    <flow name="put:/woo/articulo:application/json:api-config">
        <flow-ref name="woo-producto_actualizar_flow" doc:name="woo-producto_actualizar_flow"/>
    </flow>
     
    <flow name="delete:/woo/articulo/{SKU}:api-config">
        <flow-ref name="woo-producto_delete_flow" doc:name="woo-delete_actualizar_flow"/>
    </flow>
    
    <flow name="put:/woo/put-articulo:application/json:api-config">
        <flow-ref name="woo-producto_actualizar_flow" doc:name="woo-producto_actualizar_flow"/>
    </flow>
    
    <flow name="put:/woo/put-varianza:application/json:api-config">
        <flow-ref name="woo-varianza_actualizar_flow" doc:name="woo-varianza_actualizar_flow"/>
    </flow>
    
    <flow name="put:/dragon/producto/{Codigo}:application/json:api-config">
        <flow-ref name="dragon-producto-actualizar-producto-flow" doc:name="dragon-producto-actualizar-producto-flow"/>
    </flow>
    
    <flow name="put:/dragon/put-customerecommerce:application/json:api-config">
        <flow-ref name="dragon-customer-flow" doc:name="dragon-customer-flow"/>
    </flow>
 
    <flow name="put:/dragon/order:application/json:api-config">
        <flow-ref name="dragon-order-flow" doc:name="dragon-order-flow"/>
    </flow>
    
    <flow name="get:/dragon/order/{Codigo}:api-config">
        <flow-ref name="dragon-get-order-flow" doc:name="dragon-get-order-flow"/>
    </flow>
    
    <flow name="put:/dragon/remito/{Codigo}:api-config">
        <flow-ref name="dragon-remito-put-flow" doc:name="dragon-remito-put-flow"/>
    </flow>
    
    <flow name="get:/dragon/remito/{Codigo}:api-config">
        <flow-ref name="dragon-remito-get-process-flow" doc:name="dragon-remito-get-process-flow"/>
    </flow>
    
    <flow name="delete:/dragon/order/{Codigo}:api-config">
        <flow-ref name="dragon-delete-order-flow" doc:name="dragon-delete-order-flow"/>
    </flow>
    
    <flow name="get:/dragon/status:api-config">
        <flow-ref name="dragon-status-flow" doc:name="dragon-status-flow"/>
    </flow>
    
    <flow name="get:/dragon/producto/{Codigo}:api-config">
        <flow-ref name="dragon-get-articulo-flow" doc:name="dragon-get-articulo-flow"/>
    </flow>
    
     <flow name="post:/dragon/producto/{Codigo}:api-config">
        <flow-ref name="dragon-post-articulo-flow" doc:name="dragon-post-articulo-flow"/>
    </flow>
    
    <flow name="delete:/dragon/producto/{Codigo}:api-config">
        <flow-ref name="dragon-delete-articulo-flow" doc:name="dragon-delte-articulo-flow"/>
    </flow>
    
    <flow name="get:/dragon/obtener-articulos-modificados:api-config">
        <flow-ref name="dragon-obtener-productos-modificados-flow" doc:name="dragon-obtener-productos-modificados-flow"/>
    </flow>
    
    <flow name="get:/dragon/obtener-remitos-modificados/{FechaModificacion}:api-config">
        <flow-ref name="dragon-obtener-remitos-modificados-flow" doc:name="dragon-obtener-remitos-modificados-flow"/>
    </flow>
    
     <flow name="get:/dragon/obtener-remitos-modificados:api-config">
        <flow-ref name="dragon-obtener-remitos-modificados-flow" doc:name="dragon-obtener-remitos-modificados-flow"/>
    </flow>
    
    <flow name="get:/dragon/obtener-categorias:api-config">
        <flow-ref name="dragon-obtener-categorias-flow" doc:name="dragon-obtener-categorias-flow"/>
    </flow>
    
    <flow name="get:/dragon/obtener-articulos-afectados-por-stock/{FechaModificacion}:api-config">
        <flow-ref name="dragon-obtener-todos-los-productos-stock-afectados-flow" doc:name="dragon-obtener-todos-los-productos-stock-afectados-flow"/>
    </flow>
    
    <flow name="get:/dragon/obtener-articulos-afectados-por-stock:api-config">
        <flow-ref name="dragon-obtener-todos-los-productos-stock-afectados-flow" doc:name="dragon-obtener-todos-los-productos-stock-afectados-flow"/>
    </flow>
    
    <flow name="get:/dragon/obtener-articulos-publicados/{Ecommerce}/{ActualizarArticuloDragon}:api-config">    	
        <flow-ref name="dragon-obtener-todos-los-productos-publicados-flow" doc:name="dragon-obtener-todos-los-productos-publicados-flow"/>
    </flow>
    
    <flow name="get:/dragon/obtener-varianzas-publicados/{Ecommerce}/{ProcesarSoloCambios}:api-config">    	
        <flow-ref name="dragon-obtener-todos-los-productos-stock-publicados-flow" doc:name="dragon-obtener-todos-los-productos-stock-publicados-flow"/>
    </flow> 
     
    <flow name="get:/dragon/obtener-articulos-modificados-desde/{FechaModificacion}:api-config">
        <flow-ref name="dragon-obtener-productos-modificados-flow" doc:name="dragon-obtener-productos-modificados-flow"/>
    </flow> 
    
    <flow name="put:/dragon/equivalencia:application/json:api-config">
        <flow-ref name="dragon-equivalencia-put-flow" doc:name="dragon-equivalencia-put-flow"/>
    </flow> 
    
    <flow name="get:/dragon/equivalencia/{Codigo}:api-config">
        <flow-ref name="dragon-equivalencia-get-flow" doc:name="dragon-equivalencia-get-flow"/>
    </flow>
    
    <flow name="delete:/dragon/equivalencia/{Codigo}:api-config">
        <flow-ref name="dragon-equivalencia-delete-flow" doc:name="dragon-equivalencia-delete-flow"/>
    </flow>
   
    <flow name="get:/dragon/lookup-table/{Table}:api-config">
        <flow-ref name="dragon-table-lookup-table-#[message.inboundProperties.'http.uri.params'.Table]-flow" doc:name="dragon-table-lookup-table-XXXXX-flow"/>
    </flow>
    
    <flow name="get:/dragon/table-convert/{Table}:api-config">
        <flow-ref name="dragon-table-convert-lookup-table-#[message.inboundProperties.'http.uri.params'.Table]-flow" doc:name="dragon-table-convert-lookup-table-XXXXX-flow"/>
    </flow>
    
    <flow name="get:/shopify/status:api-config">
        <flow-ref name="shopify-get-status-flow" doc:name="shopify-get-status-flow"/>
    </flow>
    
    <flow name="get:/shopify/obtener-articulos-dragon-publicados/{incluirVarianzas}/{incluirIDs}:api-config">
        <flow-ref name="shopify-get-articulos-dragon-publicados-flow" doc:name="shopify-get-articulos-dragon-publicados-flow"/>
    </flow>
    
    <flow name="get:/shopify/download-images:api-config">
        <flow-ref name="shopify-download-image-flow" doc:name="shopify-download-image-flow"/>
    </flow>
      
    <flow name="get:/shopify/validate-image/{ImageName}:api-config">
        <flow-ref name="shopify-validate-image-flow" doc:name="shopify-validate-image-flow"/>
    </flow>
    
    <flow name="get:/shopify/get-id-based-on-sku/{sku}:api-config">
        <flow-ref name="shopify-producto_get_id_flow" doc:name="shopify-producto_get_id_flow"/>
    </flow>
    
    <flow name="get:/shopify/order/{OrderId}:api-config">
        <flow-ref name="shopify-order_get_flow" doc:name="shopify-order_get_flow"/>
    </flow>
    
    <flow name="get:/shopify/orders/obtener-creados-desde/{FechaModificacion}:api-config">
        <flow-ref name="shopify-order-get-all-flow" doc:name="shopify-order-get-all-flow"/>
    </flow>
    
    <flow name="get:/woo/order/{OrderId}:api-config">
        <flow-ref name="woo-order_get_flow" doc:name="shopify-order_get_flow"/>
    </flow>
    
    <flow name="put:/woo/order/{OrderId}:api-config">
        <flow-ref name="woo-order_put_flow" doc:name="woo-order_put_flow"/>
    </flow>
    
    <flow name="get:/woo/orders/obtener-creados-desde/{FechaModificacion}:api-config">
        <flow-ref name="woo-order-get-all-flow" doc:name="woo-order-get-all-flow"/>
    </flow>
  
    <flow name="get:/woo/status:api-config">
        <flow-ref name="woo-get-status-flow" doc:name="woo-get-status-flow"/>
    </flow>
    
    <flow name="get:/woo/get-id-based-on-sku/{sku}:api-config">
        <flow-ref name="woo-producto_get_id_flow" doc:name="woo-producto_get_id_flow"/>
    </flow>
    
    <flow name="get:/woo/obtener-articulos-dragon-publicados/{incluirVarianzas}/{incluirIDs}:api-config">
        <flow-ref name="woo-get-articulos-dragon-publicados-flow" doc:name="woo-get-articulos-dragon-publicados-flow"/>
    </flow>
    
    <flow name="get:/woo/obtener-articulos-agrupadores-publicados:api-config">
        <flow-ref name="woo-get-articulos-agrupadores-dragon-publicados-flow" doc:name="woo-get-articulos-agrupadores-dragon-publicados-flow"/>
    </flow>
    
    <flow name="get:/dragon/stop-webhook:api-config">
        <flow-ref name="stop-flow" doc:name="stop-flow"/>
    </flow>
 
    <flow name="get:/woo/webhook/{Action}:api-config">
        <flow-ref name="woo-webhook-flow" doc:name="woo-webhook-flow"/>
    </flow>
    
    <flow name="get:/shopify/webhook/{Action}:api-config">
        <flow-ref name="shopify-webhook-flow" doc:name="shopify-webhook-flow"/>
    </flow>
     
    <flow name="get:/woo/lookup-table/{Table}:api-config">
        <flow-ref name="woo-table-lookup-#[message.inboundProperties.'http.uri.params'.Table]-flow" doc:name="dragon-table-lookup-XXXXX-flow"/>
    </flow>
    
    <flow name="get:/woo/validate-image/{ImageName}:api-config">
        <flow-ref name="woo-validate-image-flow" doc:name="woo-validate-image-flow"/>
    </flow>
    
    <flow name="get:/woo/refresh-table/{Table}:api-config">
        <flow-ref name="woo-table-refresh-#[message.inboundProperties.'http.uri.params'.Table]-flow" doc:name="dragon-table-refresh-XXXXX-flow"/>
    </flow>
 	
 	<flow name="get:/system/start:api-config">
        <flow-ref name="start-flow" doc:name="start-flow"/>
    </flow>
    
    <flow name="get:/system/stop:api-config">
        <flow-ref name="stop-flow" doc:name="stop-flow"/>
    </flow>
    
    <flow name="get:/system/get-wh:api-config">
        <enricher target="#[flowVars.shopify]" doc:name="Message Enricher">
            <processor-chain doc:name="Processor Chain">
                <flow-ref name="shopify-process-get-current-webhook-flow" doc:name="shopify-process-get-current-webhook-flow"/>
            </processor-chain>
        </enricher>
        <enricher target="#[flowVars.woo]" doc:name="Message Enricher">
            <processor-chain doc:name="Processor Chain">
                <flow-ref name="woo-process-get-current-webhook-flow" doc:name="woo-process-get-current-webhook-flow"/>
            </processor-chain>
        </enricher>
        <expression-component doc:name="Expression"><![CDATA[payload = new java.util.HashMap();
payload.put("shopify",flowVars.shopify);
payload.put("woo",flowVars.woo);]]></expression-component>
        <json:object-to-json-transformer doc:name="Object to JSON"/>

    </flow>
    
    <flow name="get:/integrity/chequear-articulos-publicados/{Ecommerce}:api-config">    	
        <flow-ref name="integrity-verificar-todos-los-productos-publicados-flow" doc:name="integrity-verificar-todos-los-productos-publicados-flow"/>
    </flow>
    
     <flow name="get:/integrity/chequear-ordenes-publicadas/{Ecommerce}/{FechaModificacion}:api-config">    	
        <flow-ref name="integrity-verificar-ordenes-publicadas-flow" doc:name="integrity-verificar-ordenes-publicadas-flow"/>
    </flow>
    
    <flow name="put:/system/clean-cache:api-config">
		<invoke object-ref="WooSKUtable" method="cleanCache"
			doc:name="Clean Relation SKU-ID Cache" />
		<invoke object-ref="WooImageCache" method="reloadCache"
			doc:name="Reload Image Cache" />	
		<set-payload value="{&quot;status&quot;:&quot;Done&quot;}"
			mimeType="application/json" doc:name="Set Payload" />
	</flow>
    
</mule>
