<?xml version="1.0" encoding="UTF-8"?>

<mule xmlns:validation="http://www.mulesoft.org/schema/mule/validation"
	xmlns:http="http://www.mulesoft.org/schema/mule/http" xmlns:json="http://www.mulesoft.org/schema/mule/json"
	xmlns:dragonfish="http://www.mulesoft.org/schema/mule/dragonfish"
	xmlns:tracking="http://www.mulesoft.org/schema/mule/ee/tracking" xmlns="http://www.mulesoft.org/schema/mule/core"
	xmlns:doc="http://www.mulesoft.org/schema/mule/documentation"
	xmlns:spring="http://www.springframework.org/schema/beans" xmlns:xsi="http://www.w3.org/2001/XMLSchema-instance"
	xsi:schemaLocation="http://www.mulesoft.org/schema/mule/validation http://www.mulesoft.org/schema/mule/validation/current/mule-validation.xsd
http://www.mulesoft.org/schema/mule/json http://www.mulesoft.org/schema/mule/json/current/mule-json.xsd
http://www.springframework.org/schema/beans http://www.springframework.org/schema/beans/spring-beans-current.xsd
http://www.mulesoft.org/schema/mule/core http://www.mulesoft.org/schema/mule/core/current/mule.xsd
http://www.mulesoft.org/schema/mule/ee/tracking http://www.mulesoft.org/schema/mule/ee/tracking/current/mule-tracking-ee.xsd
http://www.mulesoft.org/schema/mule/dragonfish http://www.mulesoft.org/schema/mule/dragonfish/current/mule-dragonfish.xsd
http://www.mulesoft.org/schema/mule/http http://www.mulesoft.org/schema/mule/http/current/mule-http.xsd">

	<flow name="start-flow">

		<logger message="Inicializacion de la Aplicacion" level="INFO"
			doc:name="Logger" category="com.acqua.utils.SystemLayer" />

		<expression-component doc:name="Set Control Vars"><![CDATA[flowVars.flowName=flow.name;
flowVars.metricCategory="webhook-configuration";
flowVars.apiName="start";
flowVars.errorCode="";]]></expression-component>

		<enricher target="#[flowVars.ecommerces]" doc:name="Message Enricher">
			<invoke object-ref="DragonUtil" method="getEcommerces"
				doc:name="Get E-commerces" />
		</enricher>

		<foreach collection="#[flowVars.ecommerces]" doc:name="For Each"> 
		
			<http:request config-ref="HTTP_SystemLayer_API"
				path="/#[payload]/webhook/Start" method="GET"
				doc:name="HTTP - Start Webhook">
				<http:success-status-code-validator
					values="200..599" />
			</http:request>

			<validation:custom-validator config-ref="Validation_Configuration"
				message="No se pudo recuperar articulos publicado en #[payload]"
				class="com.acqua.common.sl.validator.SLExternalRestfulValidator"
				doc:name="Validation HTTP Response" />

			<json:json-to-object-transformer
				returnClass="java.util.HashMap" doc:name="JSON to Object" />


		</foreach>

		<flow-ref name="start-send-start-email" doc:name="start-send-start-email" />
		
		<flow-ref name="start-cache" doc:name="start-cache" />
		
	</flow>

	<flow name="stop-flow" processingStrategy="synchronous">

		<logger message="Finalizando de la Aplicacion" level="INFO"
			category="com.acqua.utils.SystemLayer" doc:name="Logger" />

		<expression-component doc:name="Set Control Vars"><![CDATA[flowVars.flowName=flow.name;
flowVars.metricCategory="webhook-configuration";
flowVars.apiName="stop";
flowVars.errorCode="";]]></expression-component>

		<enricher target="#[flowVars.ecommerces]" doc:name="Message Enricher">
			<invoke object-ref="DragonUtil" method="getEcommerces"
				doc:name="Get E-commerces" />
		</enricher>

		<foreach collection="#[flowVars.ecommerces]" doc:name="For Each">
 

			<http:request config-ref="HTTP_SystemLayer_API"
				path="/#[payload]/webhook/Stop" method="GET"
				doc:name="HTTP - Stop Webhook">
				<http:success-status-code-validator
					values="200..599" />
			</http:request>

			<validation:custom-validator config-ref="Validation_Configuration"
				message="No se pudo recuperar articulos publicado en #[payload]"
				class="com.acqua.common.sl.validator.SLExternalRestfulValidator"
				doc:name="Validation HTTP Response" />

			<json:json-to-object-transformer
				returnClass="java.util.HashMap" doc:name="JSON to Object" />

		</foreach>

		<flow-ref name="stop-send-end-email" doc:name="stop-send-end-email" />
		
	</flow>

	<flow name="start-send-start-email" processingStrategy="synchronous">

		<set-payload value="Se ha iniciado la capa del sistema"
			doc:name="Set Payload" />

		<flow-ref name="common-send-notification-flow" doc:name="common-send-notification-flow" />

	</flow>

	<flow name="stop-send-end-email" processingStrategy="synchronous">

		<set-payload value="Se ha finalizado la capa del sistema"
			doc:name="Set Payload" />

		<flow-ref name="common-send-notification-flow" doc:name="common-send-notification-flow" />
	</flow>
	
	<flow name="start-cache" processingStrategy="synchronous">
	
        <set-variable variableName="preloadSKUTable" value="#[${Woo_Cachear_Preload_Relacion_SKU_ID}]" doc:name="Set Preload Cache"/>
    
        <choice doc:name="Choice">
            <when expression="#[flowVars.preloadSKUTable]">
                <invoke object-ref="WooSKUtable" method="preloadTable" doc:name="Invoke - Preload Woo SKU table"/>
            </when>
            <otherwise>
                <logger message="No cache" level="INFO" category="com.acqua.utils.SystemLayer" doc:name="Logger"/>
            </otherwise>
        </choice>
        
        <set-variable variableName="preloadWooImage" value="#[${Woo_Cachear_Imagenes}]" doc:name="Set Preload Cache"/>
    
        <choice doc:name="Choice">
            <when expression="#[flowVars.preloadWooImage]">
                <invoke object-ref="WooImageCache" method="preloadTable" doc:name="Invoke - Preload Image table"/> 
            </when>
            <otherwise>
                <logger message="No cache" level="INFO" category="com.acqua.utils.SystemLayer" doc:name="Logger"/>
            </otherwise>
        </choice>
        
    </flow>
	

</mule>
