<?xml version="1.0" encoding="UTF-8"?>

<mule xmlns:dragonfish="http://www.mulesoft.org/schema/mule/dragonfish"
	xmlns:tracking="http://www.mulesoft.org/schema/mule/ee/tracking"
	xmlns:validation="http://www.mulesoft.org/schema/mule/validation"
	xmlns:http="http://www.mulesoft.org/schema/mule/http" xmlns:json="http://www.mulesoft.org/schema/mule/json"
	xmlns="http://www.mulesoft.org/schema/mule/core" xmlns:doc="http://www.mulesoft.org/schema/mule/documentation"
	xmlns:spring="http://www.springframework.org/schema/beans" xmlns:xsi="http://www.w3.org/2001/XMLSchema-instance"
	xsi:schemaLocation="http://www.mulesoft.org/schema/mule/dragonfish http://www.mulesoft.org/schema/mule/dragonfish/current/mule-dragonfish.xsd
http://www.mulesoft.org/schema/mule/validation http://www.mulesoft.org/schema/mule/validation/current/mule-validation.xsd
http://www.mulesoft.org/schema/mule/http http://www.mulesoft.org/schema/mule/http/current/mule-http.xsd
http://www.mulesoft.org/schema/mule/json http://www.mulesoft.org/schema/mule/json/current/mule-json.xsd
http://www.springframework.org/schema/beans http://www.springframework.org/schema/beans/spring-beans-current.xsd
http://www.mulesoft.org/schema/mule/core http://www.mulesoft.org/schema/mule/core/current/mule.xsd
http://www.mulesoft.org/schema/mule/ee/tracking http://www.mulesoft.org/schema/mule/ee/tracking/current/mule-tracking-ee.xsd">

	<flow name="dragon-mayuscula-colores-process-flow" processingStrategy="synchronous">

		<set-variable variableName="Host" value="${Woo_API_Host}"
			doc:name="Variable" />
		<http:request config-ref="HTTP_SystemLayer_API"
			path="/dragon/lookup-table/colores" method="GET"
			doc:name="HTTP - Get Products From Woo">
			<http:request-builder>
                <http:query-param paramName="consumer_key" value="${Woo_API_Key}"/>
                <http:query-param paramName="consumer_secret" value="${Woo_API_Password}"/>
                <http:header headerName="Host" value="#[flowVars.Host]"/>
			</http:request-builder>
		</http:request>
		<json:json-to-object-transformer
			returnClass="java.util.ArrayList" doc:name="JSON to Object" />

		<foreach collection="#[payload]" doc:name="For Each - Product">
			<logger message="Color Dragon #[payload]" level="INFO"
				category="com.acqua.utils.SystemLayer" doc:name="Logger" />
            <expression-component doc:name="Expression"><![CDATA[flowVars.request = new java.util.HashMap();
flowVars.key = payload.keySet().toArray()[0];
flowVars.request.put("id",flowVars.key);]]></expression-component>
            <enricher target="#[flowVars.colorDragon]" doc:name="Message Enricher">
                <dragonfish:servicio config-ref="Dragonfish__Configuration" entityType="ColorById_colorByIdGet" doc:name="Dragonfish">
                    <dragonfish:entity-data ref="#[flowVars.request]"/>
                </dragonfish:servicio>
            </enricher>
            <expression-component doc:name="Expression"><![CDATA[flowVars.request = new java.util.HashMap();
flowVars.request.put("id",flowVars.key);
flowVars.requestTmp = new java.util.HashMap();
flowVars.requestTmp .put("codigo",flowVars.key);
flowVars.requestTmp .put("descripcion",flowVars.colorDragon.descripcion.toUpperCase());
flowVars.request.put("request",flowVars.requestTmp);]]></expression-component>
            <dragonfish:servicio config-ref="Dragonfish__Configuration" entityType="ColorById_colorByIdPut" doc:name="Dragonfish">
                <dragonfish:entity-data ref="#[payload]"/>
            </dragonfish:servicio>

		</foreach>

	</flow>
    
</mule>
