<?xml version="1.0" encoding="UTF-8"?>

<mule xmlns:json="http://www.mulesoft.org/schema/mule/json"
	xmlns:validation="http://www.mulesoft.org/schema/mule/validation"
	xmlns:http="http://www.mulesoft.org/schema/mule/http" xmlns:tracking="http://www.mulesoft.org/schema/mule/ee/tracking"
	xmlns="http://www.mulesoft.org/schema/mule/core" xmlns:doc="http://www.mulesoft.org/schema/mule/documentation"
	xmlns:spring="http://www.springframework.org/schema/beans" xmlns:xsi="http://www.w3.org/2001/XMLSchema-instance"
	xsi:schemaLocation="http://www.mulesoft.org/schema/mule/json http://www.mulesoft.org/schema/mule/json/current/mule-json.xsd
http://www.mulesoft.org/schema/mule/validation http://www.mulesoft.org/schema/mule/validation/current/mule-validation.xsd
http://www.springframework.org/schema/beans http://www.springframework.org/schema/beans/spring-beans-current.xsd
http://www.mulesoft.org/schema/mule/core http://www.mulesoft.org/schema/mule/core/current/mule.xsd
http://www.mulesoft.org/schema/mule/ee/tracking http://www.mulesoft.org/schema/mule/ee/tracking/current/mule-tracking-ee.xsd
http://www.mulesoft.org/schema/mule/http http://www.mulesoft.org/schema/mule/http/current/mule-http.xsd">


	<flow name="dragon-validate-image-flow" processingStrategy="synchronous">

		<expression-component doc:name="Set Control Vars"><![CDATA[flowVars.flowName=flow.name;
flowVars.metricCategory=message.inboundProperties.'http.request.path';
flowVars.apiName=message.inboundProperties.'http.request.uri';
flowVars.errorCode="";
flowVars.imageName = payload;]]></expression-component>

		<logger
			message="#[&quot;-----------------------------------------------------------------------------------------&quot;]"
			level="INFO" category="com.acqua.utils.ConsolaSystemDragon" doc:name="Logger CONSOLA" />

		<logger
			message="SYSTEM LAYER - Image to Validate #[payload] for #[flowVars.eCommerce]"
			level="INFO" category="com.acqua.utils.ConsolaSystemShopify"
			doc:name="Logger CONSOLA" />
		<http:request config-ref="HTTP_SystemLayer_API"
			path="/#[flowVars.eCommerce]/validate-image/#[payload]" method="GET"
			doc:name="HTTP - Validate Image">
			<http:success-status-code-validator
				values="200..599" />
		</http:request>
		<validation:custom-validator config-ref="Validation_Configuration"
			message="WOO API ha retornado un error" class="com.acqua.common.sl.validator.SLExternalRestfulValidator"
			doc:name="Validation HTTP Response" />
        <json:json-to-object-transformer doc:name="JSON to Object"/>

		<logger message="SYSTEM LAYER - Image #[flowVars.imageName] exists"
			level="INFO" category="com.acqua.utils.ConsolaSystemDragon" doc:name="Logger CONSOLA" />
		<choice-exception-strategy doc:name="Choice Exception Strategy">

			<catch-exception-strategy
				when="exception.causedBy(com.acqua.common.sl.exceptions.SLException)"
				doc:name="Catch Exception Strategy" enableNotifications="false"
				logException="false">

				<logger message="SYSTEM LAYER - Image #[flowVars.imageName] doesn't exists"
					level="INFO" doc:name="Logger CONSOLA" category="com.acqua.utils.ConsolaSystemDragon" />

				<set-payload value="#[false]" doc:name="Set Payload"
					encoding="ISO-8859-1" mimeType="application/java" />


			</catch-exception-strategy>

		</choice-exception-strategy>

	</flow>



</mule>
