<?xml version="1.0" encoding="UTF-8"?>

<mule xmlns:tracking="http://www.mulesoft.org/schema/mule/ee/tracking"
	xmlns:dragonfish="http://www.mulesoft.org/schema/mule/dragonfish"
	xmlns:json="http://www.mulesoft.org/schema/mule/json" xmlns:http="http://www.mulesoft.org/schema/mule/http"
	xmlns:validation="http://www.mulesoft.org/schema/mule/validation"
	xmlns="http://www.mulesoft.org/schema/mule/core" xmlns:doc="http://www.mulesoft.org/schema/mule/documentation"
	xmlns:spring="http://www.springframework.org/schema/beans" xmlns:xsi="http://www.w3.org/2001/XMLSchema-instance"
	xsi:schemaLocation="http://www.springframework.org/schema/beans http://www.springframework.org/schema/beans/spring-beans-current.xsd
http://www.mulesoft.org/schema/mule/core http://www.mulesoft.org/schema/mule/core/current/mule.xsd
http://www.mulesoft.org/schema/mule/json http://www.mulesoft.org/schema/mule/json/current/mule-json.xsd
http://www.mulesoft.org/schema/mule/http http://www.mulesoft.org/schema/mule/http/current/mule-http.xsd
http://www.mulesoft.org/schema/mule/validation http://www.mulesoft.org/schema/mule/validation/current/mule-validation.xsd
http://www.mulesoft.org/schema/mule/dragonfish http://www.mulesoft.org/schema/mule/dragonfish/current/mule-dragonfish.xsd
http://www.mulesoft.org/schema/mule/ee/tracking http://www.mulesoft.org/schema/mule/ee/tracking/current/mule-tracking-ee.xsd">
	<flow name="dragon-order-flow" processingStrategy="synchronous">
		<expression-component doc:name="Set Control Vars"><![CDATA[flowVars.flowName=flow.name;
flowVars.metricCategory=message.inboundProperties.'http.request.path';
flowVars.apiName=message.inboundProperties.'http.request.uri';
flowVars.errorCode="";]]></expression-component>
        <set-variable variableName="baseDeDatosEcommerce" value="${Dragon_BaseDeDatos_Modulo_Ecommerce}" doc:name="Set Base de Datos Ecommerce"/>
		<byte-array-to-string-transformer
			doc:name="Byte Array to String" encoding="UTF-8" mimeType="application/json" />
		<logger message="Orden recibida #[payload]" level="INFO"
			category="com.acqua.utils.SystemLayer" doc:name="Logger" />
		<json:json-to-object-transformer
			returnClass="java.util.HashMap" doc:name="JSON to Object" />
		<enricher target="#[flowVars.currentOrder]" doc:name="Message Enricher">
			<flow-ref name="dragon-order-get-flow" doc:name="dragon-order-get-flow" />
		</enricher>
		<choice doc:name="Choice">
			<when
				expression="#[payload.action=='create' &amp;&amp; flowVars.currentOrder.codigo == null]">
				<enricher target="#[flowVars.request]" doc:name="Message Enricher">
					<custom-transformer mimeType="application/json"
						class="com.acqua.transformer.DragonAltaOrdenTransformer" doc:name="Dragon Orden Transformer" />
				</enricher>
                <expression-component doc:name="Expression"><![CDATA[flowVars.request .put("BaseDeDatos",flowVars.baseDeDatosEcommerce); ]]></expression-component>
				<dragonfish:servicio config-ref="Dragonfish__Configuration"
					entityType="Operacionecommerce_operacionecommercePost" doc:name="Dragonfish">
					<dragonfish:entity-data ref="#[flowVars.request]" />
				</dragonfish:servicio>
				<json:object-to-json-transformer
					encoding="ISO-8859-1" mimeType="application/json" doc:name="Object to JSON" />
			</when>
			<when
				expression="#[(payload.action=='create' || payload.action=='update' )&amp;&amp; flowVars.currentOrder.codigo != null]">
				<enricher target="#[flowVars.request]" doc:name="Message Enricher">
					<custom-transformer mimeType="application/json"
						class="com.acqua.transformer.DragonAltaOrdenTransformer" doc:name="Dragon Orden Transformer" />
				</enricher>
                <expression-component doc:name="Expression"><![CDATA[flowVars.request.put('id',flowVars.request.request.codigo);
flowVars.request .put("BaseDeDatos",flowVars.baseDeDatosEcommerce); ]]></expression-component>
				<dragonfish:servicio config-ref="Dragonfish__Configuration"
					entityType="OperacionecommerceById_operacionecommerceByIdPut"
					doc:name="Dragonfish">
					<dragonfish:entity-data ref="#[flowVars.request]" />
				</dragonfish:servicio>
				<json:object-to-json-transformer
					encoding="ISO-8859-1" mimeType="application/json" doc:name="Object to JSON" />
			</when>
            <when expression="#[payload.action=='cancel'&amp;&amp; flowVars.currentOrder.codigo != null]">
                <enricher target="#[flowVars.request]" doc:name="Message Enricher">
					<custom-transformer mimeType="application/json"
						class="com.acqua.transformer.DragonCancelOrdenTransformer" doc:name="Dragon Orden Transformer" />
				</enricher>
                <expression-component doc:name="Expression"><![CDATA[flowVars.request.put('id',flowVars.request.request.codigo);
flowVars.request .put("BaseDeDatos",flowVars.baseDeDatosEcommerce); ]]></expression-component>
				<dragonfish:servicio config-ref="Dragonfish__Configuration"
					entityType="OperacionecommerceById_operacionecommerceByIdPut"
					doc:name="Dragonfish">
					<dragonfish:entity-data ref="#[flowVars.request]" />
				</dragonfish:servicio>
				<json:object-to-json-transformer
					encoding="ISO-8859-1" mimeType="application/json" doc:name="Object to JSON" />
            </when>
			<otherwise>
				<set-payload value="{}" encoding="ISO-8859-1" mimeType="application/json"
					doc:name="Set Payload" />
			</otherwise>
		</choice>

		<exception-strategy ref="System_Layer_Generic_Exception_Strategy"
			doc:name="Reference Exception Strategy" />
	</flow>
	<flow name="dragon-order-get-flow" processingStrategy="synchronous">
		<expression-component doc:name="Expression"><![CDATA[flowVars.requestTmp = new java.util.HashMap();
flowVars.requestTmp .put("id",payload.idOperacion); 
flowVars.requestTmp .put("BaseDeDatos",flowVars.baseDeDatosEcommerce); ]]></expression-component>
		<dragonfish:servicio config-ref="Dragonfish__Configuration"
			entityType="OperacionecommerceById_operacionecommerceByIdGet"
			doc:name="Dragonfish">
			<dragonfish:entity-data ref="#[flowVars.requestTmp]" />
		</dragonfish:servicio>
		<choice-exception-strategy doc:name="Choice Exception Strategy">
			<catch-exception-strategy
				when="exception.causedBy(org.mule.modules.connector.exceptions.ExternalConnectorException) "
				doc:name="Catch Exception Strategy" enableNotifications="false"
				logException="false">
				<logger message="No existe el la orden en Shopify" level="INFO"
					doc:name="Logger" category="com.acqua.utils.SystemLayer" />
				<expression-component doc:name="Expression"><![CDATA[payload = new java.util.HashMap();]]></expression-component>

			</catch-exception-strategy>
		</choice-exception-strategy>
	</flow>

	<flow name="dragon-get-order-flow" processingStrategy="synchronous">
		<expression-component doc:name="Expression"><![CDATA[flowVars.codigo=(message.inboundProperties.'http.uri.params'.Codigo == null? "":message.inboundProperties.'http.uri.params'.Codigo);]]></expression-component>
		<expression-component doc:name="Expression"><![CDATA[flowVars.request = new java.util.HashMap();
flowVars.request.put("id",flowVars.codigo);
flowVars.request .put("BaseDeDatos",flowVars.baseDeDatosEcommerce); ]]></expression-component>
		<dragonfish:servicio config-ref="Dragonfish__Configuration"
			entityType="OperacionecommerceById_operacionecommerceByIdGet"
			doc:name="Dragonfish">
			<dragonfish:entity-data ref="#[flowVars.request]" />
		</dragonfish:servicio>
		<json:object-to-json-transformer
			doc:name="Object to JSON" mimeType="application/json" />

		<exception-strategy ref="System_Layer_Generic_Exception_Strategy"
			doc:name="Reference Exception Strategy" />
	</flow>

	<flow name="dragon-delete-order-flow" processingStrategy="synchronous">

		<expression-component doc:name="Expression"><![CDATA[flowVars.codigo=(message.inboundProperties.'http.uri.params'.Codigo == null? "":message.inboundProperties.'http.uri.params'.Codigo);]]></expression-component>

		<expression-component doc:name="Expression"><![CDATA[flowVars.request = new java.util.HashMap();
flowVars.request.put("id",flowVars.codigo);
flowVars.request .put("BaseDeDatos",flowVars.baseDeDatosEcommerce); ]]></expression-component>
		<dragonfish:servicio config-ref="Dragonfish__Configuration"
			entityType="OperacionecommerceById_operacionecommerceByIdDelete"
			doc:name="Dragonfish">
			<dragonfish:entity-data ref="#[flowVars.request]" />
		</dragonfish:servicio>

		<json:object-to-json-transformer
			doc:name="Object to JSON" encoding="ISO-8859-1" mimeType="application/json" />

		<exception-strategy ref="System_Layer_Generic_Exception_Strategy"
			doc:name="Reference Exception Strategy" />

	</flow>

</mule>
