<?xml version="1.0" encoding="UTF-8"?>

<mule xmlns:mulerequester="http://www.mulesoft.org/schema/mule/mulerequester"
	xmlns:file="http://www.mulesoft.org/schema/mule/file" xmlns:validation="http://www.mulesoft.org/schema/mule/validation"
	xmlns:http="http://www.mulesoft.org/schema/mule/http" xmlns:tls="http://www.mulesoft.org/schema/mule/tls"
	xmlns:cdata-shopify="http://www.mulesoft.org/schema/mule/cdata-shopify"
	xmlns:tracking="http://www.mulesoft.org/schema/mule/ee/tracking"
	xmlns:scripting="http://www.mulesoft.org/schema/mule/scripting"
	xmlns:dw="http://www.mulesoft.org/schema/mule/ee/dw" xmlns:dragonfish="http://www.mulesoft.org/schema/mule/dragonfish"
	xmlns:json="http://www.mulesoft.org/schema/mule/json" xmlns="http://www.mulesoft.org/schema/mule/core"
	xmlns:doc="http://www.mulesoft.org/schema/mule/documentation"
	xmlns:spring="http://www.springframework.org/schema/beans" xmlns:xsi="http://www.w3.org/2001/XMLSchema-instance"
	xsi:schemaLocation="http://www.springframework.org/schema/beans http://www.springframework.org/schema/beans/spring-beans-current.xsd
http://www.mulesoft.org/schema/mule/core http://www.mulesoft.org/schema/mule/core/current/mule.xsd
http://www.mulesoft.org/schema/mule/dragonfish http://www.mulesoft.org/schema/mule/dragonfish/current/mule-dragonfish.xsd
http://www.mulesoft.org/schema/mule/json http://www.mulesoft.org/schema/mule/json/current/mule-json.xsd
http://www.mulesoft.org/schema/mule/ee/dw http://www.mulesoft.org/schema/mule/ee/dw/current/dw.xsd
http://www.mulesoft.org/schema/mule/scripting http://www.mulesoft.org/schema/mule/scripting/current/mule-scripting.xsd
http://www.mulesoft.org/schema/mule/ee/tracking http://www.mulesoft.org/schema/mule/ee/tracking/current/mule-tracking-ee.xsd
http://www.mulesoft.org/schema/mule/cdata-shopify http://www.mulesoft.org/schema/mule/cdata-shopify/current/mule-cdata-shopify.xsd
http://www.mulesoft.org/schema/mule/http http://www.mulesoft.org/schema/mule/http/current/mule-http.xsd
http://www.mulesoft.org/schema/mule/tls http://www.mulesoft.org/schema/mule/tls/current/mule-tls.xsd
http://www.mulesoft.org/schema/mule/validation http://www.mulesoft.org/schema/mule/validation/current/mule-validation.xsd
http://www.mulesoft.org/schema/mule/file http://www.mulesoft.org/schema/mule/file/current/mule-file.xsd
http://www.mulesoft.org/schema/mule/mulerequester http://www.mulesoft.org/schema/mule/mulerequester/current/mule-mulerequester.xsd">

	<flow name="dragon-get-articulo-flow" processingStrategy="synchronous">
		<flow-ref name="dragon-get-articulo-detail-flow" doc:name="dragon-get-articulo-detail-flow" />
		<logger
			message="SYSTEM LAYER - RESPONSE: #[message.outboundProperties[&quot;http.status&quot;]] Articulo: #[&quot;\n&quot;]#[message.payloadAs(java.lang.String)]"
			level="INFO" category="com.acqua.utils.ConsolaSystemDragon" doc:name="Logger" />
		<catch-exception-strategy
			enableNotifications="false" logException="false" doc:name="Catch Exception Strategy">
			<logger message="SYSTEM LAYER - ERROR recuperando el articulo."
				level="INFO" category="com.acqua.utils.ConsolaDragon" doc:name="Logger CONSOLA" />
		</catch-exception-strategy>
	</flow>

	<flow name="dragon-post-articulo-flow" processingStrategy="synchronous">
		<expression-component doc:name="Set Control Vars"><![CDATA[flowVars.flowName=flow.name;
flowVars.metricCategory=message.inboundProperties.'http.request.path';
flowVars.apiName=message.inboundProperties.'http.request.uri';
flowVars.errorCode="";
payload = new java.util.HashMap();
payload .put("codigo", message.inboundProperties.'http.uri.params'.Codigo);
]]></expression-component>
		<flow-ref name="dragon-producto-marcar-articulo-flow"
			doc:name="dragon-producto-marcar-articulo-flow" />
		<logger
			message="SYSTEM LAYER - RESPONSE: #[message.outboundProperties[&quot;http.status&quot;]] Articulo: #[&quot;\n&quot;]#[message.payloadAs(java.lang.String)]"
			level="INFO" category="com.acqua.utils.ConsolaSystemDragon" doc:name="Logger" />
		<exception-strategy ref="System_Layer_Generic_Exception_Strategy"
			doc:name="Reference Exception Strategy" />
	</flow>
	<flow name="dragon-get-articulo-detail-flow" processingStrategy="synchronous">
		<expression-component doc:name="Set Control Vars"><![CDATA[flowVars.flowName=flow.name;
flowVars.metricCategory=message.inboundProperties.'http.request.path';
flowVars.apiName=message.inboundProperties.'http.request.uri';
flowVars.errorCode="";
flowVars .parameterCodigo=message.inboundProperties.'http.uri.params'.Codigo;
flowVars .parameterInformacion=message.inboundProperties.'http.uri.params'.Informacion;]]></expression-component>
		<expression-component doc:name="Prepare Request"><![CDATA[payload = new java.util.HashMap();
payload .put("id", flowVars .parameterCodigo);]]></expression-component>
		<enricher target="#[flowVars.ecommerces]" doc:name="Get E-Commerces">
			<invoke object-ref="DragonUtil" method="getEcommerces"
				doc:name="Get E-commerces" />
		</enricher>
		<enricher target="#[flowVars.baseDeDatosStock]" doc:name="Get Bases de Stock">
			<invoke object-ref="DragonUtil" method="getBasesDeDatosStock"
				doc:name="Get Bases De Stock" />
		</enricher>
		<logger
			message="#[&quot;--------------------------------------------------------------------------------------------&quot;]"
			level="INFO" category="com.acqua.utils.ConsolaSystemDragon" doc:name="Logger CONSOLA" />
		<logger
			message="SYSTEM LAYER - REQUEST: Recuperando Informacion del Producto de Dragon #[flowVars .parameterCodigo]"
			level="INFO" category="com.acqua.utils.ConsolaSystemDragon" doc:name="Logger CONSOLA" />
		<enricher target="#[flowVars.dragonArticulo]" doc:name="Message Enricher"
			doc:description="Recupera Informacion Base del Maestro de Articulos">
			<dragonfish:servicio config-ref="Dragonfish__Configuration"
				entityType="ArticuloById_articuloByIdGet" doc:name="Dragonfish - Consulta de Articulos" />
		</enricher>
		<set-variable variableName="dragonId" value="#[flowVars.Codigo]"
			doc:name="Variable - Set Dragon ID" />
		<set-variable variableName="tipoProducto"
			value="#[flowVars.dragonArticulo.curvadetalles.isEmpty() &amp;&amp; flowVars.dragonArticulo.paletadecolores.isEmpty()?&quot;simple&quot;:&quot;compuesto&quot;]"
			doc:name="Variable - Tipo Producto" />
		<enricher target="#[flowVars.comprometido]" doc:name="Message Enricher">
			<flow-ref name="dragon-obtener-comprometido-ecommerce-flow"
				doc:name="dragon-obtener-comprometido-ecommerce-flow" />
		</enricher>
		<set-variable variableName="baseDeDatosRecuperacion"
			value="${Dragon_BaseDeDatos_CapturaDePrecio}" doc:name="Set Base" />
		<set-variable variableName="consolidaPrecio"
			value="${Dragon_BaseDeDatos_ConsolidarPrecio}" doc:name="Set Consolida Precio" />


		<enricher target="#[flowVars.dragonArticuloPrecioStock]"
			doc:name="Message Enricher - Lista de Precios Base">
			<flow-ref name="dragon-producto-obtener-precio-stock-flow"
				doc:name="dragon-producto-obtener-precio-stock-flow" />

		</enricher>
		<choice doc:name="Choice">
			<when expression="#[!flowVars.baseDeDatosStock.isEmpty()]">
				<enricher target="#[flowVars.stockPrecioAdicionales]"
					doc:name="Message Enricher" source="#[flowVars.basesAdicionales]">
					<processor-chain doc:name="Processor Chain">
						<expression-component doc:name="Expression"><![CDATA[flowVars.comprometido.clear();
flowVars.tmp=org.apache.commons.lang.SerializationUtils.clone(flowVars.dragonArticuloPrecioStock.resultados);
flowVars.resultados = new java.util.HashMap();
flowVars.resultados.put("resultados",flowVars.tmp);
flowVars.basesAdicionales = new java.util.HashMap();
flowVars.basesAdicionales.put("00-"+flowVars.baseDeDatosRecuperacion,flowVars.resultados);
flowVars.sequence = 1;]]></expression-component>
						<foreach collection="#[flowVars.baseDeDatosStock]"
							doc:name="For Each - Base de Datos">
							<set-variable variableName="baseDeDatosRecuperacion"
								value="#[payload]" doc:name="Set Base" />
							<enricher target="#[flowVars.baseActual]" doc:name="Message Enricher">
								<flow-ref name="dragon-producto-obtener-precio-stock-flow"
									doc:name="dragon-producto-obtener-precio-stock-flow" />
							</enricher>
							<expression-component doc:name="Expression"><![CDATA[flowVars.basesAdicionales.put(String.format("%02d" , flowVars.sequence) + "-" + flowVars.baseDeDatosRecuperacion,flowVars.baseActual);
flowVars.sequence = flowVars.sequence + 1;]]></expression-component>
						</foreach>
					</processor-chain>
				</enricher>
				<invoke object-ref="DragonUtil" method="consolidarBases"
					methodArguments="#[flowVars.dragonArticuloPrecioStock], #[flowVars.stockPrecioAdicionales], #[flowVars.consolidaPrecio]"
					doc:name="Consolida Valores" />
			</when>
			<otherwise>
				<expression-component doc:name="Expression"><![CDATA[flowVars.basesAdicionales=new java.util.HashMap();]]></expression-component>
			</otherwise>
		</choice>

		<foreach collection="#[flowVars.ecommerces]"
			doc:name="For Each - ECommerce - Actualizar Imagen Varianza">
			<enricher source="#[payload]" target="#[flowVars.actualizarImagen]"
				doc:name="Message Enricher">
				<scripting:component doc:name="Groovy - Get Property">
					<scripting:script engine="Groovy"><![CDATA[appProps[payload + '_generar_csv_image_update_images']]]></scripting:script>
				</scripting:component>
			</enricher>
			<invoke object-ref="DragonUtil" method="actualizarImagenVarianzaYComprometido"
				methodArguments="#[flowVars.dragonArticuloPrecioStock],#[payload],#[flowVars.ecommerces],#[flowVars.actualizarImagen]"
				doc:name="Invoke - Obtener Images Varianza" />
		</foreach>
		<expression-component doc:name="Expression - Create Lista"><![CDATA[flowVars.imagenesCabecera= new java.util.HashMap();
]]></expression-component>
		<foreach collection="#[flowVars.ecommerces]"
			doc:name="For Each - ECommerce - Actualizar Imagen Cabecera">
			<set-variable variableName="eCommerce" value="#[payload]"
				doc:name="Variable - Set ECommerce" />
			<set-variable variableName="imageForVarianza" value="#[false]"
				doc:name="Set Image Type" />
			<set-payload value="#[flowVars.dragonArticulo.codigo]"
				doc:name="Set Payload - Set Codigo" />
			<flow-ref name="dragon-producto-obtencion-lista-imagenes-primera-flow"
				doc:name="dragon-producto-obtencion-lista-imagenes-primera-flow" />
			<expression-component doc:name="Expression - Add Image"><![CDATA[flowVars.imagenesCabecera.put("image-" + flowVars.eCommerce, payload);]]></expression-component>
		</foreach>
		<expression-component doc:name="Set Payload"><![CDATA[payload = new java.util.HashMap();
payload .put("articulo", flowVars.dragonArticulo);
payload .putAll(flowVars.imagenesCabecera);
payload.put("precioStock",flowVars.dragonArticuloPrecioStock);
payload.put("basesAdicionales",flowVars.stockPrecioAdicionales);
payload.put("barecode",flowVars.barecode);]]></expression-component>
		<invoke object-ref="JsonTransform" method="generarJSON"
			methodArguments="#[payload]" doc:name="Invoke - JSON Transform" />
		<set-payload value="#[payload]" encoding="UTF-8"
			mimeType="application/json" doc:name="Set Payload" />
		<exception-strategy ref="System_Layer_Generic_Exception_Strategy"
			doc:name="Reference Exception Strategy" />
	</flow>


	<flow name="dragon-obtener-comprometido-ecommerce-flow"
		processingStrategy="synchronous">

		<mulerequester:request
			resource="file:///tmp/pending.json?connector=no-delete-file-connector"
			doc:name="Mule Requester" throwExceptionOnTimeout="true" />

		<logger message="Comprometido: #[payload]" level="INFO"
			category="com.acqua.utils.ConsolaSystemDragon" doc:name="Logger" />
		<byte-array-to-string-transformer
			doc:name="Byte Array to String" />
		<json:json-to-object-transformer
			returnClass="java.util.HashMap" doc:name="JSON to Object" />
		<set-variable variableName="tiempoDeVigencia"
			value="${Dragon_Vigencia_Cache_Comprometido}" doc:name="Set Tiempo Vigencia" />


		<enricher target="#[flowVars.vigente]" doc:name="Message Enricher">
			<invoke object-ref="DragonUtil" method="verificarVigencia"
				methodArguments="#[payload.get(&quot;timestamp&quot;)],#[flowVars.tiempoDeVigencia],#[server.dateTime]"
				doc:name="Invoke - Verificar Vigencia" />
		</enricher>
		<choice doc:name="Choice">
			<when expression="#[!flowVars.vigente]">
                <logger message="Persistencia NO Vigente" level="INFO" category="com.acqua.utils.SystemLayer" doc:name="Logger"/>
                <set-payload value="#[new java.util.HashMap()]" doc:name="Reset HashMap"/>

			</when>
			<otherwise>
				<logger message="Persistencia vigente" level="INFO"
					category="com.acqua.utils.SystemLayer" doc:name="Logger" />

			</otherwise>
		</choice>
		<choice-exception-strategy doc:name="Copy_of_Choice Exception Strategy">
			<catch-exception-strategy
				enableNotifications="false" logException="false" doc:name="Catch Exception Strategy">
				<logger message="No existe persistencia del comprometido"
					level="INFO" category="com.acqua.utils.SystemLayer" doc:name="Logger" />
				<set-payload value="#[new java.util.HashMap()]"
					doc:name="Set Payload" />
			</catch-exception-strategy>
		</choice-exception-strategy>
	</flow>

	<flow name="dragon-producto-obtencion-lista-imagenes-primera-flow"
		processingStrategy="synchronous">
		<set-variable variableName="secuencia" value="#[-1]"
			doc:name="Set Sequence" />
		<expression-component doc:name="Prepare Variable De Retorno"><![CDATA[flowVars.images = new java.util.ArrayList();
flowVars.articuloARecuperar=payload;
flowVars.Existe=false;]]></expression-component>
		<logger message="Ruta de la Imagen: #[payload]" level="INFO"
			category="com.acqua.utils.SystemLayer" doc:name="Logger" />
		<flow-ref name="dragon-producto-get-image-flow" doc:name="dragon-producto-get-image-flow" />


		<choice doc:name="Choice">
			<when expression="#[!payload]">
				<set-payload value="#[flowVars.articuloARecuperar]"
					doc:name="Restore Payload" />
				<flow-ref name="dragon-producto-obtencion-lista-imagenes-siguiente-flow"
					doc:name="dragon-producto-obtencion-lista-imagenes-siguiente-flow" />
			</when>
			<otherwise>
				<expression-component doc:name="Expression"><![CDATA[flowVars.images.add(flowVars.articuloARecuperar);]]></expression-component>
				<logger message="Se encontro la imagen #[flowVars.articuloARecuperar]"
					level="INFO" category="com.acqua.utils.SystemLayer" doc:name="Logger" />
				<set-payload value="#[flowVars.images]" doc:name="Set Payload" />
			</otherwise>
		</choice>
	</flow>

	<flow name="dragon-producto-obtencion-lista-imagenes-varianza-flow"
		processingStrategy="synchronous">
		<set-variable variableName="secuencia" value="#[-1]"
			doc:name="Set Sequence" />
		<expression-component doc:name="Prepare Variable De Retorno"><![CDATA[flowVars.images = new java.util.ArrayList();
flowVars.articuloARecuperar=payload;
flowVars.Existe=false;]]></expression-component>
		<logger message="Ruta de la Imagen: #[payload]" level="INFO"
			category="com.acqua.utils.SystemLayer" doc:name="Logger" />
		<flow-ref name="dragon-producto-get-image-flow" doc:name="dragon-producto-get-image-flow" />


		<choice doc:name="Choice">
			<when expression="#[!payload]">
				<logger
					message="No se encontro la imagen para la varianza #[flowVars.articuloARecuperar]"
					level="INFO" category="com.acqua.utils.SystemLayer" doc:name="Logger" />
				<set-payload value="#[flowVars.images]" doc:name="Restore Payload" />
				<flow-ref name="dragon-producto-obtencion-lista-imagenes-siguiente-flow"
					doc:name="dragon-producto-obtencion-lista-imagenes-siguiente-flow" />

			</when>
			<otherwise>
				<expression-component doc:name="Expression"><![CDATA[flowVars.images.add(flowVars.articuloARecuperar);]]></expression-component>
				<logger message="Se encontro la imagen #[flowVars.articuloARecuperar]"
					level="INFO" category="com.acqua.utils.SystemLayer" doc:name="Logger" />
				<set-payload value="#[flowVars.images]" doc:name="Set Payload" />
			</otherwise>
		</choice>
	</flow>

	<flow name="dragon-producto-get-image-flow" processingStrategy="synchronous">
		<invoke object-ref="DragonUtil" method="existsShopifyImage"
			methodArguments="#[flowVars.articuloARecuperar],#[flowVars.secuencia],#[flowVars.eCommerce]"
			doc:name="Invoke - Si existe Imagen" />
		<set-variable variableName="Existe" value="#[payload]"
			doc:name="Set Existe" />


		<choice-exception-strategy doc:name="Choice Exception Strategy">
			<catch-exception-strategy
				when="exception.causedBy(org.mule.modules.connector.exceptions.ExternalConnectorException)  &amp;&amp; (exception.cause.message.equals(&quot;INTERNAL: Bad Request&quot;))"
				enableNotifications="false" logException="false" doc:name="Catch Exception Strategy">
				<logger message="No existe el imagen del articulo" level="INFO"
					category="com.acqua.utils.SystemLayer" doc:name="Logger" />
				<set-variable variableName="Existe" value="#[false]"
					doc:name="Variable" />

			</catch-exception-strategy>
		</choice-exception-strategy>
	</flow>

	<flow name="dragon-producto-obtencion-lista-imagenes-siguiente-flow"
		processingStrategy="synchronous">
		<set-variable variableName="secuencia" value="#[flowVars.secuencia  + 1]"
			doc:name="Add Sequence" />
		<flow-ref name="dragon-producto-get-image-flow" doc:name="dragon-producto-get-image-flow" />

		<choice doc:name="Choice">
			<when expression="#[payload]">
				<expression-component doc:name="Expression"><![CDATA[flowVars.images.add(app.registry.DragonUtil.obtenerImagenName(flowVars.articuloARecuperar, flowVars.secuencia));]]></expression-component>
				<flow-ref name="dragon-producto-obtencion-lista-imagenes-siguiente-flow"
					doc:name="dragon-producto-obtencion-lista-imagenes-siguiente-flow" />
			</when>
			<otherwise>
				<logger message="Se encontro la imagen #[flowVars.articuloARecuperar]"
					level="INFO" category="com.acqua.utils.SystemLayer" doc:name="Logger" />
				<set-payload value="#[flowVars.images]" doc:name="Set Payload" />
			</otherwise>
		</choice>

	</flow>
	<flow name="dragon-get-articulo-image-flow" processingStrategy="synchronous">
		<logger
			message="Leyendo Articulo: #[message.inboundProperties.'http.uri.params'.Codigo]"
			category="com.acqua.utils.SystemLayer" level="INFO" doc:name="Logger" />
		<expression-component doc:name="Set Control Vars"><![CDATA[flowVars.flowName=flow.name;
flowVars.metricCategory=message.inboundProperties.'http.request.path';
flowVars.apiName=message.inboundProperties.'http.request.uri'; 
flowVars.errorCode="";]]></expression-component>
		<expression-component doc:name="Prepare Request"><![CDATA[payload = new java.util.HashMap();
payload .put("id", message.inboundProperties.'http.uri.params'.Codigo);]]></expression-component>
		<dragonfish:servicio config-ref="Dragonfish__Configuration"
			entityType="ArticuloById_articuloByIdGet" doc:name="Dragonfish" />
		<logger message="#[payload]" level="INFO" doc:name="Logger"
			category="com.acqua.utils.SystemLayer" />
	</flow>
	<flow name="dragon-obtener-productos-modificados-flow"
		processingStrategy="synchronous">
		<flow-ref name="dragon-obtener-todos-los-productos-modificados-flow"
			doc:name="dragon-obtener-todos-los-productos-modificados-flow" />
		<logger
			message="SYSTEM LAYER - RESPONSE: #[message.outboundProperties[&quot;http.status&quot;]] Articulos Modificados: #[&quot;\n&quot;]#[payload]"
			level="INFO" category="com.acqua.utils.ConsolaSystemDragon" doc:name="Logger CONSOLA" />
	</flow>

	<flow name="dragon-obtener-todos-los-productos-modificados-flow"
		processingStrategy="synchronous">
		<expression-component doc:name="Set Control Vars"><![CDATA[flowVars.flowName=flow.name;
flowVars.metricCategory=message.inboundProperties.'http.request.path';
flowVars.apiName=message.inboundProperties.'http.request.uri';
flowVars.errorCode="";]]></expression-component>

		<choice doc:name="Choice">
			<when
				expression="#[message.inboundProperties.'http.uri.params'.FechaModificacion == null]">
				<logger message="SYSTEM LAYER - REQUEST: Leyendo Productos Modificados"
					level="INFO" category="com.acqua.utils.ConsolaSystemDragon"
					doc:name="Logger CONSOLA" />
				<set-variable variableName="articuloDragonKey" value="${Dragon_Articulo_Control}"
					doc:name="Set Articulo Dragon" />

				<enricher target="#[flowVars.FechaModificacion]"
					doc:name="Message Enricher - Set Fecha de Modificacion">
					<processor-chain doc:name="Processor Chain">
						<logger
							message="SYSTEM LAYER - Recuperando Fecha de Ultima modifiacion del registro de equivalencia del producto: #[flowVars.articuloDragonKey]"
							level="INFO" category="com.acqua.utils.ConsolaSystemDragon"
							doc:name="Logger CONSOLA" />
						<flow-ref name="dragon-producto-obtener-articulo-control-flow"
							doc:name="dragon-producto-obtener-articulo-control-flow" />
						<logger message="SYSTEM LAYER - Ultima fecha de actualizacion #[payload]"
							level="INFO" category="com.acqua.utils.ConsolaSystemDragon"
							doc:name="Logger CONSOLA" />
					</processor-chain>


				</enricher>
			</when>
			<otherwise>
				<logger
					message="SYSTEM LAYER - REQUEST: Leyendo Productos Modificados posgterior a Fecha: #[message.inboundProperties.'http.uri.params'.FechaModificacion]"
					level="INFO" category="com.acqua.utils.ConsolaSystemDragon"
					doc:name="Logger CONSOLA" />
				<set-variable variableName="FechaModificacion"
					value="#[message.inboundProperties.'http.uri.params'.FechaModificacion]"
					doc:name="Set Fecha Modificacion" />
			</otherwise>
		</choice>


		<expression-component doc:name="Set Control Vars"><![CDATA[flowVars.flowName="dragon-producto-process-request-while-flow";
flowVars.metricCategory="Dragon-Product";
flowVars.apiName="Articulos Modificados";
flowVars.errorCode="";
flowVars.page=1;
flowVars.returnValue = new java.util.ArrayList();]]></expression-component>
		<flow-ref name="dragon-producto-process-request-while-flow"
			doc:name="dragon-producto-process-request-while-flow" />

		<set-payload value="#[flowVars.returnValue]" doc:name="Set Payload" />
		<invoke object-ref="DragonUtil" method="sortArrayList"
			methodArguments="#[payload]" doc:name="Invoke - Reverse ArrayList" />

		<json:object-to-json-transformer
			doc:name="Object to JSON" />
		<set-property propertyName="http.status" value="#[200]"
			doc:name="http.status" />



		<exception-strategy ref="System_Layer_Generic_Exception_Strategy"
			doc:name="Reference Exception Strategy" />
	</flow>

	<flow name="dragon-obtener-todos-los-productos-publicados-flow"
		processingStrategy="synchronous">
		<expression-component doc:name="Set Control Vars"><![CDATA[flowVars.flowName=flow.name;
flowVars.metricCategory=message.inboundProperties.'http.request.path';
flowVars.apiName=message.inboundProperties.'http.request.uri';
flowVars.errorCode="";]]></expression-component>
		<expression-component doc:name="Set Control Vars"><![CDATA[flowVars.pageInfo=''; 
flowVars.articulosAModificar = new java.util.HashSet();
flowVars.eCommerceAProcesar = message.inboundProperties.'http.uri.params'.Ecommerce;
flowVars.actualizarPistaDeAuditoria = message.inboundProperties.'http.uri.params'.ActualizarArticuloDragon;]]></expression-component>
		<enricher target="#[flowVars.ecommerces]" doc:name="Message Enricher">
			<invoke object-ref="DragonUtil" method="getEcommerces"
				doc:name="Get E-commerces" />
		</enricher>

		<foreach collection="#[flowVars.ecommerces]" doc:name="For Each">
			<choice doc:name="Choice">
				<when
					expression="#[flowVars.eCommerceAProcesar.equals(&quot;all&quot;) || flowVars.eCommerceAProcesar.equals(payload)]">
					<http:request config-ref="HTTP_SystemLayer_API"
						path="/#[payload]/obtener-articulos-dragon-publicados/false/false"
						method="GET" doc:name="HTTP - Obtener Articulos Publicados">
						<http:success-status-code-validator
							values="200..599" />
					</http:request>
					<validation:custom-validator
						config-ref="Validation_Configuration"
						message="No se pudo recuperar articulos publicado en #[payload]"
						class="com.acqua.common.sl.validator.SLExternalRestfulValidator"
						doc:name="Validation HTTP Response" />
					<json:json-to-object-transformer
						returnClass="java.util.ArrayList" doc:name="JSON to Object" />
					<expression-component doc:name="Expression"><![CDATA[flowVars.articulosAModificar.addAll(payload);]]></expression-component>
				</when>
				<otherwise>
					<logger message="SYSTEM LAYER - ECommerce Ignored" level="INFO"
						category="com.acqua.utils.ConsolaSystemDragon" doc:name="Logger CONSOLA" />
				</otherwise>
			</choice>




		</foreach>

		<logger
			message="SYSTEM LAYER - Articulos Publicados en E-Commerce #[&quot;\n&quot;]#[flowVars.articulosAModificar]"
			level="INFO" category="com.acqua.utils.ConsolaSystemDragon" doc:name="Logger CONSOLA" />
		<expression-component doc:name="Expression"><![CDATA[flowVars.returnValue = new java.util.ArrayList();]]></expression-component>

		<foreach collection="#[flowVars.articulosAModificar]"
			doc:name="For Each">
			<enricher target="#[flowVars.articulosControlados]"
				doc:name="Message Enricher">
				<flow-ref name="dragon-producto-verificar-existencia-articulo-flow"
					doc:name="dragon-producto-verificar-existencia-articulo-flow" />
			</enricher>


		</foreach>
		<choice doc:name="Choice">
			<when expression="#[flowVars.actualizarPistaDeAuditoria]">
				<foreach collection="#[flowVars.articulosAModificar]"
					doc:name="For Each">
					<flow-ref name="dragon-producto-marcar-articulo-flow"
						doc:name="dragon-producto-marcar-articulo-flow" />
				</foreach>
			</when>
			<otherwise>
				<logger message="SYSTEM LAYER - No actualiza Pista de Auditoria"
					level="INFO" category="com.acqua.utils.ConsolaSystemDragon"
					doc:name="Logger" />
			</otherwise>
		</choice>
		<foreach doc:name="For Each" collection="#[flowVars.articulosAModificar]">
			<expression-component doc:name="Expression"><![CDATA[flowVars.tmp = new com.acqua.utils.CodigoRecord(payload, '');
flowVars.returnValue.add(flowVars.tmp);]]></expression-component>
		</foreach>

		<set-payload value="#[flowVars.returnValue]" doc:name="Set Payload" />
		<invoke object-ref="DragonUtil" method="sortArrayList"
			methodArguments="#[payload]" doc:name="Invoke - Reverse ArrayList" />


		<json:object-to-json-transformer
			doc:name="Object to JSON" />
		<set-property propertyName="http.status" value="#[200]"
			doc:name="http.status" />



		<exception-strategy ref="System_Layer_Generic_Exception_Strategy"
			doc:name="Reference Exception Strategy" />
	</flow>



	<flow name="dragon-producto-process-request-while-flow"
		processingStrategy="synchronous">
		<set-variable variableName="QtyRecs"
			value="#[${Dragon_CantidadDeRegistrosPorRequest}]" doc:name="Set Qty Records" />
		<expression-component doc:name="Prepare Request"><![CDATA[payload = new java.util.HashMap();
payload .put("limit", flowVars.QtyRecs);
payload .put("page", flowVars.page);
payload .put("sort", "-informacionAdicional.FechaModificacionFW,-informacionAdicional.HoraModificacionFW");

]]></expression-component>



		<dragonfish:servicio config-ref="Dragonfish__Configuration"
			entityType="Articulo_articuloGet" doc:name="Dragonfish" />
		<choice doc:name="Choice">
			<when expression="#[payload.totalRegistros &gt; 0]">
				<enricher target="#[flowVars.procesarPrimerRegistro]"
					doc:name="Message Enricher">
					<invoke object-ref="DragonUtil" method="seDebeProcesarRegistro"
						methodArguments="#[payload.resultados[0].codigo], #[payload.resultados[0].informacionAdicional[0].fechaModificacionFW],#[payload.resultados[0].informacionAdicional[0].horaModificacionFW],#[flowVars.FechaModificacion]"
						doc:name="Invoke - Si se debe Procesar Primer Registro" />
				</enricher>
			</when>
			<otherwise>
				<set-variable variableName="procesarPrimerRegistro"
					value="#[false]" doc:name="Set Procesar Registros" />
			</otherwise>
		</choice>
		<choice doc:name="Choice - Hay Registros a Procesar?">
			<when
				expression="#[payload.totalRegistros &gt; 0 &amp;&amp; flowVars.procesarPrimerRegistro]">
				<enricher target="#[flowVars.page]" doc:name="Message Enricher">
					<invoke object-ref="DragonUtil" method="obtenerPagina"
						methodArguments="#[payload.siguiente!=null?payload.siguiente:&quot;NULL&quot;]"
						doc:name="Invoke - Obtener Pagina" />
				</enricher>

				<foreach collection="#[payload.resultados]" doc:name="For Each">
					<enricher target="#[flowVars.seDebeProcesarRegistro]"
						doc:name="Message Enricher">
						<invoke object-ref="DragonUtil" method="seDebeProcesarRegistro"
							methodArguments="#[payload.codigo], #[payload.informacionAdicional[0].fechaModificacionFW!=null?payload.informacionAdicional[0].fechaModificacionFW:&quot;NULL&quot;],#[payload.informacionAdicional[0].horaModificacionFW!=null?payload.informacionAdicional[0].horaModificacionFW:&quot;NULL&quot;],#[flowVars.FechaModificacion]"
							doc:name="Invoke - Si se debe Procesar" />
					</enricher>

					<choice doc:name="Choice - Procesar?">
						<when expression="#[flowVars.seDebeProcesarRegistro]">
							<logger
								message="Codigo modificado: #[payload.codigo] Fecha Modificado: #[payload.informacionAdicional[0].fechaModificacionFW] Hora: Fecha Modificado: #[payload.informacionAdicional[0].horaModificacionFW]"
								category="com.acqua.utils.SystemLayer" level="INFO" doc:name="Logger" />
							<expression-component doc:name="Preparing Response"><![CDATA[flowVars.tmpList = new com.acqua.utils.CodigoRecord(payload.codigo , payload.informacionAdicional[0].fechaModificacionFW + '|' + payload.informacionAdicional[0].horaModificacionFW);
returnValue.add(flowVars.tmpList);]]></expression-component>
						</when>
						<otherwise>
							<logger
								message="Codigo NO modificado: #[payload.codigo] Fecha Modificado: #[payload.informacionAdicional.fechaModificacionFW] Hora: Fecha Modificado: #[payload.informacionAdicional.horaModificacionFW]"
								category="com.acqua.utils.SystemLayer" level="INFO" doc:name="Logger" />
							<set-variable variableName="page" value="#[0]"
								doc:name="Set Page to 0" />
						</otherwise>
					</choice>
				</foreach>

			</when>
			<otherwise>
				<logger message="No hay registros a Procesar" category="com.acqua.utils.SystemLayer"
					level="INFO" doc:name="Logger" />
				<set-variable variableName="page" value="#[0]"
					doc:name="Set Page to 0" />

			</otherwise>
		</choice>
		<choice doc:name="Choice - Hay mas Paginas Pendientes?">
			<when expression="#[flowVars.page&gt;0]">
				<flow-ref name="dragon-producto-process-request-while-flow"
					doc:name="dragon-producto-process-request-while-flow" />
			</when>
			<otherwise>
				<logger message="No hay mas paginas pendientes" category="com.acqua.utils.SystemLayer"
					level="INFO" doc:name="Logger" />
			</otherwise>
		</choice>

	</flow>

	<flow name="dragon-producto-pendiente-facturacion-e-commerce-flow"
		processingStrategy="synchronous">

		<dragonfish:servicio config-ref="Dragonfish__Configuration"
			entityType="Operacionecommerce_operacionecommerceGet" doc:name="Dragonfish - Consulta de Operaciones E-Commerce" />
		<choice-exception-strategy doc:name="Choice Exception Strategy">
			<catch-exception-strategy
				when="exception.causedBy(org.mule.modules.connector.exceptions.ExternalConnectorException) "
				enableNotifications="false" logException="false" doc:name="Catch Exception Strategy">
				<logger message="SYSTEM LAYER - No existen operaciones Ecommerce"
					level="INFO" category="com.acqua.utils.ConsolaSystemDragon"
					doc:name="Logger CONSOLE" />
				<expression-component doc:name="Expression"><![CDATA[payload = new java.util.HashMap();
payload .put("totalRegistros", 0);]]></expression-component>
			</catch-exception-strategy>
		</choice-exception-strategy>
	</flow>








	<flow name="dragon-producto-verificar-existencia-articulo-flow"
		processingStrategy="synchronous">
		<set-variable variableName="cod" value="#[payload]"
			doc:name="Variable" />
		<expression-component doc:name="Expression"><![CDATA[payload = new java.util.HashMap();
payload .put("id", flowVars.cod);]]></expression-component>
		<dragonfish:servicio config-ref="Dragonfish__Configuration"
			entityType="ArticuloById_articuloByIdGet" doc:name="Dragonfish" />

		<logger
			message="SYSTEM LAYER - El articulo #[payload] existe en transaccion y  en el maestro  pero indica no Publicar."
			level="INFO" category="com.acqua.utils.ConsolaSystemDragon" doc:name="Logger" />


		<choice-exception-strategy doc:name="Choice Exception Strategy">
			<catch-exception-strategy
				when="exception.causedBy(org.mule.modules.connector.exceptions.ExternalConnectorException) "
				enableNotifications="false" logException="false" doc:name="Catch Exception Strategy">
				<logger
					message="SYSTEM LAYER - El articulo #[payload] existe en transaccion y no en el maestro. No se procesara."
					level="INFO" category="com.acqua.utils.ConsolaSystemDragon"
					doc:name="Logger CONSOLE" />
				<expression-component doc:name="Expression"><![CDATA[flowVars.articulosAModificar.remove(flowVars.cod)]]></expression-component>

			</catch-exception-strategy>
		</choice-exception-strategy>
	</flow>

	<flow name="dragon-check-existencia-articulo-flow"
		processingStrategy="synchronous">
		<set-variable variableName="cod" value="#[payload]"
			doc:name="Variable" />
		<expression-component doc:name="Expression"><![CDATA[payload = new java.util.HashMap();
payload .put("id", flowVars.cod);]]></expression-component>
		<dragonfish:servicio config-ref="Dragonfish__Configuration"
			entityType="ArticuloById_articuloByIdGet" doc:name="Dragonfish" />

		<logger
			message="SYSTEM LAYER - El articulo #[payload] existe en ECommerce y Dragon"
			level="INFO" category="com.acqua.utils.ConsolaSystemDragon" doc:name="Logger" />


		<choice-exception-strategy doc:name="Choice Exception Strategy">
			<catch-exception-strategy
				when="exception.causedBy(org.mule.modules.connector.exceptions.ExternalConnectorException) "
				enableNotifications="false" logException="false" doc:name="Catch Exception Strategy">
				<logger
					message="SYSTEM LAYER - El articulo #[payload] existe en ecommerce y no en el maestro."
					level="INFO" category="com.acqua.utils.ConsolaSystemDragon"
					doc:name="Logger CONSOLE" />
				<expression-component doc:name="Expression"><![CDATA[returnValue.add(flowVars.cod);]]></expression-component>


			</catch-exception-strategy>
		</choice-exception-strategy>
	</flow>

	<flow name="dragon-producto-marcar-articulo-flow"
		processingStrategy="synchronous">
		<enricher target="#[flowVars.articuloMarcado]" doc:name="Message Enricher">
			<processor-chain doc:name="Processor Chain">

				<expression-component doc:name="Expression"><![CDATA[flowVars.tmpRoot = new java.util.HashMap();
flowVars.tmpA = new java.util.HashMap();
if(payload.codigo!=null)
{
flowVars.tmpRoot .put("id", payload.codigo);
flowVars.tmpA .put("codigo", payload.codigo);
}
else
{
flowVars.tmpRoot .put("id", payload);
flowVars.tmpA .put("codigo", payload);
}
flowVars.tmpRoot .put("request", flowVars.tmpA);
payload = flowVars.tmpRoot;
]]></expression-component>
				<dragonfish:servicio config-ref="Dragonfish__Configuration"
					entityType="ArticuloById_articuloByIdPut" doc:name="Dragonfish" />

			</processor-chain>
		</enricher>
		<choice-exception-strategy doc:name="Choice Exception Strategy">
			<catch-exception-strategy
				when="exception.causedBy(org.mule.modules.connector.exceptions.ExternalConnectorException)"
				enableNotifications="false" logException="false" doc:name="Catch Exception Strategy">
				<logger
					message="SYSTEM LAYER - El articulo #[payload] no pudo ser modificado. #[exception]. No se procesara en este ciclo."
					level="INFO" category="com.acqua.utils.ConsolaSystemDragon"
					doc:name="Logger CONSOLE" />
				<set-payload value="#[&quot;&quot;]" doc:name="Set Payload" />
			</catch-exception-strategy>
		</choice-exception-strategy>
	</flow>

	<flow name="dragon-producto-actualizar-producto-flow"
		processingStrategy="synchronous">
		<expression-component doc:name="Set Control Vars"><![CDATA[flowVars.flowName=flow.name;
flowVars.metricCategory=message.inboundProperties.'http.request.path';
flowVars.apiName=message.inboundProperties.'http.request.uri';
flowVars.errorCode="";
flowVars .parameterCodigo=message.inboundProperties.'http.uri.params'.Codigo;]]></expression-component>
		<byte-array-to-string-transformer
			doc:name="Byte Array to String" encoding="UTF-8" mimeType="application/json" />
		<json:json-to-object-transformer
			returnClass="java.util.HashMap" doc:name="JSON to Object" />
		<enricher target="#[flowVars.articuloAdded]" doc:name="Message Enricher">
			<processor-chain doc:name="Processor Chain">
				<expression-component doc:name="Expression"><![CDATA[flowVars.request = new java.util.HashMap();
flowVars.request .put("id", flowVars .parameterCodigo);
flowVars.request .put("request", payload);
]]></expression-component>
				<dragonfish:servicio config-ref="Dragonfish__Configuration"
					entityType="ArticuloById_articuloByIdPut" doc:name="Dragonfish">
					<dragonfish:entity-data ref="#[flowVars.request]" />
				</dragonfish:servicio>
			</processor-chain>
		</enricher>
		<expression-component doc:name="Expression"><![CDATA[payload = new java.util.HashMap();
payload .put("articulo", flowVars.articuloAdded);]]></expression-component>


		<json:object-to-json-transformer
			doc:name="Object to JSON" />

		<exception-strategy ref="System_Layer_Generic_Exception_Strategy"
			doc:name="Reference Exception Strategy" />

	</flow>


	<flow name="dragon-producto-obtener-barcode-flow"
		processingStrategy="synchronous">
		<expression-component doc:name="Expression - Prepare Request"><![CDATA[payload = new java.util.HashMap();
payload .put("articulo",flowVars.articuloDragonKey); 
payload .put("color",flowVars.articuloDragonColor); 
payload .put("talle",flowVars.articuloDragonTalle); ]]></expression-component>
		<dragonfish:servicio config-ref="Dragonfish__Configuration"
			entityType="Equivalencia_equivalenciaGet" doc:name="Dragonfish" />
		<set-payload value="#[payload.resultados[0].codigo]"
			doc:name="Set Payload" />


		<choice-exception-strategy doc:name="Choice Exception Strategy">
			<catch-exception-strategy
				when="exception.causedBy(org.mule.modules.connector.exceptions.ExternalConnectorException) &amp;&amp; (exception.cause.message.equals(&quot;INTERNAL: Not Found&quot;))"
				doc:name="Catch Exception Strategy" enableNotifications="false"
				logException="false">
				<logger message="No existe el producto en Shopify" level="INFO"
					doc:name="Logger" category="com.acqua.utils.SystemLayer" />
				<set-payload value="#[&quot;&quot;]" doc:name="Set Payload" />


			</catch-exception-strategy>
		</choice-exception-strategy>

	</flow>

	<flow name="dragon-producto-obtener-articulo-control-flow"
		processingStrategy="synchronous">
		<expression-component doc:name="Expression - Prepare Request"><![CDATA[payload = new java.util.HashMap();
payload .put("articulo",flowVars.articuloDragonKey); 
payload .put("color",""); 
payload .put("talle",""); ]]></expression-component>
		<dragonfish:servicio config-ref="Dragonfish__Configuration"
			entityType="Equivalencia_equivalenciaGet" doc:name="Dragonfish" />

		<invoke object-ref="DragonUtil" method="obtenerFechaModifiacion"
			methodArguments="#[payload.resultados[0].observacion]" doc:name="Invoke - Obtener Fecha Modificacion" />

		<choice-exception-strategy doc:name="Choice Exception Strategy">
			<catch-exception-strategy
				when="exception.causedBy(org.mule.modules.connector.exceptions.ExternalConnectorException) &amp;&amp; (exception.cause.message.equals(&quot;INTERNAL: Not Found&quot;))"
				doc:name="Catch Exception Strategy" enableNotifications="false"
				logException="false">
				<logger
					message="SYSTEM LAYER - No existe registro de equivalencia para el producto: #[flowVars.articuloDragonKey]. Se toma como fecha base la de la configuracion: ${Dragon_FechaUltimaActualizacion}"
					level="INFO" doc:name="Logger CONSOLA" category="com.acqua.utils.ConsolaSystemDragon" />
				<set-payload value="${Dragon_FechaUltimaActualizacion}"
					doc:name="Set Payload" />


			</catch-exception-strategy>
		</choice-exception-strategy>

	</flow>

	<flow name="dragon-producto-obtener-precio-stock-flow"
		processingStrategy="synchronous">

		<flow-ref name="dragon-producto-obtener-precio-stock-process-flow"
			doc:name="dragon-producto-obtener-precio-stock-process-flow" />
		<foreach collection="#[payload.resultados]" doc:name="For Each - Clean Resultado"
			doc:description="Remueve del resultado:
Los articulos que no son el mismo codigo.
Y si el articulo es simple, los resultados de las varianzas.">
			<expression-component doc:name="Expression"><![CDATA[flowVars.sku = new com.acqua.utils.Sku(payload.articulo , payload.color, payload.talle,"${Paleta_Colores_Separador}","${SKU_Separador}");]]></expression-component>
			<expression-component doc:name="Expression"><![CDATA[payload.put("sku",flowVars.sku.getSKU());
if(flowVars.comprometido.containsKey(flowVars.sku.toString()))
{
	payload.put("comprometidoOrdenesECommerce",flowVars.comprometido.get(flowVars.sku.toString()));
} else
{
	payload.put("comprometidoOrdenesECommerce",0);
}
if ( payload.articulo != flowVars.dragonArticulo.codigo){
	rootMessage.payload.resultados.remove(payload);
} else
{
	flowVars.articuloBase=payload.color.isEmpty() && payload.talle.isEmpty();
    if(!flowVars.articuloBase && flowVars.tipoProducto=='simple')
    { 
		rootMessage.payload.resultados.remove(payload);
	}
	if(flowVars.articuloBase && flowVars.tipoProducto!='simple')
    { 
		rootMessage.payload.resultados.remove(payload);
	}
}

]]></expression-component>
		</foreach>

		<logger message="Lista de Precio Recuperada" level="INFO"
			category="com.acqua.utils.SystemLayer" doc:name="Logger Lista" />

	</flow>

	<flow name="dragon-producto-obtener-precio-stock-process-flow"
		processingStrategy="synchronous">
		<expression-component doc:name="Expression"><![CDATA[payload = new java.util.HashMap();
payload .put("BaseDeDatos",flowVars.baseDeDatosRecuperacion); 
payload .put("query",flowVars.dragonArticulo.codigo); 
payload .put("stockcero",true);

]]></expression-component>
		<set-variable variableName="pageNo" value="#[1]"
			doc:name="Set Page" />
		<enricher target="#[flowVars.returnValue]" doc:name="Message Enricher">
			<flow-ref name="dragon-producto-obtener-precio-stock-first-flow"
				doc:name="dragon-producto-obtener-precio-stock-first-flow" />
		</enricher>
		<choice doc:name="Choice">
			<when expression="#[flowVars.returnValue.siguiente != null]">
				<set-variable variableName="pageNo" value="#[flowVars.pageNo + 1]"
					doc:name="Set Next Page" />
				<expression-component doc:name="Expression"><![CDATA[flowVars.resultados = new java.util.ArrayList()]]></expression-component>
				<enricher source="#[flowVars.resultados]" target="#[flowVars.adicionales]"
					doc:name="Message Enricher">
					<flow-ref name="dragon-producto-obtener-precio-stock-while-flow"
						doc:name="dragon-producto-obtener-precio-stock-while-flow" />
				</enricher>
				<expression-component doc:name="Expression"><![CDATA[flowVars.returnValue.resultados.addAll(flowVars.adicionales);
payload=flowVars.returnValue;

]]></expression-component>
			</when>
			<otherwise>
				<logger message="No more page" level="INFO"
					category="com.acqua.utils.SystemLayer" doc:name="Logger" />
				<expression-component doc:name="Expression"><![CDATA[
flowVars.returnValue.remove("siguiente");
flowVars.returnValue.remove("countResultado");
payload=flowVars.returnValue;]]></expression-component>
			</otherwise>
		</choice>


		<choice-exception-strategy doc:name="Choice Exception Strategy">
			<catch-exception-strategy
				when="exception.causedBy(org.mule.modules.connector.exceptions.ExternalConnectorException) "
				enableNotifications="false" logException="false" doc:name="Catch Exception Strategy">
				<logger message="SYSTEM LAYER - No existe Stock" level="INFO"
					category="com.acqua.utils.ConsolaSystemDragon" doc:name="Logger CONSOLE" />
				<expression-component doc:name="Expression"><![CDATA[payload = new java.util.HashMap();
payload .put("resultados", new java.util.ArrayList());]]></expression-component>
			</catch-exception-strategy>
		</choice-exception-strategy>
	</flow>

	<flow name="dragon-producto-obtener-precio-stock-first-flow"
		processingStrategy="synchronous">

		<dragonfish:servicio config-ref="Dragonfish__Configuration"
			entityType="ConsultaStockYPrecios_consultaStockYPreciosGet" doc:name="Dragonfish" />


	</flow>

	<flow name="dragon-producto-obtener-precio-stock-while-flow"
		processingStrategy="synchronous">
		<expression-component doc:name="Expression"><![CDATA[payload.put("page",flowVars.pageNo);]]></expression-component>
		<enricher target="#[flowVars.response]" doc:name="Message Enricher">
			<dragonfish:servicio config-ref="Dragonfish__Configuration"
				entityType="ConsultaStockYPrecios_consultaStockYPreciosGet"
				doc:name="Dragonfish" />
		</enricher>
		<foreach collection="#[flowVars.response.resultados]"
			doc:name="For Each">
			<expression-component doc:name="Expression"><![CDATA[if(payload.articulo == flowVars.dragonArticulo.codigo)
{
	flowVars.resultados.add(payload);
}]]></expression-component>
		</foreach>

		<choice doc:name="Choice">
			<when expression="#[flowVars.response.siguiente != null]">
				<set-variable variableName="pageNo" value="#[flowVars.pageNo + 1]"
					doc:name="Set Next Page" />
				<flow-ref name="dragon-producto-obtener-precio-stock-while-flow"
					doc:name="dragon-producto-obtener-precio-stock-while-flow" />
			</when>
			<otherwise>
				<logger message="No more page" level="INFO"
					category="com.acqua.utils.SystemLayer" doc:name="Logger" />
			</otherwise>
		</choice>
	</flow>

	<flow name="dragon-producto-obtener-precio-stock-process-varianza-flow"
		processingStrategy="synchronous">
		<expression-component doc:name="Expression"><![CDATA[flowVars.response = new java.util.HashMap();
flowVars.request = new java.util.HashMap();
flowVars.request .put("BaseDeDatos","");
flowVars.request .put("query",payload.articulo + '!' + payload.color + '!' + payload.talle);
flowVars.request .put("stockcero",true);
flowVars.seq=1;
if(flowVars.articuloBase)
{
	flowVars.bases = flowVars.baseDeDatosStock;
}
else
{
	flowVars.bases = flowVars.baseDeDatosStock;
   flowVars.bases.add("${Dragon_BaseDeDatos_CapturaDePrecio}");
}]]></expression-component>
		<foreach collection="#[flowVars.bases]" doc:name="For Each">
			<expression-component doc:name="Expression"><![CDATA[flowVars.base=payload;
flowVars.request .replace("BaseDeDatos",payload); ]]></expression-component>
			<flow-ref
				name="dragon-producto-obtener-precio-stock-process-varianza-process-flow"
				doc:name="dragon-producto-obtener-precio-stock-process-varianza-process-flow" />
		</foreach>


		<set-payload value="#[flowVars.response]" doc:name="Set Payload" />


		<choice-exception-strategy doc:name="Choice Exception Strategy">
			<catch-exception-strategy
				when="exception.causedBy(org.mule.modules.connector.exceptions.ExternalConnectorException) "
				enableNotifications="false" logException="false" doc:name="Catch Exception Strategy">
				<logger message="SYSTEM LAYER - No existe Stock" level="INFO"
					category="com.acqua.utils.ConsolaSystemDragon" doc:name="Logger CONSOLE" />
				<expression-component doc:name="Expression"><![CDATA[payload = new java.util.HashMap();]]></expression-component>
			</catch-exception-strategy>
		</choice-exception-strategy>
	</flow>

	<flow
		name="dragon-producto-obtener-precio-stock-process-varianza-process-flow"
		processingStrategy="synchronous">

		<dragonfish:servicio config-ref="Dragonfish__Configuration"
			entityType="ConsultaStockYPrecios_consultaStockYPreciosGet" doc:name="Dragonfish">
			<dragonfish:entity-data ref="#[flowVars.request]" />
		</dragonfish:servicio>

		<expression-component doc:name="Expression"><![CDATA[flowVars.tmp = new HashMap();
flowVars.tmp.put("comprometido",payload.resultados[0].comprometido);
flowVars.tmp.put("pendienteEntrega",payload.resultados[0].pendienteEntrega);
flowVars.tmp.put("stock",payload.resultados[0].stock);
flowVars.tmp.put("disponible",payload.resultados[0].disponible);
flowVars.response.put(flowVars.seq,flowVars.tmp);
flowVars.seq=flowVars.seq+1;]]></expression-component>
		<expression-component doc:name="Expression"><![CDATA[rootMessage.payload.replace("comprometido",rootMessage.payload.get("comprometido") + payload.resultados[0].comprometido);
rootMessage.payload.replace("pendienteEntrega",rootMessage.payload.get("pendienteEntrega") + payload.resultados[0].pendienteEntrega);
rootMessage.payload.replace("stock",rootMessage.payload.get("stock") + payload.resultados[0].stock);
rootMessage.payload.replace("disponible",rootMessage.payload.get("disponible") + payload.resultados[0].disponible);]]></expression-component>
		<choice-exception-strategy doc:name="Choice Exception Strategy">
			<catch-exception-strategy
				when="exception.causedBy(org.mule.modules.connector.exceptions.ExternalConnectorException) "
				enableNotifications="false" logException="false" doc:name="Catch Exception Strategy">
				<logger message="SYSTEM LAYER - No existe Stock" level="INFO"
					category="com.acqua.utils.ConsolaSystemDragon" doc:name="Logger CONSOLE" />
			</catch-exception-strategy>
		</choice-exception-strategy>
	</flow>

	<flow name="dragon-delete-articulo-flow" processingStrategy="synchronous">

		<expression-component doc:name="Set Control Vars"><![CDATA[flowVars.flowName=flow.name;
flowVars.metricCategory=message.inboundProperties.'http.request.path';
flowVars.apiName=message.inboundProperties.'http.request.uri';
flowVars.errorCode="";
flowVars .parameterCodigo=message.inboundProperties.'http.uri.params'.Codigo; ]]></expression-component>

		<expression-component doc:name="Prepare Request"><![CDATA[payload = new java.util.HashMap();
payload .put("id", flowVars .parameterCodigo);]]></expression-component>

		<logger
			message="#[&quot;--------------------------------------------------------------------------------------------&quot;]"
			level="INFO" category="com.acqua.utils.ConsolaSystemDragon" doc:name="Logger CONSOLA" />

		<logger
			message="SYSTEM LAYER - REQUEST: Eliminando Producto de Dragon #[flowVars .parameterCodigo]"
			level="INFO" category="com.acqua.utils.ConsolaSystemDragon" doc:name="Logger CONSOLA" />

		<dragonfish:servicio config-ref="Dragonfish__Configuration"
			entityType="ArticuloById_articuloByIdDelete" doc:name="Dragonfish - Baja de Articulos" />

		<set-payload value="{}" encoding="UTF-8" mimeType="application/json"
			doc:name="Set Payload" />

		<exception-strategy ref="System_Layer_Generic_Exception_Strategy"
			doc:name="Reference Exception Strategy" />

	</flow>


</mule>
