<?xml version="1.0" encoding="UTF-8"?>

<mule xmlns:dragonfish="http://www.mulesoft.org/schema/mule/dragonfish" xmlns:json="http://www.mulesoft.org/schema/mule/json" xmlns:tracking="http://www.mulesoft.org/schema/mule/ee/tracking" xmlns="http://www.mulesoft.org/schema/mule/core" xmlns:doc="http://www.mulesoft.org/schema/mule/documentation"
	xmlns:spring="http://www.springframework.org/schema/beans" 
	xmlns:xsi="http://www.w3.org/2001/XMLSchema-instance"
	xsi:schemaLocation="http://www.springframework.org/schema/beans http://www.springframework.org/schema/beans/spring-beans-current.xsd
http://www.mulesoft.org/schema/mule/core http://www.mulesoft.org/schema/mule/core/current/mule.xsd
http://www.mulesoft.org/schema/mule/json http://www.mulesoft.org/schema/mule/json/current/mule-json.xsd
http://www.mulesoft.org/schema/mule/dragonfish http://www.mulesoft.org/schema/mule/dragonfish/current/mule-dragonfish.xsd
http://www.mulesoft.org/schema/mule/ee/tracking http://www.mulesoft.org/schema/mule/ee/tracking/current/mule-tracking-ee.xsd">
    
    <flow name="dragon-table-lookup-table-familia-flow" processingStrategy="synchronous">
    	<expression-component doc:name="Expression - Init Return Value"><![CDATA[flowVars.flowName=flow.name;
flowVars.metricCategory=message.inboundProperties.'http.request.path';
flowVars.apiName=message.inboundProperties.'http.request.uri';
flowVars.errorCode="";
flowVars.rerturnValue = new java.util.ArrayList();
payload = new java.util.HashMap();]]></expression-component>

		<set-variable variableName="pageNo" value="#[1]" doc:name="Set Page"/>

        <flow-ref name="dragon-table-lookup-table-familia-next-flow" doc:name="dragon-table-lookup-table-familia-next-flow"/>
 
        <set-payload value="#[flowVars.rerturnValue]" doc:name="Set Payload"/>
      
        <json:object-to-json-transformer doc:name="Object to JSON"/>
      
        <set-property propertyName="http.status" value="#[200]" doc:name="Set http.status"/>
      
        <choice-exception-strategy doc:name="Choice Exception Strategy">
			<catch-exception-strategy
				when="exception.causedBy(org.mule.modules.connector.exceptions.ExternalConnectorException) &amp;&amp; (exception.cause.message.equals(&quot;INTERNAL: Not Found&quot;))"
				doc:name="Catch Exception Strategy" enableNotifications="false"
				logException="false">
				<logger
					message="SYSTEM LAYER - No existe registros en la Tabla FAMILIA"
					level="INFO" doc:name="Logger CONSOLA" category="com.acqua.utils.ConsolaSystemDragon" />
				<set-payload value="[]"
					doc:name="Set Payload" mimeType="application/json"/>
				<set-property propertyName="http.status" value="#[200]" doc:name="Set http.status"/>


			</catch-exception-strategy>
			<catch-exception-strategy
				
				doc:name="Catch Exception Strategy" enableNotifications="false"
				logException="false">
				<logger
					message="SYSTEM LAYER - No existe registros en la Tabla FAMILIA"
					level="ERROR" doc:name="Logger CONSOLA" category="com.acqua.utils.ConsolaSystemDragon" />
                 
				<set-property propertyName="http.status" value="#[500]" doc:name="Set http.status"/>

			</catch-exception-strategy>
		</choice-exception-strategy>
    </flow>
    
    <flow name="dragon-table-lookup-table-familia-next-flow" processingStrategy="synchronous">
    	
    	<expression-component doc:name="Set Request"><![CDATA[payload = new java.util.HashMap();
payload.put("limit",100);
payload.put("page",flowVars.pageNo);]]></expression-component>
       
		<dragonfish:servicio config-ref="Dragonfish__Configuration" entityType="Familia_familiaGet" doc:name="Dragonfish"/>
      
        <foreach collection="#[payload.resultados]" doc:name="For Each">
            <expression-component doc:name="Expression"><![CDATA[flowVars.codigo = new java.util.HashMap();
flowVars.codigo .put(payload.codigo, payload.descripcion); 
flowVars.rerturnValue.add(flowVars.codigo);]]></expression-component>
        </foreach>
       
        <choice doc:name="Choice">
            <when expression="#[payload.siguiente != null]">
                <set-variable variableName="pageNo" value="#[flowVars.pageNo + 1]" doc:name="Set Next Page"/>
                <flow-ref name="dragon-table-lookup-table-familia-next-flow" doc:name="dragon-table-lookup-table-familia-next-flow"/>
            </when>
            <otherwise>
                <logger message="No more page" level="INFO" category="com.acqua.utils.SystemLayer" doc:name="Logger"/>
            </otherwise>
        </choice>
    
    </flow>
    
    <flow name="dragon-table-lookup-table-material-flow" processingStrategy="synchronous">
        <expression-component doc:name="Expression - Init Return Value"><![CDATA[flowVars.flowName=flow.name;
flowVars.metricCategory=message.inboundProperties.'http.request.path';
flowVars.apiName=message.inboundProperties.'http.request.uri';
flowVars.errorCode="";
flowVars.rerturnValue = new java.util.ArrayList();
payload = new java.util.HashMap();]]></expression-component>

		<set-variable variableName="pageNo" value="#[1]" doc:name="Set Page"/>
        
        <flow-ref name="dragon-table-lookup-table-materiales-next-flow" doc:name="dragon-table-lookup-table-materiales-next-flow"/>
        
        
        <set-payload value="#[flowVars.rerturnValue]" doc:name="Set Payload"/>
        <json:object-to-json-transformer doc:name="Object to JSON"/>
         <set-property propertyName="http.status" value="#[200]" doc:name="Set http.status"/>
        <choice-exception-strategy doc:name="Choice Exception Strategy">
			<catch-exception-strategy
				when="exception.causedBy(org.mule.modules.connector.exceptions.ExternalConnectorException) &amp;&amp; (exception.cause.message.equals(&quot;INTERNAL: Not Found&quot;))"
				doc:name="Catch Exception Strategy" enableNotifications="false"
				logException="false">
				<logger
					message="SYSTEM LAYER - No existe registros en la Tabla MATERIALES"
					level="INFO" doc:name="Logger CONSOLA" category="com.acqua.utils.ConsolaSystemDragon" />
				<set-payload value="[]"
					doc:name="Set Payload" mimeType="application/json"/>
				<set-property propertyName="http.status" value="#[200]" doc:name="Set http.status"/>


			</catch-exception-strategy>
			<catch-exception-strategy
				
				doc:name="Catch Exception Strategy" enableNotifications="false"
				logException="false">
				<logger
					message="SYSTEM LAYER - ERROR leyendo Tabla MATERIALES"
					level="ERROR" doc:name="Logger CONSOLA" category="com.acqua.utils.ConsolaSystemDragon" />
                 
				<set-property propertyName="http.status" value="#[500]" doc:name="Set http.status"/>

			</catch-exception-strategy>
		</choice-exception-strategy>
    </flow>
    
    <flow name="dragon-table-lookup-table-materiales-next-flow" processingStrategy="synchronous">
        <expression-component doc:name="Set Request"><![CDATA[payload = new java.util.HashMap();
payload.put("limit",100);
payload.put("page",flowVars.pageNo);]]></expression-component>
        <dragonfish:servicio config-ref="Dragonfish__Configuration" entityType="Material_materialGet" doc:name="Dragonfish"/>
        <foreach collection="#[payload.resultados]" doc:name="For Each">
            <expression-component doc:name="Expression"><![CDATA[flowVars.codigo = new java.util.HashMap();
flowVars.codigo .put(payload.codigo, payload.descripcion); 
flowVars.rerturnValue.add(flowVars.codigo);]]></expression-component>

        </foreach>
        <choice doc:name="Choice">
            <when expression="#[payload.siguiente != null]">
                <set-variable variableName="pageNo" value="#[flowVars.pageNo + 1]" doc:name="Set Next Page"/>
                <flow-ref name="dragon-table-lookup-table-materiales-next-flow" doc:name="dragon-table-lookup-table-materiales-next-flow"/>
            </when>
            <otherwise>
                <logger message="No more page" level="INFO" category="com.acqua.utils.SystemLayer" doc:name="Logger"/>
            </otherwise>
        </choice>
    </flow>
     
    <flow name="dragon-table-lookup-table-proveedor-flow" processingStrategy="synchronous">
        <expression-component doc:name="Expression - Init Return Value"><![CDATA[flowVars.flowName=flow.name;
flowVars.metricCategory=message.inboundProperties.'http.request.path';
flowVars.apiName=message.inboundProperties.'http.request.uri';
flowVars.errorCode="";
flowVars.rerturnValue = new java.util.ArrayList();
payload = new java.util.HashMap();]]></expression-component>
        <dragonfish:servicio config-ref="Dragonfish__Configuration" entityType="Proveedor_proveedorGet" doc:name="Dragonfish"/>
        <foreach collection="#[payload.resultados]" doc:name="For Each">
            <expression-component doc:name="Expression"><![CDATA[flowVars.codigo = new java.util.HashMap();
flowVars.codigo .put(payload.codigo, payload.nombre); 
flowVars.rerturnValue.add(flowVars.codigo);]]></expression-component>
        </foreach>
        <set-payload value="#[flowVars.rerturnValue]" doc:name="Set Payload"/>
        <json:object-to-json-transformer doc:name="Object to JSON"/>
         <set-property propertyName="http.status" value="#[200]" doc:name="Set http.status"/>
        <choice-exception-strategy doc:name="Choice Exception Strategy">
			<catch-exception-strategy
				when="exception.causedBy(org.mule.modules.connector.exceptions.ExternalConnectorException) &amp;&amp; (exception.cause.message.equals(&quot;INTERNAL: Not Found&quot;))"
				doc:name="Catch Exception Strategy" enableNotifications="false"
				logException="false">
				<logger
					message="SYSTEM LAYER - No existe registros en la Tabla PROVEEDORES"
					level="INFO" doc:name="Logger CONSOLA" category="com.acqua.utils.ConsolaSystemDragon" />
				<set-payload value="[]"
					doc:name="Set Payload" mimeType="application/json"/>
				<set-property propertyName="http.status" value="#[200]" doc:name="Set http.status"/>


			</catch-exception-strategy>
			<catch-exception-strategy
				
				doc:name="Catch Exception Strategy" enableNotifications="false"
				logException="false">
				<logger
					message="SYSTEM LAYER - ERROR leyendo Tabla PROVEEDORES"
					level="ERROR" doc:name="Logger CONSOLA" category="com.acqua.utils.ConsolaSystemDragon" />
                 
				<set-property propertyName="http.status" value="#[500]" doc:name="Set http.status"/>

			</catch-exception-strategy>
		</choice-exception-strategy>
    </flow>
    
    <flow name="dragon-table-lookup-table-tipodeArticulo-flow" processingStrategy="synchronous">
        <expression-component doc:name="Expression - Init Return Value"><![CDATA[flowVars.flowName=flow.name;
flowVars.metricCategory=message.inboundProperties.'http.request.path';
flowVars.apiName=message.inboundProperties.'http.request.uri';
flowVars.errorCode="";
flowVars.rerturnValue = new java.util.ArrayList();
payload = new java.util.HashMap();]]></expression-component>
        
        <set-variable variableName="pageNo" value="#[1]" doc:name="Set Page"/>
        <flow-ref name="dragon-table-lookup-table-tiposarticulo-next-flow" doc:name="dragon-table-lookup-table-tiposarticulo-next-flow"/>
        
        <set-payload value="#[flowVars.rerturnValue]" doc:name="Set Payload"/>
        <json:object-to-json-transformer doc:name="Object to JSON"/>
         <set-property propertyName="http.status" value="#[200]" doc:name="Set http.status"/>
        <choice-exception-strategy doc:name="Choice Exception Strategy">
			<catch-exception-strategy
				when="exception.causedBy(org.mule.modules.connector.exceptions.ExternalConnectorException) &amp;&amp; (exception.cause.message.equals(&quot;INTERNAL: Not Found&quot;))"
				doc:name="Catch Exception Strategy" enableNotifications="false"
				logException="false">
				<logger
					message="SYSTEM LAYER - No existe registros en la Tabla TIPOS DE ARTICULO"
					level="INFO" doc:name="Logger CONSOLA" category="com.acqua.utils.ConsolaSystemDragon" />
				<set-payload value="[]"
					doc:name="Set Payload" mimeType="application/json"/>
				<set-property propertyName="http.status" value="#[200]" doc:name="Set http.status"/>


			</catch-exception-strategy>
			<catch-exception-strategy
				
				doc:name="Catch Exception Strategy" enableNotifications="false"
				logException="false">
				<logger
					message="SYSTEM LAYER - ERROR leyendo Tabla TIPOS DE ARTICULO"
					level="ERROR" doc:name="Logger CONSOLA" category="com.acqua.utils.ConsolaSystemDragon" />
                 
				<set-property propertyName="http.status" value="#[500]" doc:name="Set http.status"/>

			</catch-exception-strategy>
		</choice-exception-strategy>
    </flow>
    
    <flow name="dragon-table-lookup-table-tiposarticulo-next-flow" processingStrategy="synchronous">
        <expression-component doc:name="Set Request"><![CDATA[payload = new java.util.HashMap();
payload.put("limit",100);
payload.put("page",flowVars.pageNo);]]></expression-component>
        <dragonfish:servicio config-ref="Dragonfish__Configuration" entityType="Tipodearticulo_tipodearticuloGet" doc:name="Dragonfish"/>
        <foreach collection="#[payload.resultados]" doc:name="For Each">
            <expression-component doc:name="Expression"><![CDATA[flowVars.codigo = new java.util.HashMap();
flowVars.codigo .put(payload.codigo, payload.descripcion); 
flowVars.rerturnValue.add(flowVars.codigo);]]></expression-component>
        </foreach>
        <choice doc:name="Choice">
            <when expression="#[payload.siguiente != null]">
                <set-variable variableName="pageNo" value="#[flowVars.pageNo + 1]" doc:name="Set Next Page"/>
                <flow-ref name="dragon-table-lookup-table-tiposarticulo-next-flow" doc:name="dragon-table-lookup-table-tiposarticulo-next-flow"/>
            </when>
            <otherwise>
                <logger message="No more page" level="INFO" category="com.acqua.utils.SystemLayer" doc:name="Logger"/>
            </otherwise>
        </choice>
    </flow>
    
    <flow name="dragon-table-lookup-table-categoriaDeArticulo-flow">
        <expression-component doc:name="Expression - Init Return Value"><![CDATA[flowVars.flowName=flow.name;
flowVars.metricCategory=message.inboundProperties.'http.request.path';
flowVars.apiName=message.inboundProperties.'http.request.uri';
flowVars.errorCode="";
flowVars.rerturnValue = new java.util.ArrayList();
payload = new java.util.HashMap();]]></expression-component>
		<set-variable variableName="pageNo" value="#[1]" doc:name="Set Page"/>
		
        <flow-ref name="dragon-table-lookup-table-categoriasarticulo-next-flow" doc:name="dragon-table-lookup-table-categoriasarticulo-next-flow"/>

        <set-payload value="#[flowVars.rerturnValue]" doc:name="Set Payload"/>
        <json:object-to-json-transformer doc:name="Object to JSON"/>
         <set-property propertyName="http.status" value="#[200]" doc:name="Set http.status"/>
        <choice-exception-strategy doc:name="Choice Exception Strategy">
			<catch-exception-strategy
				when="exception.causedBy(org.mule.modules.connector.exceptions.ExternalConnectorException) &amp;&amp; (exception.cause.message.equals(&quot;INTERNAL: Not Found&quot;))"
				doc:name="Catch Exception Strategy" enableNotifications="false"
				logException="false">
				<logger
					message="SYSTEM LAYER - No existe registros en la Tabla CATEGORIA ARTICULOS"
					level="INFO" doc:name="Logger CONSOLA" category="com.acqua.utils.ConsolaSystemDragon" />
				<set-payload value="[]"
					doc:name="Set Payload" mimeType="application/json"/>
				<set-property propertyName="http.status" value="#[200]" doc:name="Set http.status"/>


			</catch-exception-strategy>
			<catch-exception-strategy
				
				doc:name="Catch Exception Strategy" enableNotifications="false"
				logException="false">
				<logger
					message="SYSTEM LAYER - ERROR leyendo Tabla CATEGORIA ARTICULOS"
					level="ERROR" doc:name="Logger CONSOLA" category="com.acqua.utils.ConsolaSystemDragon" />
                 
				<set-property propertyName="http.status" value="#[500]" doc:name="Set http.status"/>

			</catch-exception-strategy>
		</choice-exception-strategy>
    </flow>
    
    <flow name="dragon-table-lookup-table-categoriasarticulo-next-flow" processingStrategy="synchronous">
        <expression-component doc:name="Set Request"><![CDATA[payload = new java.util.HashMap();
payload.put("limit",100);
payload.put("page",flowVars.pageNo);]]></expression-component>
        <dragonfish:servicio config-ref="Dragonfish__Configuration" entityType="Categoriadearticulo_categoriadearticuloGet" doc:name="Dragonfish"/>
        <foreach collection="#[payload.resultados]" doc:name="For Each">
            <expression-component doc:name="Expression"><![CDATA[flowVars.codigo = new java.util.HashMap();
flowVars.codigo .put(payload.codigo, payload.descripcion); 
flowVars.rerturnValue.add(flowVars.codigo);]]></expression-component>
        </foreach>
        <choice doc:name="Choice">
            <when expression="#[payload.siguiente != null]">
                <set-variable variableName="pageNo" value="#[flowVars.pageNo + 1]" doc:name="Set Next Page"/>
                <flow-ref name="dragon-table-lookup-table-categoriasarticulo-next-flow" doc:name="dragon-table-lookup-table-categoriasarticulo-next-flow"/>
            </when>
            <otherwise>
                <logger message="No more page" level="INFO" category="com.acqua.utils.SystemLayer" doc:name="Logger"/>
            </otherwise>
        </choice>
    </flow>
    
    <flow name="dragon-table-lookup-table-colores-flow" processingStrategy="synchronous">
        <expression-component doc:name="Expression - Init Return Value"><![CDATA[flowVars.flowName=flow.name;
flowVars.metricCategory=message.inboundProperties.'http.request.path';
flowVars.apiName=message.inboundProperties.'http.request.uri';
flowVars.errorCode="";
flowVars.rerturnValue = new java.util.ArrayList();

]]></expression-component>
        <set-variable variableName="pageNo" value="#[1]" doc:name="Set Page"/>
        <logger message="Getting Colores" level="INFO" category="com.acqua.utils.SystemLayer" doc:name="Logger"/>
        <flow-ref name="dragon-table-lookup-table-colores-next-flow" doc:name="dragon-table-lookup-table-colores-next-flow"/>

        <set-payload value="#[flowVars.rerturnValue]" doc:name="Set Payload"/>
        <json:object-to-json-transformer doc:name="Object to JSON"/>
         <set-property propertyName="http.status" value="#[200]" doc:name="Set http.status"/>
        <choice-exception-strategy doc:name="Choice Exception Strategy">
			<catch-exception-strategy
				when="exception.causedBy(org.mule.modules.connector.exceptions.ExternalConnectorException) &amp;&amp; (exception.cause.message.equals(&quot;INTERNAL: Not Found&quot;))"
				doc:name="Catch Exception Strategy" enableNotifications="false"
				logException="false">
				<logger
					message="SYSTEM LAYER - No existe registros en la Tabla COLORES"
					level="INFO" doc:name="Logger CONSOLA" category="com.acqua.utils.ConsolaSystemDragon" />
				<set-payload value="[]"
					doc:name="Set Payload" mimeType="application/json"/>
				<set-property propertyName="http.status" value="#[200]" doc:name="Set http.status"/>


			</catch-exception-strategy>
			<catch-exception-strategy
				
				doc:name="Catch Exception Strategy" enableNotifications="false"
				logException="false">
				<logger
					message="SYSTEM LAYER - ERROR leyendo Tabla COLORES"
					level="ERROR" doc:name="Logger CONSOLA" category="com.acqua.utils.ConsolaSystemDragon" />
                 
				<set-property propertyName="http.status" value="#[500]" doc:name="Set http.status"/>

			</catch-exception-strategy>
		</choice-exception-strategy>
    </flow>
    
    <flow name="dragon-table-lookup-table-colores-next-flow" processingStrategy="synchronous">
        <expression-component doc:name="Set Request"><![CDATA[payload = new java.util.HashMap();
payload.put("limit",100);
payload.put("page",flowVars.pageNo);]]></expression-component>
        <dragonfish:servicio config-ref="Dragonfish__Configuration" entityType="Color_colorGet" doc:name="Dragonfish"/>
        <foreach collection="#[payload.resultados]" doc:name="For Each">
            <expression-component doc:name="Expression"><![CDATA[flowVars.codigo = new java.util.HashMap();
flowVars.codigo .put(payload.codigo, payload.descripcion); 
flowVars.rerturnValue.add(flowVars.codigo);]]></expression-component>
        </foreach>
        <choice doc:name="Choice">
            <when expression="#[payload.siguiente != null]">
                <set-variable variableName="pageNo" value="#[flowVars.pageNo + 1]" doc:name="Set Next Page"/>
                <flow-ref name="dragon-table-lookup-table-colores-next-flow" doc:name="dragon-table-lookup-table-colores-next-flow"/>
            </when>
            <otherwise>
                <logger message="No more page" level="INFO" category="com.acqua.utils.SystemLayer" doc:name="Logger"/>
            </otherwise>
        </choice>
    </flow>
    
    <flow name="dragon-table-lookup-table-talles-flow" processingStrategy="synchronous">
        <expression-component doc:name="Expression - Init Return Value"><![CDATA[flowVars.flowName=flow.name;
flowVars.metricCategory=message.inboundProperties.'http.request.path';
flowVars.apiName=message.inboundProperties.'http.request.uri';
flowVars.errorCode="";
flowVars.rerturnValue = new java.util.ArrayList();
payload = new java.util.HashMap();]]></expression-component>
        
        <set-variable variableName="pageNo" value="#[1]" doc:name="Set Page"/>
        <flow-ref name="dragon-table-lookup-table-talles-next-flow" doc:name="dragon-table-lookup-table-talles-next-flow"/>
        
        
        <set-payload value="#[flowVars.rerturnValue]" doc:name="Set Payload"/>
        <invoke object-ref="DragonUtil" method="ordenarTalles"
				methodArguments="#[payload]"
				doc:name="Invoke - Ordernar Talle" />
        <json:object-to-json-transformer doc:name="Object to JSON"/>
         <set-property propertyName="http.status" value="#[200]" doc:name="Set http.status"/>
        <choice-exception-strategy doc:name="Choice Exception Strategy">
			<catch-exception-strategy
				when="exception.causedBy(org.mule.modules.connector.exceptions.ExternalConnectorException) &amp;&amp; (exception.cause.message.equals(&quot;INTERNAL: Not Found&quot;))"
				doc:name="Catch Exception Strategy" enableNotifications="false"
				logException="false">
				<logger
					message="SYSTEM LAYER - No existe registros en la Tabla TALLES"
					level="INFO" doc:name="Logger CONSOLA" category="com.acqua.utils.ConsolaSystemDragon" />
				<set-payload value="[]"
					doc:name="Set Payload" mimeType="application/json"/>
				<set-property propertyName="http.status" value="#[200]" doc:name="Set http.status"/>


			</catch-exception-strategy>
			<catch-exception-strategy
				
				doc:name="Catch Exception Strategy" enableNotifications="false"
				logException="false">
				<logger
					message="SYSTEM LAYER - ERROR leyendo Tabla TALLES"
					level="ERROR" doc:name="Logger CONSOLA" category="com.acqua.utils.ConsolaSystemDragon" />
                 
				<set-property propertyName="http.status" value="#[500]" doc:name="Set http.status"/>

			</catch-exception-strategy>
		</choice-exception-strategy>
    </flow>
    
    <flow name="dragon-table-lookup-table-talles-next-flow" processingStrategy="synchronous">
        <expression-component doc:name="Set Request"><![CDATA[payload = new java.util.HashMap();
payload.put("limit",100);
payload.put("page",flowVars.pageNo);]]></expression-component>
        <dragonfish:servicio config-ref="Dragonfish__Configuration" entityType="Talle_talleGet" doc:name="Dragonfish"/>
        <foreach collection="#[payload.resultados]" doc:name="For Each">
            <expression-component doc:name="Expression"><![CDATA[flowVars.codigo = new java.util.HashMap();
flowVars.codigo .put(payload.codigo, payload.descripcion); 
flowVars.rerturnValue.add(flowVars.codigo);]]></expression-component>
        </foreach>
        <choice doc:name="Choice">
            <when expression="#[payload.siguiente != null]">
                <set-variable variableName="pageNo" value="#[flowVars.pageNo + 1]" doc:name="Set Next Page"/>
                <flow-ref name="dragon-table-lookup-table-talles-next-flow" doc:name="dragon-table-lookup-table-talles-next-flow"/>
            </when>
            <otherwise>
                <logger message="No more page" level="INFO" category="com.acqua.utils.SystemLayer" doc:name="Logger"/>
            </otherwise>
        </choice>
    </flow>
    
    <flow name="dragon-table-lookup-table-linea-flow" processingStrategy="synchronous">
        <expression-component doc:name="Expression - Init Return Value"><![CDATA[flowVars.flowName=flow.name;
flowVars.metricCategory=message.inboundProperties.'http.request.path';
flowVars.apiName=message.inboundProperties.'http.request.uri';
flowVars.errorCode="";
flowVars.rerturnValue = new java.util.ArrayList();
payload = new java.util.HashMap();]]></expression-component>
        <set-variable variableName="pageNo" value="#[1]" doc:name="Set Page"/>
  
        <flow-ref name="dragon-table-lookup-table-lineas-next-flow" doc:name="dragon-table-lookup-table-lineas-next-flow"/>

        <set-payload value="#[flowVars.rerturnValue]" doc:name="Set Payload"/>
        <json:object-to-json-transformer doc:name="Object to JSON"/>
         <set-property propertyName="http.status" value="#[200]" doc:name="Set http.status"/>
        <choice-exception-strategy doc:name="Choice Exception Strategy">
			<catch-exception-strategy
				when="exception.causedBy(org.mule.modules.connector.exceptions.ExternalConnectorException) &amp;&amp; (exception.cause.message.equals(&quot;INTERNAL: Not Found&quot;))"
				doc:name="Catch Exception Strategy" enableNotifications="false"
				logException="false">
				<logger
					message="SYSTEM LAYER - No existe registros en la Tabla LINEAS"
					level="INFO" doc:name="Logger CONSOLA" category="com.acqua.utils.ConsolaSystemDragon" />
				<set-payload value="[]"
					doc:name="Set Payload" mimeType="application/json"/>
				<set-property propertyName="http.status" value="#[200]" doc:name="Set http.status"/>


			</catch-exception-strategy>
			<catch-exception-strategy
				
				doc:name="Catch Exception Strategy" enableNotifications="false"
				logException="false">
				<logger
					message="SYSTEM LAYER - ERROR leyendo Tabla LINEAS"
					level="ERROR" doc:name="Logger CONSOLA" category="com.acqua.utils.ConsolaSystemDragon" />
                 
				<set-property propertyName="http.status" value="#[500]" doc:name="Set http.status"/>

			</catch-exception-strategy>
		</choice-exception-strategy>
    </flow>
    
    <flow name="dragon-table-lookup-table-lineas-next-flow" processingStrategy="synchronous">
        <expression-component doc:name="Set Request"><![CDATA[payload = new java.util.HashMap();
payload.put("limit",100);
payload.put("page",flowVars.pageNo);]]></expression-component>
        <dragonfish:servicio config-ref="Dragonfish__Configuration" entityType="Linea_lineaGet" doc:name="Dragonfish"/>
        <foreach collection="#[payload.resultados]" doc:name="For Each">
            <expression-component doc:name="Expression"><![CDATA[flowVars.codigo = new java.util.HashMap();
flowVars.codigo .put(payload.codigo, payload.descripcion); 
flowVars.rerturnValue.add(flowVars.codigo);]]></expression-component>
        </foreach>
        <choice doc:name="Choice">
            <when expression="#[payload.siguiente != null]">
                <set-variable variableName="pageNo" value="#[flowVars.pageNo + 1]" doc:name="Set Next Page"/>
                <flow-ref name="dragon-table-lookup-table-lineas-next-flow" doc:name="dragon-table-lookup-table-lineas-next-flow"/>
            </when>
            <otherwise>
                <logger message="No more page" level="INFO" category="com.acqua.utils.SystemLayer" doc:name="Logger"/>
            </otherwise>
        </choice>
    </flow>
    
    <flow name="dragon-table-lookup-table-clasificacion-flow" processingStrategy="synchronous">
        <expression-component doc:name="Expression - Init Return Value"><![CDATA[flowVars.flowName=flow.name;
flowVars.metricCategory=message.inboundProperties.'http.request.path';
flowVars.apiName=message.inboundProperties.'http.request.uri';
flowVars.errorCode="";
flowVars.rerturnValue = new java.util.ArrayList();
payload = new java.util.HashMap();]]></expression-component>
        
        <set-variable variableName="pageNo" value="#[1]" doc:name="Set Page"/>
        
        <flow-ref name="dragon-table-lookup-table-clasificacion-next-flow" doc:name="dragon-table-lookup-table-clasificacion-next-flow"/>
 
        <set-payload value="#[flowVars.rerturnValue]" doc:name="Set Payload"/>
        <json:object-to-json-transformer doc:name="Object to JSON"/>
         <set-property propertyName="http.status" value="#[200]" doc:name="Set http.status"/>
        <choice-exception-strategy doc:name="Choice Exception Strategy">
			<catch-exception-strategy
				when="exception.causedBy(org.mule.modules.connector.exceptions.ExternalConnectorException) &amp;&amp; (exception.cause.message.equals(&quot;INTERNAL: Not Found&quot;))"
				doc:name="Catch Exception Strategy" enableNotifications="false"
				logException="false">
				<logger
					message="SYSTEM LAYER - No existe registros en la Tabla CLASIFICACION"
					level="INFO" doc:name="Logger CONSOLA" category="com.acqua.utils.ConsolaSystemDragon" />
				<set-payload value="[]"
					doc:name="Set Payload" mimeType="application/json"/>
				<set-property propertyName="http.status" value="#[200]" doc:name="Set http.status"/>


			</catch-exception-strategy>
			<catch-exception-strategy
				
				doc:name="Catch Exception Strategy" enableNotifications="false"
				logException="false">
				<logger
					message="SYSTEM LAYER - ERROR leyendo Tabla CLASIFICACION"
					level="ERROR" doc:name="Logger CONSOLA" category="com.acqua.utils.ConsolaSystemDragon" />
                 
				<set-property propertyName="http.status" value="#[500]" doc:name="Set http.status"/>

			</catch-exception-strategy>
		</choice-exception-strategy>
    </flow>
    
    <flow name="dragon-table-lookup-table-clasificacion-next-flow" processingStrategy="synchronous">
        <expression-component doc:name="Set Request"><![CDATA[payload = new java.util.HashMap();
payload.put("limit",100);
payload.put("page",flowVars.pageNo);]]></expression-component>
        <dragonfish:servicio config-ref="Dragonfish__Configuration" entityType="Clasificacionarticulo_clasificacionarticuloGet" doc:name="Dragonfish"/>
        <foreach collection="#[payload.resultados]" doc:name="For Each">
            <expression-component doc:name="Expression"><![CDATA[flowVars.codigo = new java.util.HashMap();
flowVars.codigo .put(payload.codigo, payload.descripcion); 
flowVars.rerturnValue.add(flowVars.codigo);]]></expression-component>
        </foreach>
        <choice doc:name="Choice">
            <when expression="#[payload.siguiente != null]">
                <set-variable variableName="pageNo" value="#[flowVars.pageNo + 1]" doc:name="Set Next Page"/>
                <flow-ref name="dragon-table-lookup-table-clasificacion-next-flow" doc:name="dragon-table-lookup-table-clasificacion-next-flow"/>
            </when>
            <otherwise>
                <logger message="No more page" level="INFO" category="com.acqua.utils.SystemLayer" doc:name="Logger"/>
            </otherwise>
        </choice>
    </flow>
    
    <flow name="dragon-table-lookup-table-grupo-flow" processingStrategy="synchronous">
        <expression-component doc:name="Expression - Init Return Value"><![CDATA[flowVars.flowName=flow.name;
flowVars.metricCategory=message.inboundProperties.'http.request.path';
flowVars.apiName=message.inboundProperties.'http.request.uri';
flowVars.errorCode="";
flowVars.rerturnValue = new java.util.ArrayList();
payload = new java.util.HashMap();]]></expression-component>

	    <set-variable variableName="pageNo" value="#[1]" doc:name="Set Page"/>
        
        <flow-ref name="dragon-table-lookup-table-grupos-next-flow" doc:name="dragon-table-lookup-table-grupos-next-flow"/>
  
        <set-payload value="#[flowVars.rerturnValue]" doc:name="Set Payload"/>
        <json:object-to-json-transformer doc:name="Object to JSON"/>
         <set-property propertyName="http.status" value="#[200]" doc:name="Set http.status"/>
        <choice-exception-strategy doc:name="Choice Exception Strategy">
			<catch-exception-strategy
				when="exception.causedBy(org.mule.modules.connector.exceptions.ExternalConnectorException) &amp;&amp; (exception.cause.message.equals(&quot;INTERNAL: Not Found&quot;))"
				doc:name="Catch Exception Strategy" enableNotifications="false"
				logException="false">
				<logger
					message="SYSTEM LAYER - No existe registros en la Tabla LINEAS"
					level="INFO" doc:name="Logger CONSOLA" category="com.acqua.utils.ConsolaSystemDragon" />
				<set-payload value="[]"
					doc:name="Set Payload" mimeType="application/json"/>
				<set-property propertyName="http.status" value="#[200]" doc:name="Set http.status"/>


			</catch-exception-strategy>
			<catch-exception-strategy
				
				doc:name="Catch Exception Strategy" enableNotifications="false"
				logException="false">
				<logger
					message="SYSTEM LAYER - ERROR leyendo Tabla LINEAS"
					level="ERROR" doc:name="Logger CONSOLA" category="com.acqua.utils.ConsolaSystemDragon" />
                 
				<set-property propertyName="http.status" value="#[500]" doc:name="Set http.status"/>

			</catch-exception-strategy>
		</choice-exception-strategy>
    </flow>
    
    <flow name="dragon-table-lookup-table-grupos-next-flow" processingStrategy="synchronous">
        <expression-component doc:name="Set Request"><![CDATA[payload = new java.util.HashMap();
payload.put("limit",100);
payload.put("page",flowVars.pageNo);]]></expression-component>
    
        <dragonfish:servicio config-ref="Dragonfish__Configuration" entityType="Grupo_grupoGet" doc:name="Dragonfish"/>
    
        <foreach collection="#[payload.resultados]" doc:name="For Each">
            <expression-component doc:name="Expression"><![CDATA[flowVars.codigo = new java.util.HashMap();
flowVars.codigo .put(payload.codigo, payload.descripcion); 
flowVars.rerturnValue.add(flowVars.codigo);]]></expression-component>
        </foreach>
        <choice doc:name="Choice">
            <when expression="#[payload.siguiente != null]">
                <set-variable variableName="pageNo" value="#[flowVars.pageNo + 1]" doc:name="Set Next Page"/>
                <flow-ref name="dragon-table-lookup-table-grupos-next-flow" doc:name="dragon-table-lookup-table-grupos-next-flow"/>
            </when>
            <otherwise>
                <logger message="No more page" level="INFO" category="com.acqua.utils.SystemLayer" doc:name="Logger"/>
            </otherwise>
        </choice>
    </flow>
    
</mule>
