<?xml version="1.0" encoding="UTF-8"?>

<mule xmlns:dragonfish="http://www.mulesoft.org/schema/mule/dragonfish" xmlns:json="http://www.mulesoft.org/schema/mule/json" xmlns:tracking="http://www.mulesoft.org/schema/mule/ee/tracking" xmlns="http://www.mulesoft.org/schema/mule/core" xmlns:doc="http://www.mulesoft.org/schema/mule/documentation"
	xmlns:spring="http://www.springframework.org/schema/beans" 
	xmlns:xsi="http://www.w3.org/2001/XMLSchema-instance"
	xsi:schemaLocation="http://www.springframework.org/schema/beans http://www.springframework.org/schema/beans/spring-beans-current.xsd
http://www.mulesoft.org/schema/mule/core http://www.mulesoft.org/schema/mule/core/current/mule.xsd
http://www.mulesoft.org/schema/mule/json http://www.mulesoft.org/schema/mule/json/current/mule-json.xsd
http://www.mulesoft.org/schema/mule/ee/tracking http://www.mulesoft.org/schema/mule/ee/tracking/current/mule-tracking-ee.xsd
http://www.mulesoft.org/schema/mule/dragonfish http://www.mulesoft.org/schema/mule/dragonfish/current/mule-dragonfish.xsd">
    <flow name="dragon-startup-UM-flow" processingStrategy="synchronous">
        <processor-chain doc:name="Processor Chain UM">
            <expression-component doc:name="Expression"><![CDATA[payload = new java.util.HashMap();
payload.put("codigo","1");
payload.put("descripcion","Unidad de Medida");
payload.putAll(flowVars.base);
]]></expression-component>
            <expression-component doc:name="Expression"><![CDATA[flowVars.tmpRoot = new java.util.HashMap();
flowVars.tmpRoot .put("id", payload.codigo);
flowVars.tmpA = new java.util.HashMap();
flowVars.tmpA .put("codigo", payload.codigo);
flowVars.tmpA .put("descripcion", payload.descripcion);
flowVars.tmpRoot .put("request", flowVars.tmpA);
]]></expression-component>
            <dragonfish:servicio config-ref="Dragonfish__Configuration" entityType="UnidaddemedidaById_unidaddemedidaByIdPut" doc:name="Dragonfish Put Product">
                <dragonfish:entity-data ref="#[flowVars.tmpRoot]"/>
            </dragonfish:servicio>

            <expression-component doc:name="Expression"><![CDATA[flowVars.returnValue.add(payload.descripcion);]]></expression-component>
        </processor-chain>
        <catch-exception-strategy
			enableNotifications="false" logException="false" doc:name="Catch Exception Strategy">
			<logger message="SYSTEM LAYER - ERROR creando UM"
				level="INFO" category="com.acqua.utils.ConsolaDragon" doc:name="Logger CONSOLA" />
		</catch-exception-strategy>
    </flow>
    <flow name="dragon-startup-CONTROL3-flow" processingStrategy="synchronous">
        <processor-chain doc:name="Processor Chain CONTROL 3">
            <expression-component doc:name="Expression"><![CDATA[payload = new java.util.HashMap();
payload.put("codigo","${Dragon_Articulo_Remito_Control}");
payload.put("descripcion","Registro Control Remitos");
payload.put("descripcionAdicional","No Borrar");
payload.put("observacion","${Dragon_Articulo_Remito_Control}");
payload.put("unidadDeMedida","1");
payload.put("paletadecolores",flowVars.paletaColores);
payload.put("curvadetalles",flowVars.curvaTalles);
payload.put("ano","2020");
payload.put("peso",0);
payload.put("largo",0);
payload.put("ancho",0);
payload.put("alto",0);
payload.put("temporada","");
payload.put("noPublicarEnEcommerce",true);
payload.putAll(flowVars.base);
]]></expression-component>
            <expression-component doc:name="Expression"><![CDATA[flowVars.tmpRoot = new java.util.HashMap();
flowVars.tmpRoot .put("id", payload.codigo);
flowVars.tmpA = new java.util.HashMap();
flowVars.tmpA .put("codigo", payload.codigo);
flowVars.tmpA .put("descripcion", payload.descripcion);
flowVars.tmpA .put("descripcionAdicional", payload.descripcionAdicional);
flowVars.tmpA .put("observacion",payload.observacion);
flowVars.tmpA .put("proveedor",payload.proveedor);
flowVars.tmpA .put("unidadDeMedida",payload.unidadDeMedida);
flowVars.tmpA .put("temporada",payload.temporada);
flowVars.tmpA .put("ano",payload.ano);
flowVars.tmpA .put("familia",payload.familia);
flowVars.tmpA .put("linea",payload.linea);
flowVars.tmpA .put("grupo",payload.grupo);
flowVars.tmpA .put("categoriaDeArticulo",payload.categoriaDeArticulo);
flowVars.tmpA .put("clasificacion",payload.clasificacion);
flowVars.tmpA .put("tipodeArticulo",payload.tipoDeArticulo);
flowVars.tmpA .put("paletadecolores",payload.paletadecolores);
flowVars.tmpA .put("curvadetalles",payload.curvadetalles);
flowVars.tmpA .put("peso",payload.peso);
flowVars.tmpA .put("largo",payload.largo);
flowVars.tmpA .put("ancho",payload.ancho);
flowVars.tmpA .put("alto",payload.alto);
flowVars.tmpA .put("noComercializable",new Date(2030, 1, 1));
flowVars.tmpA .put("noPublicarEnEcommerce",payload.noPublicarEnEcommerce);
flowVars.tmpRoot .put("request", flowVars.tmpA);
]]></expression-component>
            <dragonfish:servicio config-ref="Dragonfish__Configuration" entityType="ArticuloById_articuloByIdPut" doc:name="Dragonfish Put Product">
                <dragonfish:entity-data ref="#[flowVars.tmpRoot]"/>
            </dragonfish:servicio>
            <expression-component doc:name="Expression"><![CDATA[flowVars.returnValue.add(payload.descripcion);]]></expression-component>
        </processor-chain>
        <catch-exception-strategy
			enableNotifications="false" logException="false" doc:name="Catch Exception Strategy">
			<logger message="SYSTEM LAYER - ERROR creando CONTROL 3"
				level="INFO" category="com.acqua.utils.ConsolaDragon" doc:name="Logger CONSOLA" />
		</catch-exception-strategy>
    </flow>
    <flow name="dragon-startup-CONTROL2-flow" processingStrategy="synchronous">
        <processor-chain doc:name="Processor Chain CONTROL 2">
            <expression-component doc:name="Expression"><![CDATA[payload = new java.util.HashMap();
payload.put("codigo","${Dragon_Articulo_Stock_Control}");
payload.put("descripcion","Registro Control Stock");
payload.put("descripcionAdicional","No Borrar");
payload.put("observacion","${Dragon_Articulo_Stock_Control}");
payload.put("unidadDeMedida","1");
payload.put("paletadecolores",flowVars.paletaColores);
payload.put("curvadetalles",flowVars.curvaTalles);
payload.put("ano","2020");
payload.put("peso",0);
payload.put("largo",0);
payload.put("ancho",0);
payload.put("alto",0);
payload.put("temporada","");
payload.put("noPublicarEnEcommerce",true);
payload.putAll(flowVars.base);
]]></expression-component>
            <expression-component doc:name="Expression"><![CDATA[flowVars.tmpRoot = new java.util.HashMap();
flowVars.tmpRoot .put("id", payload.codigo);
flowVars.tmpA = new java.util.HashMap();
flowVars.tmpA .put("codigo", payload.codigo);
flowVars.tmpA .put("descripcion", payload.descripcion);
flowVars.tmpA .put("descripcionAdicional", payload.descripcionAdicional);
flowVars.tmpA .put("observacion",payload.observacion);
flowVars.tmpA .put("proveedor",payload.proveedor);
flowVars.tmpA .put("unidadDeMedida",payload.unidadDeMedida);
flowVars.tmpA .put("temporada",payload.temporada);
flowVars.tmpA .put("ano",payload.ano);
flowVars.tmpA .put("familia",payload.familia);
flowVars.tmpA .put("linea",payload.linea);
flowVars.tmpA .put("grupo",payload.grupo);
flowVars.tmpA .put("categoriaDeArticulo",payload.categoriaDeArticulo);
flowVars.tmpA .put("clasificacion",payload.clasificacion);
flowVars.tmpA .put("tipodeArticulo",payload.tipoDeArticulo);
flowVars.tmpA .put("paletadecolores",payload.paletadecolores);
flowVars.tmpA .put("curvadetalles",payload.curvadetalles);
flowVars.tmpA .put("peso",payload.peso);
flowVars.tmpA .put("largo",payload.largo);
flowVars.tmpA .put("ancho",payload.ancho);
flowVars.tmpA .put("alto",payload.alto);
flowVars.tmpA .put("noComercializable",new Date(2030, 1, 1));
flowVars.tmpA .put("noPublicarEnEcommerce",payload.noPublicarEnEcommerce);
flowVars.tmpRoot .put("request", flowVars.tmpA);
]]></expression-component>
            <dragonfish:servicio config-ref="Dragonfish__Configuration" entityType="ArticuloById_articuloByIdPut" doc:name="Dragonfish Put Product">
                <dragonfish:entity-data ref="#[flowVars.tmpRoot]"/>
            </dragonfish:servicio>
            <expression-component doc:name="Expression"><![CDATA[flowVars.returnValue.add(payload.descripcion);]]></expression-component>
        </processor-chain>
        <catch-exception-strategy
			enableNotifications="false" logException="false" doc:name="Catch Exception Strategy">
			<logger message="SYSTEM LAYER - ERROR creando CONTROL 2"
				level="INFO" category="com.acqua.utils.ConsolaDragon" doc:name="Logger CONSOLA" />
		</catch-exception-strategy>
    </flow>
    <flow name="dragon-startup-CONTROL1-flow" processingStrategy="synchronous">
        <processor-chain doc:name="Processor Chain CONTROL 1">
            <expression-component doc:name="Expression"><![CDATA[payload = new java.util.HashMap();
payload.put("codigo","${Dragon_Articulo_Control}");
payload.put("descripcion","Registro Control Articulos");
payload.put("descripcionAdicional","No Borrar");
payload.put("observacion","${Dragon_Articulo_Control}");
payload.put("unidadDeMedida","1");
payload.put("paletadecolores",flowVars.paletaColores);
payload.put("curvadetalles",flowVars.curvaTalles);
payload.put("ano","2020");
payload.put("peso",0);
payload.put("largo",0);
payload.put("ancho",0);
payload.put("alto",0);
payload.put("temporada","");
payload.put("noPublicarEnEcommerce",true);
payload.putAll(flowVars.base);
]]></expression-component>
            <expression-component doc:name="Expression"><![CDATA[flowVars.tmpRoot = new java.util.HashMap();
flowVars.tmpRoot .put("id", payload.codigo);
flowVars.tmpA = new java.util.HashMap();
flowVars.tmpA .put("codigo", payload.codigo);
flowVars.tmpA .put("descripcion", payload.descripcion);
flowVars.tmpA .put("descripcionAdicional", payload.descripcionAdicional);
flowVars.tmpA .put("observacion",payload.observacion);
flowVars.tmpA .put("proveedor",payload.proveedor);
flowVars.tmpA .put("unidadDeMedida",payload.unidadDeMedida);
flowVars.tmpA .put("temporada",payload.temporada);
flowVars.tmpA .put("ano",payload.ano);
flowVars.tmpA .put("familia",payload.familia);
flowVars.tmpA .put("linea",payload.linea);
flowVars.tmpA .put("grupo",payload.grupo);
flowVars.tmpA .put("categoriaDeArticulo",payload.categoriaDeArticulo);
flowVars.tmpA .put("clasificacion",payload.clasificacion);
flowVars.tmpA .put("tipodeArticulo",payload.tipoDeArticulo);
flowVars.tmpA .put("paletadecolores",payload.paletadecolores);
flowVars.tmpA .put("curvadetalles",payload.curvadetalles);
flowVars.tmpA .put("peso",payload.peso);
flowVars.tmpA .put("largo",payload.largo);
flowVars.tmpA .put("ancho",payload.ancho);
flowVars.tmpA .put("alto",payload.alto);
flowVars.tmpA .put("noComercializable",new Date(2030, 1, 1));
flowVars.tmpA .put("noPublicarEnEcommerce",payload.noPublicarEnEcommerce);
flowVars.tmpRoot .put("request", flowVars.tmpA);
]]></expression-component>
            <dragonfish:servicio config-ref="Dragonfish__Configuration" entityType="ArticuloById_articuloByIdPut" doc:name="Dragonfish Put Product">
                <dragonfish:entity-data ref="#[flowVars.tmpRoot]"/>
            </dragonfish:servicio>
            <expression-component doc:name="Expression"><![CDATA[flowVars.returnValue.add(payload.descripcion);]]></expression-component>
        </processor-chain>
        <catch-exception-strategy
			enableNotifications="false" logException="false" doc:name="Catch Exception Strategy">
			<logger message="SYSTEM LAYER - ERROR creando CONTROL 1"
				level="INFO" category="com.acqua.utils.ConsolaDragon" doc:name="Logger CONSOLA" />
		</catch-exception-strategy>
    </flow>
    <flow name="dragon-startup-DESCUENTO-flow" processingStrategy="synchronous">
        <processor-chain doc:name="Processor Chain DESCUENTO">
            <expression-component doc:name="Expression"><![CDATA[payload = new java.util.HashMap();
payload.put("codigo","DESCUENTO");
payload.put("descripcion","DESCUENTO");
payload.put("descripcionAdicional","DESCUENTO");
payload.put("observacion","DESCUENTO");
payload.put("unidadDeMedida","1");
payload.put("paletadecolores",flowVars.paletaColores);
payload.put("curvadetalles",flowVars.curvaTalles);
payload.put("ano","2020");
payload.put("peso",0);
payload.put("largo",0);
payload.put("ancho",0);
payload.put("alto",0);
payload.put("temporada","");
payload.put("noPublicarEnEcommerce",true);
payload.putAll(flowVars.base);
]]></expression-component>
            <expression-component doc:name="Expression"><![CDATA[flowVars.tmpRoot = new java.util.HashMap();
flowVars.tmpRoot .put("id", payload.codigo);
flowVars.tmpA = new java.util.HashMap();
flowVars.tmpA .put("codigo", payload.codigo);
flowVars.tmpA .put("descripcion", payload.descripcion);
flowVars.tmpA .put("descripcionAdicional", payload.descripcionAdicional);
flowVars.tmpA .put("observacion",payload.observacion);
flowVars.tmpA .put("proveedor",payload.proveedor);
flowVars.tmpA .put("unidadDeMedida",payload.unidadDeMedida);
flowVars.tmpA .put("temporada",payload.temporada);
flowVars.tmpA .put("ano",payload.ano);
flowVars.tmpA .put("familia",payload.familia);
flowVars.tmpA .put("linea",payload.linea);
flowVars.tmpA .put("grupo",payload.grupo);
flowVars.tmpA .put("categoriaDeArticulo",payload.categoriaDeArticulo);
flowVars.tmpA .put("clasificacion",payload.clasificacion);
flowVars.tmpA .put("tipodeArticulo",payload.tipoDeArticulo);
flowVars.tmpA .put("paletadecolores",payload.paletadecolores);
flowVars.tmpA .put("curvadetalles",payload.curvadetalles);
flowVars.tmpA .put("peso",payload.peso);
flowVars.tmpA .put("largo",payload.largo);
flowVars.tmpA .put("ancho",payload.ancho);
flowVars.tmpA .put("alto",payload.alto);
flowVars.tmpA .put("noComercializable",new Date(2030, 1, 1));
flowVars.tmpA .put("noPublicarEnEcommerce",payload.noPublicarEnEcommerce);
flowVars.tmpRoot .put("request", flowVars.tmpA);
]]></expression-component>
            <dragonfish:servicio config-ref="Dragonfish__Configuration" entityType="ArticuloById_articuloByIdPut" doc:name="Dragonfish Put Product">
                <dragonfish:entity-data ref="#[flowVars.tmpRoot]"/>
            </dragonfish:servicio>
            <expression-component doc:name="Expression"><![CDATA[flowVars.returnValue.add(payload.descripcion);]]></expression-component>
        </processor-chain>
        <catch-exception-strategy
			enableNotifications="false" logException="false" doc:name="Catch Exception Strategy">
			<logger message="SYSTEM LAYER - ERROR creando DESCUENTO"
				level="INFO" category="com.acqua.utils.ConsolaDragon" doc:name="Logger CONSOLA" />
		</catch-exception-strategy>
    </flow>
    <flow name="dragon-startup-CUPO-flow" processingStrategy="synchronous">
        <processor-chain doc:name="Processor Chain CUPON">
            <expression-component doc:name="Expression"><![CDATA[payload = new java.util.HashMap();
payload.put("codigo","CUPON");
payload.put("descripcion","CUPON");
payload.put("descripcionAdicional","CUPON");
payload.put("observacion","CUPON");
payload.put("unidadDeMedida","1");
payload.put("paletadecolores",flowVars.paletaColores);
payload.put("curvadetalles",flowVars.curvaTalles);
payload.put("ano","2020");
payload.put("peso",0);
payload.put("largo",0);
payload.put("ancho",0);
payload.put("alto",0);
payload.put("temporada","");
payload.put("noPublicarEnEcommerce",true);
payload.putAll(flowVars.base);
]]></expression-component>
            <expression-component doc:name="Expression"><![CDATA[flowVars.tmpRoot = new java.util.HashMap();
flowVars.tmpRoot .put("id", payload.codigo);
flowVars.tmpA = new java.util.HashMap();
flowVars.tmpA .put("codigo", payload.codigo);
flowVars.tmpA .put("descripcion", payload.descripcion);
flowVars.tmpA .put("descripcionAdicional", payload.descripcionAdicional);
flowVars.tmpA .put("observacion",payload.observacion);
flowVars.tmpA .put("proveedor",payload.proveedor);
flowVars.tmpA .put("unidadDeMedida",payload.unidadDeMedida);
flowVars.tmpA .put("temporada",payload.temporada);
flowVars.tmpA .put("ano",payload.ano);
flowVars.tmpA .put("familia",payload.familia);
flowVars.tmpA .put("linea",payload.linea);
flowVars.tmpA .put("grupo",payload.grupo);
flowVars.tmpA .put("categoriaDeArticulo",payload.categoriaDeArticulo);
flowVars.tmpA .put("clasificacion",payload.clasificacion);
flowVars.tmpA .put("tipodeArticulo",payload.tipoDeArticulo);
flowVars.tmpA .put("paletadecolores",payload.paletadecolores);
flowVars.tmpA .put("curvadetalles",payload.curvadetalles);
flowVars.tmpA .put("peso",payload.peso);
flowVars.tmpA .put("largo",payload.largo);
flowVars.tmpA .put("ancho",payload.ancho);
flowVars.tmpA .put("alto",payload.alto);
flowVars.tmpA .put("noComercializable",new Date(2030, 1, 1));
flowVars.tmpA .put("noPublicarEnEcommerce",payload.noPublicarEnEcommerce);
flowVars.tmpRoot .put("request", flowVars.tmpA);
]]></expression-component>
            <dragonfish:servicio config-ref="Dragonfish__Configuration" entityType="ArticuloById_articuloByIdPut" doc:name="Dragonfish Put Product">
                <dragonfish:entity-data ref="#[flowVars.tmpRoot]"/>
            </dragonfish:servicio>
            <expression-component doc:name="Expression"><![CDATA[flowVars.returnValue.add(payload.descripcion);]]></expression-component>
        </processor-chain>
        <catch-exception-strategy
			enableNotifications="false" logException="false" doc:name="Catch Exception Strategy">
			<logger message="SYSTEM LAYER - ERROR creando CUPON"
				level="INFO" category="com.acqua.utils.ConsolaDragon" doc:name="Logger CONSOLA" />
		</catch-exception-strategy>
    </flow>
    <flow name="dragon-startup-ENVIO-flow" processingStrategy="synchronous">
        <processor-chain doc:name="Processor Chain - ENVIO">
            <expression-component doc:name="Expression"><![CDATA[payload = new java.util.HashMap();
payload.put("codigo","ENVIO");
payload.put("descripcion","ENVIO");
payload.put("descripcionAdicional","ENVIO");
payload.put("observacion","ENVIO");
payload.put("unidadDeMedida","1");
payload.put("paletadecolores",flowVars.paletaColores);
payload.put("curvadetalles",flowVars.curvaTalles);
payload.put("ano","2020");
payload.put("peso",0);
payload.put("largo",0);
payload.put("ancho",0);
payload.put("alto",0);
payload.put("temporada",""); 
payload.put("noPublicarEnEcommerce",true);
payload.putAll(flowVars.base);
]]></expression-component>
            <expression-component doc:name="Expression"><![CDATA[flowVars.tmpRoot = new java.util.HashMap();
flowVars.tmpRoot .put("id", payload.codigo);
flowVars.tmpA = new java.util.HashMap();
flowVars.tmpA .put("codigo", payload.codigo);
flowVars.tmpA .put("descripcion", payload.descripcion);
flowVars.tmpA .put("descripcionAdicional", payload.descripcionAdicional);
flowVars.tmpA .put("observacion",payload.observacion);
flowVars.tmpA .put("proveedor",payload.proveedor);
flowVars.tmpA .put("unidadDeMedida",payload.unidadDeMedida);
flowVars.tmpA .put("temporada",payload.temporada);
flowVars.tmpA .put("ano",payload.ano);
flowVars.tmpA .put("familia",payload.familia);
flowVars.tmpA .put("linea",payload.linea);
flowVars.tmpA .put("grupo",payload.grupo);
flowVars.tmpA .put("categoriaDeArticulo",payload.categoriaDeArticulo);
flowVars.tmpA .put("clasificacion",payload.clasificacion);
flowVars.tmpA .put("tipodeArticulo",payload.tipoDeArticulo);
flowVars.tmpA .put("paletadecolores",payload.paletadecolores);
flowVars.tmpA .put("curvadetalles",payload.curvadetalles);
flowVars.tmpA .put("peso",payload.peso);
flowVars.tmpA .put("largo",payload.largo);
flowVars.tmpA .put("ancho",payload.ancho);
flowVars.tmpA .put("alto",payload.alto);
flowVars.tmpA .put("noComercializable",new Date(2030, 1, 1));
flowVars.tmpA .put("noPublicarEnEcommerce",payload.noPublicarEnEcommerce);
flowVars.tmpRoot .put("request", flowVars.tmpA);
]]></expression-component>
            <dragonfish:servicio config-ref="Dragonfish__Configuration" entityType="ArticuloById_articuloByIdPut" doc:name="Dragonfish Put Product">
                <dragonfish:entity-data ref="#[flowVars.tmpRoot]"/>
            </dragonfish:servicio>
            <expression-component doc:name="Expression"><![CDATA[flowVars.returnValue.add(payload.descripcion);]]></expression-component>
        </processor-chain>
        <catch-exception-strategy
			enableNotifications="false" logException="false" doc:name="Catch Exception Strategy">
			<logger message="SYSTEM LAYER - ERROR creando ENVIO"
				level="INFO" category="com.acqua.utils.ConsolaDragon" doc:name="Logger CONSOLA" />
		</catch-exception-strategy>
    </flow>
    <flow name="dragon-startup-flow" processingStrategy="synchronous">
        <expression-component doc:name="Expression"><![CDATA[flowVars.base = new java.util.HashMap();
flowVars.returnValue = new java.util.ArrayList();
flowVars.paletaColores="";
flowVars.curvaTalles="";]]></expression-component>
        <flow-ref name="dragon-table-lookup-table-familia-flow" doc:name="dragon-table-lookup-table-familia-flow"/>
        <json:json-to-object-transformer returnClass="java.util.ArrayList" doc:name="JSON to Object"/>
        <choice doc:name="Choice">
            <when expression="#[payload.size()&gt;0]">
                <expression-component doc:name="Expression"><![CDATA[flowVars.base.put("familia",payload[0].keySet().stream().findFirst().get());]]></expression-component>
            </when>
            <otherwise>
                <expression-component doc:name="Expression"><![CDATA[flowVars.base.put("familia","");]]></expression-component>
            </otherwise>
        </choice>
        
        <flow-ref name="dragon-table-lookup-table-material-flow" doc:name="dragon-table-lookup-table-material-flow"/>
        <json:json-to-object-transformer returnClass="java.util.ArrayList" doc:name="JSON to Object"/>
        <choice doc:name="Choice">
            <when expression="#[payload.size()&gt;0]">
                <expression-component doc:name="Expression"><![CDATA[flowVars.base.put("material",payload[0].keySet().stream().findFirst().get());]]></expression-component>
            </when>
            <otherwise>
                <expression-component doc:name="Expression"><![CDATA[flowVars.base.put("material","");]]></expression-component>
            </otherwise>
        </choice>
        
        <flow-ref name="dragon-table-lookup-table-proveedor-flow" doc:name="dragon-table-lookup-table-proveedor-flow"/>
        <json:json-to-object-transformer returnClass="java.util.ArrayList" doc:name="JSON to Object"/>
        <choice doc:name="Choice">
            <when expression="#[payload.size()&gt;0]">
                <expression-component doc:name="Expression"><![CDATA[flowVars.base.put("proveedor",payload[0].keySet().stream().findFirst().get());]]></expression-component>
            </when>
            <otherwise>
                <expression-component doc:name="Expression"><![CDATA[flowVars.base.put("proveedor","");]]></expression-component>
            </otherwise>
        </choice>
        
        <flow-ref name="dragon-table-lookup-table-tipodeArticulo-flow" doc:name="dragon-table-lookup-table-tipodeArticulo-flow"/>
        <json:json-to-object-transformer returnClass="java.util.ArrayList" doc:name="JSON to Object"/>
        <choice doc:name="Choice">
            <when expression="#[payload.size()&gt;0]">
                <expression-component doc:name="Expression"><![CDATA[flowVars.base.put("tipoDeArticulo",payload[0].keySet().stream().findFirst().get());]]></expression-component>
            </when>
            <otherwise>
                <expression-component doc:name="Expression"><![CDATA[flowVars.base.put("tipoDeArticulo","");]]></expression-component>
            </otherwise>
        </choice>
        
        <flow-ref name="dragon-table-lookup-table-categoriaDeArticulo-flow" doc:name="dragon-table-lookup-table-categoriaDeArticulo-flow"/>
        <json:json-to-object-transformer returnClass="java.util.ArrayList" doc:name="JSON to Object"/>
        <choice doc:name="Choice">
            <when expression="#[payload.size()&gt;0]">
                <expression-component doc:name="Expression"><![CDATA[flowVars.base.put("categoriaDeArticulo",payload[0].keySet().stream().findFirst().get());]]></expression-component>
            </when>
            <otherwise>
                <expression-component doc:name="Expression"><![CDATA[flowVars.base.put("categoriaDeArticulo","");]]></expression-component>
            </otherwise>
        </choice>
        
        <flow-ref name="dragon-table-lookup-table-linea-flow" doc:name="dragon-table-lookup-table-linea-flow"/>
        <json:json-to-object-transformer returnClass="java.util.ArrayList" doc:name="JSON to Object"/>
        <choice doc:name="Choice">
            <when expression="#[payload.size()&gt;0]">
                <expression-component doc:name="Expression"><![CDATA[flowVars.base.put("linea",payload[0].keySet().stream().findFirst().get());]]></expression-component>
            </when>
            <otherwise>
                <expression-component doc:name="Expression"><![CDATA[flowVars.base.put("linea","");]]></expression-component>
            </otherwise>
        </choice>
        
        <flow-ref name="dragon-table-lookup-table-clasificacion-flow" doc:name="dragon-table-lookup-table-clasificacion-flow"/>
        <json:json-to-object-transformer returnClass="java.util.ArrayList" doc:name="JSON to Object"/>
        <choice doc:name="Choice">
            <when expression="#[payload.size()&gt;0]">
                <expression-component doc:name="Expression"><![CDATA[flowVars.base.put("clasificacion",payload[0].keySet().stream().findFirst().get());]]></expression-component>
            </when>
            <otherwise>
                <expression-component doc:name="Expression"><![CDATA[flowVars.base.put("clasificacion","");]]></expression-component>
            </otherwise>
        </choice>
        
        <flow-ref name="dragon-table-lookup-table-grupo-flow" doc:name="dragon-table-lookup-table-grupo-flow"/>
        <json:json-to-object-transformer returnClass="java.util.ArrayList" doc:name="JSON to Object"/>
        <choice doc:name="Choice">
            <when expression="#[payload.size()&gt;0]">
                <expression-component doc:name="Expression"><![CDATA[flowVars.base.put("grupo",payload[0].keySet().stream().findFirst().get());]]></expression-component>
            </when>
            <otherwise>
                <expression-component doc:name="Expression"><![CDATA[flowVars.base.put("grupo","");]]></expression-component>
            </otherwise>
        </choice>
        <flow-ref name="dragon-startup-UM-flow" doc:name="dragon-startup-UM-flow"/>
        <flow-ref name="dragon-startup-ENVIO-flow" doc:name="dragon-startup-ENVIO-flow"/>
        <flow-ref name="dragon-startup-CUPO-flow" doc:name="dragon-startup-CUPO-flow"/>
        <flow-ref name="dragon-startup-DESCUENTO-flow" doc:name="dragon-startup-DESCUENTO-flow"/>
        <flow-ref name="dragon-startup-CONTROL1-flow" doc:name="dragon-startup-CONTROL1-flow"/>
        <flow-ref name="dragon-startup-CONTROL2-flow" doc:name="dragon-startup-CONTROL2-flow"/>
        <flow-ref name="dragon-startup-CONTROL3-flow" doc:name="dragon-startup-CONTROL3-flow"/>

        
        <set-payload value="#[flowVars.returnValue]" doc:name="Set Payload"/>
        <json:object-to-json-transformer doc:name="Object to JSON"/>
        <exception-strategy ref="System_Layer_New_Exception_Strategy" doc:name="Reference Exception Strategy"/>
    </flow>
</mule>
