<?xml version="1.0" encoding="UTF-8"?>

<mule xmlns:jms="http://www.mulesoft.org/schema/mule/jms" xmlns:mulerequester="http://www.mulesoft.org/schema/mule/mulerequester" xmlns:file="http://www.mulesoft.org/schema/mule/file" xmlns:validation="http://www.mulesoft.org/schema/mule/validation"
	xmlns:http="http://www.mulesoft.org/schema/mule/http" xmlns:tls="http://www.mulesoft.org/schema/mule/tls"
	xmlns:cdata-shopify="http://www.mulesoft.org/schema/mule/cdata-shopify"
	xmlns:tracking="http://www.mulesoft.org/schema/mule/ee/tracking"
	xmlns:scripting="http://www.mulesoft.org/schema/mule/scripting"
	xmlns:dw="http://www.mulesoft.org/schema/mule/ee/dw" xmlns:dragonfish="http://www.mulesoft.org/schema/mule/dragonfish"
	xmlns:json="http://www.mulesoft.org/schema/mule/json" xmlns="http://www.mulesoft.org/schema/mule/core"
	xmlns:doc="http://www.mulesoft.org/schema/mule/documentation"
	xmlns:spring="http://www.springframework.org/schema/beans" xmlns:xsi="http://www.w3.org/2001/XMLSchema-instance"
	xsi:schemaLocation="http://www.springframework.org/schema/beans http://www.springframework.org/schema/beans/spring-beans-current.xsd
http://www.mulesoft.org/schema/mule/core http://www.mulesoft.org/schema/mule/core/current/mule.xsd
http://www.mulesoft.org/schema/mule/dragonfish http://www.mulesoft.org/schema/mule/dragonfish/current/mule-dragonfish.xsd
http://www.mulesoft.org/schema/mule/json http://www.mulesoft.org/schema/mule/json/current/mule-json.xsd
http://www.mulesoft.org/schema/mule/ee/dw http://www.mulesoft.org/schema/mule/ee/dw/current/dw.xsd
http://www.mulesoft.org/schema/mule/scripting http://www.mulesoft.org/schema/mule/scripting/current/mule-scripting.xsd
http://www.mulesoft.org/schema/mule/ee/tracking http://www.mulesoft.org/schema/mule/ee/tracking/current/mule-tracking-ee.xsd
http://www.mulesoft.org/schema/mule/cdata-shopify http://www.mulesoft.org/schema/mule/cdata-shopify/current/mule-cdata-shopify.xsd
http://www.mulesoft.org/schema/mule/http http://www.mulesoft.org/schema/mule/http/current/mule-http.xsd
http://www.mulesoft.org/schema/mule/tls http://www.mulesoft.org/schema/mule/tls/current/mule-tls.xsd
http://www.mulesoft.org/schema/mule/validation http://www.mulesoft.org/schema/mule/validation/current/mule-validation.xsd
http://www.mulesoft.org/schema/mule/file http://www.mulesoft.org/schema/mule/file/current/mule-file.xsd
http://www.mulesoft.org/schema/mule/mulerequester http://www.mulesoft.org/schema/mule/mulerequester/current/mule-mulerequester.xsd
http://www.mulesoft.org/schema/mule/jms http://www.mulesoft.org/schema/mule/jms/current/mule-jms.xsd">
    <flow name="dragon-obtener-todos-los-productos-stock-publicados-flow" processingStrategy="synchronous">
        <expression-component doc:name="Expression"><![CDATA[flowVars.flowName=flow.name;
flowVars.metricCategory=message.inboundProperties.'process';
flowVars.apiName=message.inboundProperties.'http.request.uri';
flowVars.errorCode="";
flowVars.eCommerceAProcesar = message.inboundProperties.'http.uri.params'.Ecommerce;
flowVars.articulosAModificar = new java.util.HashSet();
flowVars.FechaModificacion="2020-08-11T13:31:21";
flowVars.procesarSoloCambios=(message.inboundProperties.'http.uri.params'.ProcesarSoloCambios).equals("true");
flowVars.transacionIDGen=message.inboundProperties.'transactionId';
flowVars.process=message.inboundProperties.'process';
flowVars.codigosDragonPublicados  = new java.util.ArrayList();]]></expression-component>
        <enricher target="#[flowVars.ecommerces]" doc:name="Message Enricher">
            <invoke object-ref="DragonUtil" method="getEcommerces" doc:name="Get E-commerces"/>
        </enricher>
        <enricher target="#[flowVars.baseDeDatosStock]" doc:name="Message Enricher - Get Bases de Stock">
            <invoke object-ref="DragonUtil" method="getBasesDeDatosStock" doc:name="Get Bases De Stock"/>
        </enricher>
        <scatter-gather doc:name="Scatter-Gather">
            <foreach collection="#[flowVars.ecommerces]" doc:name="For Each">
                <choice doc:name="Choice">
                    <when expression="#[flowVars.eCommerceAProcesar.equals(&quot;all&quot;) || flowVars.eCommerceAProcesar.equals(payload)]">
                        <http:request config-ref="HTTP_SystemLayer_API" path="/#[payload]/obtener-articulos-dragon-publicados/true/false" method="GET" doc:name="HTTP - Obtener SKU Publicados">
                            <http:success-status-code-validator values="200..599"/>
                        </http:request>
                        <validation:custom-validator config-ref="Validation_Configuration" message="No se pudo recuperar articulos publicado en #[payload]" class="com.acqua.common.sl.validator.SLExternalRestfulValidator" doc:name="Validation HTTP Response"/>
                        <json:json-to-object-transformer returnClass="java.util.ArrayList" doc:name="JSON to Object"/>
                        <foreach collection="#[payload]" doc:name="For Each">
                            <expression-component doc:name="Expression"><![CDATA[flowVars.sku = new com.acqua.utils.Sku(payload,"${Paleta_Colores_Separador}","${SKU_Separador}");
flowVars.articulosAModificar.add(flowVars.sku);]]></expression-component>
                        </foreach>
                    </when>
                    <otherwise>
                        <logger message="SYSTEM LAYER - ECommerce Ignored" level="INFO" category="com.acqua.utils.ConsolaSystemDragon" doc:name="Logger CONSOLA"/>
                    </otherwise>
                </choice>
            </foreach>
            <enricher target="#[flowVars.codigosDragonPublicados]" doc:name="Message Enricher">
                <flow-ref name="dragon-obtener-productos-publicados-flow" doc:name="dragon-obtener-productos-publicados-flow"/>
            </enricher>
        </scatter-gather>
        <foreach collection="#[flowVars.articulosAModificar]" doc:name="For Each">
            <enricher target="#[flowVars.articulosControlados]" doc:name="Message Enricher">
                <processor-chain doc:name="Processor Chain">
                    <expression-component doc:name="Expression"><![CDATA[if(!flowVars.codigosDragonPublicados.contains(payload.getCodigoDragon()))
{
	flowVars.articulosAModificar.remove(payload);
}]]></expression-component>
                </processor-chain>
            </enricher>
        </foreach>
        <logger message="SYSTEM LAYER - Varianzas Publicados en E-Commerce #[&quot;\n&quot;]#[flowVars.articulosAModificar]" level="INFO" category="com.acqua.utils.ConsolaSystemDragon" doc:name="Logger CONSOLA"/>
        <expression-component doc:name="Expression"><![CDATA[flowVars.returnValue = new java.util.ArrayList();
flowVars.articulosAComprometer = new java.util.HashMap();]]></expression-component>
        <flow-ref name="dragon-producto-pendiente-facturacion-e-commerce-persists-flow" doc:name="dragon-producto-pendiente-facturacion-e-commerce-persists-flow"/>
        <expression-component doc:name="Expression"><![CDATA[
flowVars.qtyRecords=flowVars.articulosAModificar.size();
flowVars.recordNo=0;
flowVars.recordNoAll=0;]]></expression-component>
        <enricher target="#[flowVars.statusQueue]" doc:name="Message Enricher">
            <processor-chain doc:name="Processor Chain">
                <expression-component doc:name="Expression"><![CDATA[payload = new java.util.HashMap();
payload.put('source','process');                         
payload.put('process',flowVars.process);
payload.put('thread',Thread.currentThread().getId());
payload.put('time',server.dateTime.format('yyyy/MM/dd HH:mm:ss:SSS'));
payload.put('transactionId',flowVars.transacionIDGen);
payload.put('status','ON');
payload.put('qtyRecords',flowVars.qtyRecords);
payload.put('recordNo',0);
payload.put('error','');
]]></expression-component>
                <flow-ref name="message-send-msg-to-topic-flow" doc:name="message-send-msg-to-topic-flow"/>
            </processor-chain>
        </enricher>
        <async doc:name="Async">
            <flow-ref name="dragon-obtener-todos-los-productos-stock-publicados-process-flow" doc:name="dragon-obtener-todos-los-productos-stock-publicados-process-flow"/>
        </async>

        <set-payload value="{}" doc:name="Set Payload"/>
        <json:object-to-json-transformer doc:name="Object to JSON"/>
        <message-properties-transformer doc:name="Message Properties">
            <add-message-property key="qtyRecords" value="#[flowVars.qtyRecords]"/>
            <add-message-property key="qtyRecordsProcesados" value="#[flowVars.recordNo]"/>
        </message-properties-transformer>
        <set-property propertyName="http.status" value="#[200]" doc:name="http.status"/>
        <exception-strategy ref="System_Layer_Process_Exception_Strategy" doc:name="Reference Exception Strategy"/>
    </flow>
   	 
    <flow name="dragon-obtener-todos-los-productos-stock-publicados-process-flow" processingStrategy="asynchronous">

        <foreach collection="#[flowVars.articulosAModificar]" doc:name="For Each - SKU">
            <flow-ref name="dragon-obtener-todos-los-productos-stock-publicados-process-sku-flow" doc:name="dragon-obtener-todos-los-productos-stock-publicados-process-sku-flow"/>

            <enricher target="#[flowVars.statusQueue]" doc:name="Message Enricher">
                <processor-chain doc:name="Processor Chain">
                    <expression-component doc:name="Expression"><![CDATA[flowVars.detailSKU = payload;
payload = new java.util.HashMap();
payload.put('source','monitor-dragon');   
payload.put('thread',Thread.currentThread().getId());                     
payload.put('process',flowVars.process);
payload.put('transactionId',flowVars.transacionIDGen);
payload.put('codigo',flowVars.sku);
payload.put('descripcion',flowVars.detailSKU.articuloDescripcion);
payload.put('ultima-actividad-status',message.outboundProperties["http.status"]);
payload.put('ultima-actividad-fecha',server.dateTime.format('yyyy/MM/dd HH:mm:ss:SSS'));
payload.put('ultima-actividad-estado',(flowVars.procesarRegistro?'Se-Publica':'Sin-Cambios'));
payload.put('payload',flowVars.detailSKU);]]></expression-component>
                    <flow-ref name="message-send-msg-to-topic-flow" doc:name="message-send-msg-to-topic-flow"/>
                </processor-chain>
            </enricher>
            <enricher target="#[flowVars.statusQueue]" doc:name="Message Enricher">
                <processor-chain doc:name="Processor Chain">
                    <expression-component doc:name="Expression"><![CDATA[payload = new java.util.HashMap();
payload.put('source','process');                         
payload.put('process',flowVars.process);
payload.put('thread',Thread.currentThread().getId());
payload.put('time',server.dateTime.format('yyyy/MM/dd HH:mm:ss:SSS'));
payload.put('transactionId',flowVars.transacionIDGen);
payload.put('status','ON');
payload.put('qtyRecords',flowVars.qtyRecords);
payload.put('recordNo',flowVars.recordNoAll);
payload.put('error','');
]]></expression-component>
                    <flow-ref name="message-send-msg-to-topic-flow" doc:name="message-send-msg-to-topic-flow"/>
                </processor-chain>
            </enricher>

        </foreach>
        <enricher target="#[flowVars.statusQueue]" doc:name="Message Enricher">
            <processor-chain doc:name="Processor Chain">
                <set-payload value="#['Done']" doc:name="Set Payload"/>
                <message-properties-transformer doc:name="Message Properties">
                    <add-message-property key="qtyRecords" value="#[flowVars.qtyRecords]"/>
                    <add-message-property key="recordNo" value="#[flowVars.recordNoAll]"/>
                    <add-message-property key="transactionId" value="#[flowVars.transacionIDGen]"/>
                    <add-message-property key="process" value="#[flowVars.process]"/>
                    <add-message-property key="error" value="#['']"/>
                    <add-message-property key="status" value="#[200]"/>
                </message-properties-transformer>
                <jms:outbound-endpoint queue="${activemq.queue.semaphore}" connector-ref="Active_MQ" responseTimeout="60000" doc:name="Send End Process"/>
            </processor-chain>
        </enricher>


        <exception-strategy ref="System_Layer_Process_Exception_Strategy" doc:name="Reference Exception Strategy"/>
		
    </flow>
    <flow name="dragon-obtener-todos-los-productos-stock-publicados-process-sku-flow" processingStrategy="synchronous">
        <enricher target="#[flowVars.detailSKU]" doc:name="Message Enricher">
            <flow-ref name="dragon-producto-obtener-precio-stock-by-sku-flow" doc:name="dragon-producto-obtener-precio-stock-by-sku-flow"/>
        </enricher>
        <choice doc:name="Choice">
            <when expression="#[!flowVars.baseDeDatosStock.isEmpty() &amp;&amp; !flowVars.detailSKU.isEmpty()]">
                <enricher target="#[flowVars.stockAdicionales]" doc:name="Message Enricher">
                    <processor-chain doc:name="Processor Chain">
                        <choice doc:name="Choice">
                            <when expression="${Dragon_BaseDeDatos_CapturaParallela}">
                                <flow-ref name="dragon-producto-obtener-precio-stock-bases-parallel-flow" doc:name="dragon-producto-obtener-precio-stock-bases-parallel-flow"/>
                            </when>
                            <otherwise>
                                <flow-ref name="dragon-producto-obtener-precio-stock-bases-flow" doc:name="dragon-producto-obtener-precio-stock-bases-flow"/>
                            </otherwise>
                        </choice>
                    </processor-chain>
                </enricher>
                <expression-component doc:name="Expression"><![CDATA[flowVars.detailSKU.get('basesDeDatos').putAll(flowVars.stockAdicionales);
]]></expression-component>
            </when>
            <otherwise>
                <logger message="SYSTEM LAYER - No hay Base de Datos de Stock" level="INFO" category="com.acqua.utils.ConsolaSystemDragon" doc:name="Logger"/>
                <expression-component doc:name="Expression"><![CDATA[flowVars.detailSKU.put('basesDeDatos',new java.util.HashMap());]]></expression-component>
            </otherwise>
        </choice>
        <expression-component doc:name="Expression"><![CDATA[flowVars.existsSKU = flowVars.articulosAComprometer.containsKey(payload);
if(flowVars.existsSKU)
{
	flowVars.stockQty = flowVars.articulosAComprometer.get(payload);
	flowVars.detailSKU.put('pendienteECommerce',flowVars.stockQty);
} else
{
	flowVars.detailSKU.put('pendienteECommerce',0);
}
]]></expression-component>
        <custom-transformer mimeType="application/json" class="com.acqua.transformer.DragonStockChangeTransformer" doc:name="Control de Cambio de Stock"/>
        <expression-component doc:name="Expression"><![CDATA[if(flowVars.ProcesarSoloCambios)
{
	if(flowVars.procesarRegistro)
	{ 
		flowVars.returnValue.add(payload.getSKU());
	    flowVars.recordNo = flowVars.recordNo + 1;
	}
} else
{
	flowVars.returnValue.add(payload.getSKU());
    flowVars.recordNo = flowVars.recordNo + 1;
}
flowVars.sku=payload.getSKU();
flowVars.recordNoAll=flowVars.recordNoAll+1;]]></expression-component>
        <choice doc:name="Choice">
            <when expression="#[flowVars.procesarRegistro]">
                <foreach collection="#[flowVars.ecommerces]" doc:name="For Each ECommerce">
                    <choice doc:name="Choice">
                        <when expression="#[(flowVars.eCommerceAProcesar.equals(&quot;all&quot;) || flowVars.eCommerceAProcesar.equals(payload))]">
                            <set-variable variableName="originalECommerce" value="#[payload]" doc:name="Variable"/>
                            <set-payload value="#[flowVars.detailSKU]" doc:name="Set Payload"/>
                            <json:object-to-json-transformer doc:name="Object to JSON"/>
                            <message-properties-transformer doc:name="Message Properties">
                                <add-message-property key="transactionId" value="#[flowVars.transacionIDGen]"/>
                                <add-message-property key="process" value="#[flowVars.process]"/>
                                <add-message-property key="TYPE_PROCESS" value="STOCK"/>
                                <add-message-property key="qtyRecords" value="#[flowVars.qtyRecords]"/>
                                <add-message-property key="recordNo" value="#[flowVars.recordNo]"/>
                            </message-properties-transformer>
                            <jms:outbound-endpoint queue="${activemq.queue.stock}-#[flowVars.originalECommerce]" connector-ref="Active_MQ" responseTimeout="60000" doc:name="Send Cod to Process"/>
                        </when>
                        <otherwise>
                            <logger message="SYSTEM LAYER - ECommerce Ignored" level="INFO" category="com.acqua.utils.ConsolaSystemDragon" doc:name="Logger"/>
                        </otherwise>
                    </choice>
                </foreach>
            </when>
            <otherwise>
                <logger message="SYSTEM LAYER - Producto sin varianza" level="INFO" category="com.acqua.utils.ConsolaSystemDragon" doc:name="Logger"/>
            </otherwise>
        </choice>
        <set-property propertyName="http.status" value="#[200]" doc:name="http.status"/>
        <set-payload value="#[flowVars.detailSKU]" doc:name="Set Payload"/>
        <exception-strategy ref="System_Layer_Exception_Strategy" doc:name="Reference Exception Strategy"/>
    </flow>


	
	<flow name="dragon-obtener-todos-los-productos-stock-afectados-flow"
		processingStrategy="synchronous">
		
		<expression-component doc:name="Set Control Vars"><![CDATA[flowVars.flowName=flow.name;
flowVars.metricCategory=message.inboundProperties.'http.request.path';
flowVars.apiName=message.inboundProperties.'http.request.uri';
flowVars.errorCode="";
flowVars.procesarSoloCambios=false;]]></expression-component>
        
        <enricher target="#[flowVars.baseDeDatosStock]" doc:name="Message Enricher - Get Bases de Stock">
            <invoke object-ref="DragonUtil" method="getBasesDeDatosStock" doc:name="Get Bases De Stock"/>
        </enricher>

		<choice doc:name="Choice">
			<when
				expression="#[message.inboundProperties.'http.uri.params'.FechaModificacion == null]">
				<logger message="SYSTEM LAYER - REQUEST: Leyendo Productos Modificados"
					level="INFO" category="com.acqua.utils.ConsolaSystemDragon"
					doc:name="Logger CONSOLA" />
				<set-variable variableName="articuloDragonKey" value="${Dragon_Articulo_Stock_Control}"
					doc:name="Set Articulo Dragon" />
                <enricher target="#[flowVars.FechaModificacion]" doc:name="Message Enricher - Set Fecha de Modificacion">
                    <processor-chain doc:name="Processor Chain">
                        <logger message="SYSTEM LAYER - Recuperando Fecha de Ultima modifiacion del registro de equivalencia del producto: #[flowVars.articuloDragonKey]" level="INFO" category="com.acqua.utils.ConsolaSystemDragon" doc:name="Logger CONSOLA"/>
                        <flow-ref name="dragon-producto-obtener-articulo-control-flow" doc:name="dragon-producto-obtener-articulo-control-flow"/>
                        <logger message="SYSTEM LAYER - Ultima fecha de actualizacion #[payload]" level="INFO" category="com.acqua.utils.ConsolaSystemDragon" doc:name="Logger CONSOLA"/>
                    </processor-chain>
                </enricher>

			</when>
			<otherwise>
				<logger
					message="SYSTEM LAYER - REQUEST: Leyendo Productos Modificados posgterior a Fecha: #[message.inboundProperties.'http.uri.params'.FechaModificacion]"
					level="INFO" category="com.acqua.utils.ConsolaSystemDragon"
					doc:name="Logger CONSOLA" />
				<set-variable variableName="FechaModificacion"
					value="#[message.inboundProperties.'http.uri.params'.FechaModificacion]"
					doc:name="Set Fecha Modificacion" />
			</otherwise>
		</choice>

		<expression-component doc:name="Set Control Vars"><![CDATA[flowVars.flowName="dragon-producto-process-request-stock-while-flow";
flowVars.metricCategory="Dragon-Product";
flowVars.apiName="Movimientos De Stock";
flowVars.errorCode="";
flowVars.page=1;
flowVars.articulosAModificar = new java.util.HashSet();]]></expression-component>
		<flow-ref name="dragon-producto-process-request-stock-while-flow"
			doc:name="dragon-producto-process-request-stock-while-flow" />
		<logger
			message="SYSTEM LAYER - Articulos modificados por movimientos de Stock #[&quot;\n&quot;]#[flowVars.articulosAModificar]"
			level="INFO" category="com.acqua.utils.ConsolaSystemDragon" doc:name="Logger CONSOLA" />
        <enricher target="#[flowVars.addCheck]" doc:name="Message Enricher - Get Checks to Execute">
            <invoke object-ref="DragonUtil" method="getAddtionalCheck" doc:name="Get Additonal Check"/>
        </enricher>
        <foreach collection="#[flowVars.addCheck]" doc:name="For Each">
            <processor-chain doc:name="Processor Chain">
                <set-variable variableName="eventToProcess" value="#[payload]" doc:name="Variable"/>
                <expression-component doc:name="Expression"><![CDATA[flowVars.flowName=payload;
flowVars.metricCategory="Dragon-Product";
flowVars.apiName=payload;
flowVars.errorCode="";
flowVars.page=1;]]></expression-component>
                <flow-ref name="dragon-producto-process-request-facturas-manual-while-flow" doc:name="dragon-producto-process-request-facturas-manual-while-flow"/>
                <logger message="SYSTEM LAYER - Articulos modificados por facturas#[&quot;\n&quot;]#[flowVars.articulosAModificar]" level="INFO" category="com.acqua.utils.ConsolaSystemDragon" doc:name="Logger CONSOLA"/>
            </processor-chain>
        </foreach>
        <expression-component doc:name="Expression"><![CDATA[flowVars.returnValue = new java.util.ArrayList();
flowVars.articulosAComprometer = new java.util.HashMap();]]></expression-component>

        <flow-ref name="dragon-producto-pendiente-facturacion-e-commerce-persists-flow" doc:name="dragon-producto-pendiente-facturacion-e-commerce-persists-flow"/>
        <foreach collection="#[flowVars.articulosAModificar]" doc:name="For Each - SKU">
            <enricher target="#[flowVars.detailSKU]" doc:name="Message Enricher">
                <flow-ref name="dragon-producto-obtener-precio-stock-by-sku-flow" doc:name="dragon-producto-obtener-precio-stock-by-sku-flow"/>
            </enricher>
            <choice doc:name="Choice">
                <when expression="#[!flowVars.baseDeDatosStock.isEmpty() &amp;&amp; !flowVars.detailSKU.isEmpty()]">
                    <enricher target="#[flowVars.stockAdicionales]" doc:name="Message Enricher">
                        <flow-ref name="dragon-producto-obtener-precio-stock-bases-flow" doc:name="dragon-producto-obtener-precio-stock-bases-flow"/>
                    </enricher>
                    <expression-component doc:name="Expression"><![CDATA[flowVars.detailSKU.get('basesDeDatos').putAll(flowVars.stockAdicionales);]]></expression-component>
                </when>
                <otherwise>
                    <logger message="SYSTEM LAYER - No hay Base de Datos de Stock" level="INFO" category="com.acqua.utils.ConsolaSystemDragon" doc:name="Logger"/>
                    <expression-component doc:name="Expression"><![CDATA[flowVars.detailSKU.put('basesDeDatos',new java.util.HashMap());]]></expression-component>
                </otherwise>
            </choice>
            <choice doc:name="Choice">
                <when expression="#[!flowVars.detailSKU.isEmpty()]">
                    <expression-component doc:name="Expression"><![CDATA[flowVars.existsSKU = flowVars.articulosAComprometer.containsKey(payload);
if(flowVars.existsSKU)
{
	flowVars.stockQty = flowVars.articulosAComprometer.get(payload);
	flowVars.detailSKU.put('pendienteECommerce',flowVars.stockQty);
} else
{
	flowVars.detailSKU.put('pendienteECommerce',0);
}
flowVars.returnValue.add(flowVars.detailSKU);]]></expression-component>
                </when>
                <otherwise>
                    <logger message="No existe Precio y Stock para el SKU" level="INFO" category="com.acqua.utils.ConsolaSystemDragon" doc:name="Logger"/>
                </otherwise>
            </choice>
            <custom-transformer mimeType="application/json" class="com.acqua.transformer.DragonStockChangeTransformer" doc:name="Control de Cambio de Stock"/>


        </foreach>

		<set-payload value="#[flowVars.returnValue]" doc:name="Set Payload" />


		<json:object-to-json-transformer
			doc:name="Object to JSON" />
		<set-property propertyName="http.status" value="#[200]"
			doc:name="http.status" />



		<exception-strategy ref="System_Layer_Generic_Exception_Strategy"
			doc:name="Reference Exception Strategy" />
			
	</flow>
	
	<flow name="dragon-producto-process-request-stock-while-flow"
		processingStrategy="synchronous">
		<set-variable variableName="QtyRecs"
			value="#[${Dragon_CantidadDeRegistrosPorRequest}]" doc:name="Set Qty Records" />

		<expression-component doc:name="Prepare Request"><![CDATA[payload = new java.util.HashMap();
payload .put("limit", flowVars.QtyRecs);
payload .put("page", flowVars.page);
payload .put("sort", "-informacionAdicional.FechaModificacionFW,-informacionAdicional.HoraModificacionFW");

]]></expression-component>

 		<flow-ref name="dragon-producto-process-request-stock-flow" doc:name="dragon-producto-process-request-stock-flow"/>

		<choice doc:name="Choice">
			<when expression="#[payload.totalRegistros &gt; 0]">
				<enricher target="#[flowVars.procesarPrimerRegistro]"
					doc:name="Message Enricher">
					<invoke object-ref="DragonUtil" method="seDebeProcesarRegistro"
						methodArguments="#[payload.resultados[0].codigo], #[payload.resultados[0].informacionAdicional[0].fechaModificacionFW],#[payload.resultados[0].informacionAdicional[0].horaModificacionFW],#[flowVars.FechaModificacion]"
						doc:name="Invoke - Si se debe Procesar Primer Registro" />

				</enricher>
			</when>
			<otherwise>
				<set-variable variableName="procesarPrimerRegistro"
					value="#[false]" doc:name="Set Procesar Registros" />
			</otherwise>
		</choice>
		<choice doc:name="Choice - Hay Registros a Procesar?">
			<when
				expression="#[payload.totalRegistros &gt; 0 &amp;&amp; flowVars.procesarPrimerRegistro]">
				<enricher target="#[flowVars.page]" doc:name="Message Enricher">
					<invoke object-ref="DragonUtil" method="obtenerPagina"
						methodArguments="#[payload.siguiente!=null?payload.siguiente:&quot;NULL&quot;]"
						doc:name="Invoke - Obtener Pagina" />
				</enricher>

				<foreach collection="#[payload.resultados]" doc:name="For Each">
					<enricher target="#[flowVars.seDebeProcesarRegistro]"
						doc:name="Message Enricher">
						<invoke object-ref="DragonUtil" method="seDebeProcesarRegistro"
							methodArguments="#[payload.codigo], #[payload.informacionAdicional[0].fechaModificacionFW!=null?payload.informacionAdicional[0].fechaModificacionFW:&quot;NULL&quot;],#[payload.informacionAdicional[0].horaModificacionFW!=null?payload.informacionAdicional[0].horaModificacionFW:&quot;NULL&quot;],#[flowVars.FechaModificacion]"
							doc:name="Invoke - Si se debe Procesar" />
					</enricher>

					<choice doc:name="Choice - Procesar?">
						<when expression="#[flowVars.seDebeProcesarRegistro]">
							<logger
								message="Stock modificado. Fecha Modificado: #[payload.informacionAdicional[0].fechaModificacionFW] Hora: Fecha Modificado: #[payload.informacionAdicional[0].horaModificacionFW]"
								level="INFO" category="com.acqua.utils.SystemLayer" doc:name="Logger" />
							<set-variable variableName="fechaModificado"
								value="#[payload.informacionAdicional[0].fechaModificacionFW]-#[payload.informacionAdicional[0].horaModificacionFW]"
								doc:name="Save Fecha" />
							<foreach collection="#[payload.movimientoDetalle]"
								doc:name="For Each">
								<logger
									message="Movimiento de Stock #[flowVars.fechaModificado]  Articulo: #[payload.articulo]/#[payload.articuloDetalle] Cantidad #[payload.cantidad] Color #[payload.colorDetalle] talle #[payload.talle]"
									level="INFO" category="com.acqua.utils.SystemLayer" doc:name="Logger" />
								<expression-component doc:name="Save Articulo"><![CDATA[flowVars.sku = new com.acqua.utils.Sku(payload.articulo , payload.color, payload.talle,"${Paleta_Colores_Separador}","${SKU_Separador}");
flowVars.articulosAModificar.add(flowVars.sku);]]></expression-component>
							</foreach>

						</when>
						<otherwise>
							<logger
								message="Codigo NO modificado: #[payload.codigo] Fecha Modificado: #[payload.informacionAdicional.fechaModificacionFW] Hora: Fecha Modificado: #[payload.informacionAdicional.horaModificacionFW]"
								category="com.acqua.utils.SystemLayer" level="INFO" doc:name="Logger" />
							<set-variable variableName="page" value="#[0]"
								doc:name="Force Exit" />
						</otherwise>
					</choice>
				</foreach>

			</when>
			<otherwise>
				<logger message="No hay registros a Procesar" category="com.acqua.utils.SystemLayer"
					level="INFO" doc:name="Logger" />
				<set-variable variableName="page" value="#[0]"
					doc:name="Set Page to 0" />

			</otherwise>
		</choice>
		<choice doc:name="Choice - Hay mas Paginas Pendientes?">
			<when expression="#[flowVars.page&gt;0]">
				<flow-ref name="dragon-producto-process-request-stock-while-flow"
					doc:name="dragon-producto-process-request-stock-while-flow" />
			</when>
			<otherwise>
				<logger message="No hay mas paginas pendientes" category="com.acqua.utils.SystemLayer"
					level="INFO" doc:name="Logger" />
			</otherwise>
		</choice>

	</flow>
	
	<flow name="dragon-producto-process-request-facturas-manual-while-flow"
		processingStrategy="synchronous">
		<set-variable variableName="QtyRecs"
			value="#[${Dragon_CantidadDeRegistrosPorRequest}]" doc:name="Set Qty Records" />

		<expression-component doc:name="Prepare Request"><![CDATA[payload = new java.util.HashMap();
payload .put("limit", flowVars.QtyRecs);
payload .put("page", flowVars.page);
payload .put("sort", "-informacionAdicional.FechaModificacionFW,-informacionAdicional.HoraModificacionFW");

]]></expression-component>
        <flow-ref name="dragon-stock-process-request-facturas-flow" doc:name="dragon-stock-process-request-facturas-flow"/>

		<choice doc:name="Choice">
			<when expression="#[payload.totalRegistros &gt; 0]">
				<enricher target="#[flowVars.procesarPrimerRegistro]"
					doc:name="Message Enricher">
					<invoke object-ref="DragonUtil" method="seDebeProcesarRegistro"
						methodArguments="#[payload.resultados[0].codigo], #[payload.resultados[0].informacionAdicional[0].fechaModificacionFW],#[payload.resultados[0].informacionAdicional[0].horaModificacionFW],#[flowVars.FechaModificacion]"
						doc:name="Invoke - Si se debe Procesar Primer Registro" />

				</enricher>
			</when>
			<otherwise>
				<set-variable variableName="procesarPrimerRegistro"
					value="#[false]" doc:name="Set Procesar Registros" />
			</otherwise>
		</choice>
		<choice doc:name="Choice - Hay Registros a Procesar?">
			<when
				expression="#[payload.totalRegistros &gt; 0 &amp;&amp; flowVars.procesarPrimerRegistro]">
				<enricher target="#[flowVars.page]" doc:name="Message Enricher">
					<invoke object-ref="DragonUtil" method="obtenerPagina"
						methodArguments="#[payload.siguiente!=null?payload.siguiente:&quot;NULL&quot;]"
						doc:name="Invoke - Obtener Pagina" />
				</enricher>

				<foreach collection="#[payload.resultados]" doc:name="For Each">
					<enricher target="#[flowVars.seDebeProcesarRegistro]"
						doc:name="Message Enricher">
						<invoke object-ref="DragonUtil" method="seDebeProcesarRegistro"
							methodArguments="#[payload.codigo], #[payload.informacionAdicional[0].fechaModificacionFW!=null?payload.informacionAdicional[0].fechaModificacionFW:&quot;NULL&quot;],#[payload.informacionAdicional[0].horaModificacionFW!=null?payload.informacionAdicional[0].horaModificacionFW:&quot;NULL&quot;],#[flowVars.FechaModificacion]"
							doc:name="Invoke - Si se debe Procesar" />
					</enricher>

					<choice doc:name="Choice - Procesar?">
						<when expression="#[flowVars.seDebeProcesarRegistro]">
							<logger
								message="Factura Manual . Fecha Modificado: #[payload.informacionAdicional[0].fechaModificacionFW] Hora: Fecha Modificado: #[payload.informacionAdicional[0].horaModificacionFW]"
								level="INFO" category="com.acqua.utils.SystemLayer" doc:name="Logger" />
							<set-variable variableName="fechaModificado"
								value="#[payload.informacionAdicional[0].fechaModificacionFW]-#[payload.informacionAdicional[0].horaModificacionFW]"
								doc:name="Save Fecha" />
							<foreach collection="#[payload.facturaDetalle]" doc:name="For Each">
								<logger
									message="Movimiento de Stock #[flowVars.fechaModificado]  Articulo: #[payload.articulo]/#[payload.articuloDetalle] Cantidad #[payload.cantidad] Color #[payload.colorDetalle] talle #[payload.talle]"
									level="INFO" category="com.acqua.utils.SystemLayer" doc:name="Logger" />
								<expression-component doc:name="Save Articulo"><![CDATA[flowVars.sku = new com.acqua.utils.Sku(payload.articulo , payload.color, payload.talle,"${Paleta_Colores_Separador}","${SKU_Separador}");
flowVars.articulosAModificar.add(flowVars.sku);]]></expression-component>
							</foreach>

						</when>
						<otherwise>
							<logger
								message="Codigo NO modificado: #[payload.codigo] Fecha Modificado: #[payload.informacionAdicional.fechaModificacionFW] Hora: Fecha Modificado: #[payload.informacionAdicional.horaModificacionFW]"
								category="com.acqua.utils.SystemLayer" level="INFO" doc:name="Logger" />
							<set-variable variableName="page" value="#[0]"
								doc:name="Force Exit" />
						</otherwise>
					</choice>
				</foreach>

			</when>
			<otherwise>
				<logger message="No hay registros a Procesar" category="com.acqua.utils.SystemLayer"
					level="INFO" doc:name="Logger" />
				<set-variable variableName="page" value="#[0]"
					doc:name="Set Page to 0" />

			</otherwise>
		</choice>
		<choice doc:name="Choice - Hay mas Paginas Pendientes?">
			<when expression="#[flowVars.page&gt;0]">
				<flow-ref
					name="dragon-producto-process-request-facturas-manual-while-flow"
					doc:name="dragon-producto-process-request-facturas-manual-while-flow" />
			</when>
			<otherwise>
				<logger message="No hay mas paginas pendientes" category="com.acqua.utils.SystemLayer"
					level="INFO" doc:name="Logger" />
			</otherwise>
		</choice>

	</flow>
	
	 <flow name="dragon-producto-process-request-stock-flow" processingStrategy="synchronous">

        <dragonfish:servicio config-ref="Dragonfish__Configuration"
			entityType="Movimientodestock_movimientodestockGet" doc:name="Dragonfish" />
        <choice-exception-strategy doc:name="Choice Exception Strategy">
            <catch-exception-strategy when="exception.causedBy(org.mule.modules.connector.exceptions.ExternalConnectorException) " enableNotifications="false" logException="false" doc:name="Catch Exception Strategy">
                <logger message="SYSTEM LAYER - No existen movimientos de Facturas" level="INFO" category="com.acqua.utils.ConsolaSystemDragon" doc:name="Logger CONSOLE"/>
                <expression-component doc:name="Expression"><![CDATA[payload = new java.util.HashMap();
payload .put("totalRegistros", 0);]]></expression-component>
            </catch-exception-strategy>
        </choice-exception-strategy>
    </flow>
    
    <flow name="dragon-stock-process-request-facturas-flow" processingStrategy="synchronous">
        <dragonfish:servicio config-ref="Dragonfish__Configuration" entityType="#[flowVars.eventToProcess]" doc:name="Dragonfish"/>
        <choice-exception-strategy doc:name="Choice Exception Strategy">
            <catch-exception-strategy when="exception.causedBy(org.mule.modules.connector.exceptions.ExternalConnectorException) " enableNotifications="false" logException="false" doc:name="Catch Exception Strategy">
                <logger message="SYSTEM LAYER - No existen movimientos de Facturas" level="INFO" category="com.acqua.utils.ConsolaSystemDragon" doc:name="Logger CONSOLE"/>
                <expression-component doc:name="Expression"><![CDATA[payload = new java.util.HashMap();
payload .put("totalRegistros", 0);]]></expression-component>
            </catch-exception-strategy>
        </choice-exception-strategy>
    </flow>
    
    <flow name="dragon-producto-process-request-e-operation-while-flow"
		processingStrategy="synchronous">
		<set-variable variableName="QtyRecs"
			value="#[${Dragon_CantidadDeRegistrosPorRequest}]" doc:name="Set Qty Records" />

		<expression-component doc:name="Prepare Request"><![CDATA[payload = new java.util.HashMap();
payload .put("limit", flowVars.QtyRecs);
payload .put("page", flowVars.page);
payload .put("sort", "-informacionAdicional.FechaModificacionFW,-informacionAdicional.HoraModificacionFW");

]]></expression-component>
        <flow-ref name="dragon-producto-process-request-e-operation-flow" doc:name="dragon-producto-process-request-e-operation-flow"/>

		<choice doc:name="Choice">
			<when expression="#[payload.totalRegistros &gt; 0]">
				<enricher target="#[flowVars.procesarPrimerRegistro]"
					doc:name="Message Enricher">
					<invoke object-ref="DragonUtil" method="seDebeProcesarRegistro"
						methodArguments="#[payload.resultados[0].codigo], #[payload.resultados[0].informacionAdicional[0].fechaModificacionFW],#[payload.resultados[0].informacionAdicional[0].horaModificacionFW],#[flowVars.FechaModificacion]"
						doc:name="Invoke - Si se debe Procesar Primer Registro" />

				</enricher>
			</when>
			<otherwise>
				<set-variable variableName="procesarPrimerRegistro"
					value="#[false]" doc:name="Set Procesar Registros" />
			</otherwise>
		</choice>
		<choice doc:name="Choice - Hay Registros a Procesar?">
			<when
				expression="#[payload.totalRegistros &gt; 0 &amp;&amp; flowVars.procesarPrimerRegistro]">
				<enricher target="#[flowVars.page]" doc:name="Message Enricher">
					<invoke object-ref="DragonUtil" method="obtenerPagina"
						methodArguments="#[payload.siguiente!=null?payload.siguiente:&quot;NULL&quot;]"
						doc:name="Invoke - Obtener Pagina" />
				</enricher>

				<foreach collection="#[payload.resultados]" doc:name="For Each">
					<enricher target="#[flowVars.seDebeProcesarRegistro]"
						doc:name="Message Enricher">
						<invoke object-ref="DragonUtil" method="seDebeProcesarRegistro"
							methodArguments="#[payload.codigo], #[payload.informacionAdicional[0].fechaModificacionFW!=null?payload.informacionAdicional[0].fechaModificacionFW:&quot;NULL&quot;],#[payload.informacionAdicional[0].horaModificacionFW!=null?payload.informacionAdicional[0].horaModificacionFW:&quot;NULL&quot;],#[flowVars.FechaModificacion]"
							doc:name="Invoke - Si se debe Procesar" />
					</enricher>

					<choice doc:name="Choice - Procesar?">
						<when expression="#[flowVars.seDebeProcesarRegistro]">
							<logger
								message="Factura Manual . Fecha Modificado: #[payload.informacionAdicional[0].fechaModificacionFW] Hora: Fecha Modificado: #[payload.informacionAdicional[0].horaModificacionFW]"
								level="INFO" category="com.acqua.utils.SystemLayer" doc:name="Logger" />
							<set-variable variableName="fechaModificado"
								value="#[payload.informacionAdicional[0].fechaModificacionFW]-#[payload.informacionAdicional[0].horaModificacionFW]"
								doc:name="Save Fecha" />
							<foreach collection="#[payload.publicacionDetalle]" doc:name="For Each">
								<logger
									message="Movimiento de Stock #[flowVars.fechaModificado]  Articulo: #[payload.articulo]/#[payload.articuloDetalle] Cantidad #[payload.cantidad] Color #[payload.colorDetalle] talle #[payload.talle]"
									level="INFO" category="com.acqua.utils.SystemLayer" doc:name="Logger" />
								<expression-component doc:name="Save Articulo"><![CDATA[if(!payload.articulo.equals('DESC') && !payload.articulo.equals('ENV')  )
{
	flowVars.sku = new com.acqua.utils.Sku(payload.articulo , payload.color, payload.talle,"${Paleta_Colores_Separador},"${SKU_Separador}"");
	flowVars.articulosAModificar.add(flowVars.sku);
}]]></expression-component>
							</foreach>

						</when>
						<otherwise>
							<logger
								message="Codigo NO modificado: #[payload.codigo] Fecha Modificado: #[payload.informacionAdicional.fechaModificacionFW] Hora: Fecha Modificado: #[payload.informacionAdicional.horaModificacionFW]"
								category="com.acqua.utils.SystemLayer" level="INFO" doc:name="Logger" />
							<set-variable variableName="page" value="#[0]"
								doc:name="Force Exit" />
						</otherwise>
					</choice>
				</foreach>

			</when>
			<otherwise>
				<logger message="No hay registros a Procesar" category="com.acqua.utils.SystemLayer"
					level="INFO" doc:name="Logger" />
				<set-variable variableName="page" value="#[0]"
					doc:name="Set Page to 0" />

			</otherwise>
		</choice>
		<choice doc:name="Choice - Hay mas Paginas Pendientes?">
			<when expression="#[flowVars.page&gt;0]">
				<flow-ref
					name="dragon-producto-process-request-e-operation-while-flow"
					doc:name="dragon-producto-process-request-e-operation-while-flow" />
			</when>
			<otherwise>
				<logger message="No hay mas paginas pendientes" category="com.acqua.utils.SystemLayer"
					level="INFO" doc:name="Logger" />
			</otherwise>
		</choice>

	</flow>
	
    <flow name="dragon-producto-process-request-e-operation-flow" processingStrategy="synchronous">
        <dragonfish:servicio config-ref="Dragonfish__Configuration" entityType="Operacionecommerce_operacionecommerceGet" doc:name="Dragonfish"/>
        <choice-exception-strategy doc:name="Choice Exception Strategy">
            <catch-exception-strategy when="exception.causedBy(org.mule.modules.connector.exceptions.ExternalConnectorException) " enableNotifications="false" logException="false" doc:name="Catch Exception Strategy">
                <logger message="SYSTEM LAYER - No existen movimientos de Operaciones ECommerce" level="INFO" category="com.acqua.utils.ConsolaSystemDragon" doc:name="Logger CONSOLE"/>
                <expression-component doc:name="Expression"><![CDATA[payload = new java.util.HashMap();
payload .put("totalRegistros", 0);]]></expression-component>
            </catch-exception-strategy>
        </choice-exception-strategy>
    </flow>
	 
	<flow name="dragon-producto-pendiente-facturacion-e-commerce-persists-flow" processingStrategy="synchronous">
        <expression-component doc:name="Set Control Vars"><![CDATA[flowVars.flowName="dragon-producto-pendiente-facturacion-e-commerce-while-flow";
flowVars.metricCategory="Dragon-Product";
flowVars.apiName="Operaciones ECommerce";
flowVars.errorCode="";
flowVars.page=1;
]]></expression-component>
        <flow-ref name="dragon-producto-pendiente-facturacion-e-commerce-while-flow" doc:name="dragon-producto-pendiente-facturacion-e-commerce-while-flow"/>
        <expression-component doc:name="Expression"><![CDATA[ flowVars.articulosAComprometer.put("timestamp", server.dateTime.format('yyyyMMddHHmmss'));]]></expression-component>
        <set-payload value="#[flowVars.articulosAComprometer]" doc:name="Set Payload"/>
        <json:object-to-json-transformer doc:name="Object to JSON"/>

        <file:outbound-endpoint path="/tmp" outputPattern="pending.json" responseTimeout="10000" mimeType="application/json" doc:name="File"/>
    </flow>
 
    <flow name="dragon-producto-pendiente-facturacion-e-commerce-while-flow"
		processingStrategy="synchronous">
		<set-variable variableName="QtyRecs"
			value="#[${Dragon_CantidadDeRegistrosPorRequest}]" doc:name="Set Qty Records" />

		<expression-component doc:name="Prepare Request"><![CDATA[payload = new java.util.HashMap();
payload .put("limit", flowVars.QtyRecs);
payload .put("page", flowVars.page);
payload .put("sort", "-informacionAdicional.FechaModificacionFW,-informacionAdicional.HoraModificacionFW");
payload.put("ZADSFW",'');

]]></expression-component>
        <flow-ref name="dragon-producto-pendiente-facturacion-e-commerce-flow" doc:name="dragon-producto-pendiente-facturacion-e-commerce-flow"/>

		<choice doc:name="Choice - Hay Registros a Procesar?">
			<when
				expression="#[payload.totalRegistros &gt; 0]">
				<enricher target="#[flowVars.page]" doc:name="Message Enricher">
					<invoke object-ref="DragonUtil" method="obtenerPagina"
						methodArguments="#[payload.siguiente!=null?payload.siguiente:&quot;NULL&quot;]"
						doc:name="Invoke - Obtener Pagina" />
				</enricher>

				<foreach collection="#[payload.resultados]" doc:name="For Each">
                    <logger message="Orden ECommerce . Fecha Modificado: #[payload.informacionAdicional[0].fechaModificacionFW] Hora: Fecha Modificado: #[payload.informacionAdicional[0].horaModificacionFW]" level="INFO" category="com.acqua.utils.SystemLayer" doc:name="Logger"/>
                    <enricher target="#[flowVars.seDebeProcesarRegistro]" doc:name="Message Enricher">
                        <invoke object-ref="DragonUtil" method="seDebeProcesarRegistro" methodArguments="#[payload.codigo], #[payload.informacionAdicional[0].fechaModificacionFW!=null?payload.informacionAdicional[0].fechaModificacionFW:&quot;NULL&quot;],#[payload.informacionAdicional[0].horaModificacionFW!=null?payload.informacionAdicional[0].horaModificacionFW:&quot;NULL&quot;],#[flowVars.FechaModificacion]" doc:name="Invoke - Si se debe Procesar"/>
                    </enricher>
                    <foreach collection="#[payload.publicacionDetalle]" doc:name="For Each">
                        <logger message="Movimiento de Ecommerce #[payload.articulo]  #[payload.articuloDetalle] Cantidad #[payload.cantidad] Color #[payload.color]/ #[payload.colorDetalle] talle #[payload.talle]" level="INFO" category="com.acqua.utils.SystemLayer" doc:name="Logger"/>
                        <choice doc:name="Choice">
                            <when expression="#[!payload.articulo.equals(&quot;ENVIO&quot;) &amp;&amp; !payload.articulo.equals(&quot;DESCUENTO&quot;)]">
                                <expression-component doc:name="Expression - Set SKU"><![CDATA[flowVars.skuObj = new com.acqua.utils.Sku(payload.articulo , payload.color, payload.talle,"${Paleta_Colores_Separador}","${SKU_Separador}");
flowVars.existsSKU = flowVars.articulosAComprometer.containsKey(flowVars.skuObj);]]></expression-component>
                                <choice doc:name="Choice">
                                    <when expression="#[flowVars.existsSKU]">
                                        <expression-component doc:name="Replace Articulo"><![CDATA[flowVars.articulosAComprometer.replace(flowVars.skuObj, flowVars.articulosAComprometer.get(flowVars.skuObj) + payload.cantidad  );]]></expression-component>
                                    </when>
                                    <otherwise>
                                        <expression-component doc:name="Save Articulo"><![CDATA[flowVars.articulosAComprometer.put(flowVars.skuObj, payload.cantidad);]]></expression-component>
                                    </otherwise>
                                </choice>
                                <choice doc:name="Choice">
                                    <when expression="#[flowVars.existsSKU &amp;&amp; flowVars.seDebeProcesarRegistro]">
                                        <expression-component doc:name="Expression"><![CDATA[flowVars.articulosAModificar.add(flowVars.skuObj);]]></expression-component>
                                    </when>
                                    <otherwise>
                                        <logger message="No procesa Registro" level="INFO" category="com.acqua.utils.SystemLayer" doc:name="Logger"/>
                                    </otherwise>
                                </choice>
                            </when>
                            <otherwise>
                                <logger message="No procesa Envios o Descuentos" level="INFO" category="com.acqua.utils.SystemLayer" doc:name="Logger"/>
                            </otherwise>
                        </choice>


                    </foreach>

				</foreach>

			</when>
			<otherwise>
				<logger message="No hay registros a Procesar" category="com.acqua.utils.SystemLayer"
					level="INFO" doc:name="Logger" />
				<set-variable variableName="page" value="#[0]"
					doc:name="Set Page to 0" />

			</otherwise>
		</choice>
		<choice doc:name="Choice - Hay mas Paginas Pendientes?">
			<when expression="#[flowVars.page&gt;0]">
				<flow-ref
					name="dragon-producto-pendiente-facturacion-e-commerce-while-flow"
					doc:name="dragon-producto-pendiente-facturacion-e-commerce-while-flow" />
			</when>
			<otherwise>
				<logger message="No hay mas paginas pendientes" category="com.acqua.utils.SystemLayer"
					level="INFO" doc:name="Logger" />
			</otherwise>
		</choice>

	</flow>
	
	<flow name="dragon-producto-obtener-precio-stock-by-sku-flow" processingStrategy="synchronous">
        <expression-component doc:name="Expression"><![CDATA[flowVars.request = new java.util.HashMap();
flowVars.request .put("BaseDeDatos","${Dragon_BaseDeDatos_CapturaDePrecio}"); 
flowVars.request .put("query",payload.getCodigoDragon() + '!' + payload.getColorDragon() + '!' + payload.talle); 
flowVars.request .put("stockcero",true); ]]></expression-component>
        <dragonfish:servicio config-ref="Dragonfish__Configuration" entityType="ConsultaStockYPrecios_consultaStockYPreciosGet" doc:name="Dragonfish">
            <dragonfish:entity-data ref="#[flowVars.request]"/>
        </dragonfish:servicio>
        <expression-component doc:name="Expression"><![CDATA[payload = payload.resultados[0];
flowVars.tmp1 = new HashMap();
flowVars.tmp = new HashMap();
flowVars.tmp.put("comprometido",payload.comprometido);
flowVars.tmp.put("pendienteEntrega",payload.pendienteEntrega);
flowVars.tmp.put("stock",payload.stock);
flowVars.tmp.put("disponible",payload.disponible);
flowVars.tmp1.put("${Dragon_BaseDeDatos_CapturaDePrecio}",flowVars.tmp);
payload.put('basesDeDatos',flowVars.tmp1);]]></expression-component>

        <choice-exception-strategy doc:name="Choice Exception Strategy">
            <catch-exception-strategy when="exception.causedBy(org.mule.modules.connector.exceptions.ExternalConnectorException) " enableNotifications="false" logException="false" doc:name="Catch Exception Strategy">
                <logger message="SYSTEM LAYER - No existe Stock" level="INFO" category="com.acqua.utils.ConsolaSystemDragon" doc:name="Logger CONSOLE"/>
                <expression-component doc:name="Expression"><![CDATA[payload = new java.util.HashMap();]]></expression-component>
            </catch-exception-strategy>
        </choice-exception-strategy>
    </flow>
    
    <flow name="dragon-producto-obtener-precio-stock-bases-flow" processingStrategy="synchronous">
        <expression-component doc:name="Expression"><![CDATA[flowVars.response = new java.util.HashMap();
flowVars.request = new java.util.HashMap();
flowVars.request .put("BaseDeDatos",""); 
flowVars.request .put("query",payload.codigo + '!' + payload.color + '!' + payload.talle); 
flowVars.request .put("stockcero",true); 
flowVars.seq=1;]]></expression-component>
        <foreach collection="#[flowVars.baseDeDatosStock]" doc:name="For Each">
            <expression-component doc:name="Expression"><![CDATA[flowVars.base=payload;
	flowVars.request .replace("BaseDeDatos",payload); ]]></expression-component>
            <flow-ref name="dragon-producto-obtener-precio-stock-bases-process-flow" doc:name="dragon-producto-obtener-precio-stock-bases-process-flow"/>
        </foreach>

		
        <set-payload value="#[flowVars.response]" doc:name="Set Payload"/>


        <choice-exception-strategy doc:name="Choice Exception Strategy">
            <catch-exception-strategy when="exception.causedBy(org.mule.modules.connector.exceptions.ExternalConnectorException) " enableNotifications="false" logException="false" doc:name="Catch Exception Strategy">
                <logger message="SYSTEM LAYER - No existe Stock" level="INFO" category="com.acqua.utils.ConsolaSystemDragon" doc:name="Logger CONSOLE"/>
                <expression-component doc:name="Expression"><![CDATA[payload = new java.util.HashMap();]]></expression-component>
            </catch-exception-strategy>
        </choice-exception-strategy>
    </flow>
    
    <flow name="dragon-producto-obtener-precio-stock-bases-process-flow" processingStrategy="synchronous">
    
        <dragonfish:servicio config-ref="Dragonfish__Configuration" entityType="ConsultaStockYPrecios_consultaStockYPreciosGet" doc:name="Dragonfish">
            <dragonfish:entity-data ref="#[flowVars.request]"/>
        </dragonfish:servicio>

        <expression-component doc:name="Expression"><![CDATA[flowVars.tmp = new HashMap();
flowVars.tmp.put("comprometido",payload.resultados[0].comprometido);
flowVars.tmp.put("pendienteEntrega",payload.resultados[0].pendienteEntrega);
flowVars.tmp.put("stock",payload.resultados[0].stock);
flowVars.tmp.put("disponible",payload.resultados[0].disponible);
flowVars.response.put(flowVars.seq,flowVars.tmp);
flowVars.seq=flowVars.seq+1;]]></expression-component>
        <expression-component doc:name="Expression"><![CDATA[flowVars.detailSKU.replace("comprometido",flowVars.detailSKU.get("comprometido") + payload.resultados[0].comprometido);
flowVars.detailSKU.replace("pendienteEntrega",flowVars.detailSKU.get("pendienteEntrega") + payload.resultados[0].pendienteEntrega);
flowVars.detailSKU.replace("stock",flowVars.detailSKU.get("stock") + payload.resultados[0].stock);
flowVars.detailSKU.replace("disponible",flowVars.detailSKU.get("disponible") + payload.resultados[0].disponible);]]></expression-component>
        <choice-exception-strategy doc:name="Choice Exception Strategy">
            <catch-exception-strategy when="exception.causedBy(org.mule.modules.connector.exceptions.ExternalConnectorException) " enableNotifications="false" logException="false" doc:name="Catch Exception Strategy">
                <logger message="SYSTEM LAYER - No existe Stock" level="INFO" category="com.acqua.utils.ConsolaSystemDragon" doc:name="Logger CONSOLE"/>
            </catch-exception-strategy>
        </choice-exception-strategy>
    </flow>
    
    <flow name="dragon-producto-obtener-precio-stock-bases-parallel-flow" processingStrategy="synchronous">
        <expression-component doc:name="Expression"><![CDATA[flowVars.response = new java.util.HashMap();
flowVars.request = new java.util.HashMap();
flowVars.request .put("BaseDeDatos",""); 
flowVars.request .put("query",payload.codigo + '!' + payload.color + '!' + payload.talle); 
flowVars.request .put("stockcero",true); 
flowVars.seq=1;]]></expression-component>
		
		<set-variable variableName="parallelProcessor" value="#[new com.acqua.utils.ParallelProcessor(flowVars.baseDeDatosStock.size())]" doc:name="Set parallelProcessor flowVar"/>
        
        <foreach collection="#[flowVars.baseDeDatosStock]" doc:name="For Each">
            <async doc:name="Async">
                <expression-component doc:name="Expression"><![CDATA[flowVars.base=payload;
	flowVars.request .replace("BaseDeDatos",payload); ]]></expression-component>
                <flow-ref name="dragon-producto-obtener-precio-stock-bases-process-parallel-flow" doc:name="dragon-producto-obtener-precio-stock-bases-process-parallel-flow"/>
                <expression-component doc:name="Register completed record in parallelProcessor"><![CDATA[flowVars.parallelProcessor.registerCompletedRecord(payload);]]></expression-component>
            </async>

        </foreach>

		<expression-component doc:name="Wait until parallelProcessor is complete"><![CDATA[long maxWait = 5000000;
long checkInterval = 200;
flowVars.parallelProcessor.waitUntilComplete(maxWait, checkInterval);]]></expression-component>
        <set-payload value="#[flowVars.parallelProcessor.getCompletedRecords()]" doc:name="Set Payload"/>
        <foreach collection="#[payload]" doc:name="For Each">
            <expression-component doc:name="Expression"><![CDATA[flowVars.tmp = new HashMap();
flowVars.tmp.put("comprometido",payload.resultados[0].comprometido);
flowVars.tmp.put("pendienteEntrega",payload.resultados[0].pendienteEntrega);
flowVars.tmp.put("stock",payload.resultados[0].stock);
flowVars.tmp.put("disponible",payload.resultados[0].disponible);
flowVars.response.put(flowVars.seq,flowVars.tmp);
flowVars.seq=flowVars.seq+1;]]></expression-component>
            <expression-component doc:name="Expression"><![CDATA[flowVars.detailSKU.replace("comprometido",flowVars.detailSKU.get("comprometido") + payload.resultados[0].comprometido);
flowVars.detailSKU.replace("pendienteEntrega",flowVars.detailSKU.get("pendienteEntrega") + payload.resultados[0].pendienteEntrega);
flowVars.detailSKU.replace("stock",flowVars.detailSKU.get("stock") + payload.resultados[0].stock);
flowVars.detailSKU.replace("disponible",flowVars.detailSKU.get("disponible") + payload.resultados[0].disponible);]]></expression-component>
        </foreach>

        <set-payload value="#[flowVars.response]" doc:name="Set Payload"/>


        <choice-exception-strategy doc:name="Choice Exception Strategy">
            <catch-exception-strategy when="exception.causedBy(org.mule.modules.connector.exceptions.ExternalConnectorException) " enableNotifications="false" logException="false" doc:name="Catch Exception Strategy">
                <logger message="SYSTEM LAYER - No existe Stock" level="INFO" category="com.acqua.utils.ConsolaSystemDragon" doc:name="Logger CONSOLE"/>
                <expression-component doc:name="Expression"><![CDATA[payload = new java.util.HashMap();]]></expression-component>
            </catch-exception-strategy>
        </choice-exception-strategy>
    </flow>
    
    <flow name="dragon-producto-obtener-precio-stock-bases-process-parallel-flow" processingStrategy="synchronous">
    
        <dragonfish:servicio config-ref="Dragonfish__Configuration" entityType="ConsultaStockYPrecios_consultaStockYPreciosGet" doc:name="Dragonfish">
            <dragonfish:entity-data ref="#[flowVars.request]"/>
        </dragonfish:servicio>

        <choice-exception-strategy doc:name="Choice Exception Strategy">
            <catch-exception-strategy when="exception.causedBy(org.mule.modules.connector.exceptions.ExternalConnectorException) " enableNotifications="false" logException="false" doc:name="Catch Exception Strategy">
                <logger message="SYSTEM LAYER - No existe Stock" level="INFO" category="com.acqua.utils.ConsolaSystemDragon" doc:name="Logger CONSOLE"/>
            </catch-exception-strategy>
        </choice-exception-strategy>
    </flow>
	   
</mule>


