<?xml version="1.0" encoding="UTF-8"?>

<mule xmlns:tracking="http://www.mulesoft.org/schema/mule/ee/tracking"
	xmlns:dragonfish="http://www.mulesoft.org/schema/mule/dragonfish"
	xmlns:json="http://www.mulesoft.org/schema/mule/json" xmlns="http://www.mulesoft.org/schema/mule/core"
	xmlns:doc="http://www.mulesoft.org/schema/mule/documentation"
	xmlns:spring="http://www.springframework.org/schema/beans" xmlns:xsi="http://www.w3.org/2001/XMLSchema-instance"
	xsi:schemaLocation="http://www.mulesoft.org/schema/mule/dragonfish http://www.mulesoft.org/schema/mule/dragonfish/current/mule-dragonfish.xsd
http://www.mulesoft.org/schema/mule/json http://www.mulesoft.org/schema/mule/json/current/mule-json.xsd
http://www.springframework.org/schema/beans http://www.springframework.org/schema/beans/spring-beans-current.xsd
http://www.mulesoft.org/schema/mule/core http://www.mulesoft.org/schema/mule/core/current/mule.xsd
http://www.mulesoft.org/schema/mule/ee/tracking http://www.mulesoft.org/schema/mule/ee/tracking/current/mule-tracking-ee.xsd">


	<flow name="dragon-obtener-categorias-flow" processingStrategy="synchronous">
		<flow-ref name="dragon-obtener-todas-las-categorias-flow"
			doc:name="dragon-obtener-todas-las-categorias-flow" />
			
		<set-payload value="#[flowVars.treeAsJson]" doc:name="Set Payload" />
 
		<json:object-to-json-transformer
			doc:name="Object to JSON" />
		<set-property propertyName="http.status" value="#[200]"
			doc:name="http.status" />
			
		<logger
			message="SYSTEM LAYER - RESPONSE: #[message.outboundProperties[&quot;http.status&quot;]] Articulos Modificados: #[&quot;\n&quot;]#[payload]"
			level="INFO" category="com.acqua.utils.ConsolaSystemDragon" doc:name="Logger CONSOLA" />
	</flow>
	
    <flow name="dragon-obtener-categorias-process-flow" processingStrategy="synchronous">
     
       <flow-ref name="dragon-obtener-todas-las-categorias-flow"
			doc:name="dragon-obtener-todas-las-categorias-flow" />
			
		<set-payload value="#[flowVars.treeAsJson]" doc:name="Set Payload" />
  
    </flow>

	<flow name="dragon-obtener-todas-las-categorias-flow"
		processingStrategy="synchronous">
		<expression-component doc:name="Set Control Vars"><![CDATA[flowVars.flowName=flow.name;
flowVars.metricCategory=message.inboundProperties.'http.request.path';
flowVars.apiName=message.inboundProperties.'http.request.uri';
flowVars.errorCode="";]]></expression-component>


		<expression-component doc:name="Set Control Vars"><![CDATA[flowVars.flowName="dragon-producto-process-request-while-flow";
flowVars.metricCategory="Dragon-Product";
flowVars.apiName="Articulos Modificados";
flowVars.errorCode="";
flowVars.page=1;
flowVars.returnValue = new com.acqua.utils.Categorias();
flowVars.level1 = "${Woo_Generar_Clasificiacion_Nivel1}";
flowVars.level2 = "${Woo_Generar_Clasificiacion_Nivel2}";
flowVars.level3 = "${Woo_Generar_Clasificiacion_Nivel3}";
flowVars.valuesLevel1 = new java.util.HashMap();
flowVars.valuesLevel2 = new java.util.HashMap();
flowVars.valuesLevel3 = new java.util.HashMap();]]></expression-component>
        
        <enricher target="#[flowVars.valuesLevel1]" doc:name="Message Enricher - Level 1" source="#[flowVars.valuesLevel1]">
            <processor-chain doc:name="Processor Chain">
                <invoke object-ref="DragonUtil" method="getLookupTable"
				doc:name="Get Values" methodArguments="#[flowVars.level1]"/>
                <flow-ref name="#[payload]" doc:name="Get Values Level 1"/>
                <json:json-to-object-transformer returnClass="java.util.ArrayList" doc:name="JSON to Object"/>
                <foreach collection="#[payload]" doc:name="For Each">
                    <expression-component doc:name="Expression"><![CDATA[flowVars.valuesLevel1.put(payload.entrySet().stream().findFirst().get().getKey(),payload.entrySet().stream().findFirst().get().getValue());]]></expression-component>
                </foreach>
            </processor-chain>
        </enricher>
        
        <enricher target="#[flowVars.valuesLevel2]" doc:name="Message Enricher - Level 2" source="#[flowVars.valuesLevel2]">
            <processor-chain doc:name="Processor Chain">
                <choice doc:name="Choice">
                    <when expression="#[flowVars.level2!=null &amp;&amp; !flowVars.level2.isEmpty()]">
                        <invoke object-ref="DragonUtil" method="getLookupTable" methodArguments="#[flowVars.level2]" doc:name="Get Values"/>
                        <flow-ref name="#[payload]" doc:name="Get Values Level 2"/>
                        <json:json-to-object-transformer returnClass="java.util.ArrayList" doc:name="JSON to Object"/>
                        <foreach collection="#[payload]" doc:name="For Each">
                            <expression-component doc:name="Expression"><![CDATA[flowVars.valuesLevel2.put(payload.entrySet().stream().findFirst().get().getKey(),payload.entrySet().stream().findFirst().get().getValue());]]></expression-component>
                        </foreach>
                    </when>
                    <otherwise>
                        <expression-component doc:name="Expression"><![CDATA[payload = new java.util.ArrayList();]]></expression-component>
                    </otherwise>
                </choice>
            </processor-chain>
        </enricher>
        
        <enricher target="#[flowVars.valuesLevel3]" doc:name="Message Enricher - Level 3" source="#[flowVars.valuesLevel3]">
            <processor-chain doc:name="Processor Chain">
                <choice doc:name="Choice">
                    <when expression="#[flowVars.level3!=null &amp;&amp; !flowVars.level3.isEmpty()]">
                        <invoke object-ref="DragonUtil" method="getLookupTable" methodArguments="#[flowVars.level3]" doc:name="Get Values"/>
                        <flow-ref name="#[payload]" doc:name="Get Values Level 3"/>
                        <json:json-to-object-transformer returnClass="java.util.ArrayList" doc:name="JSON to Object"/>
                        <foreach collection="#[payload]" doc:name="For Each">
                            <expression-component doc:name="Expression"><![CDATA[flowVars.valuesLevel3.put(payload.entrySet().stream().findFirst().get().getKey(),payload.entrySet().stream().findFirst().get().getValue());]]></expression-component>
                        </foreach>
                    </when>
                    <otherwise>
                        <expression-component doc:name="Expression"><![CDATA[payload = new java.util.ArrayList();]]></expression-component>
                    </otherwise>
                </choice>
            </processor-chain>
        </enricher>
        
		<flow-ref name="dragon-obtener-todas-las-categorias-while-flow"
			doc:name="dragon-obtener-todas-las-categorias-while-flow" />
        <enricher target="#[flowVars.treeAsJson]" doc:name="Message Enricher">
            <processor-chain doc:name="Processor Chain">
                <set-payload value="#[flowVars.returnValue.showDetail(0)]" doc:name="Set Payload"/>
            </processor-chain>
        </enricher>
 
		<exception-strategy ref="System_Layer_New_Exception_Strategy"
			doc:name="Reference Exception Strategy" />
	</flow>


	<flow name="dragon-obtener-todas-las-categorias-while-flow"
		processingStrategy="synchronous">
		<set-variable variableName="QtyRecs"
			value="#[${Dragon_CantidadDeRegistrosPorRequest}]" doc:name="Set Qty Records" />
		<expression-component doc:name="Prepare Request"><![CDATA[payload = new java.util.HashMap();
payload .put("limit", flowVars.QtyRecs);
payload .put("page", flowVars.page);

]]></expression-component>



		<dragonfish:servicio config-ref="Dragonfish__Configuration"
			entityType="Articulo_articuloGet" doc:name="Dragonfish" />
		<choice doc:name="Choice - Hay Registros a Procesar?">
			<when expression="#[payload.totalRegistros &gt; 0]">
				<enricher target="#[flowVars.page]" doc:name="Message Enricher">
					<invoke object-ref="DragonUtil" method="obtenerPagina"
						methodArguments="#[payload.siguiente!=null?payload.siguiente:&quot;NULL&quot;]"
						doc:name="Invoke - Obtener Pagina" />
				</enricher>

				<foreach collection="#[payload.resultados]" doc:name="For Each">
					<set-variable variableName="seDebeProcesarRegistro"
						value="#[!payload.noPublicarEnEcommerce]" doc:name="Variable - Procesar Registro" />

					<choice doc:name="Choice - Procesar?">
						<when expression="#[flowVars.seDebeProcesarRegistro]">
                            <expression-component doc:name="Preparing Response"><![CDATA[flowVars.cat = flowVars.returnValue.addCategory(payload,flowVars.level1,flowVars.level2,flowVars.level3, flowVars.valuesLevel1,flowVars.valuesLevel2, flowVars.valuesLevel3);]]></expression-component>
                            <logger message="Articulo #[payload.codigo] Categoria: #[flowVars.cat]" level="INFO" category="com.acqua.utils.SystemLayer" doc:name="Logger"/>
						</when>
						<otherwise>
							<logger
								message="Articlo #[payload.codigo] No se procesa"
								category="com.acqua.utils.SystemLayer" level="INFO" doc:name="Logger" />
						</otherwise>
					</choice>
				</foreach>
				
				<choice doc:name="Choice - Hay mas Paginas Pendientes?">
					<when expression="#[flowVars.page&gt;0]">
						<flow-ref name="dragon-obtener-todas-las-categorias-while-flow"
							doc:name="dragon-obtener-todas-las-categorias-while-flow" />
					</when>
					<otherwise>
						<logger message="No hay mas paginas pendientes" category="com.acqua.utils.SystemLayer"
							level="INFO" doc:name="Logger" />
					</otherwise>
				</choice>


			</when>
			<otherwise>
				<logger message="No hay registros a Procesar" category="com.acqua.utils.SystemLayer"
					level="INFO" doc:name="Logger" />
				<set-variable variableName="page" value="#[0]"
					doc:name="Set Page to 0" />

			</otherwise>
		</choice>

	</flow>

</mule>
