<?xml version="1.0" encoding="UTF-8"?>

<mule xmlns:mulerequester="http://www.mulesoft.org/schema/mule/mulerequester" xmlns:file="http://www.mulesoft.org/schema/mule/file" xmlns:validation="http://www.mulesoft.org/schema/mule/validation"
	xmlns:http="http://www.mulesoft.org/schema/mule/http" xmlns:tls="http://www.mulesoft.org/schema/mule/tls"
	xmlns:cdata-shopify="http://www.mulesoft.org/schema/mule/cdata-shopify"
	xmlns:tracking="http://www.mulesoft.org/schema/mule/ee/tracking"
	xmlns:scripting="http://www.mulesoft.org/schema/mule/scripting"
	xmlns:dw="http://www.mulesoft.org/schema/mule/ee/dw" xmlns:dragonfish="http://www.mulesoft.org/schema/mule/dragonfish"
	xmlns:json="http://www.mulesoft.org/schema/mule/json" xmlns="http://www.mulesoft.org/schema/mule/core"
	xmlns:doc="http://www.mulesoft.org/schema/mule/documentation"
	xmlns:spring="http://www.springframework.org/schema/beans" xmlns:xsi="http://www.w3.org/2001/XMLSchema-instance"
	xsi:schemaLocation="http://www.springframework.org/schema/beans http://www.springframework.org/schema/beans/spring-beans-current.xsd
http://www.mulesoft.org/schema/mule/core http://www.mulesoft.org/schema/mule/core/current/mule.xsd
http://www.mulesoft.org/schema/mule/dragonfish http://www.mulesoft.org/schema/mule/dragonfish/current/mule-dragonfish.xsd
http://www.mulesoft.org/schema/mule/json http://www.mulesoft.org/schema/mule/json/current/mule-json.xsd
http://www.mulesoft.org/schema/mule/ee/dw http://www.mulesoft.org/schema/mule/ee/dw/current/dw.xsd
http://www.mulesoft.org/schema/mule/scripting http://www.mulesoft.org/schema/mule/scripting/current/mule-scripting.xsd
http://www.mulesoft.org/schema/mule/ee/tracking http://www.mulesoft.org/schema/mule/ee/tracking/current/mule-tracking-ee.xsd
http://www.mulesoft.org/schema/mule/cdata-shopify http://www.mulesoft.org/schema/mule/cdata-shopify/current/mule-cdata-shopify.xsd
http://www.mulesoft.org/schema/mule/http http://www.mulesoft.org/schema/mule/http/current/mule-http.xsd
http://www.mulesoft.org/schema/mule/tls http://www.mulesoft.org/schema/mule/tls/current/mule-tls.xsd
http://www.mulesoft.org/schema/mule/validation http://www.mulesoft.org/schema/mule/validation/current/mule-validation.xsd
http://www.mulesoft.org/schema/mule/file http://www.mulesoft.org/schema/mule/file/current/mule-file.xsd
http://www.mulesoft.org/schema/mule/mulerequester http://www.mulesoft.org/schema/mule/mulerequester/current/mule-mulerequester.xsd">
 
	<flow name="dragon-obtener-remitos-modificados-flow"
		processingStrategy="synchronous">
		<flow-ref name="dragon-obtener-todos-los-remitos-modificados-flow"
			doc:name="dragon-obtener-todos-los-remitos-modificados-flow" />
		<logger
			message="SYSTEM LAYER - RESPONSE: #[message.outboundProperties[&quot;http.status&quot;]] Articulos Modificados: #[&quot;\n&quot;]#[payload]"
			level="INFO" category="com.acqua.utils.ConsolaSystemDragon" doc:name="Logger CONSOLA" />
	</flow>

	<flow name="dragon-obtener-todos-los-remitos-modificados-flow"
		processingStrategy="synchronous">
		<expression-component doc:name="Set Control Vars"><![CDATA[flowVars.flowName=flow.name;
flowVars.metricCategory=message.inboundProperties.'http.request.path';
flowVars.apiName=message.inboundProperties.'http.request.uri';
flowVars.errorCode="";]]></expression-component>

		<choice doc:name="Choice">
			<when
				expression="#[message.inboundProperties.'http.uri.params'.FechaModificacion == null]">
				<logger message="SYSTEM LAYER - REQUEST: Leyendo Productos Modificados"
					level="INFO" category="com.acqua.utils.ConsolaSystemDragon"
					doc:name="Logger CONSOLA" />
				<set-variable variableName="articuloDragonKey" value="${Dragon_Articulo_Remito_Control}"
					doc:name="Set Articulo Dragon" />

				<enricher target="#[flowVars.FechaModificacion]"
					doc:name="Message Enricher - Set Fecha de Modificacion">
					<processor-chain doc:name="Processor Chain">
						<logger
							message="SYSTEM LAYER - Recuperando Fecha de Ultima modifiacion del registro de equivalencia del producto: #[flowVars.articuloDragonKey]"
							level="INFO" category="com.acqua.utils.ConsolaSystemDragon"
							doc:name="Logger CONSOLA" />
						<flow-ref name="dragon-producto-obtener-articulo-control-flow"
							doc:name="dragon-producto-obtener-articulo-control-flow" />
						<logger message="SYSTEM LAYER - Ultima fecha de actualizacion #[payload]"
							level="INFO" category="com.acqua.utils.ConsolaSystemDragon"
							doc:name="Logger CONSOLA" />
					</processor-chain>


				</enricher>
			</when>
			<otherwise>
				<logger
					message="SYSTEM LAYER - REQUEST: Leyendo Productos Modificados posgterior a Fecha: #[message.inboundProperties.'http.uri.params'.FechaModificacion]"
					level="INFO" category="com.acqua.utils.ConsolaSystemDragon"
					doc:name="Logger CONSOLA" />
				<set-variable variableName="FechaModificacion"
					value="#[message.inboundProperties.'http.uri.params'.FechaModificacion]"
					doc:name="Set Fecha Modificacion" />
			</otherwise>
		</choice>


		<expression-component doc:name="Set Control Vars"><![CDATA[flowVars.flowName="dragon-producto-process-request-while-flow";
flowVars.metricCategory="Dragon-Product";
flowVars.apiName="Articulos Modificados";
flowVars.errorCode="";
flowVars.page=1;
flowVars.returnValue = new java.util.ArrayList();]]></expression-component>
		<flow-ref name="dragon-remito-process-request-while-flow"
			doc:name="dragon-remito-process-request-while-flow" />

		<set-payload value="#[flowVars.returnValue]" doc:name="Set Payload" />

		<invoke object-ref="DragonUtil" method="sortArrayListOfHashMap"
			methodArguments="#[payload]" doc:name="Invoke - Reverse ArrayList" />

		<json:object-to-json-transformer
			doc:name="Object to JSON" />
			
		<set-property propertyName="http.status" value="#[200]"
			doc:name="http.status" />

		<exception-strategy ref="System_Layer_Generic_Exception_Strategy"
			doc:name="Reference Exception Strategy" />
	</flow>
	
	<flow name="dragon-remito-process-request-while-flow"
		processingStrategy="synchronous">
		<set-variable variableName="QtyRecs"
			value="#[${Dragon_CantidadDeRegistrosPorRequest}]" doc:name="Set Qty Records" />
		<expression-component doc:name="Prepare Request"><![CDATA[payload = new java.util.HashMap();
payload .put("limit", flowVars.QtyRecs);
payload .put("page", flowVars.page);
payload .put("sort", "-informacionAdicional.FechaModificacionFW,-informacionAdicional.HoraModificacionFW");

]]></expression-component>



		<dragonfish:servicio config-ref="Dragonfish__Configuration"
			entityType="Remito_remitoGet" doc:name="Dragonfish" />
		<choice doc:name="Choice">
			<when expression="#[payload.totalRegistros &gt; 0]">
				<enricher target="#[flowVars.procesarPrimerRegistro]"
					doc:name="Message Enricher">
					<invoke object-ref="DragonUtil" method="seDebeProcesarRegistro"
						methodArguments="#[payload.resultados[0].codigo], #[payload.resultados[0].informacionAdicional[0].fechaModificacionFW],#[payload.resultados[0].informacionAdicional[0].horaModificacionFW],#[flowVars.FechaModificacion]"
						doc:name="Invoke - Si se debe Procesar Primer Registro" />
				</enricher>
			</when>
			<otherwise>
				<set-variable variableName="procesarPrimerRegistro"
					value="#[false]" doc:name="Set Procesar Registros" />
			</otherwise>
		</choice>
		<choice doc:name="Choice - Hay Registros a Procesar?">
			<when
				expression="#[payload.totalRegistros &gt; 0 &amp;&amp; flowVars.procesarPrimerRegistro]">
				<enricher target="#[flowVars.page]" doc:name="Message Enricher">
					<invoke object-ref="DragonUtil" method="obtenerPagina"
						methodArguments="#[payload.siguiente!=null?payload.siguiente:&quot;NULL&quot;]"
						doc:name="Invoke - Obtener Pagina" />
				</enricher>

				<foreach collection="#[payload.resultados]" doc:name="For Each">
					<enricher target="#[flowVars.seDebeProcesarRegistro]"
						doc:name="Message Enricher">
						<invoke object-ref="DragonUtil" method="seDebeProcesarRegistro"
							methodArguments="#[payload.codigo], #[payload.informacionAdicional[0].fechaModificacionFW!=null?payload.informacionAdicional[0].fechaModificacionFW:&quot;NULL&quot;],#[payload.informacionAdicional[0].horaModificacionFW!=null?payload.informacionAdicional[0].horaModificacionFW:&quot;NULL&quot;],#[flowVars.FechaModificacion]"
							doc:name="Invoke - Si se debe Procesar" />
					</enricher>

					<choice doc:name="Choice - Procesar?">
						<when
							expression="#[flowVars.seDebeProcesarRegistro &amp;&amp; !(payload.codigo.equals('${Dragon_Articulo_Control}'))]">
							<logger
								message="Codigo modificado: #[payload.codigo] Fecha Modificado: #[payload.informacionAdicional[0].fechaModificacionFW] Hora: Fecha Modificado: #[payload.informacionAdicional[0].horaModificacionFW]"
								category="com.acqua.utils.SystemLayer" level="INFO" doc:name="Logger" />
                            <enricher target="#[flowVars.pedido]" doc:name="Message Enricher">
                                <flow-ref name="dragon-remito-process-get-pedido-flow" doc:name="dragon-remito-process-get-pedido-flow"/>
                            </enricher>
                            <enricher source="#[flowVars.returnValue]" target="#[flowVars.ordenECommerce]" doc:name="Message Enricher">
                                <processor-chain doc:name="Processor Chain">
                                    <set-payload value="#[flowVars.pedido]" doc:name="Set Payload"/>
                                    <flow-ref name="dragon-remito-process-get-ordenEcommerce-flow" doc:name="dragon-remito-process-get-ordenEcommerce-flow"/>
                                </processor-chain>
                            </enricher>
                            <enricher target="#[flowVars.result]" doc:name="Message Enricher">
            					<custom-transformer mimeType="application/java" class="com.acqua.transformer.DragonRemitosTransformer" doc:name="Remito Transformer">
            				</custom-transformer>
        </enricher>
                            <choice doc:name="Choice">
                                <when expression="#[!flowVars.result.isEmpty()]">
                                    <expression-component doc:name="Preparing Response"><![CDATA[returnValue.add(flowVars.result);]]></expression-component>
                                </when>
                                <otherwise>
                                    <logger message="No hay cambios" level="INFO" category="com.acqua.utils.SystemLayer" doc:name="Logger"/>
                                </otherwise>
                            </choice>

						</when>
						<otherwise>
							<logger
								message="Codigo NO modificado: #[payload.codigo] Fecha Modificado: #[payload.informacionAdicional.fechaModificacionFW] Hora: Fecha Modificado: #[payload.informacionAdicional.horaModificacionFW]"
								category="com.acqua.utils.SystemLayer" level="INFO" doc:name="Logger" />
							<set-variable variableName="page" value="#[0]"
								doc:name="Set Page to 0" />
						</otherwise>
					</choice>
				</foreach>

			</when>
			<otherwise>
				<logger message="No hay registros a Procesar" category="com.acqua.utils.SystemLayer"
					level="INFO" doc:name="Logger" />
				<set-variable variableName="page" value="#[0]"
					doc:name="Set Page to 0" />

			</otherwise>
		</choice>
		<choice doc:name="Choice - Hay mas Paginas Pendientes?">
			<when expression="#[flowVars.page&gt;0]">
				<flow-ref name="dragon-remito-process-request-while-flow"
					doc:name="dragon-remito-process-request-while-flow" />
			</when>
			<otherwise>
				<logger message="No hay mas paginas pendientes" category="com.acqua.utils.SystemLayer"
					level="INFO" doc:name="Logger" />
			</otherwise>
		</choice>

	</flow>
    <flow name="dragon-remito-process-get-pedido-flow" processingStrategy="synchronous">
        <expression-component doc:name="Expression"><![CDATA[flowVars.returnValue = new java.util.HashMap();]]></expression-component>
        <choice doc:name="Choice">
            <when expression="#[!payload.compAfec.isEmpty()]">
                <expression-component doc:name="Expression"><![CDATA[flowVars.request = new java.util.HashMap();
flowVars.request .put("id", payload.compAfec[0].afecta);]]></expression-component>
                <dragonfish:servicio config-ref="Dragonfish__Configuration" entityType="PedidoById_pedidoByIdGet" doc:name="Dragonfish">
                    <dragonfish:entity-data ref="#[flowVars.request]"/>
                </dragonfish:servicio>
            </when>
            <otherwise>
                <logger message="Sin Pedido" level="INFO" category="com.acqua.utils.SystemLayer" doc:name="Logger"/>
            </otherwise>
        </choice>
    </flow>
	
	<flow name="dragon-remito-process-get-ordenEcommerce-flow" processingStrategy="synchronous">
        <expression-component doc:name="Expression"><![CDATA[flowVars.returnValue = new java.util.HashMap();]]></expression-component>
        <choice doc:name="Choice">
            <when expression="#[!payload.isEmpty() &amp;&amp; !payload.compAfec.isEmpty()]">
                <foreach collection="#[payload.compAfec]" doc:name="For Each">
                    <choice doc:name="Choice">
                        <when expression="#[payload.tipoComprobante == '99']">
                            <logger message="Afectado #[payload]" level="INFO" category="com.acqua.utils.SystemLayer" doc:name="Logger"/>
                            <expression-component doc:name="Expression"><![CDATA[flowVars.request = new java.util.HashMap();
flowVars.request .put("id", payload.afecta);]]></expression-component>
                            <dragonfish:servicio config-ref="Dragonfish__Configuration" entityType="OperacionecommerceById_operacionecommerceByIdGet" doc:name="Dragonfish">
                                <dragonfish:entity-data ref="#[flowVars.request]"/>
                            </dragonfish:servicio>
                            <expression-component doc:name="Expression"><![CDATA[flowVars.returnValue = payload;]]></expression-component>
                        </when>
                        <otherwise>
                            <logger message="Afecta #[payload]" level="INFO" category="com.acqua.utils.SystemLayer" doc:name="Logger"/>
                        </otherwise>
                    </choice>
                </foreach>

            </when>
            <otherwise>
                <logger message="Sin Pedido" level="INFO" category="com.acqua.utils.SystemLayer" doc:name="Logger"/>
            </otherwise>
        </choice>
    </flow>
    
    <flow name="dragon-remito-put-flow" processingStrategy="synchronous">
    	<flow-ref name="dragon-remito-put-process-flow" doc:name="dragon-remito-put-process-flow"/>

        <json:object-to-json-transformer doc:name="Object to JSON"/>
        <logger message="SYSTEM LAYER - #[message.outboundProperties[&quot;http.status&quot;]==200?&quot;Procesado&quot;:&quot;ERROR woo order no procesado&quot;]  #[&quot;\n&quot;]#[payload]" level="INFO" category="com.acqua.utils.SystemLayer" doc:name="Logger CONSOLA"/>
     </flow>
     
     <flow name="dragon-remito-put-process-flow" processingStrategy="synchronous">
		
		<expression-component doc:name="Set Control Vars"><![CDATA[flowVars.flowName=flow.name;
flowVars.metricCategory=message.inboundProperties.'http.request.path';
flowVars.apiName=message.inboundProperties.'http.request.uri';
flowVars.errorCode="";
flowVars.codigo=(message.inboundProperties.'http.uri.params'.Codigo == null? "":message.inboundProperties.'http.uri.params'.Codigo);
flowVars.returnValue=new java.util.HashMap();]]></expression-component>
        <byte-array-to-string-transformer doc:name="Byte Array to String"/>
        <json:json-to-object-transformer returnClass="java.util.HashMap" doc:name="JSON to Object"/>



        
        <logger message="#[&quot;-----------------------------------------------------------------------------------------&quot;]" level="INFO" category="com.acqua.utils.SystemLayer" doc:name="Logger CONSOLA"/>
        
        <logger message="SYSTEM LAYER - Updating Remito  #[flowVars.codigo]" level="INFO" category="com.acqua.utils.SystemLayer" doc:name="Logger CONSOLA"/>
        <expression-component doc:name="Expression"><![CDATA[flowVars.request = new java.util.HashMap();
flowVars.request .put("id", flowVars.codigo);
flowVars.request .put("request", payload);]]></expression-component>
        <dragonfish:servicio config-ref="Dragonfish__Configuration" entityType="RemitoById_remitoByIdPut" doc:name="Dragonfish- Actualizar Remito">
            <dragonfish:entity-data ref="#[flowVars.request]"/>
        </dragonfish:servicio>

        <set-property propertyName="http.status" value="#[200]" doc:name="http.status"/>

		<exception-strategy ref="System_Layer_Generic_Exception_Strategy"
				doc:name="Reference Exception Strategy" />
				
	</flow>
	
	<flow name="dragon-remito-get-process-flow" processingStrategy="synchronous">
        <expression-component doc:name="Set Control Vars"><![CDATA[flowVars.flowName=flow.name;
flowVars.metricCategory=message.inboundProperties.'http.request.path';
flowVars.apiName=message.inboundProperties.'http.request.uri';
flowVars.errorCode="";
flowVars.codigo=(message.inboundProperties.'http.uri.params'.Codigo == null? "":message.inboundProperties.'http.uri.params'.Codigo);]]></expression-component>
        <logger message="#[&quot;-----------------------------------------------------------------------------------------&quot;]" level="INFO" category="com.acqua.utils.SystemLayer" doc:name="Logger CONSOLA"/>
        <flow-ref name="dragon-remito-get-main-process-flow" doc:name="dragon-remito-get-main-process-flow"/>
        <json:object-to-json-transformer doc:name="Object to JSON"/>


        <set-property propertyName="http.status" value="#[200]" doc:name="http.status"/>

		<exception-strategy ref="System_Layer_Generic_Exception_Strategy"
				doc:name="Reference Exception Strategy" />
				
	</flow>
	
	<flow name="dragon-remito-get-main-process-flow" processingStrategy="synchronous">

        
        <logger message="SYSTEM LAYER - Getting Remito  #[flowVars.codigo]" level="INFO" category="com.acqua.utils.SystemLayer" doc:name="Logger CONSOLA"/>
        <expression-component doc:name="Expression"><![CDATA[flowVars.request = new java.util.HashMap();
flowVars.request .put("id", flowVars.codigo);]]></expression-component>
        <dragonfish:servicio config-ref="Dragonfish__Configuration" entityType="RemitoById_remitoByIdGet" doc:name="Dragonfish- Actualizar Remito">
            <dragonfish:entity-data ref="#[flowVars.request]"/>
        </dragonfish:servicio>


		<exception-strategy ref="System_Layer_Generic_Exception_Strategy"
				doc:name="Reference Exception Strategy" />
				
	</flow>

</mule>
