<?xml version="1.0" encoding="UTF-8"?>

<mule xmlns:tracking="http://www.mulesoft.org/schema/mule/ee/tracking" xmlns:dragonfish="http://www.mulesoft.org/schema/mule/dragonfish" xmlns:json="http://www.mulesoft.org/schema/mule/json" xmlns:http="http://www.mulesoft.org/schema/mule/http" xmlns:validation="http://www.mulesoft.org/schema/mule/validation" xmlns="http://www.mulesoft.org/schema/mule/core" xmlns:doc="http://www.mulesoft.org/schema/mule/documentation"
	xmlns:spring="http://www.springframework.org/schema/beans" 
	xmlns:xsi="http://www.w3.org/2001/XMLSchema-instance"
	xsi:schemaLocation="http://www.springframework.org/schema/beans http://www.springframework.org/schema/beans/spring-beans-current.xsd
http://www.mulesoft.org/schema/mule/core http://www.mulesoft.org/schema/mule/core/current/mule.xsd
http://www.mulesoft.org/schema/mule/json http://www.mulesoft.org/schema/mule/json/current/mule-json.xsd
http://www.mulesoft.org/schema/mule/http http://www.mulesoft.org/schema/mule/http/current/mule-http.xsd
http://www.mulesoft.org/schema/mule/validation http://www.mulesoft.org/schema/mule/validation/current/mule-validation.xsd
http://www.mulesoft.org/schema/mule/dragonfish http://www.mulesoft.org/schema/mule/dragonfish/current/mule-dragonfish.xsd
http://www.mulesoft.org/schema/mule/ee/tracking http://www.mulesoft.org/schema/mule/ee/tracking/current/mule-tracking-ee.xsd">
    <flow name="dragon-customer-flow" processingStrategy="synchronous">
        <expression-component doc:name="Set Control Vars"><![CDATA[flowVars.flowName=flow.name;
flowVars.metricCategory=message.inboundProperties.'http.request.path';
flowVars.apiName=message.inboundProperties.'http.request.uri';
flowVars.errorCode="";]]></expression-component>
        <set-variable variableName="baseDeDatosEcommerce" value="${Dragon_BaseDeDatos_Modulo_Ecommerce}" doc:name="Set Base de Datos Ecommerce"/>
        <byte-array-to-string-transformer doc:name="Byte Array to String" encoding="UTF-8" mimeType="application/json"/>
        <logger message="Payload  de Customer Recibido #[payload]" level="INFO" category="com.acqua.utils.SystemLayer" doc:name="Logger"/>
        <set-variable variableName="useDragoAPIDirectly" value="#[${DragonUsarAPIDirecto}]" doc:name="Set Usar Dragon API Director"/>
        <choice doc:name="Choice">
            <when expression="#[flowVars.useDragoAPIDirectly]">
                <enricher target="#[flowVars.tokenDirecto]" doc:name="Message Enricher">
                    <processor-chain doc:name="Processor Chain">
                        <flow-ref name="dragon-status-login-flow" doc:name="dragon-status-login-flow"/>
                        <expression-component doc:name="Expression"><![CDATA[if(!payload.getClass().getName().equals("com.acqua.common.sl.exceptions.SLResponseError"))
{
     payload = payload.Token;

} else
{
   	payload ="";
}
]]></expression-component>
                    </processor-chain>
                </enricher>
            </when>
            <otherwise>
                <expression-component doc:name="Expression"><![CDATA[flowVars.tokenDirecto="";]]></expression-component>
            </otherwise>
        </choice>
        <json:json-to-object-transformer returnClass="java.util.HashMap" doc:name="JSON to Object"/>
        <logger message="Tipo de Documento Informado: #[!payload.tipoDoc.isEmpty()]" level="INFO" category="com.acqua.utils.SystemLayer" doc:name="Logger"/>
        <choice doc:name="Choice">
            <when expression="#[!payload.tipoDoc.isEmpty()]">
                <enricher target="#[flowVars.idDragonClienteEcommerce]" doc:name="Message Enricher - Obtener ID">
                    <flow-ref name="dragon-customer-obtener-customerEcommerceID-by-doc-flow" doc:name="dragon-customer-obtener-customerEcommerceID-by-doc-flow"/>
                </enricher>
                <logger message="Id del Cliente: #[flowVars.idDragonClienteEcommerce]" level="INFO" category="com.acqua.utils.SystemLayer" doc:name="Logger"/>
            </when>
            <otherwise>
                <set-variable variableName="idDragonClienteEcommerce" value="#[new java.util.HashMap()]" doc:name="Variable Set Customer ID"/>
            </otherwise>
        </choice>
        <logger message="Se encontro Cliente por DNI: #[flowVars.idDragonClienteEcommerce.size()!=0]?" level="INFO" category="com.acqua.utils.SystemLayer" doc:name="Logger"/>
        <choice doc:name="Choice">
            <when expression="#[flowVars.idDragonClienteEcommerce.size()==0]">
                <enricher target="#[flowVars.idDragonClienteEcommerce]" doc:name="Message Enricher - Obtener ID">
                    <flow-ref name="dragon-customer-obtener-customerEcommerce-by-email-flow" doc:name="dragon-customer-obtener-customerEcommerce-by-email-flow"/>
                </enricher>
            </when>
            <otherwise>
                <logger message="No se encontro cliente" level="INFO" category="com.acqua.utils.SystemLayer" doc:name="Logger"/>
            </otherwise>
        </choice>
        <logger message="Se encontro Cliente por Email: #[flowVars.idDragonClienteEcommerce.size()!=0]? Crear Maestro: #[payload.createMaster]" level="INFO" category="com.acqua.utils.SystemLayer" doc:name="Logger"/>
        <choice doc:name="Choice- Create Master?">
            <when expression="#[payload.createMaster]">
                <enricher target="#[flowVars.masterId]" doc:name="Message Enricher">
                    <flow-ref name="dragon-customer-create-master-flow" doc:name="dragon-customer-create-master-flow"/>
                </enricher>
            </when>
            <otherwise>
                <set-variable variableName="masterId" value="#[&quot;&quot;]" doc:name="Variable - Set Master ID"/>
            </otherwise>
        </choice>
        <logger message="Accion #[payload.action]" level="INFO" category="com.acqua.utils.SystemLayer" doc:name="Logger"/>
        <choice doc:name="Choice">
            <when expression="#[payload.action=='create' &amp;&amp; flowVars.idDragonClienteEcommerce.size()==0]">
                <expression-component doc:name="Expression"><![CDATA[flowVars.request = new java.util.HashMap();
flowVars.requestTmp = new java.util.HashMap();
flowVars.requestTmp.put("nombre",org.apache.commons.lang.StringUtils.left( payload.nombre, 40 ));
flowVars.requestTmp.put("apellido",org.apache.commons.lang.StringUtils.left( payload.apellido, 40 ));
flowVars.requestTmp.put("mail",payload.mail.toLowerCase());
flowVars.requestTmp.put("observacion",payload.codigo);
flowVars.requestTmp.put("telefono",payload.telefono);
if(payload.metadata.situacion_fiscal != null)
{
  if(payload.metadata.situacion_fiscal=='5' || payload.metadata.situacion_fiscal=='99')
  { 
  	flowVars.requestTmp.put("tipoDoc",payload.tipoDoc);
  	 flowVars.requestTmp.put("nroDoc",payload.nroDoc);
  } else
  {
  	flowVars.requestTmp.put("tipoDoc","CUIT");
  	 flowVars.requestTmp.put("nroDoc",payload.metadata.cuit);
  }
} else
{
     if(payload.tipoDoc.isEmpty())
	{
     flowVars.requestTmp.put("tipoDoc","");
	 flowVars.requestTmp.put("nroDoc",0);
   } else
   {
     flowVars.requestTmp.put("tipoDoc",payload.tipoDoc);
	 flowVars.requestTmp.put("nroDoc",payload.nroDoc);
   }
}
flowVars.requestTmp.put("codigo",org.apache.commons.lang.StringUtils.right( payload.codigo, 10 ));
flowVars.requestTmp.put("clienteDragon",flowVars.masterId);
flowVars.requestTmp.put("clienteEcommerce",payload.codigo);
flowVars.requestTmp.put("cuentaecommerce",payload.cuentaEcommerce);
flowVars.request.put("request",flowVars.requestTmp);
flowVars.request .put("BaseDeDatos",flowVars.baseDeDatosEcommerce); ]]></expression-component>
                <dragonfish:servicio config-ref="Dragonfish__Configuration" entityType="Clienteecommerce_clienteecommercePost" doc:name="Dragonfish - Create E-Customer">
                    <dragonfish:entity-data ref="#[flowVars.request]"/>
                </dragonfish:servicio>


                <set-payload value="{&quot;codigo&quot;:&quot;#[payload.codigo]&quot;}" doc:name="Set Payload" mimeType="application/json"/>
            </when>
            <when expression="#[payload.action=='update' || (payload.action=='create' &amp;&amp; flowVars.idDragonClienteEcommerce.size()!=0 )]">
                <expression-component doc:name="Expression"><![CDATA[flowVars.request = new java.util.HashMap();
flowVars.request.put("id",flowVars.idDragonClienteEcommerce.id);
flowVars.requestTmp = new java.util.HashMap();
flowVars.requestTmp.put("nombre",org.apache.commons.lang.StringUtils.left( payload.nombre, 40 ));
flowVars.requestTmp.put("apellido",org.apache.commons.lang.StringUtils.left( payload.apellido, 40 ));
flowVars.requestTmp.put("mail",payload.mail.toLowerCase());
flowVars.requestTmp.put("observacion",payload.codigo);
flowVars.requestTmp.put("telefono",payload.telefono);  
if(payload.metadata.situacion_fiscal != null)
{
  if(payload.metadata.situacion_fiscal=='5' || payload.metadata.situacion_fiscal=='99')
  { 
  	flowVars.requestTmp.put("tipoDoc",payload.tipoDoc);
  	 flowVars.requestTmp.put("nroDoc",payload.nroDoc);
  } else
  {
  	flowVars.requestTmp.put("tipoDoc","CUIT");
  	 flowVars.requestTmp.put("nroDoc",payload.metadata.cuit);
  }
} else
{
     if(payload.tipoDoc.isEmpty())
	{
     flowVars.requestTmp.put("tipoDoc","");
	 flowVars.requestTmp.put("nroDoc",0);
   } else
   {
     flowVars.requestTmp.put("tipoDoc",payload.tipoDoc);
	 flowVars.requestTmp.put("nroDoc",payload.nroDoc);
   }
}
flowVars.requestTmp.put("codigo",flowVars.idDragonClienteEcommerce.id); 
flowVars.requestTmp.put("clienteDragon",flowVars.masterId);
flowVars.requestTmp.put("clienteEcommerce",payload.codigo);
flowVars.requestTmp.put("cuentaecommerce",payload.cuentaEcommerce);
flowVars.request.put("request",flowVars.requestTmp);
flowVars.request .put("BaseDeDatos",flowVars.baseDeDatosEcommerce); ]]></expression-component>
                <dragonfish:servicio config-ref="Dragonfish__Configuration" entityType="ClienteecommerceById_clienteecommerceByIdPut" doc:name="Dragonfish -  - Create/Update E-Customer">
                    <dragonfish:entity-data ref="#[flowVars.request]"/>
                </dragonfish:servicio>
                <set-payload value="{&quot;codigo&quot;:&quot;#[payload.codigo]&quot;}" doc:name="Set Payload" mimeType="application/json"/>
            </when>
            <when expression="#[payload.action=='delete']">
                <expression-component doc:name="Expression"><![CDATA[flowVars.request = new java.util.HashMap();
flowVars.request.put("id",flowVars.idDragonClienteEcommerce.id);
flowVars.request .put("BaseDeDatos",flowVars.baseDeDatosEcommerce); ]]></expression-component>
                <dragonfish:servicio config-ref="Dragonfish__Configuration" entityType="ClienteecommerceById_clienteecommerceByIdDelete" doc:name=" Dragonfish  - Delete E-Customer">
                    <dragonfish:entity-data ref="#[flowVars.request]"/>
                </dragonfish:servicio>
                <set-payload value="{&quot;codigo&quot;:&quot;#[flowVars.idDragonClienteEcommerce]&quot;}" doc:name="Set Payload" mimeType="application/json"/>
            </when>
            <when expression="#[payload.action=='get']">
                <expression-component doc:name="Expression"><![CDATA[flowVars.request = new java.util.HashMap();
flowVars.request.put("id",flowVars.idDragonClienteEcommerce.id);
flowVars.request .put("BaseDeDatos",flowVars.baseDeDatosEcommerce); ]]></expression-component>
                <dragonfish:servicio config-ref="Dragonfish__Configuration" entityType="ClienteecommerceById_clienteecommerceByIdGet" doc:name="Dragonfish - Get E-Customer">
                    <dragonfish:entity-data ref="#[flowVars.request]"/>
                </dragonfish:servicio>
                <json:object-to-json-transformer doc:name="Object to JSON"/>
            </when>
            <otherwise>
                <logger message="Accion Invalida" level="INFO" category="com.acqua.utils.SystemLayer" doc:name="Logger"/>
            </otherwise>
        </choice>
        <logger message="Procesado Cliente #[payload]" level="INFO" category="com.acqua.utils.SystemLayer" doc:name="Logger"/>
        <catch-exception-strategy doc:name="Catch Exception Strategy">
            <logger message="Error procesando cliente: #[exception.getMessage()]" level="DEBUG" category="com.acqua.utils.SystemLayer" doc:name="Logger"/>
            <expression-component doc:name="Expression"><![CDATA[payload = new java.util.HashMap();
payload.put("error",exception.message);
]]></expression-component>
            <json:object-to-json-transformer doc:name="Object to JSON"/>
            <message-properties-transformer doc:name="Message Properties">
                <add-message-property key="http.status" value="400"/>
            </message-properties-transformer>
        </catch-exception-strategy>

    </flow>
    <flow name="dragon-customer-create-master-flow" processingStrategy="synchronous">
        <choice doc:name="Choice">
            <when expression="#[payload.action=='create' &amp;&amp; flowVars.idDragonClienteEcommerce.size()==0]">
                <expression-component doc:name="Expression Alta"><![CDATA[flowVars.request = new java.util.HashMap();
flowVars.requestTmp = new java.util.HashMap();
if(payload.metadata.situacion_fiscal != null)
{
  if(payload.metadata.situacion_fiscal=='5' || payload.metadata.situacion_fiscal=='99')
  {
  	flowVars.requestTmp.put("situacionFiscal",3);
  } 
  if(payload.metadata.situacion_fiscal=='1')
  {
  	flowVars.requestTmp.put("situacionFiscal",1);
  }  
  if(payload.metadata.situacion_fiscal=='6')
  {
  	flowVars.requestTmp.put("situacionFiscal",7);
  }  
} else
{
   flowVars.requestTmp.put("situacionFiscal",3);
}
flowVars.requestTmp.put("primerNombre",payload.nombre);
flowVars.requestTmp.put("segundoNombre","");
flowVars.requestTmp.put("apellido",payload.apellido); 
flowVars.requestTmp.put("calle",payload.billing.address_1);
flowVars.requestTmp.put("numero",payload.billing.address_2);
flowVars.requestTmp.put("localidad",payload.billing.city);
flowVars.requestTmp.put("codigoPostal",payload.billing.postcode); 
flowVars.requestTmp.put("provincia",payload.billing.state); 
flowVars.requestTmp.put("pais",payload.billing.country); 
flowVars.requestTmp.put("email",payload.mail); 
flowVars.requestTmp.put("telefono",payload.telefono); 
flowVars.requestTmp.put("movil","");
flowVars.requestTmp.put("fax","");
flowVars.requestTmp.put("paginaWeb","");
if(payload.metadata.situacion_fiscal != null)
{
if(payload.metadata.situacion_fiscal=='5' || payload.metadata.situacion_fiscal=='99')
{ 
	 flowVars.requestTmp.put("tipoDocumento","05"); 
	 flowVars.requestTmp.put("nroDocumento",payload.nroDoc); 
} else
{
	flowVars.requestTmp.put("tipoDocumento","05"); 
	flowVars.requestTmp.put("CUIT",payload.metadata.cuit); 
	flowVars.requestTmp.put("nombre",payload.metadata.razon_social);
}
} else
{
    flowVars.requestTmp.put("tipoDocumento",""); 
	  flowVars.requestTmp.put("nroDocumento",0); 
}
flowVars.requestTmp.put("clasificacion","");
flowVars.requestTmp.put("tipoCli","");
flowVars.requestTmp.put("categCli","");   
flowVars.requestTmp.put("observacion",payload.observacion); 
flowVars.request.put("request",flowVars.requestTmp);
flowVars.request .put("BaseDeDatos",flowVars.baseDeDatosEcommerce); ]]></expression-component>
                <dragonfish:servicio config-ref="Dragonfish__Configuration" entityType="Cliente_clientePost" doc:name="Dragonfish - Create E-Customer">
                    <dragonfish:entity-data ref="#[flowVars.request]"/>
                </dragonfish:servicio>


                <set-payload value="#[payload.codigo]" doc:name="Set Payload"/>
            </when>
            <when expression="#[payload.action=='update' || (payload.action=='create' &amp;&amp; flowVars.idDragonClienteEcommerce.size()!=0 )]">
                <expression-component doc:name="Expression"><![CDATA[flowVars.request = new java.util.HashMap();
flowVars.request.put("id",flowVars.idDragonClienteEcommerce.id);
flowVars.requestTmp = new java.util.HashMap();
if(payload.metadata.situacion_fiscal != null)
{
  if(payload.metadata.situacion_fiscal=='5' || payload.metadata.situacion_fiscal=='99')
  {
  	flowVars.requestTmp.put("situacionFiscal",3);
  } 
  if(payload.metadata.situacion_fiscal=='1')
  {
  	flowVars.requestTmp.put("situacionFiscal",1);
  }  
  if(payload.metadata.situacion_fiscal=='6')
  {
  	flowVars.requestTmp.put("situacionFiscal",7);
  }  
} else
{
    flowVars.requestTmp.put("situacionFiscal",3);
}
flowVars.requestTmp.put("primerNombre",payload.nombre);
flowVars.requestTmp.put("segundoNombre","");
flowVars.requestTmp.put("apellido",payload.apellido); 
flowVars.requestTmp.put("calle",payload.billing.address_1);
flowVars.requestTmp.put("numero",payload.billing.address_2);
flowVars.requestTmp.put("localidad",payload.billing.city);
flowVars.requestTmp.put("codigoPostal",payload.billing.postcode); 
flowVars.requestTmp.put("provincia",payload.billing.state); 
flowVars.requestTmp.put("pais",payload.billing.country); 
flowVars.requestTmp.put("email",payload.mail); 
flowVars.requestTmp.put("telefono",payload.telefono); 
flowVars.requestTmp.put("movil","");
flowVars.requestTmp.put("fax","");
flowVars.requestTmp.put("paginaWeb","");
if(payload.metadata.situacion_fiscal != null)
{
if(payload.metadata.situacion_fiscal=='5' || payload.metadata.situacion_fiscal=='99')
{ 
	 flowVars.requestTmp.put("tipoDocumento","05"); 
	 flowVars.requestTmp.put("nroDocumento",payload.nroDoc); 
} else
{
	flowVars.requestTmp.put("tipoDocumento","05"); 
	flowVars.requestTmp.put("CUIT",payload.metadata.cuit); 
	flowVars.requestTmp.put("nombre",payload.metadata.razon_social);
}
} else
{
    flowVars.requestTmp.put("tipoDocumento",""); 
	 flowVars.requestTmp.put("nroDocumento",""); 
}
flowVars.requestTmp.put("clasificacion","");
flowVars.requestTmp.put("tipoCli","");
flowVars.requestTmp.put("categCli","");   
flowVars.requestTmp.put("observacion",payload.observacion);  
flowVars.request.put("request",flowVars.requestTmp);
flowVars.request .put("BaseDeDatos",flowVars.baseDeDatosEcommerce); ]]></expression-component>
                <dragonfish:servicio config-ref="Dragonfish__Configuration" entityType="ClienteById_clienteByIdPut" doc:name="Dragonfish -  - Create/Update E-Customer">
                    <dragonfish:entity-data ref="#[flowVars.request]"/>
                </dragonfish:servicio>

                <set-payload value="#[payload.codigo]" doc:name="Set Payload"/>
            </when>
            <when expression="#[payload.action=='delete']">
                <expression-component doc:name="Expression"><![CDATA[flowVars.request = new java.util.HashMap();
flowVars.request.put("id",flowVars.idDragonClienteEcommerce.id);
flowVars.request .put("BaseDeDatos",flowVars.baseDeDatosEcommerce); ]]></expression-component>
                <dragonfish:servicio config-ref="Dragonfish__Configuration" entityType="ClienteById_clienteByIdDelete" doc:name=" Dragonfish  - Delete E-Customer">
                    <dragonfish:entity-data ref="#[flowVars.request]"/>
                </dragonfish:servicio>

                <set-payload value="#[flowVars.idDragonClienteEcommerce]" doc:name="Set Payload"/>
            </when>
            <when expression="#[payload.action=='get']">
                <expression-component doc:name="Expression"><![CDATA[flowVars.request = new java.util.HashMap();
flowVars.request.put("id",flowVars.idDragonClienteEcommerce.id);
flowVars.request .put("BaseDeDatos",flowVars.baseDeDatosEcommerce); ]]></expression-component>
                <dragonfish:servicio config-ref="Dragonfish__Configuration" entityType="ClienteById_clienteByIdGet" doc:name="Dragonfish - Get E-Customer">
                    <dragonfish:entity-data ref="#[flowVars.request]"/>
                </dragonfish:servicio>

                <json:object-to-json-transformer doc:name="Object to JSON"/>
            </when>
            <otherwise>
                <logger message="Accion Invalida" level="INFO" category="com.acqua.utils.SystemLayer" doc:name="Logger"/>
            </otherwise>
        </choice>
    </flow>
    
    
    <flow name="dragon-customer-obtener-customerEcommerce-by-email-flow" processingStrategy="synchronous">
        <expression-component doc:name="Expression - Prepare Request"><![CDATA[flowVars.request = new java.util.HashMap();
flowVars .request.put("mail",payload.mail);
flowVars.request .put("BaseDeDatos",flowVars.baseDeDatosEcommerce); ]]></expression-component>
        <dragonfish:servicio config-ref="Dragonfish__Configuration" entityType="Clienteecommerce_clienteecommerceGet" doc:name="Dragonfish">
            <dragonfish:entity-data ref="#[flowVars.request]"/>
        </dragonfish:servicio>

        <expression-component doc:name="Expression"><![CDATA[flowVars.response = new java.util.HashMap();
flowVars.response.put('id',payload.resultados[0].codigo);
flowVars.response.put('idMaster',payload.resultados[0].clienteDragon);
payload = flowVars.response;]]></expression-component>


		 
        <choice-exception-strategy doc:name="Choice Exception Strategy">
            <catch-exception-strategy when="exception.causedBy(org.mule.modules.connector.exceptions.ExternalConnectorException) &amp;&amp; (exception.cause.message.equals(&quot;INTERNAL: Not Found&quot;))" doc:name="Catch Exception Strategy" enableNotifications="false" logException="false">
                <logger message="No existe el Cliente E Commernce en DragonFish" level="INFO" doc:name="Logger" category="com.acqua.utils.SystemLayer"/>
                <set-payload value="#[new java.util.HashMap()]" doc:name="Set Payload"/>


            </catch-exception-strategy>
        </choice-exception-strategy>

    </flow>
    
    <flow name="dragon-customer-obtener-customerEcommerceID-by-doc-flow" processingStrategy="synchronous">
        <expression-component doc:name="Expression - Prepare Request"><![CDATA[flowVars.request = new java.util.HashMap();
if(payload.metadata.situacion_fiscal != null)
{ 
if(payload.metadata.situacion_fiscal=='5' || payload.metadata.situacion_fiscal=='99')
{ 
	flowVars .request.put("tipoDoc",payload.tipoDoc);
	flowVars .request.put("nroDoc",payload.nroDoc); 
} else
{
	flowVars .request.put("tipoDoc","CUIT");
	flowVars .request.put("nroDoc",,payload.metadata.cuit); 
}
} else
{    
    if(payload.tipoDoc.isEmpty())
	{
     flowVars.request.put("tipoDoc","");
	 flowVars.request.put("nroDoc",0);
    } else
    {
      flowVars.request.put("tipoDoc",payload.tipoDoc);
 	 flowVars.request.put("nroDoc",payload.nroDoc);
    } 
}
flowVars.request .put("BaseDeDatos",flowVars.baseDeDatosEcommerce); ]]></expression-component>
        <dragonfish:servicio config-ref="Dragonfish__Configuration" entityType="Clienteecommerce_clienteecommerceGet" doc:name="Dragonfish">
            <dragonfish:entity-data ref="#[flowVars.request]"/>
        </dragonfish:servicio>
        <expression-component doc:name="Expression"><![CDATA[flowVars.response = new java.util.HashMap();
flowVars.response.put('id',payload.resultados[0].codigo);
flowVars.response.put('idMaster',payload.resultados[0].clienteDragon);
payload = flowVars.response;]]></expression-component>


		 
        <choice-exception-strategy doc:name="Choice Exception Strategy">
            <catch-exception-strategy when="exception.causedBy(org.mule.modules.connector.exceptions.ExternalConnectorException) &amp;&amp; (exception.cause.message.equals(&quot;INTERNAL: Not Found&quot;))" doc:name="Catch Exception Strategy" enableNotifications="false" logException="false">
                <logger message="No existe el Cliente E Commernce en DragonFish" level="INFO" doc:name="Logger" category="com.acqua.utils.SystemLayer"/>
                <set-payload value="#[new java.util.HashMap()]" doc:name="Set Payload"/>


            </catch-exception-strategy>
        </choice-exception-strategy>

    </flow>
     
</mule>
