<?xml version="1.0" encoding="UTF-8"?>

<mule xmlns:tracking="http://www.mulesoft.org/schema/mule/ee/tracking"
	xmlns:dragonfish="http://www.mulesoft.org/schema/mule/dragonfish"
	xmlns:json="http://www.mulesoft.org/schema/mule/json" xmlns="http://www.mulesoft.org/schema/mule/core"
	xmlns:doc="http://www.mulesoft.org/schema/mule/documentation"
	xmlns:spring="http://www.springframework.org/schema/beans" xmlns:xsi="http://www.w3.org/2001/XMLSchema-instance"
	xsi:schemaLocation="http://www.mulesoft.org/schema/mule/dragonfish http://www.mulesoft.org/schema/mule/dragonfish/current/mule-dragonfish.xsd
http://www.mulesoft.org/schema/mule/json http://www.mulesoft.org/schema/mule/json/current/mule-json.xsd
http://www.springframework.org/schema/beans http://www.springframework.org/schema/beans/spring-beans-current.xsd
http://www.mulesoft.org/schema/mule/core http://www.mulesoft.org/schema/mule/core/current/mule.xsd
http://www.mulesoft.org/schema/mule/ee/tracking http://www.mulesoft.org/schema/mule/ee/tracking/current/mule-tracking-ee.xsd">

	<flow name="dragon-status-flow" processingStrategy="synchronous">

		<expression-component doc:name="Set Control Vars"><![CDATA[flowVars.flowName=flow.name;
flowVars.metricCategory=message.inboundProperties.'http.request.path';
flowVars.apiName=message.inboundProperties.'http.request.uri';
flowVars.errorCode="";
payload = new java.util.HashMap();
flowVars.returnValue = new java.util.HashMap();]]></expression-component>
		<processor-chain doc:name="Processor Chain - Login">
			<flow-ref name="dragon-status-login-flow" doc:name="dragon-status-login-flow" />
			<expression-component doc:name="Expression"><![CDATA[if(payload.getClass().getName().equals("com.acqua.common.sl.exceptions.SLResponseError"))
{
    flowVars.returnValue.put("statusAutentication",payload.getErrors().getHttpStatus());
    flowVars.returnValue.put("message",payload.getErrors().getErrorMessage());
    flowVars.returnValue.put("dragon-connector-response",payload);

} else
{
    flowVars.returnValue.put("statusAutentication",200);
    flowVars.returnValue.put("message","Logged");
    flowVars.returnValue.put("dragon-connector-response",payload);
}
]]></expression-component>
            <choice doc:name="Choice">
                <when expression="#[flowVars.returnValue.get(&quot;statusAutentication&quot;) &gt;= 400 &amp;&amp; flowVars.returnValue.get(&quot;statusAutentication&quot;) &lt;= 499]">
                    <enricher target="#[flowVars.errorDetail]" doc:name="Message Enricher">
                        <processor-chain doc:name="Processor Chain">
                            <set-payload value="#[payload.getErrors().getExternalErrorCode().getRequest()]" doc:name="Set Payload"/>
                            <json:object-to-json-transformer doc:name="Object to JSON"/>
                            <json:json-to-object-transformer returnClass="java.util.HashMap" doc:name="JSON to Object"/>
                            <expression-component doc:name="Expression"><![CDATA[payload.put("status",flowVars.returnValue.get("statusAutentication"));
payload.put("message",flowVars.returnValue.get("message"));
flowVars.returnValue.put("autenticacion",payload);
flowVars.returnValue.remove("message");]]></expression-component>
                        </processor-chain>
                    </enricher>
                </when>
                <when expression="#[ flowVars.returnValue.get(&quot;statusAutentication&quot;)  &gt; 499 &amp;&amp;  flowVars.returnValue.get(&quot;statusAutentication&quot;)  &lt;= 599]">
                    <enricher target="#[flowVars.errorDetail]" doc:name="Message Enricher">
                        <processor-chain doc:name="Processor Chain">
                            <set-payload value="#[payload.getErrors().getExternalErrorCode()]" doc:name="Set Payload"/>
                            <json:object-to-json-transformer doc:name="Object to JSON"/>
                            <json:json-to-object-transformer returnClass="java.util.HashMap" doc:name="JSON to Object"/>
                            <expression-component doc:name="Expression"><![CDATA[payload.put("status",flowVars.returnValue.get("statusAutentication"));
payload.put("message",flowVars.returnValue.get("message"));
flowVars.returnValue.put("autenticacion",payload);
flowVars.returnValue.remove("message");]]></expression-component>
                        </processor-chain>
                    </enricher>
                </when>
                <otherwise>
                    <expression-component doc:name="Expression"><![CDATA[payload.put("httpStatus",200);
flowVars.put("message","Logged");
flowVars.returnValue.put("autenticacion",payload);]]></expression-component>

                </otherwise>
            </choice>
		</processor-chain>
		<choice doc:name="Choice">
			<when expression="#[flowVars.returnValue.get(&quot;statusAutentication&quot;)==200 &amp;&amp; flowVars.modoRapido != true]">
				<flow-ref name="dragon-status-info-base-flow" doc:name="dragon-status-info-base-flow" />

				<expression-component doc:name="Expression"><![CDATA[flowVars.returnValue.put("dragon-information-base",payload);]]></expression-component>
                <set-variable variableName="articuloDragonKey" value="${Dragon_Articulo_Control}" doc:name="Set Articulo Control Articulo"/>

				<flow-ref name="dragon-status-reg-control-flow" doc:name="dragon-status-reg-control-flow" />
				<expression-component doc:name="Expression"><![CDATA[flowVars.returnValue.put("fechaUltimaModificacionArticulo",payload);]]></expression-component>
				<set-variable variableName="articuloDragonKey" value="${Dragon_Articulo_Stock_Control}" doc:name="Set Articulo Control Stock"/>

				<flow-ref name="dragon-status-reg-control-flow" doc:name="dragon-status-reg-control-flow" />
				<expression-component doc:name="Expression"><![CDATA[flowVars.returnValue.put("fechaUltimaModificacionStock",payload);]]></expression-component>
				<flow-ref name="dragon-status-plataformas-flow" doc:name="dragon-status-plataformas-flow" />
				<expression-component doc:name="Expression"><![CDATA[flowVars.returnValue.put("plataformas",payload);
flowVars.returnValue.put("fechaUltimaModificacionEnProperty","${Dragon_FechaUltimaActualizacion}");
flowVars.returnValue.put("mule_env","${mule_env}");]]></expression-component>

			</when>
			<otherwise>
				<logger message="No se recupera informacion adicional." level="INFO" doc:name="Logger" category="com.acqua.utils.ConsolaSystemDragon"/>
			</otherwise>
		</choice>
		<set-payload value="#[flowVars.returnValue]" doc:name="Set Payload" />
		<json:object-to-json-transformer
			doc:name="Object to JSON" />

		<exception-strategy ref="System_Layer_Generic_Exception_Strategy"
			doc:name="Reference Exception Strategy" />
	</flow>
	<flow name="dragon-status-login-flow" processingStrategy="synchronous">
		<dragonfish:autentificar config-ref="Dragonfish__Configuration"
			doc:name="Dragonfish - Autenticar" />
		<exception-strategy
			ref="System_Layer_Generic_ReturnObject_Exception_Strategy" doc:name="Reference Exception Strategy" />
	</flow>
	<flow name="dragon-status-info-base-flow" processingStrategy="synchronous">
		<expression-component doc:name="Expression"><![CDATA[payload = new java.util.HashMap();]]></expression-component>
		<dragonfish:servicio config-ref="Dragonfish__Configuration"
			entityType="ObtenerInformacionServicio_obtenerInformacionServicioGet"
			doc:name="Dragonfish - Informacion de Servicio" />
		<exception-strategy
			ref="System_Layer_Generic_ReturnObject_Exception_Strategy" doc:name="Reference Exception Strategy" />
	</flow>
	<flow name="dragon-status-reg-control-flow" processingStrategy="synchronous">

		<flow-ref name="dragon-producto-obtener-articulo-control-flow"
			doc:name="dragon-producto-obtener-articulo-control-flow" />
		<exception-strategy
			ref="System_Layer_Generic_ReturnObject_Exception_Strategy" doc:name="Reference Exception Strategy" />
	</flow>

	<flow name="dragon-status-plataformas-flow" processingStrategy="synchronous">
		<expression-component doc:name="Expression"><![CDATA[payload = new java.util.HashMap();]]></expression-component>
		<dragonfish:servicio config-ref="Dragonfish__Configuration"
			entityType="Ecommerce_ecommerceGet" doc:name="Dragonfish - Listados de Ecommerce" />

		<choice-exception-strategy doc:name="Choice Exception Strategy">
			<catch-exception-strategy
				when="exception.causedBy(org.mule.modules.connector.exceptions.ExternalConnectorException) "
				enableNotifications="false" logException="false" doc:name="Catch Exception Strategy">
				<logger message="SYSTEM LAYER - No existen Plataformas"
					level="INFO" category="com.acqua.utils.ConsolaSystemDragon"
					doc:name="Logger CONSOLE" />
				<expression-component doc:name="Expression"><![CDATA[payload = new java.util.HashMap();
payload .put("resultados", new java.util.ArrayList());]]></expression-component>
			</catch-exception-strategy>
		</choice-exception-strategy>
	</flow>

</mule>
