<?xml version="1.0" encoding="UTF-8"?>

<mule xmlns:jms="http://www.mulesoft.org/schema/mule/jms" xmlns:mulerequester="http://www.mulesoft.org/schema/mule/mulerequester" xmlns:file="http://www.mulesoft.org/schema/mule/file" xmlns:validation="http://www.mulesoft.org/schema/mule/validation"
	xmlns:http="http://www.mulesoft.org/schema/mule/http" xmlns:tls="http://www.mulesoft.org/schema/mule/tls"
	xmlns:cdata-shopify="http://www.mulesoft.org/schema/mule/cdata-shopify"
	xmlns:tracking="http://www.mulesoft.org/schema/mule/ee/tracking"
	xmlns:scripting="http://www.mulesoft.org/schema/mule/scripting"
	xmlns:dw="http://www.mulesoft.org/schema/mule/ee/dw" xmlns:dragonfish="http://www.mulesoft.org/schema/mule/dragonfish"
	xmlns:json="http://www.mulesoft.org/schema/mule/json" xmlns="http://www.mulesoft.org/schema/mule/core"
	xmlns:doc="http://www.mulesoft.org/schema/mule/documentation"
	xmlns:spring="http://www.springframework.org/schema/beans" xmlns:xsi="http://www.w3.org/2001/XMLSchema-instance"
	xsi:schemaLocation="http://www.springframework.org/schema/beans http://www.springframework.org/schema/beans/spring-beans-current.xsd
http://www.mulesoft.org/schema/mule/core http://www.mulesoft.org/schema/mule/core/current/mule.xsd
http://www.mulesoft.org/schema/mule/dragonfish http://www.mulesoft.org/schema/mule/dragonfish/current/mule-dragonfish.xsd
http://www.mulesoft.org/schema/mule/json http://www.mulesoft.org/schema/mule/json/current/mule-json.xsd
http://www.mulesoft.org/schema/mule/ee/dw http://www.mulesoft.org/schema/mule/ee/dw/current/dw.xsd
http://www.mulesoft.org/schema/mule/scripting http://www.mulesoft.org/schema/mule/scripting/current/mule-scripting.xsd
http://www.mulesoft.org/schema/mule/ee/tracking http://www.mulesoft.org/schema/mule/ee/tracking/current/mule-tracking-ee.xsd
http://www.mulesoft.org/schema/mule/cdata-shopify http://www.mulesoft.org/schema/mule/cdata-shopify/current/mule-cdata-shopify.xsd
http://www.mulesoft.org/schema/mule/http http://www.mulesoft.org/schema/mule/http/current/mule-http.xsd
http://www.mulesoft.org/schema/mule/tls http://www.mulesoft.org/schema/mule/tls/current/mule-tls.xsd
http://www.mulesoft.org/schema/mule/validation http://www.mulesoft.org/schema/mule/validation/current/mule-validation.xsd
http://www.mulesoft.org/schema/mule/file http://www.mulesoft.org/schema/mule/file/current/mule-file.xsd
http://www.mulesoft.org/schema/mule/mulerequester http://www.mulesoft.org/schema/mule/mulerequester/current/mule-mulerequester.xsd
http://www.mulesoft.org/schema/mule/jms http://www.mulesoft.org/schema/mule/jms/current/mule-jms.xsd">
    <flow name="dragon-obtener-todos-los-productos-stock-publicados-flow" processingStrategy="synchronous">
        <expression-component doc:name="Expression"><![CDATA[flowVars.flowName=flow.name;
flowVars.metricCategory=message.inboundProperties.'http.request.path';
flowVars.apiName=message.inboundProperties.'http.request.uri';
flowVars.errorCode="";
flowVars.eCommerceAProcesar = message.inboundProperties.'http.uri.params'.Ecommerce;
flowVars.articulosAModificar = new java.util.HashSet();
flowVars.FechaModificacion="2020-08-11T13:31:21";]]></expression-component>

		<enricher target="#[flowVars.ecommerces]" doc:name="Message Enricher">
			<invoke object-ref="DragonUtil" method="getEcommerces"
				doc:name="Get E-commerces" />
		</enricher>

		<foreach collection="#[flowVars.ecommerces]" doc:name="For Each">
            <choice doc:name="Choice">
                <when expression="#[flowVars.eCommerceAProcesar.equals(&quot;all&quot;) || flowVars.eCommerceAProcesar.equals(payload)]">
                    <http:request config-ref="HTTP_SystemLayer_API" path="/#[payload]/obtener-articulos-dragon-publicados/true" method="GET" doc:name="HTTP - Obtener SKU Publicados">
                        <http:success-status-code-validator values="200..599"/>
                    </http:request>
                    <validation:custom-validator config-ref="Validation_Configuration" message="No se pudo recuperar articulos publicado en #[payload]" class="com.acqua.common.sl.validator.SLExternalRestfulValidator" doc:name="Validation HTTP Response"/>
                    <json:json-to-object-transformer returnClass="java.util.ArrayList" doc:name="JSON to Object"/>
                    <foreach collection="#[payload]" doc:name="For Each">
                        <expression-component doc:name="Expression"><![CDATA[flowVars.sku = new com.acqua.utils.Sku(payload);
flowVars.articulosAModificar.add(flowVars.sku);]]></expression-component>
                    </foreach>

                </when>
                <otherwise>
                    <logger message="SYSTEM LAYER - ECommerce Ignored" level="INFO" category="com.acqua.utils.ConsolaSystemDragon" doc:name="Logger CONSOLA"/>
                </otherwise>
            </choice>
 
		</foreach>
        <logger message="SYSTEM LAYER - Varianzas Publicados en E-Commerce #[&quot;\n&quot;]#[flowVars.articulosAModificar]" level="INFO" category="com.acqua.utils.ConsolaSystemDragon" doc:name="Logger CONSOLA"/>
        <foreach collection="#[flowVars.articulosAModificar]" doc:name="For Each">
            <enricher target="#[flowVars.articulosControlados]" doc:name="Message Enricher">
                <processor-chain doc:name="Processor Chain">
                    <flow-ref name="dragon-producto-verificar-existencia-sku-flow" doc:name="dragon-producto-verificar-existencia-sku-flow"/>
                </processor-chain>
            </enricher>
        </foreach>
        <expression-component doc:name="Expression"><![CDATA[flowVars.returnValue = new java.util.ArrayList();
flowVars.articulosAComprometer = new java.util.HashMap();]]></expression-component>
        <flow-ref name="dragon-producto-pendiente-facturacion-e-commerce-persists-flow" doc:name="dragon-producto-pendiente-facturacion-e-commerce-persists-flow"/>
        <foreach collection="#[flowVars.articulosAModificar]" doc:name="For Each - SKU">
            <enricher target="#[flowVars.detailSKU]" doc:name="Message Enricher">
                <flow-ref name="dragon-producto-obtener-precio-stock-by-sku-flow" doc:name="dragon-producto-obtener-precio-stock-by-sku-flow"/>
            </enricher>
            <expression-component doc:name="Expression"><![CDATA[flowVars.existsSKU = flowVars.articulosAComprometer.containsKey(payload);
if(flowVars.existsSKU)
{
	flowVars.stockQty = flowVars.articulosAComprometer.get(payload);
	flowVars.detailSKU.put('pendienteECommerce',flowVars.stockQty);
} else
{
	flowVars.detailSKU.put('pendienteECommerce',0);
}
flowVars.returnValue.add(payload.getSKU());]]></expression-component>
            <foreach collection="#[flowVars.ecommerces]" doc:name="For Each ECommerce">
                <choice doc:name="Choice">
                    <when expression="#[flowVars.eCommerceAProcesar.equals(&quot;all&quot;) || flowVars.eCommerceAProcesar.equals(payload)]">
                        <set-variable variableName="originalECommerce" value="#[payload]" doc:name="Variable"/>
                        <set-payload value="#[flowVars.detailSKU]" doc:name="Set Payload"/>
                        <json:object-to-json-transformer doc:name="Object to JSON"/>
                        <message-properties-transformer doc:name="Message Properties">
                            <add-message-property key="TYPE_PROCESS" value="STOCK"/>
                        </message-properties-transformer>
                        <jms:outbound-endpoint queue="${activemq.queue.stock}-#[flowVars.originalECommerce]" connector-ref="Active_MQ" responseTimeout="60000" doc:name="Send Cod to Process"/>
                    </when>
                    <otherwise>
                        <logger message="SYSTEM LAYER - ECommerce Ignored" level="INFO" category="com.acqua.utils.ConsolaSystemDragon" doc:name="Logger"/>
                    </otherwise>
                </choice>

            </foreach>
        </foreach>
        <set-payload value="#[flowVars.returnValue]" doc:name="Set Payload"/>
        <json:object-to-json-transformer doc:name="Object to JSON"/>
        <set-property propertyName="http.status" value="#[200]" doc:name="http.status"/>
        <exception-strategy ref="System_Layer_Generic_Exception_Strategy" doc:name="Reference Exception Strategy"/>
		
    </flow>

	
	<flow name="dragon-obtener-todos-los-productos-stock-afectados-flow"
		processingStrategy="synchronous">
		
		<expression-component doc:name="Set Control Vars"><![CDATA[flowVars.flowName=flow.name;
flowVars.metricCategory=message.inboundProperties.'http.request.path';
flowVars.apiName=message.inboundProperties.'http.request.uri';
flowVars.errorCode="";]]></expression-component>

		<choice doc:name="Choice">
			<when
				expression="#[message.inboundProperties.'http.uri.params'.FechaModificacion == null]">
				<logger message="SYSTEM LAYER - REQUEST: Leyendo Productos Modificados"
					level="INFO" category="com.acqua.utils.ConsolaSystemDragon"
					doc:name="Logger CONSOLA" />
				<set-variable variableName="articuloDragonKey" value="${Dragon_Articulo_Stock_Control}"
					doc:name="Set Articulo Dragon" />
                <enricher target="#[flowVars.FechaModificacion]" doc:name="Message Enricher - Set Fecha de Modificacion">
                    <processor-chain doc:name="Processor Chain">
                        <logger message="SYSTEM LAYER - Recuperando Fecha de Ultima modifiacion del registro de equivalencia del producto: #[flowVars.articuloDragonKey]" level="INFO" category="com.acqua.utils.ConsolaSystemDragon" doc:name="Logger CONSOLA"/>
                        <flow-ref name="dragon-producto-obtener-articulo-control-flow" doc:name="dragon-producto-obtener-articulo-control-flow"/>
                        <logger message="SYSTEM LAYER - Ultima fecha de actualizacion #[payload]" level="INFO" category="com.acqua.utils.ConsolaSystemDragon" doc:name="Logger CONSOLA"/>
                    </processor-chain>
                </enricher>

			</when>
			<otherwise>
				<logger
					message="SYSTEM LAYER - REQUEST: Leyendo Productos Modificados posgterior a Fecha: #[message.inboundProperties.'http.uri.params'.FechaModificacion]"
					level="INFO" category="com.acqua.utils.ConsolaSystemDragon"
					doc:name="Logger CONSOLA" />
				<set-variable variableName="FechaModificacion"
					value="#[message.inboundProperties.'http.uri.params'.FechaModificacion]"
					doc:name="Set Fecha Modificacion" />
			</otherwise>
		</choice>

		<expression-component doc:name="Set Control Vars"><![CDATA[flowVars.flowName="dragon-producto-process-request-stock-while-flow";
flowVars.metricCategory="Dragon-Product";
flowVars.apiName="Movimientos De Stock";
flowVars.errorCode="";
flowVars.page=1;
flowVars.articulosAModificar = new java.util.HashSet();]]></expression-component>
		<flow-ref name="dragon-producto-process-request-stock-while-flow"
			doc:name="dragon-producto-process-request-stock-while-flow" />
		<logger
			message="SYSTEM LAYER - Articulos modificados por movimientos de Stock #[&quot;\n&quot;]#[flowVars.articulosAModificar]"
			level="INFO" category="com.acqua.utils.ConsolaSystemDragon" doc:name="Logger CONSOLA" />
        <enricher target="#[flowVars.addCheck]" doc:name="Message Enricher - Get Checks to Execute">
            <invoke object-ref="DragonUtil" method="getAddtionalCheck" doc:name="Get Additonal Check"/>
        </enricher>
        <foreach collection="#[flowVars.addCheck]" doc:name="For Each">
            <processor-chain doc:name="Processor Chain">
                <set-variable variableName="eventToProcess" value="#[payload]" doc:name="Variable"/>
                <expression-component doc:name="Expression"><![CDATA[flowVars.flowName=payload;
flowVars.metricCategory="Dragon-Product";
flowVars.apiName=payload;
flowVars.errorCode="";
flowVars.page=1;]]></expression-component>
                <flow-ref name="dragon-producto-process-request-facturas-manual-while-flow" doc:name="dragon-producto-process-request-facturas-manual-while-flow"/>
                <logger message="SYSTEM LAYER - Articulos modificados por facturas#[&quot;\n&quot;]#[flowVars.articulosAModificar]" level="INFO" category="com.acqua.utils.ConsolaSystemDragon" doc:name="Logger CONSOLA"/>
            </processor-chain>
        </foreach>
        <expression-component doc:name="Expression"><![CDATA[flowVars.returnValue = new java.util.ArrayList();
flowVars.articulosAComprometer = new java.util.HashMap();]]></expression-component>

        <flow-ref name="dragon-producto-pendiente-facturacion-e-commerce-persists-flow" doc:name="dragon-producto-pendiente-facturacion-e-commerce-persists-flow"/>
        <foreach collection="#[flowVars.articulosAModificar]" doc:name="For Each - SKU">
            <enricher target="#[flowVars.detailSKU]" doc:name="Message Enricher">
                <flow-ref name="dragon-producto-obtener-precio-stock-by-sku-flow" doc:name="dragon-producto-obtener-precio-stock-by-sku-flow"/>
            </enricher>
            <expression-component doc:name="Expression"><![CDATA[flowVars.existsSKU = flowVars.articulosAComprometer.containsKey(payload);
if(flowVars.existsSKU)
{
	flowVars.stockQty = flowVars.articulosAComprometer.get(payload);
	flowVars.detailSKU.put('pendienteECommerce',flowVars.stockQty);
} else
{
	flowVars.detailSKU.put('pendienteECommerce',0);
}
flowVars.returnValue.add(flowVars.detailSKU);]]></expression-component>
        </foreach>

		<set-payload value="#[flowVars.returnValue]" doc:name="Set Payload" />


		<json:object-to-json-transformer
			doc:name="Object to JSON" />
		<set-property propertyName="http.status" value="#[200]"
			doc:name="http.status" />



		<exception-strategy ref="System_Layer_Generic_Exception_Strategy"
			doc:name="Reference Exception Strategy" />
			
	</flow>
	
	<flow name="dragon-producto-process-request-stock-while-flow"
		processingStrategy="synchronous">
		<set-variable variableName="QtyRecs"
			value="#[${Dragon_CantidadDeRegistrosPorRequest}]" doc:name="Set Qty Records" />

		<expression-component doc:name="Prepare Request"><![CDATA[payload = new java.util.HashMap();
payload .put("limit", flowVars.QtyRecs);
payload .put("page", flowVars.page);
payload .put("sort", "-informacionAdicional.FechaModificacionFW,-informacionAdicional.HoraModificacionFW");

]]></expression-component>

 		<flow-ref name="dragon-producto-process-request-stock-flow" doc:name="dragon-producto-process-request-stock-flow"/>

		<choice doc:name="Choice">
			<when expression="#[payload.totalRegistros &gt; 0]">
				<enricher target="#[flowVars.procesarPrimerRegistro]"
					doc:name="Message Enricher">
					<invoke object-ref="DragonUtil" method="seDebeProcesarRegistro"
						methodArguments="#[payload.resultados[0].codigo], #[payload.resultados[0].informacionAdicional[0].fechaModificacionFW],#[payload.resultados[0].informacionAdicional[0].horaModificacionFW],#[flowVars.FechaModificacion]"
						doc:name="Invoke - Si se debe Procesar Primer Registro" />

				</enricher>
			</when>
			<otherwise>
				<set-variable variableName="procesarPrimerRegistro"
					value="#[false]" doc:name="Set Procesar Registros" />
			</otherwise>
		</choice>
		<choice doc:name="Choice - Hay Registros a Procesar?">
			<when
				expression="#[payload.totalRegistros &gt; 0 &amp;&amp; flowVars.procesarPrimerRegistro]">
				<enricher target="#[flowVars.page]" doc:name="Message Enricher">
					<invoke object-ref="DragonUtil" method="obtenerPagina"
						methodArguments="#[payload.siguiente!=null?payload.siguiente:&quot;NULL&quot;]"
						doc:name="Invoke - Obtener Pagina" />
				</enricher>

				<foreach collection="#[payload.resultados]" doc:name="For Each">
					<enricher target="#[flowVars.seDebeProcesarRegistro]"
						doc:name="Message Enricher">
						<invoke object-ref="DragonUtil" method="seDebeProcesarRegistro"
							methodArguments="#[payload.codigo], #[payload.informacionAdicional[0].fechaModificacionFW!=null?payload.informacionAdicional[0].fechaModificacionFW:&quot;NULL&quot;],#[payload.informacionAdicional[0].horaModificacionFW!=null?payload.informacionAdicional[0].horaModificacionFW:&quot;NULL&quot;],#[flowVars.FechaModificacion]"
							doc:name="Invoke - Si se debe Procesar" />
					</enricher>

					<choice doc:name="Choice - Procesar?">
						<when expression="#[flowVars.seDebeProcesarRegistro]">
							<logger
								message="Stock modificado. Fecha Modificado: #[payload.informacionAdicional[0].fechaModificacionFW] Hora: Fecha Modificado: #[payload.informacionAdicional[0].horaModificacionFW]"
								level="INFO" category="com.acqua.utils.SystemLayer" doc:name="Logger" />
							<set-variable variableName="fechaModificado"
								value="#[payload.informacionAdicional[0].fechaModificacionFW]-#[payload.informacionAdicional[0].horaModificacionFW]"
								doc:name="Save Fecha" />
							<foreach collection="#[payload.movimientoDetalle]"
								doc:name="For Each">
								<logger
									message="Movimiento de Stock #[flowVars.fechaModificado]  Articulo: #[payload.articulo]/#[payload.articuloDetalle] Cantidad #[payload.cantidad] Color #[payload.colorDetalle] talle #[payload.talle]"
									level="INFO" category="com.acqua.utils.SystemLayer" doc:name="Logger" />
								<expression-component doc:name="Save Articulo"><![CDATA[flowVars.sku = new com.acqua.utils.Sku(payload.articulo , payload.color, payload.talle);
flowVars.articulosAModificar.add(flowVars.sku);]]></expression-component>
							</foreach>

						</when>
						<otherwise>
							<logger
								message="Codigo NO modificado: #[payload.codigo] Fecha Modificado: #[payload.informacionAdicional.fechaModificacionFW] Hora: Fecha Modificado: #[payload.informacionAdicional.horaModificacionFW]"
								category="com.acqua.utils.SystemLayer" level="INFO" doc:name="Logger" />
							<set-variable variableName="page" value="#[0]"
								doc:name="Force Exit" />
						</otherwise>
					</choice>
				</foreach>

			</when>
			<otherwise>
				<logger message="No hay registros a Procesar" category="com.acqua.utils.SystemLayer"
					level="INFO" doc:name="Logger" />
				<set-variable variableName="page" value="#[0]"
					doc:name="Set Page to 0" />

			</otherwise>
		</choice>
		<choice doc:name="Choice - Hay mas Paginas Pendientes?">
			<when expression="#[flowVars.page&gt;0]">
				<flow-ref name="dragon-producto-process-request-stock-while-flow"
					doc:name="dragon-producto-process-request-stock-while-flow" />
			</when>
			<otherwise>
				<logger message="No hay mas paginas pendientes" category="com.acqua.utils.SystemLayer"
					level="INFO" doc:name="Logger" />
			</otherwise>
		</choice>

	</flow>
	
	<flow name="dragon-producto-process-request-facturas-manual-while-flow"
		processingStrategy="synchronous">
		<set-variable variableName="QtyRecs"
			value="#[${Dragon_CantidadDeRegistrosPorRequest}]" doc:name="Set Qty Records" />

		<expression-component doc:name="Prepare Request"><![CDATA[payload = new java.util.HashMap();
payload .put("limit", flowVars.QtyRecs);
payload .put("page", flowVars.page);
payload .put("sort", "-informacionAdicional.FechaModificacionFW,-informacionAdicional.HoraModificacionFW");

]]></expression-component>
        <flow-ref name="dragon-producto-process-request-facturas-flow" doc:name="dragon-producto-process-request-facturas-flow"/>

		<choice doc:name="Choice">
			<when expression="#[payload.totalRegistros &gt; 0]">
				<enricher target="#[flowVars.procesarPrimerRegistro]"
					doc:name="Message Enricher">
					<invoke object-ref="DragonUtil" method="seDebeProcesarRegistro"
						methodArguments="#[payload.resultados[0].codigo], #[payload.resultados[0].informacionAdicional[0].fechaModificacionFW],#[payload.resultados[0].informacionAdicional[0].horaModificacionFW],#[flowVars.FechaModificacion]"
						doc:name="Invoke - Si se debe Procesar Primer Registro" />

				</enricher>
			</when>
			<otherwise>
				<set-variable variableName="procesarPrimerRegistro"
					value="#[false]" doc:name="Set Procesar Registros" />
			</otherwise>
		</choice>
		<choice doc:name="Choice - Hay Registros a Procesar?">
			<when
				expression="#[payload.totalRegistros &gt; 0 &amp;&amp; flowVars.procesarPrimerRegistro]">
				<enricher target="#[flowVars.page]" doc:name="Message Enricher">
					<invoke object-ref="DragonUtil" method="obtenerPagina"
						methodArguments="#[payload.siguiente!=null?payload.siguiente:&quot;NULL&quot;]"
						doc:name="Invoke - Obtener Pagina" />
				</enricher>

				<foreach collection="#[payload.resultados]" doc:name="For Each">
					<enricher target="#[flowVars.seDebeProcesarRegistro]"
						doc:name="Message Enricher">
						<invoke object-ref="DragonUtil" method="seDebeProcesarRegistro"
							methodArguments="#[payload.codigo], #[payload.informacionAdicional[0].fechaModificacionFW!=null?payload.informacionAdicional[0].fechaModificacionFW:&quot;NULL&quot;],#[payload.informacionAdicional[0].horaModificacionFW!=null?payload.informacionAdicional[0].horaModificacionFW:&quot;NULL&quot;],#[flowVars.FechaModificacion]"
							doc:name="Invoke - Si se debe Procesar" />
					</enricher>

					<choice doc:name="Choice - Procesar?">
						<when expression="#[flowVars.seDebeProcesarRegistro]">
							<logger
								message="Factura Manual . Fecha Modificado: #[payload.informacionAdicional[0].fechaModificacionFW] Hora: Fecha Modificado: #[payload.informacionAdicional[0].horaModificacionFW]"
								level="INFO" category="com.acqua.utils.SystemLayer" doc:name="Logger" />
							<set-variable variableName="fechaModificado"
								value="#[payload.informacionAdicional[0].fechaModificacionFW]-#[payload.informacionAdicional[0].horaModificacionFW]"
								doc:name="Save Fecha" />
							<foreach collection="#[payload.facturaDetalle]" doc:name="For Each">
								<logger
									message="Movimiento de Stock #[flowVars.fechaModificado]  Articulo: #[payload.articulo]/#[payload.articuloDetalle] Cantidad #[payload.cantidad] Color #[payload.colorDetalle] talle #[payload.talle]"
									level="INFO" category="com.acqua.utils.SystemLayer" doc:name="Logger" />
								<expression-component doc:name="Save Articulo"><![CDATA[flowVars.sku = new com.acqua.utils.Sku(payload.articulo , payload.color, payload.talle);
flowVars.articulosAModificar.add(flowVars.sku);]]></expression-component>
							</foreach>

						</when>
						<otherwise>
							<logger
								message="Codigo NO modificado: #[payload.codigo] Fecha Modificado: #[payload.informacionAdicional.fechaModificacionFW] Hora: Fecha Modificado: #[payload.informacionAdicional.horaModificacionFW]"
								category="com.acqua.utils.SystemLayer" level="INFO" doc:name="Logger" />
							<set-variable variableName="page" value="#[0]"
								doc:name="Force Exit" />
						</otherwise>
					</choice>
				</foreach>

			</when>
			<otherwise>
				<logger message="No hay registros a Procesar" category="com.acqua.utils.SystemLayer"
					level="INFO" doc:name="Logger" />
				<set-variable variableName="page" value="#[0]"
					doc:name="Set Page to 0" />

			</otherwise>
		</choice>
		<choice doc:name="Choice - Hay mas Paginas Pendientes?">
			<when expression="#[flowVars.page&gt;0]">
				<flow-ref
					name="dragon-producto-process-request-facturas-manual-while-flow"
					doc:name="dragon-producto-process-request-facturas-manual-while-flow" />
			</when>
			<otherwise>
				<logger message="No hay mas paginas pendientes" category="com.acqua.utils.SystemLayer"
					level="INFO" doc:name="Logger" />
			</otherwise>
		</choice>

	</flow>
	
	 <flow name="dragon-producto-process-request-stock-flow" processingStrategy="synchronous">

        <dragonfish:servicio config-ref="Dragonfish__Configuration"
			entityType="Movimientodestock_movimientodestockGet" doc:name="Dragonfish" />
        <choice-exception-strategy doc:name="Choice Exception Strategy">
            <catch-exception-strategy when="exception.causedBy(org.mule.modules.connector.exceptions.ExternalConnectorException) " enableNotifications="false" logException="false" doc:name="Catch Exception Strategy">
                <logger message="SYSTEM LAYER - No existen movimientos de Facturas" level="INFO" category="com.acqua.utils.ConsolaSystemDragon" doc:name="Logger CONSOLE"/>
                <expression-component doc:name="Expression"><![CDATA[payload = new java.util.HashMap();
payload .put("totalRegistros", 0);]]></expression-component>
            </catch-exception-strategy>
        </choice-exception-strategy>
    </flow>
    
    <flow name="dragon-producto-process-request-facturas-flow" processingStrategy="synchronous">
        <dragonfish:servicio config-ref="Dragonfish__Configuration" entityType="#[flowVars.eventToProcess]" doc:name="Dragonfish"/>
        <choice-exception-strategy doc:name="Choice Exception Strategy">
            <catch-exception-strategy when="exception.causedBy(org.mule.modules.connector.exceptions.ExternalConnectorException) " enableNotifications="false" logException="false" doc:name="Catch Exception Strategy">
                <logger message="SYSTEM LAYER - No existen movimientos de Facturas" level="INFO" category="com.acqua.utils.ConsolaSystemDragon" doc:name="Logger CONSOLE"/>
                <expression-component doc:name="Expression"><![CDATA[payload = new java.util.HashMap();
payload .put("totalRegistros", 0);]]></expression-component>
            </catch-exception-strategy>
        </choice-exception-strategy>
    </flow>
    
    <flow name="dragon-producto-process-request-e-operation-while-flow"
		processingStrategy="synchronous">
		<set-variable variableName="QtyRecs"
			value="#[${Dragon_CantidadDeRegistrosPorRequest}]" doc:name="Set Qty Records" />

		<expression-component doc:name="Prepare Request"><![CDATA[payload = new java.util.HashMap();
payload .put("limit", flowVars.QtyRecs);
payload .put("page", flowVars.page);
payload .put("sort", "-informacionAdicional.FechaModificacionFW,-informacionAdicional.HoraModificacionFW");

]]></expression-component>
        <flow-ref name="dragon-producto-process-request-e-operation-flow" doc:name="dragon-producto-process-request-e-operation-flow"/>

		<choice doc:name="Choice">
			<when expression="#[payload.totalRegistros &gt; 0]">
				<enricher target="#[flowVars.procesarPrimerRegistro]"
					doc:name="Message Enricher">
					<invoke object-ref="DragonUtil" method="seDebeProcesarRegistro"
						methodArguments="#[payload.resultados[0].codigo], #[payload.resultados[0].informacionAdicional[0].fechaModificacionFW],#[payload.resultados[0].informacionAdicional[0].horaModificacionFW],#[flowVars.FechaModificacion]"
						doc:name="Invoke - Si se debe Procesar Primer Registro" />

				</enricher>
			</when>
			<otherwise>
				<set-variable variableName="procesarPrimerRegistro"
					value="#[false]" doc:name="Set Procesar Registros" />
			</otherwise>
		</choice>
		<choice doc:name="Choice - Hay Registros a Procesar?">
			<when
				expression="#[payload.totalRegistros &gt; 0 &amp;&amp; flowVars.procesarPrimerRegistro]">
				<enricher target="#[flowVars.page]" doc:name="Message Enricher">
					<invoke object-ref="DragonUtil" method="obtenerPagina"
						methodArguments="#[payload.siguiente!=null?payload.siguiente:&quot;NULL&quot;]"
						doc:name="Invoke - Obtener Pagina" />
				</enricher>

				<foreach collection="#[payload.resultados]" doc:name="For Each">
					<enricher target="#[flowVars.seDebeProcesarRegistro]"
						doc:name="Message Enricher">
						<invoke object-ref="DragonUtil" method="seDebeProcesarRegistro"
							methodArguments="#[payload.codigo], #[payload.informacionAdicional[0].fechaModificacionFW!=null?payload.informacionAdicional[0].fechaModificacionFW:&quot;NULL&quot;],#[payload.informacionAdicional[0].horaModificacionFW!=null?payload.informacionAdicional[0].horaModificacionFW:&quot;NULL&quot;],#[flowVars.FechaModificacion]"
							doc:name="Invoke - Si se debe Procesar" />
					</enricher>

					<choice doc:name="Choice - Procesar?">
						<when expression="#[flowVars.seDebeProcesarRegistro]">
							<logger
								message="Factura Manual . Fecha Modificado: #[payload.informacionAdicional[0].fechaModificacionFW] Hora: Fecha Modificado: #[payload.informacionAdicional[0].horaModificacionFW]"
								level="INFO" category="com.acqua.utils.SystemLayer" doc:name="Logger" />
							<set-variable variableName="fechaModificado"
								value="#[payload.informacionAdicional[0].fechaModificacionFW]-#[payload.informacionAdicional[0].horaModificacionFW]"
								doc:name="Save Fecha" />
							<foreach collection="#[payload.publicacionDetalle]" doc:name="For Each">
								<logger
									message="Movimiento de Stock #[flowVars.fechaModificado]  Articulo: #[payload.articulo]/#[payload.articuloDetalle] Cantidad #[payload.cantidad] Color #[payload.colorDetalle] talle #[payload.talle]"
									level="INFO" category="com.acqua.utils.SystemLayer" doc:name="Logger" />
								<expression-component doc:name="Save Articulo"><![CDATA[if(!payload.articulo.equals('DESC') && !payload.articulo.equals('ENV')  )
{
	flowVars.sku = new com.acqua.utils.Sku(payload.articulo , payload.color, payload.talle);
	flowVars.articulosAModificar.add(flowVars.sku);
}]]></expression-component>
							</foreach>

						</when>
						<otherwise>
							<logger
								message="Codigo NO modificado: #[payload.codigo] Fecha Modificado: #[payload.informacionAdicional.fechaModificacionFW] Hora: Fecha Modificado: #[payload.informacionAdicional.horaModificacionFW]"
								category="com.acqua.utils.SystemLayer" level="INFO" doc:name="Logger" />
							<set-variable variableName="page" value="#[0]"
								doc:name="Force Exit" />
						</otherwise>
					</choice>
				</foreach>

			</when>
			<otherwise>
				<logger message="No hay registros a Procesar" category="com.acqua.utils.SystemLayer"
					level="INFO" doc:name="Logger" />
				<set-variable variableName="page" value="#[0]"
					doc:name="Set Page to 0" />

			</otherwise>
		</choice>
		<choice doc:name="Choice - Hay mas Paginas Pendientes?">
			<when expression="#[flowVars.page&gt;0]">
				<flow-ref
					name="dragon-producto-process-request-e-operation-while-flow"
					doc:name="dragon-producto-process-request-e-operation-while-flow" />
			</when>
			<otherwise>
				<logger message="No hay mas paginas pendientes" category="com.acqua.utils.SystemLayer"
					level="INFO" doc:name="Logger" />
			</otherwise>
		</choice>

	</flow>
	
    <flow name="dragon-producto-process-request-e-operation-flow" processingStrategy="synchronous">
        <dragonfish:servicio config-ref="Dragonfish__Configuration" entityType="Operacionecommerce_operacionecommerceGet" doc:name="Dragonfish"/>
        <choice-exception-strategy doc:name="Choice Exception Strategy">
            <catch-exception-strategy when="exception.causedBy(org.mule.modules.connector.exceptions.ExternalConnectorException) " enableNotifications="false" logException="false" doc:name="Catch Exception Strategy">
                <logger message="SYSTEM LAYER - No existen movimientos de Operaciones ECommerce" level="INFO" category="com.acqua.utils.ConsolaSystemDragon" doc:name="Logger CONSOLE"/>
                <expression-component doc:name="Expression"><![CDATA[payload = new java.util.HashMap();
payload .put("totalRegistros", 0);]]></expression-component>
            </catch-exception-strategy>
        </choice-exception-strategy>
    </flow>
	
	<flow name="dragon-producto-verificar-existencia-sku-flow"
		processingStrategy="synchronous">
		<set-variable variableName="cod" value="#[payload]"
			doc:name="Variable" />
		<expression-component doc:name="Expression"><![CDATA[payload = new java.util.HashMap();
payload .put("id", flowVars.cod.getCodigo());]]></expression-component>
		<dragonfish:servicio config-ref="Dragonfish__Configuration"
			entityType="ArticuloById_articuloByIdGet" doc:name="Dragonfish" />

		<logger
			message="SYSTEM LAYER - El articulo #[payload] existe en transaccion y  en el maestro  pero indica no Publicar."
			level="INFO" category="com.acqua.utils.ConsolaSystemDragon" doc:name="Logger" />


		<choice-exception-strategy doc:name="Choice Exception Strategy">
			<catch-exception-strategy
				when="exception.causedBy(org.mule.modules.connector.exceptions.ExternalConnectorException) "
				enableNotifications="false" logException="false" doc:name="Catch Exception Strategy">
				<logger
					message="SYSTEM LAYER - El articulo #[payload] existe en transaccion y no en el maestro. No se procesara."
					level="INFO" category="com.acqua.utils.ConsolaSystemDragon"
					doc:name="Logger CONSOLE" />
				<expression-component doc:name="Expression"><![CDATA[flowVars.articulosAModificar.remove(flowVars.cod)]]></expression-component>

			</catch-exception-strategy>
		</choice-exception-strategy>
	</flow>
	
	<flow name="dragon-producto-pendiente-facturacion-e-commerce-persists-flow" processingStrategy="synchronous">
        <expression-component doc:name="Set Control Vars"><![CDATA[flowVars.flowName="dragon-producto-pendiente-facturacion-e-commerce-while-flow";
flowVars.metricCategory="Dragon-Product";
flowVars.apiName="Operaciones ECommerce";
flowVars.errorCode="";
flowVars.page=1;
]]></expression-component>
        <flow-ref name="dragon-producto-pendiente-facturacion-e-commerce-while-flow" doc:name="dragon-producto-pendiente-facturacion-e-commerce-while-flow"/>
        <expression-component doc:name="Expression"><![CDATA[ flowVars.articulosAComprometer.put("timestamp", server.dateTime.format('yyyyMMddHHmmss'));]]></expression-component>
        <set-payload value="#[flowVars.articulosAComprometer]" doc:name="Set Payload"/>
        <json:object-to-json-transformer doc:name="Object to JSON"/>
        <file:outbound-endpoint path="/tmp" outputPattern="pending.json" responseTimeout="10000" mimeType="application/json" doc:name="File"/>
    </flow>
 
    <flow name="dragon-producto-pendiente-facturacion-e-commerce-while-flow"
		processingStrategy="synchronous">
		<set-variable variableName="QtyRecs"
			value="#[${Dragon_CantidadDeRegistrosPorRequest}]" doc:name="Set Qty Records" />

		<expression-component doc:name="Prepare Request"><![CDATA[payload = new java.util.HashMap();
payload .put("limit", flowVars.QtyRecs);
payload .put("page", flowVars.page);
payload .put("sort", "-informacionAdicional.FechaModificacionFW,-informacionAdicional.HoraModificacionFW");
payload.put("ZADSFW",'');

]]></expression-component>
        <flow-ref name="dragon-producto-pendiente-facturacion-e-commerce-flow" doc:name="dragon-producto-pendiente-facturacion-e-commerce-flow"/>

		<choice doc:name="Choice - Hay Registros a Procesar?">
			<when
				expression="#[payload.totalRegistros &gt; 0]">
				<enricher target="#[flowVars.page]" doc:name="Message Enricher">
					<invoke object-ref="DragonUtil" method="obtenerPagina"
						methodArguments="#[payload.siguiente!=null?payload.siguiente:&quot;NULL&quot;]"
						doc:name="Invoke - Obtener Pagina" />
				</enricher>

				<foreach collection="#[payload.resultados]" doc:name="For Each">
                    <logger message="Orden ECommerce . Fecha Modificado: #[payload.informacionAdicional[0].fechaModificacionFW] Hora: Fecha Modificado: #[payload.informacionAdicional[0].horaModificacionFW]" level="INFO" category="com.acqua.utils.SystemLayer" doc:name="Logger"/>
                    <enricher target="#[flowVars.seDebeProcesarRegistro]" doc:name="Message Enricher">
                        <invoke object-ref="DragonUtil" method="seDebeProcesarRegistro" methodArguments="#[payload.codigo], #[payload.informacionAdicional[0].fechaModificacionFW!=null?payload.informacionAdicional[0].fechaModificacionFW:&quot;NULL&quot;],#[payload.informacionAdicional[0].horaModificacionFW!=null?payload.informacionAdicional[0].horaModificacionFW:&quot;NULL&quot;],#[flowVars.FechaModificacion]" doc:name="Invoke - Si se debe Procesar"/>
                    </enricher>
                    <foreach collection="#[payload.publicacionDetalle]" doc:name="For Each">
                        <logger message="Movimiento de Ecommerce #[payload.articulo]  #[payload.articuloDetalle] Cantidad #[payload.cantidad] Color #[payload.color]/ #[payload.colorDetalle] talle #[payload.talle]" level="INFO" category="com.acqua.utils.SystemLayer" doc:name="Logger"/>
                        <expression-component doc:name="Expression - Set SKU"><![CDATA[flowVars.skuObj = new com.acqua.utils.Sku(payload.articulo , payload.color, payload.talle);
flowVars.existsSKU = flowVars.articulosAComprometer.containsKey(flowVars.skuObj);]]></expression-component>
                        <choice doc:name="Choice">
                            <when expression="#[flowVars.existsSKU]">
                                <expression-component doc:name="Replace Articulo"><![CDATA[flowVars.articulosAComprometer.replace(flowVars.skuObj, flowVars.articulosAComprometer.get(flowVars.skuObj) + payload.cantidad  );]]></expression-component>
                            </when>
                            <otherwise>
                                <expression-component doc:name="Save Articulo"><![CDATA[flowVars.articulosAComprometer.put(flowVars.skuObj, payload.cantidad);]]></expression-component>
                            </otherwise>
                        </choice>
                        <choice doc:name="Choice">
                            <when expression="#[flowVars.existsSKU &amp;&amp; flowVars.seDebeProcesarRegistro]">
                                <expression-component doc:name="Expression"><![CDATA[flowVars.articulosAModificar.add(flowVars.skuObj);]]></expression-component>
                            </when>
                            <otherwise>
                                <logger message="No procesa Registro" level="INFO" category="com.acqua.utils.SystemLayer" doc:name="Logger"/>
                            </otherwise>
                        </choice>

                    </foreach>

				</foreach>

			</when>
			<otherwise>
				<logger message="No hay registros a Procesar" category="com.acqua.utils.SystemLayer"
					level="INFO" doc:name="Logger" />
				<set-variable variableName="page" value="#[0]"
					doc:name="Set Page to 0" />

			</otherwise>
		</choice>
		<choice doc:name="Choice - Hay mas Paginas Pendientes?">
			<when expression="#[flowVars.page&gt;0]">
				<flow-ref
					name="dragon-producto-pendiente-facturacion-e-commerce-while-flow"
					doc:name="dragon-producto-pendiente-facturacion-e-commerce-while-flow" />
			</when>
			<otherwise>
				<logger message="No hay mas paginas pendientes" category="com.acqua.utils.SystemLayer"
					level="INFO" doc:name="Logger" />
			</otherwise>
		</choice>

	</flow>
	
	<flow name="dragon-producto-obtener-precio-stock-by-sku-flow" processingStrategy="synchronous">
        <expression-component doc:name="Expression"><![CDATA[flowVars.request = new java.util.HashMap();
flowVars.request .put("query",payload.codigo + '!' + payload.color + '!' + payload.talle); 
flowVars.request .put("stockcero",true); ]]></expression-component>
        <dragonfish:servicio config-ref="Dragonfish__Configuration" entityType="ConsultaStockYPrecios_consultaStockYPreciosGet" doc:name="Dragonfish">
            <dragonfish:entity-data ref="#[flowVars.request]"/>
        </dragonfish:servicio>
        <expression-component doc:name="Expression"><![CDATA[if((payload.color == null || payload.color.isEmpty()) && (payload.talle == null || payload.talle.isEmpty()) )
{
    payload = payload.resultados[0];
} 
else
{
	payload = payload.resultados[0];

}]]></expression-component>

        <choice-exception-strategy doc:name="Choice Exception Strategy">
            <catch-exception-strategy when="exception.causedBy(org.mule.modules.connector.exceptions.ExternalConnectorException) " enableNotifications="false" logException="false" doc:name="Catch Exception Strategy">
                <logger message="SYSTEM LAYER - No existe Stock" level="INFO" category="com.acqua.utils.ConsolaSystemDragon" doc:name="Logger CONSOLE"/>
                <expression-component doc:name="Expression"><![CDATA[payload = new java.util.HashMap();]]></expression-component>
            </catch-exception-strategy>
        </choice-exception-strategy>
    </flow>
	   
</mule>


