<?xml version="1.0" encoding="UTF-8"?>

<mule xmlns:tracking="http://www.mulesoft.org/schema/mule/ee/tracking" xmlns:dragonfish="http://www.mulesoft.org/schema/mule/dragonfish"
	xmlns:json="http://www.mulesoft.org/schema/mule/json" xmlns="http://www.mulesoft.org/schema/mule/core"
	xmlns:doc="http://www.mulesoft.org/schema/mule/documentation"
	xmlns:spring="http://www.springframework.org/schema/beans" 
	xmlns:xsi="http://www.w3.org/2001/XMLSchema-instance"
	xsi:schemaLocation="http://www.mulesoft.org/schema/mule/dragonfish http://www.mulesoft.org/schema/mule/dragonfish/current/mule-dragonfish.xsd
http://www.mulesoft.org/schema/mule/json http://www.mulesoft.org/schema/mule/json/current/mule-json.xsd
http://www.springframework.org/schema/beans http://www.springframework.org/schema/beans/spring-beans-current.xsd
http://www.mulesoft.org/schema/mule/core http://www.mulesoft.org/schema/mule/core/current/mule.xsd
http://www.mulesoft.org/schema/mule/ee/tracking http://www.mulesoft.org/schema/mule/ee/tracking/current/mule-tracking-ee.xsd">


	<flow name="dragon-equivalencia-put-flow"
		processingStrategy="synchronous">
		
		<expression-component doc:name="Set Control Vars"><![CDATA[flowVars.flowName=flow.name;
flowVars.metricCategory=message.inboundProperties.'http.request.path';
flowVars.apiName=message.inboundProperties.'http.request.uri';
flowVars.errorCode="";]]></expression-component>

		<byte-array-to-string-transformer
			doc:name="Byte Array to String" encoding="UTF-8" mimeType="application/json" />
		
		<json:json-to-object-transformer
			doc:name="JSON to Object" returnClass="java.util.HashMap" />
		
		<expression-component doc:name="Expression - Prepare Request"><![CDATA[flowVars.tmpA = new java.util.HashMap();
flowVars .tmpA.put("articulo",payload.codigoDragon); 
flowVars .tmpA.put("color",""); 
flowVars .tmpA.put("talle",""); 
flowVars .tmpA.put("codigo",payload.codigoShopify); 
flowVars .tmpA.put("observacion",payload.observacion); 
payload = new java.util.HashMap();
payload.put("id",flowVars.tmpA.codigo); 
payload.put("request",flowVars.tmpA); 
]]></expression-component>
		
		<dragonfish:servicio config-ref="Dragonfish__Configuration"
			entityType="EquivalenciaById_equivalenciaByIdPut" doc:name="Dragonfish" />

	
		<set-payload value="#[payload]" doc:name="Set Payload" />
		
		<exception-strategy ref="System_Layer_Generic_Exception_Strategy"
			doc:name="Reference Exception Strategy" />
			
	</flow>
	
	<flow name="dragon-equivalencia-get-flow"
		processingStrategy="synchronous">
        <expression-component doc:name="Expression"><![CDATA[flowVars.flowName=flow.name;
flowVars.metricCategory=message.inboundProperties.'http.request.path';
flowVars.apiName=message.inboundProperties.'http.request.uri';
flowVars.errorCode="";
flowVars.codigo=(message.inboundProperties.'http.uri.params'.Codigo == null? "":message.inboundProperties.'http.uri.params'.Codigo);]]></expression-component>
		
		<expression-component doc:name="Expression - Prepare Request"><![CDATA[
payload = new java.util.HashMap();
payload .put("articulo",flowVars.codigo); 
payload .put("color",""); 
payload .put("talle",""); 
]]></expression-component>
		
		<dragonfish:servicio config-ref="Dragonfish__Configuration"
			entityType="Equivalencia_equivalenciaGet" doc:name="Dragonfish" />
        <json:object-to-json-transformer encoding="ISO-8859-1" mimeType="application/json" doc:name="Object to JSON"/>
        
        <exception-strategy ref="System_Layer_Generic_Exception_Strategy"
			doc:name="Reference Exception Strategy" />

	</flow>

	<flow name="dragon-equivalencia-delete-flow"
		processingStrategy="synchronous">
        <expression-component doc:name="Expression"><![CDATA[flowVars.flowName=flow.name;
flowVars.metricCategory=message.inboundProperties.'http.request.path';
flowVars.apiName=message.inboundProperties.'http.request.uri';
flowVars.errorCode="";
flowVars.codigo=(message.inboundProperties.'http.uri.params'.Codigo == null? "":message.inboundProperties.'http.uri.params'.Codigo);]]></expression-component>
		
		<expression-component doc:name="Expression - Prepare Request"><![CDATA[payload = new java.util.HashMap();
payload .put("id",flowVars.codigo); ]]></expression-component>
		
		<dragonfish:servicio config-ref="Dragonfish__Configuration"
			entityType="EquivalenciaById_equivalenciaByIdDelete" doc:name="Dragonfish" />
        <json:object-to-json-transformer encoding="ISO-8859-1" mimeType="application/json" doc:name="Object to JSON"/>
        
        <exception-strategy ref="System_Layer_Generic_Exception_Strategy"
			doc:name="Reference Exception Strategy" />

	</flow>

</mule>
