<?xml version="1.0" encoding="UTF-8"?>

<mule xmlns:dragonfish="http://www.mulesoft.org/schema/mule/dragonfish" xmlns:json="http://www.mulesoft.org/schema/mule/json" xmlns:tracking="http://www.mulesoft.org/schema/mule/ee/tracking" xmlns="http://www.mulesoft.org/schema/mule/core" xmlns:doc="http://www.mulesoft.org/schema/mule/documentation"
	xmlns:spring="http://www.springframework.org/schema/beans" 
	xmlns:xsi="http://www.w3.org/2001/XMLSchema-instance"
	xsi:schemaLocation="http://www.springframework.org/schema/beans http://www.springframework.org/schema/beans/spring-beans-current.xsd
http://www.mulesoft.org/schema/mule/core http://www.mulesoft.org/schema/mule/core/current/mule.xsd
http://www.mulesoft.org/schema/mule/json http://www.mulesoft.org/schema/mule/json/current/mule-json.xsd
http://www.mulesoft.org/schema/mule/dragonfish http://www.mulesoft.org/schema/mule/dragonfish/current/mule-dragonfish.xsd
http://www.mulesoft.org/schema/mule/ee/tracking http://www.mulesoft.org/schema/mule/ee/tracking/current/mule-tracking-ee.xsd">
    
    <flow name="dragon-table-lookup-table-paletacolores-flow" processingStrategy="synchronous">
    	<expression-component doc:name="Expression - Init Return Value"><![CDATA[flowVars.flowName=flow.name;
flowVars.metricCategory=message.inboundProperties.'http.request.path';
flowVars.apiName=message.inboundProperties.'http.request.uri';
flowVars.paleta="${Paleta_Colores_Especial}";
flowVars.errorCode="";
flowVars.rerturnValue = new java.util.ArrayList();
payload = new java.util.HashMap();]]></expression-component>

		<set-variable variableName="pageNo" value="#[1]" doc:name="Set Page"/>

        <flow-ref name="dragon-table-lookup-table-paletacolores-next-flow" doc:name="dragon-table-lookup-table-paletacolores-next-flow"/>
 
        <set-payload value="#[flowVars.rerturnValue]" doc:name="Set Payload"/>
      
        <json:object-to-json-transformer doc:name="Object to JSON"/>
      
        <set-property propertyName="http.status" value="#[200]" doc:name="Set http.status"/>
      
        <choice-exception-strategy doc:name="Choice Exception Strategy">
			<catch-exception-strategy
				when="exception.causedBy(org.mule.modules.connector.exceptions.ExternalConnectorException) &amp;&amp; (exception.cause.message.equals(&quot;INTERNAL: Not Found&quot;))"
				doc:name="Catch Exception Strategy" enableNotifications="false"
				logException="false">
				<logger
					message="SYSTEM LAYER - No existe registros en la Tabla FAMILIA"
					level="INFO" doc:name="Logger CONSOLA" category="com.acqua.utils.ConsolaSystemDragon" />
				<set-payload value="[]"
					doc:name="Set Payload" mimeType="application/json"/>
				<set-property propertyName="http.status" value="#[200]" doc:name="Set http.status"/>


			</catch-exception-strategy>
			<catch-exception-strategy
				
				doc:name="Catch Exception Strategy" enableNotifications="false"
				logException="false">
				<logger
					message="SYSTEM LAYER - No existe registros en la Tabla FAMILIA"
					level="ERROR" doc:name="Logger CONSOLA" category="com.acqua.utils.ConsolaSystemDragon" />
                 
				<set-property propertyName="http.status" value="#[500]" doc:name="Set http.status"/>

			</catch-exception-strategy>
		</choice-exception-strategy>
    </flow>
    
    <flow name="dragon-table-lookup-table-paletacolores-next-flow">
    	
    	<expression-component doc:name="Set Request"><![CDATA[payload = new java.util.HashMap();
payload.put("id",flowVars.paleta);]]></expression-component>
        <dragonfish:servicio config-ref="Dragonfish__Configuration" entityType="PaletadecoloresById_paletadecoloresByIdGet" doc:name="Dragonfish"/>

      
        <foreach collection="#[payload.colores]" doc:name="For Each">
            <expression-component doc:name="Expression"><![CDATA[flowVars.codigo = new java.util.HashMap();
flowVars.codigo .put(payload.color, payload.colorDetalle); 
flowVars.rerturnValue.add(flowVars.codigo);]]></expression-component>
        </foreach>

    
    </flow>
    
     
    
</mule>
