<?xml version="1.0" encoding="UTF-8"?>

<mule xmlns:tracking="http://www.mulesoft.org/schema/mule/ee/tracking"
	xmlns:dragonfish="http://www.mulesoft.org/schema/mule/dragonfish"
	xmlns:json="http://www.mulesoft.org/schema/mule/json" xmlns:http="http://www.mulesoft.org/schema/mule/http"
	xmlns:validation="http://www.mulesoft.org/schema/mule/validation"
	xmlns="http://www.mulesoft.org/schema/mule/core" xmlns:doc="http://www.mulesoft.org/schema/mule/documentation"
	xmlns:spring="http://www.springframework.org/schema/beans" xmlns:xsi="http://www.w3.org/2001/XMLSchema-instance"
	xsi:schemaLocation="http://www.springframework.org/schema/beans http://www.springframework.org/schema/beans/spring-beans-current.xsd
http://www.mulesoft.org/schema/mule/core http://www.mulesoft.org/schema/mule/core/current/mule.xsd
http://www.mulesoft.org/schema/mule/json http://www.mulesoft.org/schema/mule/json/current/mule-json.xsd
http://www.mulesoft.org/schema/mule/http http://www.mulesoft.org/schema/mule/http/current/mule-http.xsd
http://www.mulesoft.org/schema/mule/validation http://www.mulesoft.org/schema/mule/validation/current/mule-validation.xsd
http://www.mulesoft.org/schema/mule/dragonfish http://www.mulesoft.org/schema/mule/dragonfish/current/mule-dragonfish.xsd
http://www.mulesoft.org/schema/mule/ee/tracking http://www.mulesoft.org/schema/mule/ee/tracking/current/mule-tracking-ee.xsd">
	<flow name="dragon-order-flow" processingStrategy="synchronous">
		<expression-component doc:name="Set Control Vars"><![CDATA[flowVars.flowName=flow.name;
flowVars.metricCategory=message.inboundProperties.'http.request.path';
flowVars.apiName=message.inboundProperties.'http.request.uri';
flowVars.errorCode="";]]></expression-component>
        <set-variable variableName="baseDeDatosEcommerce" value="${Dragon_BaseDeDatos_Modulo_Ecommerce}" doc:name="Set Base de Datos Ecommerce"/>
		<byte-array-to-string-transformer
			doc:name="Byte Array to String" encoding="UTF-8" mimeType="application/json" />
        <set-variable variableName="useDragoAPIDirectly" value="false" doc:name="Set Usar Dragon API Director"/>
		<logger message="Orden recibida #[payload]" level="INFO"
			category="com.acqua.utils.SystemLayer" doc:name="Logger" />
		<json:json-to-object-transformer
			returnClass="java.util.HashMap" doc:name="JSON to Object" />
        <set-variable variableName="currentOperacionId" value="#[payload.idOperacion]" doc:name="Variable"/>
		<enricher target="#[flowVars.currentOrder]" doc:name="Message Enricher">
			<flow-ref name="dragon-order-get-flow" doc:name="dragon-order-get-flow" />
		</enricher>
        <logger message="Accion sobre la Orden #[payload.action] Codigo Recuperado #[flowVars.currentOrder.codigo]" level="INFO" category="com.acqua.utils.SystemLayer" doc:name="Logger"/>
		<choice doc:name="Choice">
			<when
				expression="#[payload.action=='create' &amp;&amp; flowVars.currentOrder.codigo == null]">
				<enricher target="#[flowVars.request]" doc:name="Message Enricher">
					<custom-transformer mimeType="application/json"
						class="com.acqua.transformer.DragonAltaOrdenTransformer" doc:name="Dragon Orden Transformer" />
				</enricher>
                <expression-component doc:name="Expression"><![CDATA[flowVars.request .put("BaseDeDatos",flowVars.baseDeDatosEcommerce); ]]></expression-component>
                <enricher target="#[flowVars.logs]" doc:name="Message Enricher">
                    <processor-chain doc:name="Processor Chain">
                        <set-payload value="#[flowVars.request]" doc:name="Set Payload"/>
                        <json:object-to-json-transformer doc:name="Object to JSON"/>
                        <logger message="Request a Enviar: #[payload]" level="INFO" category="com.acqua.utils.SystemLayer" doc:name="Logger"/>
                    </processor-chain>
                </enricher>
                <choice doc:name="Choice">
                    <when expression="#[flowVars.useDragoAPIDirectly]">
                        <logger level="INFO" doc:name="Logger"/>
                    </when>
                    <otherwise>
                        <dragonfish:servicio config-ref="Dragonfish__Configuration" entityType="Operacionecommerce_operacionecommercePost" doc:name="Dragonfish">
                            <dragonfish:entity-data ref="#[flowVars.request]"/>
                        </dragonfish:servicio>
                    </otherwise>
                </choice>

				<expression-component doc:name="Expression"><![CDATA[Thread.sleep(5000);]]></expression-component>
                <enricher target="#[flowVars.currentOrder]" doc:name="Message Enricher">
                    <processor-chain doc:name="Processor Chain">
                        <expression-component doc:name="Expression"><![CDATA[payload = new java.util.HashMap();
payload .put("idOperacion",flowVars.currentOperacionId); ]]></expression-component>
                        <flow-ref name="dragon-order-get-flow" doc:name="dragon-order-get-flow"/>
                    </processor-chain>
                </enricher>
                <choice doc:name="Choice">
                    <when expression="#[flowVars.currentOrder.codigo == null]">
                        <expression-component doc:name="Expression"><![CDATA[payload = new java.util.HashMap();
payload.put("error","Orden no ingresada en Dragon");
]]></expression-component>
                        <message-properties-transformer doc:name="Message Properties">
                            <add-message-property key="http.status" value="400"/>
                        </message-properties-transformer>
                        <json:object-to-json-transformer doc:name="Object to JSON"/>
                    </when>
                    <otherwise>
                        <json:object-to-json-transformer encoding="ISO-8859-1" mimeType="application/json" doc:name="Object to JSON"/>
                    </otherwise>
                </choice>
                <logger message="Orden Procesada: #[payload]" level="INFO" category="com.acqua.utils.SystemLayer" doc:name="Logger"/>
			</when>
			<when
				expression="#[(payload.action=='create' || payload.action=='update' )&amp;&amp; flowVars.currentOrder.codigo != null]">
				<enricher target="#[flowVars.request]" doc:name="Message Enricher">
					<custom-transformer mimeType="application/json"
						class="com.acqua.transformer.DragonAltaOrdenTransformer" doc:name="Dragon Orden Transformer" />
				</enricher>
                <expression-component doc:name="Expression"><![CDATA[flowVars.request.put('id',flowVars.request.request.codigo);
flowVars.request .put("BaseDeDatos",flowVars.baseDeDatosEcommerce); ]]></expression-component>
				<dragonfish:servicio config-ref="Dragonfish__Configuration"
					entityType="OperacionecommerceById_operacionecommerceByIdPut"
					doc:name="Dragonfish">
					<dragonfish:entity-data ref="#[flowVars.request]" />
				</dragonfish:servicio>
				<json:object-to-json-transformer
					encoding="ISO-8859-1" mimeType="application/json" doc:name="Object to JSON" />
			</when>
            <when expression="#[payload.action=='cancel'&amp;&amp; flowVars.currentOrder.codigo != null]">
                <enricher target="#[flowVars.request]" doc:name="Message Enricher">
					<custom-transformer mimeType="application/json"
						class="com.acqua.transformer.DragonCancelOrdenTransformer" doc:name="Dragon Orden Transformer" />
				</enricher>
                <expression-component doc:name="Expression"><![CDATA[flowVars.request.put('id',flowVars.request.request.codigo);
flowVars.request .put("BaseDeDatos",flowVars.baseDeDatosEcommerce); ]]></expression-component>
				<dragonfish:servicio config-ref="Dragonfish__Configuration"
					entityType="OperacionecommerceById_operacionecommerceByIdPut"
					doc:name="Dragonfish">
					<dragonfish:entity-data ref="#[flowVars.request]" />
				</dragonfish:servicio>
				<json:object-to-json-transformer
					encoding="ISO-8859-1" mimeType="application/json" doc:name="Object to JSON" />
            </when>
			<otherwise>
				<set-payload value="{}" encoding="ISO-8859-1" mimeType="application/json"
					doc:name="Set Payload" />
			</otherwise>
		</choice>
        <catch-exception-strategy doc:name="Catch Exception Strategy">
        <logger message="Error procesando La Orden #[exception.getMessage()]" level="DEBUG" category="com.acqua.utils.SystemLayer" doc:name="Logger"/>
            <expression-component doc:name="Expression"><![CDATA[payload = new java.util.HashMap();
payload.put("error",exception.getMessage());
]]></expression-component>
            <json:object-to-json-transformer doc:name="Object to JSON"/>
            <message-properties-transformer doc:name="Message Properties">
                <add-message-property key="http.status" value="400"/>
            </message-properties-transformer>
            </catch-exception-strategy>

	</flow>
	<flow name="dragon-order-get-flow" processingStrategy="synchronous">
		<expression-component doc:name="Expression"><![CDATA[flowVars.requestTmp = new java.util.HashMap();
flowVars.requestTmp .put("id",payload.idOperacion); 
flowVars.requestTmp .put("BaseDeDatos",flowVars.baseDeDatosEcommerce); ]]></expression-component>
		<dragonfish:servicio config-ref="Dragonfish__Configuration"
			entityType="OperacionecommerceById_operacionecommerceByIdGet"
			doc:name="Dragonfish">
			<dragonfish:entity-data ref="#[flowVars.requestTmp]" />
		</dragonfish:servicio>
		<choice-exception-strategy doc:name="Choice Exception Strategy">
			<catch-exception-strategy
				when="exception.causedBy(org.mule.modules.connector.exceptions.ExternalConnectorException) "
				doc:name="Catch Exception Strategy" enableNotifications="false"
				logException="false">
				<logger message="No existe el la orden en Dragon" level="INFO"
					doc:name="Logger" category="com.acqua.utils.SystemLayer" />
				<expression-component doc:name="Expression"><![CDATA[payload = new java.util.HashMap();]]></expression-component>

			</catch-exception-strategy>
		</choice-exception-strategy>
	</flow>

	<flow name="dragon-get-order-flow" processingStrategy="synchronous">
        <set-variable variableName="baseDeDatosEcommerce" value="${Dragon_BaseDeDatos_Modulo_Ecommerce}" doc:name="Set Base de Datos Ecommerce"/>
		<expression-component doc:name="Expression"><![CDATA[flowVars.codigo=(message.inboundProperties.'http.uri.params'.Codigo == null? "":message.inboundProperties.'http.uri.params'.Codigo);]]></expression-component>
		<expression-component doc:name="Expression"><![CDATA[flowVars.request = new java.util.HashMap();
flowVars.request.put("id",flowVars.codigo);
flowVars.request .put("BaseDeDatos",flowVars.baseDeDatosEcommerce); ]]></expression-component>
		<dragonfish:servicio config-ref="Dragonfish__Configuration"
			entityType="OperacionecommerceById_operacionecommerceByIdGet"
			doc:name="Dragonfish">
			<dragonfish:entity-data ref="#[flowVars.request]" />
		</dragonfish:servicio>
		<json:object-to-json-transformer
			doc:name="Object to JSON" mimeType="application/json" />

		<exception-strategy ref="System_Layer_New_Exception_Strategy"
			doc:name="Reference Exception Strategy" />
	</flow>

	<flow name="dragon-delete-order-flow" processingStrategy="synchronous">

		<expression-component doc:name="Expression"><![CDATA[flowVars.codigo=(message.inboundProperties.'http.uri.params'.Codigo == null? "":message.inboundProperties.'http.uri.params'.Codigo);]]></expression-component>

		<expression-component doc:name="Expression"><![CDATA[flowVars.request = new java.util.HashMap();
flowVars.request.put("id",flowVars.codigo);
flowVars.request .put("BaseDeDatos",flowVars.baseDeDatosEcommerce); ]]></expression-component>
		<dragonfish:servicio config-ref="Dragonfish__Configuration"
			entityType="OperacionecommerceById_operacionecommerceByIdDelete"
			doc:name="Dragonfish">
			<dragonfish:entity-data ref="#[flowVars.request]" />
		</dragonfish:servicio>

		<json:object-to-json-transformer
			doc:name="Object to JSON" encoding="ISO-8859-1" mimeType="application/json" />
        <set-property propertyName="http.status" value="#[200]" doc:name="Set http.status"/>

		<exception-strategy ref="System_Layer_New_Exception_Strategy"
			doc:name="Reference Exception Strategy" />

	</flow>

</mule>
