<?xml version="1.0" encoding="UTF-8"?>

<mule xmlns:jms="http://www.mulesoft.org/schema/mule/jms"
	xmlns:mulerequester="http://www.mulesoft.org/schema/mule/mulerequester"
	xmlns:file="http://www.mulesoft.org/schema/mule/file"
	xmlns:validation="http://www.mulesoft.org/schema/mule/validation"
	xmlns:dragonfish="http://www.mulesoft.org/schema/mule/dragonfish"
	xmlns:context="http://www.springframework.org/schema/context"
	xmlns:cluster="http://www.mulesoft.org/schema/mule/ee/cluster"
	xmlns:ws="http://www.mulesoft.org/schema/mule/ws" xmlns:tls="http://www.mulesoft.org/schema/mule/tls"
	xmlns:smtp="http://www.mulesoft.org/schema/mule/smtp" xmlns:http="http://www.mulesoft.org/schema/mule/http"
	xmlns="http://www.mulesoft.org/schema/mule/core" xmlns:doc="http://www.mulesoft.org/schema/mule/documentation"
	xmlns:spring="http://www.springframework.org/schema/beans" xmlns:xsi="http://www.w3.org/2001/XMLSchema-instance"
	xsi:schemaLocation="http://www.mulesoft.org/schema/mule/jms http://www.mulesoft.org/schema/mule/jms/current/mule-jms.xsd
http://www.mulesoft.org/schema/mule/mulerequester http://www.mulesoft.org/schema/mule/mulerequester/current/mule-mulerequester.xsd
http://www.mulesoft.org/schema/mule/file http://www.mulesoft.org/schema/mule/file/current/mule-file.xsd
http://www.mulesoft.org/schema/mule/dragonfish http://www.mulesoft.org/schema/mule/dragonfish/current/mule-dragonfish.xsd
http://www.springframework.org/schema/context http://www.springframework.org/schema/context/spring-context-current.xsd
http://www.springframework.org/schema/beans http://www.springframework.org/schema/beans/spring-beans-current.xsd
http://www.mulesoft.org/schema/mule/core http://www.mulesoft.org/schema/mule/core/current/mule.xsd
http://www.mulesoft.org/schema/mule/http http://www.mulesoft.org/schema/mule/http/current/mule-http.xsd
http://www.mulesoft.org/schema/mule/smtp http://www.mulesoft.org/schema/mule/smtp/current/mule-smtp.xsd
http://www.mulesoft.org/schema/mule/tls http://www.mulesoft.org/schema/mule/tls/current/mule-tls.xsd
http://www.mulesoft.org/schema/mule/ws http://www.mulesoft.org/schema/mule/ws/current/mule-ws.xsd
http://www.mulesoft.org/schema/mule/validation http://www.mulesoft.org/schema/mule/validation/current/mule-validation.xsd">


	<spring:beans>

		<context:property-placeholder location="classpath:${mule_env}.properties" />

		<spring:import resource="classpath:startup-and-stop-setup-flow.xml" />

		<spring:import resource="classpath:sys-global-exception.xml" />

		<spring:import resource="classpath:common-send-email.xml" />
 
		<spring:bean class="com.acqua.utils.DragonUtil" name="DragonUtil"></spring:bean>

		<spring:bean class="com.acqua.utils.JSONTransformerUtil"
			name="JsonTransform"></spring:bean>
			
		<spring:bean id="appProps" class="org.springframework.beans.factory.config.PropertiesFactoryBean"> 
			<spring:property name="singleton" value="true"/> 
			<spring:property name="location" value="classpath:${mule_env}.properties"/>
		</spring:bean>

	</spring:beans>

	<dragonfish:config name="Dragonfish__Configuration"
		urlBase="${Dragon_URL_Base}" codigoConfCliente="${Dragon_Conf_Cliente}"
		clavePrivadaConfCliente="${Dragon_Clave_Privada_Conf_Cliente}"
		algoritmo="AM" user="${Dragon_User}" password="${Dragon_Password}"
		expiracion="${Dragon_Expiracion}" servidorServicio="${Dragon_Servidor_Servicio}"
		puertoServicio="${Dragon_Puerto_Servicio}" doc:name="Dragonfish: Configuration" />
 
	<http:request-config name="HTTP_SystemLayer_API"
		host="localhost" port="${system_layer_port}"
		doc:name="HTTP Request Configuration" basePath="api" connectionIdleTimeout="${system_layer_API_Timeout}" responseTimeout="${system_layer_API_Timeout}">
	</http:request-config>
	
	<file:connector name="no-delete-file-connector" autoDelete="false" streaming="true" validateConnections="true" doc:name="File" workFileNamePattern="pending.json"/>
	 
	<validation:config name="Validation_Configuration"
		doc:name="Validation Configuration">
		<validation:exception-factory
			class="com.acqua.common.sl.exceptions.SLExeptionFactory" />
	</validation:config>
	
	<jms:activemq-connector name="Active_MQ"
		specification="1.1" username="${activemq.queue.user}" password="${activemq.queue.pass}"
		brokerURL="${activemq.queue.url}" validateConnections="true" doc:name="Active MQ"
		persistentDelivery="true" maxRedelivery="${activemq.queue.maximumRedeliveries}"
		numberOfConsumers="1">
	</jms:activemq-connector>
	
	<http:request-config name="HTTP_Request_Configuration_Dragon"
		protocol="HTTP" host="${Dragon_Directo_URL}" port="${Dragon_Directo_Port}"
		basePath="${Dragon_Directo_Path}" doc:name="HTTP Request Configuration"
		connectionIdleTimeout="${Dragon_Directo_Timeout}" responseTimeout="${Dragon_Directo_Timeout}">
	</http:request-config>

</mule>
