<?xml version="1.0" encoding="UTF-8"?>

<mule xmlns:dragonfish="http://www.mulesoft.org/schema/mule/dragonfish"
	xmlns:tracking="http://www.mulesoft.org/schema/mule/ee/tracking" xmlns:validation="http://www.mulesoft.org/schema/mule/validation"
	xmlns:json="http://www.mulesoft.org/schema/mule/json"
	xmlns:http="http://www.mulesoft.org/schema/mule/http"
	xmlns="http://www.mulesoft.org/schema/mule/core" xmlns:doc="http://www.mulesoft.org/schema/mule/documentation"
	xmlns:spring="http://www.springframework.org/schema/beans" 
	xmlns:xsi="http://www.w3.org/2001/XMLSchema-instance"
	xsi:schemaLocation="http://www.mulesoft.org/schema/mule/dragonfish http://www.mulesoft.org/schema/mule/dragonfish/current/mule-dragonfish.xsd
http://www.mulesoft.org/schema/mule/validation http://www.mulesoft.org/schema/mule/validation/current/mule-validation.xsd
http://www.mulesoft.org/schema/mule/json http://www.mulesoft.org/schema/mule/json/current/mule-json.xsd
http://www.mulesoft.org/schema/mule/http http://www.mulesoft.org/schema/mule/http/current/mule-http.xsd
http://www.springframework.org/schema/beans http://www.springframework.org/schema/beans/spring-beans-current.xsd
http://www.mulesoft.org/schema/mule/core http://www.mulesoft.org/schema/mule/core/current/mule.xsd
http://www.mulesoft.org/schema/mule/ee/tracking http://www.mulesoft.org/schema/mule/ee/tracking/current/mule-tracking-ee.xsd">

<flow name="integrity-verificar-todos-los-productos-publicados-flow"
		processingStrategy="synchronous">
		<expression-component doc:name="Set Control Vars"><![CDATA[flowVars.flowName=flow.name;
flowVars.metricCategory=message.inboundProperties.'http.request.path';
flowVars.apiName=message.inboundProperties.'http.request.uri';
flowVars.errorCode="";]]></expression-component>
		<expression-component doc:name="Set Control Vars"><![CDATA[flowVars.pageInfo=''; 
flowVars.articulosAModificar = new java.util.HashSet();
flowVars.eCommerceAProcesar = message.inboundProperties.'http.uri.params'.Ecommerce;
]]></expression-component>
		<enricher target="#[flowVars.ecommerces]" doc:name="Message Enricher">
			<invoke object-ref="DragonUtil" method="getEcommerces"
				doc:name="Get E-commerces" />
		</enricher>

		<foreach collection="#[flowVars.ecommerces]" doc:name="For Each">
            <choice doc:name="Choice">
                <when expression="#[flowVars.eCommerceAProcesar.equals(payload)]">
                    <http:request config-ref="HTTP_SystemLayer_API" path="/#[payload]/obtener-articulos-dragon-publicados/false/false" method="GET" doc:name="HTTP - Get Articulos Publicados del E-Commerce">
                        <http:success-status-code-validator values="200..599"/>
                    </http:request>
                    <validation:custom-validator config-ref="Validation_Configuration" message="No se pudo recuperar articulos publicado en #[payload]" class="com.acqua.common.sl.validator.SLExternalRestfulValidator" doc:name="Validation HTTP Response"/>
                    <json:json-to-object-transformer returnClass="java.util.ArrayList" doc:name="JSON to Object"/>
                    <expression-component doc:name="Expression"><![CDATA[flowVars.articulosAModificar.addAll(payload);]]></expression-component>
                </when>
                <otherwise>
                    <logger message="SYSTEM LAYER - ECommerce Ignored" level="INFO" category="com.acqua.base.ShopifyOrdersProcessed" doc:name="Logger CONSOLA"/>
                </otherwise>
            </choice>


			
			
		</foreach>

		<logger
			message="SYSTEM LAYER - Articulos Publicados en E-Commerce #[&quot;\n&quot;]#[flowVars.articulosAModificar]"
			level="INFO" category="com.acqua.base.ShopifyOrdersProcessed" doc:name="Logger CONSOLA" />
        <expression-component doc:name="Expression"><![CDATA[flowVars.returnValueNoEnDragon = new java.util.ArrayList();]]></expression-component>


		<foreach collection="#[flowVars.articulosAModificar]"
			doc:name="For Each">
            <flow-ref name="integrity-dragon-check-existencia-articulo-flow" doc:name="integrity-dragon-check-existencia-articulo-flow"/>


		</foreach>
        <expression-component doc:name="Prepare Email"><![CDATA[payload=flowVars.returnValueNoEnDragon;
flowVars.subject='Articulos De ' + flowVars.eCommerceAProcesar + ' sin correspondiente en Dragon';
flowVars.HandlebarsTemplate='layer-lista-codigos-msg-report';
flowVars.attachLogs=false;]]></expression-component>
        <flow-ref name="common-new-send-notification-w-attach-flow" doc:name="common-new-send-notification-w-attach-flow"/>


		<set-payload value="#[flowVars.returnValueNoEnDragon]"
			doc:name="Set Payload" />



		<json:object-to-json-transformer
			doc:name="Object to JSON" />
		<set-property propertyName="http.status" value="#[200]"
			doc:name="http.status" />




		<exception-strategy ref="System_Layer_New_Exception_Strategy"
			doc:name="Reference Exception Strategy" />
	</flow>
	
	<flow name="integrity-dragon-check-existencia-articulo-flow"
		processingStrategy="synchronous">
		<set-variable variableName="codigo" value="#[payload]"
			doc:name="Variable" />
		<expression-component doc:name="Expression"><![CDATA[flowVars.request = new java.util.HashMap();
flowVars.request.put("id", flowVars.codigo);]]></expression-component>
		<dragonfish:servicio config-ref="Dragonfish__Configuration"
			entityType="ArticuloById_articuloByIdGet" doc:name="Dragonfish" >
            <dragonfish:entity-data ref="#[flowVars.request]"/>
        </dragonfish:servicio>

		<logger
			message="SYSTEM LAYER - El articulo #[flowVars.codigo] existe en ECommerce y Dragon"
			level="INFO" category="com.acqua.utils.ConsolaSystemDragon" doc:name="Logger" />
        <expression-component doc:name="Expression"><![CDATA[if(payload.noPublicarEnEcommerce)
{
	flowVars.returnValueNoEnDragon.add(flowVars.codigo + ": Existe en E-Commerce pero en Dragon indica que no debe publicar");
}]]></expression-component>


		<choice-exception-strategy doc:name="Choice Exception Strategy">
			<catch-exception-strategy
				when="exception.causedBy(org.mule.modules.connector.exceptions.ExternalConnectorException) "
				enableNotifications="false" logException="false" doc:name="Catch Exception Strategy">
				<logger
					message="SYSTEM LAYER - El articulo #[flowVars.codigo] existe en ecommerce y no en el maestro."
					level="INFO" category="com.acqua.utils.ConsolaSystemDragon"
					doc:name="Logger CONSOLE" />
				<expression-component doc:name="Expression"><![CDATA[flowVars.returnValueNoEnDragon.add(flowVars.codigo + ": No existe en Dragon");]]></expression-component>


			</catch-exception-strategy>
		</choice-exception-strategy>
	</flow>
	
	<flow name="integrity-verificar-ordenes-publicadas-flow"
		processingStrategy="synchronous">
		<expression-component doc:name="Set Control Vars"><![CDATA[flowVars.flowName=flow.name;
flowVars.metricCategory=message.inboundProperties.'http.request.path';
flowVars.apiName=message.inboundProperties.'http.request.uri';
flowVars.errorCode="";]]></expression-component>
		
		<logger level="INFO" doc:name="Logger CONSOLA" category="com.acqua.base.ShopifyOrdersProcessed"
			message="----------------------------------------------------------------------------------" />
			 
		<expression-component doc:name="Set Control Vars"><![CDATA[flowVars.pageInfo=''; 
flowVars.articulosAModificar = new java.util.HashSet();
flowVars.eCommerceAProcesar = message.inboundProperties.'http.uri.params'.Ecommerce;
flowVars.fromDate=(message.inboundProperties.'http.uri.params'.FechaModificacion == null? "":message.inboundProperties.'http.uri.params'.FechaModificacion);
]]></expression-component>

		<logger
			message="SYSTEM LAYER - Recuperando Ordenes En #[flowVars.eCommerceAProcesar] que no existen en Dragon desde la fecha #[flowVars.fromDate]"
			level="INFO" category="com.acqua.base.ShopifyOrdersProcessed" doc:name="Logger CONSOLA" />
			
		<enricher target="#[flowVars.ecommerces]" doc:name="Message Enricher">
			<invoke object-ref="DragonUtil" method="getEcommerces"
				doc:name="Get E-commerces" />
		</enricher>

		<foreach collection="#[flowVars.ecommerces]" doc:name="For Each">
           
            <choice doc:name="Choice">
               
                <when expression="#[flowVars.eCommerceAProcesar.equals(payload)]">
             
                    <http:request config-ref="HTTP_SystemLayer_API" path="/#[payload]/orders/obtener-creados-desde/#[flowVars.fromDate]" method="GET" doc:name="HTTP - Get Todas las Ordenes Publicadas en ECOMMERCE">
                        <http:success-status-code-validator values="200..599"/>
                    </http:request>
           
                    <validation:custom-validator config-ref="Validation_Configuration" message="No se pudo recuperar articulos publicado en #[payload]" class="com.acqua.common.sl.validator.SLExternalRestfulValidator" doc:name="Validation HTTP Response"/>
         
                    <json:json-to-object-transformer returnClass="java.util.ArrayList" doc:name="JSON to Object"/>
        
                    <expression-component doc:name="Expression"><![CDATA[flowVars.articulosAModificar.addAll(payload);]]></expression-component>
        
                </when>
          
                <otherwise>
                    <logger message="SYSTEM LAYER - ECommerce #[payload] no se procesa" level="INFO" category="com.acqua.base.ShopifyOrdersProcessed" doc:name="Logger CONSOLA"/>
                </otherwise>
          
            </choice>
 	
		</foreach>
 	 
 	 	<set-variable variableName="baseDeDatosEcommerce" value="${Dragon_BaseDeDatos_Modulo_Ecommerce}" doc:name="Set Base de Datos Ecommerce"/>
 	 	
        <expression-component doc:name="Expression"><![CDATA[flowVars.returnValueNoEnDragon = new java.util.ArrayList();
flowVars.returnValueEnDragonSinRemitoActualizado = new java.util.ArrayList();

]]></expression-component>
 
		<foreach collection="#[flowVars.articulosAModificar]"
			doc:name="For Each">
			
			<logger
			message="SYSTEM LAYER - Verficando Orden #[payload.id]. Estado: #[payload.order_status] Remito #[payload.order_remito_codigo] "
			level="INFO" category="com.acqua.base.ShopifyOrdersProcessed" doc:name="Logger CONSOLA" />
			
            <enricher target="#[flowVars.DragonOrder]" doc:name="Message Enricher">
               
                <processor-chain doc:name="Processor Chain">
                
                    <choice doc:name="Choice">
                        <when expression="#[flowVars.eCommerceAProcesar.equals('shopify')]">
                            <expression-component doc:name="Expression"><![CDATA[flowVars.tmp = new java.util.HashMap();
flowVars.tmp.put('idOperacion','S' + payload.id);
payload = flowVars.tmp;]]></expression-component>
                        </when>
                    
                        <otherwise>
                            <expression-component doc:name="Expression"><![CDATA[flowVars.tmp = new java.util.HashMap();
flowVars.tmp.put('idOperacion','W' + payload.id);
payload = flowVars.tmp;]]></expression-component>
                        </otherwise>
               
                    </choice>
            
                    <flow-ref name="dragon-order-get-flow" doc:name="dragon-order-get-flow"/>
                    
                </processor-chain>
                
            </enricher>
            <choice doc:name="Choice">
                <when expression="#[payload.order_remito_codigo!= null &amp;&amp; !payload.order_remito_codigo.isEmpty()]">
                    <enricher target="#[flowVars.DragonRemito]" doc:name="Message Enricher">
                        <processor-chain doc:name="Processor Chain">
                            <expression-component doc:name="Expression"><![CDATA[flowVars.codigo = payload.order_remito_codigo;]]></expression-component>
                            <flow-ref name="dragon-remito-get-main-process-flow" doc:name="dragon-remito-get-main-process-flow"/>
                        </processor-chain>
                    </enricher>
                </when>
                <otherwise>
                    <logger message="No existe Remito Informado" level="INFO" category="com.acqua.base.ShopifyOrdersProcessed" doc:name="Logger"/>
                    <expression-component doc:name="Expression"><![CDATA[flowVars.DragonRemito = new java.util.HashMap();]]></expression-component>
                </otherwise>
            </choice>
        
            <choice doc:name="Choice">
            
                <when expression="#[flowVars.DragonOrder.isEmpty()]">
                    <expression-component doc:name="Expression"><![CDATA[flowVars.tmp = new java.util.HashMap();
flowVars.tmp.put('codigo', payload.id);
flowVars.tmp.put('descripcion',payload.order_number);
flowVars.returnValueNoEnDragon.add(flowVars.tmp);]]></expression-component>

			<logger
			message="SYSTEM LAYER -                        No se encontro la orden #[payload.order_number] con id #[payload.id] ***"
			level="INFO" category="com.acqua.base.ShopifyOrdersProcessed" doc:name="Logger CONSOLA" />
			
                </when>
                <when expression="#[!flowVars.DragonOrder.isEmpty() &amp;&amp; !flowVars.DragonRemito.isEmpty() &amp;&amp; flowVars.DragonRemito.motivo.isEmpty()]">
                    <expression-component doc:name="Expression"><![CDATA[flowVars.tmp = new java.util.HashMap();
flowVars.tmp.put('codigo', payload.id);
flowVars.tmp.put('descripcion',payload.order_number);
flowVars.tmp.put('remito',flowVars.DragonRemito.puntoDeVenta + "/" + flowVars.DragonRemito.numero + "/" + flowVars.DragonRemito.letra);
flowVars.returnValueEnDragonSinRemitoActualizado.add(flowVars.tmp);]]></expression-component>
                    <logger level="INFO" doc:name="Logger"/>
                </when>
                
                <otherwise>
                    <logger
			message="SYSTEM LAYER - Se encontro la orden #[payload.order_number] con id #[payload.id]"
			level="INFO" category="com.acqua.base.ShopifyOrdersProcessed" doc:name="Logger CONSOLA" />
                </otherwise>
                
            </choice>

		</foreach>

        <expression-component doc:name="Expression"><![CDATA[payload = new java.util.HashMap();
payload.put("SinOrdenEnDragon",flowVars.returnValueNoEnDragon);
payload.put("SinRemitoActualizado",flowVars.returnValueEnDragonSinRemitoActualizado);
]]></expression-component>

 
		<json:object-to-json-transformer
			doc:name="Object to JSON" />
			
		<set-property propertyName="http.status" value="#[200]"
			doc:name="http.status" />
			
		<logger
			message="----------------------------------------------------------------------------------"
			level="INFO" category="com.acqua.base.ShopifyOrdersProcessed" doc:name="Logger CONSOLA" />
 
		<exception-strategy ref="System_Layer_New_Exception_Strategy"
			doc:name="Reference Exception Strategy" /> 
			
	</flow>

</mule>
