<?xml version="1.0" encoding="UTF-8"?>

<mule xmlns:jms="http://www.mulesoft.org/schema/mule/jms" xmlns:tracking="http://www.mulesoft.org/schema/mule/ee/tracking"
	xmlns:json="http://www.mulesoft.org/schema/mule/json" xmlns="http://www.mulesoft.org/schema/mule/core"
	xmlns:doc="http://www.mulesoft.org/schema/mule/documentation"
	xmlns:spring="http://www.springframework.org/schema/beans" xmlns:xsi="http://www.w3.org/2001/XMLSchema-instance"
	xsi:schemaLocation="http://www.mulesoft.org/schema/mule/json http://www.mulesoft.org/schema/mule/json/current/mule-json.xsd
http://www.springframework.org/schema/beans http://www.springframework.org/schema/beans/spring-beans-current.xsd
http://www.mulesoft.org/schema/mule/core http://www.mulesoft.org/schema/mule/core/current/mule.xsd
http://www.mulesoft.org/schema/mule/ee/tracking http://www.mulesoft.org/schema/mule/ee/tracking/current/mule-tracking-ee.xsd
http://www.mulesoft.org/schema/mule/jms http://www.mulesoft.org/schema/mule/jms/current/mule-jms.xsd">
    <choice-exception-strategy name="System_Layer_Process_Exception_Strategy">
        <catch-exception-strategy when="#[exception.causeMatches(&quot;org.mule.module.apikit.exception.*&quot;)]" doc:name="Catch APIKit">
            <logger message="Catch APIKit: Se ha producido un Error invocando un API" level="ERROR" category="com.acqua.common.utils.CommonLayer" doc:name="Logger"/>
            <expression-component doc:name="Expression"><![CDATA[flowVars.flowName = "APIKIT";
flowVars.metricCategory ="";
flowVars.errorCode = "";
flowVars.httpStatus=400;
flowVars.errorMessage = "Error API KIT";
]]></expression-component>
            <custom-transformer returnClass="com.acqua.common.sl.exceptions.SLResponseError" class="com.acqua.common.sl.transformers.SLCreateResponse" doc:name="Java - Create SL Response Error"/>
            <flow-ref name="System_Layer_Exception_Strategy_flow" doc:name="System_Layer_Exception_Strategy_flow"/>
            <json:object-to-json-transformer doc:name="Object to JSON"/>
            <logger message="Error: #[payload]" level="ERROR" category="com.acqua.common.utils.CommonLayer" doc:name="Logger"/>
            <set-property propertyName="http.status" value="#[flowVars.httpStatus]" doc:name="Property"/>
            <flow-ref name="System_Layer_Exception_Strategy_unlock_flow" doc:name="System_Layer_Exception_Strategy_unlock_flow"/>
        </catch-exception-strategy>
        <catch-exception-strategy when="#[exception.causeMatches(&quot;com.acqua.common.sl.exceptions.SLException.*&quot;)]" doc:name="Catch SLException">
            <logger message="Catch SLException: #[exception.getCauseException().getMessage().split(&quot;\\n&quot;)]" level="ERROR" category="com.acqua.common.utils.CommonLayer" doc:name="Logger"/>
            <expression-component doc:name="Get Create SL Response Error"><![CDATA[flowVars.circularException = exception.getCause(); 
flowVars.SystemLayerResponseError = flowVars.circularException.getSystemLayerResponseError();]]></expression-component>
            <set-payload value="#[flowVars.SystemLayerResponseError]" doc:name="Set Payload"/>
            <flow-ref name="System_Layer_Exception_Strategy_flow" doc:name="System_Layer_Exception_Strategy_flow"/>
            <json:object-to-json-transformer mimeType="application/json" doc:name="Object to JSON"/>
            <logger message="Error: #[payload]" level="ERROR" category="com.acqua.common.utils.CommonLayer" doc:name="Logger"/>
            <set-property propertyName="http.status" value="#[flowVars.SystemLayerResponseError.getErrors().getHttpStatus()]" doc:name="Property"/>
            <flow-ref name="System_Layer_Exception_Strategy_unlock_flow" doc:name="System_Layer_Exception_Strategy_unlock_flow"/>
        </catch-exception-strategy>
        <catch-exception-strategy when="#[exception.causeMatches(&quot;org.mule.modules.connector.exceptions.ExternalConnectorException.*&quot;)]" doc:name="Catch GRPC ExternalConnectorException">
            <logger message="Catch GRPC ExternalConnectorException: #[exception.getCauseException().getMessage().split(&quot;\\n&quot;)]" level="ERROR" category="com.acqua.common.utils.CommonLayer" doc:name="Logger"/>
            <custom-transformer returnClass="com.acqua.common.sl.exceptions.SLResponseError" class="com.acqua.common.sl.transformers.SLCreateServiceResponse" doc:name="Create SL Service Response Error"/>
            <expression-component doc:name="Expression"><![CDATA[flowVars.commonException = payload;]]></expression-component>
            <flow-ref name="System_Layer_Exception_Strategy_flow" doc:name="System_Layer_Exception_Strategy_flow"/>
            <json:object-to-json-transformer doc:name="Object to JSON"/>
            <logger message="Error: #[payload]" level="INFO" category="com.acqua.common.utils.CommonLayer" doc:name="Logger"/>
            <set-property propertyName="http.status" value="#[flowVars.commonException.getErrors().getHttpStatus()]" doc:name="Property"/>
            <flow-ref name="System_Layer_Exception_Strategy_unlock_flow" doc:name="System_Layer_Exception_Strategy_unlock_flow"/>
        </catch-exception-strategy>
        <catch-exception-strategy when="#[exception.causeMatches(&quot;org.mule.modules.connector.exceptions.InternalConnectorException.*&quot;)]" doc:name="Catch GRPC InternalConnectorException">
            <logger message="Catch GRPC InternalConnectorException: #[exception.getCauseException().getMessage().split(&quot;\\n&quot;)]" level="ERROR" category="com.acqua.common.utils.CommonLayer" doc:name="Logger"/>
            <custom-transformer returnClass="com.acqua.common.sl.exceptions.SLResponseError" class="com.acqua.common.sl.transformers.SLCreateServiceResponse" doc:name="Create SL Service Response Error"/>
            <expression-component doc:name="Expression"><![CDATA[flowVars.commonException = payload;]]></expression-component>
            <flow-ref name="System_Layer_Exception_Strategy_flow" doc:name="System_Layer_Exception_Strategy_flow"/>
            <json:object-to-json-transformer doc:name="Object to JSON"/>
            <logger message="Error: #[payload]" level="INFO" category="com.acqua.common.utils.CommonLayer" doc:name="Logger"/>
            <set-property propertyName="http.status" value="#[flowVars.commonException.getErrors().getHttpStatus()]" doc:name="Property"/>
            <flow-ref name="System_Layer_Exception_Strategy_unlock_flow" doc:name="System_Layer_Exception_Strategy_unlock_flow"/>
        </catch-exception-strategy>
        <catch-exception-strategy when="#[exception.causeMatches(&quot;org.mule.api.ConnectionException.*&quot;)]" doc:name="Catch Connection Exception">
            <logger message="Catch Connection Exception: #[exception.getCauseException().getMessage().split(&quot;\\n&quot;)]" level="ERROR" category="com.acqua.common.utils.CommonLayer" doc:name="Logger"/>
            <custom-transformer returnClass="com.acqua.common.sl.exceptions.SLResponseError" class="com.acqua.common.sl.transformers.SLCreateServiceResponse" doc:name="Create SL Service Response Error"/>
            <expression-component doc:name="Expression"><![CDATA[flowVars.commonException = payload;]]></expression-component>
            <flow-ref name="System_Layer_Exception_Strategy_flow" doc:name="System_Layer_Exception_Strategy_flow"/>
            <json:object-to-json-transformer doc:name="Object to JSON"/>
            <logger message="Error: #[payload]" level="INFO" category="com.acqua.common.utils.CommonLayer" doc:name="Logger"/>
            <set-property propertyName="http.status" value="#[flowVars.commonException.getErrors().getHttpStatus()]" doc:name="Property"/>
            <flow-ref name="System_Layer_Exception_Strategy_unlock_flow" doc:name="System_Layer_Exception_Strategy_unlock_flow"/>
        </catch-exception-strategy>
        <catch-exception-strategy doc:name="Catch No Controlled Strategy">
            <logger message="Catch No Controlled Strategy: #[(exception.cause!=null)?(exception.cause.message):exception.getSummaryMessage()]" level="ERROR" category="com.acqua.common.utils.CommonLayer" doc:name="Logger"/>
            <logger message="Summary: #[exception]" level="INFO" category="com.acqua.common.utils.CommonLayer" doc:name="Logger"/>
            <custom-transformer returnClass="com.acqua.common.sl.exceptions.SLResponseError" class="com.acqua.common.sl.transformers.SLCreateResponse" doc:name="Java - Create SL Response Error"/>
            <flow-ref name="System_Layer_Exception_Strategy_flow" doc:name="System_Layer_Exception_Strategy_flow"/>
            <json:object-to-json-transformer doc:name="Object to JSON"/>
            <logger message="Error: #[payload]" level="ERROR" category="com.acqua.common.utils.CommonLayer" doc:name="Logger"/>
            <set-property propertyName="http.status" value="#[500]" doc:name="Property"/>
            <flow-ref name="System_Layer_Exception_Strategy_unlock_flow" doc:name="System_Layer_Exception_Strategy_unlock_flow"/>
        </catch-exception-strategy>
    </choice-exception-strategy>
    <choice-exception-strategy name="System_Layer_Exception_Strategy">
        <catch-exception-strategy when="#[exception.causeMatches(&quot;org.mule.module.apikit.exception.*&quot;)]" doc:name="Catch APIKit">
            <logger message="Catch APIKit: Se ha producido un Error invocando un API" level="ERROR" category="com.acqua.common.utils.CommonLayer" doc:name="Logger"/>
            <expression-component doc:name="Expression"><![CDATA[flowVars.flowName = "APIKIT";
flowVars.metricCategory ="";
flowVars.errorCode = "";
flowVars.httpStatus=400;
flowVars.errorMessage = "Error API KIT";
]]></expression-component>
            <custom-transformer returnClass="com.acqua.common.sl.exceptions.SLResponseError" class="com.acqua.common.sl.transformers.SLCreateResponse" doc:name="Java - Create SL Response Error"/>

            <logger message="Error: #[payload]" level="ERROR" category="com.acqua.common.utils.CommonLayer" doc:name="Logger"/>
            <set-property propertyName="http.status" value="#[flowVars.httpStatus]" doc:name="Property"/>
        </catch-exception-strategy>
        <catch-exception-strategy when="#[exception.causeMatches(&quot;com.acqua.common.sl.exceptions.SLException.*&quot;)]" doc:name="Catch SLException">
            <logger message="Catch SLException: #[exception.getCauseException().getMessage().split(&quot;\\n&quot;)]" level="ERROR" category="com.acqua.common.utils.CommonLayer" doc:name="Logger"/>
            <expression-component doc:name="Get Create SL Response Error"><![CDATA[flowVars.circularException = exception.getCause(); 
flowVars.SystemLayerResponseError = flowVars.circularException.getSystemLayerResponseError();]]></expression-component>
            <set-payload value="#[flowVars.SystemLayerResponseError]" doc:name="Set Payload"/>

            <logger message="Error: #[payload]" level="ERROR" category="com.acqua.common.utils.CommonLayer" doc:name="Logger"/>
            <set-property propertyName="http.status" value="#[flowVars.SystemLayerResponseError.getErrors().getHttpStatus()]" doc:name="Property"/>
        </catch-exception-strategy>
        <catch-exception-strategy when="#[exception.causeMatches(&quot;org.mule.modules.connector.exceptions.ExternalConnectorException.*&quot;)]" doc:name="Catch GRPC ExternalConnectorException">
            <logger message="Catch GRPC ExternalConnectorException: #[exception.getCauseException().getMessage().split(&quot;\\n&quot;)]" level="ERROR" category="com.acqua.common.utils.CommonLayer" doc:name="Logger"/>
            <custom-transformer returnClass="com.acqua.common.sl.exceptions.SLResponseError" class="com.acqua.common.sl.transformers.SLCreateServiceResponse" doc:name="Create SL Service Response Error"/>
            <expression-component doc:name="Expression"><![CDATA[flowVars.commonException = payload;]]></expression-component>

            <logger message="Error: #[payload]" level="INFO" category="com.acqua.common.utils.CommonLayer" doc:name="Logger"/>
            <set-property propertyName="http.status" value="#[flowVars.commonException.getErrors().getHttpStatus()]" doc:name="Property"/>
        </catch-exception-strategy>
        <catch-exception-strategy when="#[exception.causeMatches(&quot;org.mule.modules.connector.exceptions.InternalConnectorException.*&quot;)]" doc:name="Catch GRPC InternalConnectorException">
            <logger message="Catch GRPC InternalConnectorException: #[exception.getCauseException().getMessage().split(&quot;\\n&quot;)]" level="ERROR" category="com.acqua.common.utils.CommonLayer" doc:name="Logger"/>
            <custom-transformer returnClass="com.acqua.common.sl.exceptions.SLResponseError" class="com.acqua.common.sl.transformers.SLCreateServiceResponse" doc:name="Create SL Service Response Error"/>
            <expression-component doc:name="Expression"><![CDATA[flowVars.commonException = payload;]]></expression-component>

            <logger message="Error: #[payload]" level="INFO" category="com.acqua.common.utils.CommonLayer" doc:name="Logger"/>
            <set-property propertyName="http.status" value="#[flowVars.commonException.getErrors().getHttpStatus()]" doc:name="Property"/>
        </catch-exception-strategy>
        <catch-exception-strategy when="#[exception.causeMatches(&quot;org.mule.api.ConnectionException.*&quot;)]" doc:name="Catch Connection Exception">
            <logger message="Catch Connection Exception: #[exception.getCauseException().getMessage().split(&quot;\\n&quot;)]" level="ERROR" category="com.acqua.common.utils.CommonLayer" doc:name="Logger"/>
            <custom-transformer returnClass="com.acqua.common.sl.exceptions.SLResponseError" class="com.acqua.common.sl.transformers.SLCreateServiceResponse" doc:name="Create SL Service Response Error"/>
            <expression-component doc:name="Expression"><![CDATA[flowVars.commonException = payload;]]></expression-component>

            <logger message="Error: #[payload]" level="INFO" category="com.acqua.common.utils.CommonLayer" doc:name="Logger"/>
            <set-property propertyName="http.status" value="#[flowVars.commonException.getErrors().getHttpStatus()]" doc:name="Property"/>
        </catch-exception-strategy>
        <catch-exception-strategy doc:name="Catch No Controlled Strategy">
            <logger message="Catch No Controlled Strategy: #[(exception.cause!=null)?(exception.cause.message):exception.getSummaryMessage()]" level="ERROR" category="com.acqua.common.utils.CommonLayer" doc:name="Logger"/>
            <logger message="Summary: #[exception]" level="INFO" category="com.acqua.common.utils.CommonLayer" doc:name="Logger"/>
            <custom-transformer returnClass="com.acqua.common.sl.exceptions.SLResponseError" class="com.acqua.common.sl.transformers.SLCreateResponse" doc:name="Java - Create SL Response Error"/>

            <logger message="Error: #[payload]" level="ERROR" category="com.acqua.common.utils.CommonLayer" doc:name="Logger"/>
            <set-property propertyName="http.status" value="#[500]" doc:name="Property"/>
        </catch-exception-strategy>
    </choice-exception-strategy>
    <sub-flow name="System_Layer_Exception_Strategy_flow">
        <enricher target="#[flowVars.statusQueue]" doc:name="Message Enricher - Status">
            <processor-chain doc:name="Processor Chain">
                <expression-component doc:name="Expression"><![CDATA[flowVars.errorCaptured = payload;
payload = new java.util.HashMap();
payload.put('source','process');   
payload.put('thread',Thread.currentThread().getId());                     
payload.put('process',flowVars.metricCategory);
payload.put('time',server.dateTime.format('yyyy/MM/dd HH:mm:ss:SSS'));
payload.put('transactionId',flowVars.transacionIDGen);
payload.put('status','ERROR');
payload.put('qtyRecords',flowVars.qtyRecords);
payload.put('recordNo',flowVars.recordNo);
payload.put('error',flowVars.errorCaptured);
]]></expression-component>
                <flow-ref name="message-send-msg-to-topic-flow" doc:name="message-send-msg-to-topic-flow"/>
            </processor-chain>
        </enricher>
    </sub-flow>
    <sub-flow name="System_Layer_Exception_Strategy_unlock_flow">
        <enricher target="#[flowVars.statusQueue]" doc:name="Message Enricher">
            <processor-chain doc:name="Processor Chain">
                <set-payload value="#['Done']" doc:name="Set Payload"/>
                <message-properties-transformer doc:name="Message Properties">
                    <add-message-property key="qtyRecords" value="#[flowVars.qtyRecords]"/>
                    <add-message-property key="recordNo" value="#[flowVars.recordNoAll]"/>
                    <add-message-property key="transactionId" value="#[flowVars.transacionIDGen]"/>
                    <add-message-property key="process" value="#[flowVars.process]"/>
                    <add-message-property key="error" value="#[flowVars.errorCaptured]"/>
                    <add-message-property key="status" value="#[message.outboundProperties[&quot;http.status&quot;]]"/>
                </message-properties-transformer>
                <jms:outbound-endpoint queue="${activemq.queue.semaphore}" connector-ref="Active_MQ" responseTimeout="60000" doc:name="Send End Process"/>
            </processor-chain>
        </enricher>
    </sub-flow>


</mule>
