<?xml version="1.0" encoding="UTF-8"?>

<mule xmlns:json="http://www.mulesoft.org/schema/mule/json"
	xmlns:validation="http://www.mulesoft.org/schema/mule/validation"
	xmlns:http="http://www.mulesoft.org/schema/mule/http" xmlns:tracking="http://www.mulesoft.org/schema/mule/ee/tracking"
	xmlns="http://www.mulesoft.org/schema/mule/core" xmlns:doc="http://www.mulesoft.org/schema/mule/documentation"
	xmlns:spring="http://www.springframework.org/schema/beans" xmlns:xsi="http://www.w3.org/2001/XMLSchema-instance"
	xsi:schemaLocation="http://www.mulesoft.org/schema/mule/json http://www.mulesoft.org/schema/mule/json/current/mule-json.xsd
http://www.mulesoft.org/schema/mule/validation http://www.mulesoft.org/schema/mule/validation/current/mule-validation.xsd
http://www.springframework.org/schema/beans http://www.springframework.org/schema/beans/spring-beans-current.xsd
http://www.mulesoft.org/schema/mule/core http://www.mulesoft.org/schema/mule/core/current/mule.xsd
http://www.mulesoft.org/schema/mule/ee/tracking http://www.mulesoft.org/schema/mule/ee/tracking/current/mule-tracking-ee.xsd
http://www.mulesoft.org/schema/mule/http http://www.mulesoft.org/schema/mule/http/current/mule-http.xsd">
    <flow name="shopify-order_get_flow">
        <flow-ref name="shopify-order-get-process-flow" doc:name="shopify-order-get-process-flow"/>
        <logger message="SYSTEM LAYER - #[message.outboundProperties[&quot;http.status&quot;]==200?&quot;Procesado&quot;:&quot;ERROR articulo no procesado&quot;]  #[flowVars.keyLog] #[&quot;\n&quot;]#[payload]" level="INFO" category="com.acqua.utils.ConsolaSystemShopify" doc:name="Logger CONSOLA"/>

    </flow>


	<flow name="shopify-order-get-process-flow" processingStrategy="synchronous">
		
		<expression-component doc:name="Set Control Vars"><![CDATA[flowVars.flowName=flow.name;
flowVars.metricCategory=message.inboundProperties.'http.request.path';
flowVars.apiName=message.inboundProperties.'http.request.uri';
flowVars.errorCode="";
flowVars.orderid=(message.inboundProperties.'http.uri.params'.OrderId == null? "":message.inboundProperties.'http.uri.params'.OrderId);]]></expression-component>

        
        <logger message="#[&quot;-----------------------------------------------------------------------------------------&quot;]" level="INFO" category="com.acqua.utils.ConsolaSystemShopify" doc:name="Logger CONSOLA"/>
        
        <logger message="SYSTEM LAYER - Getting Order  #[flowVars.OrderNo]" level="INFO" category="com.acqua.utils.ConsolaSystemShopify" doc:name="Logger CONSOLA"/>
 
		<enricher target="#[flowVars.shopifyParms]" doc:name="Message Enricher">
            <invoke object-ref="ShopifyUtil" method="generateURL" methodArguments="${Shopify_API_Key}, ${Shopify_API_Password}, &quot;&quot;" doc:name="Invoke - Genera Path de la URL"/>
		</enricher>
        <http:request config-ref="HTTP_Request_Configuration_Shopify" path="/orders/#[flowVars.orderid].json" method="GET" source="#[flowVars.request]" doc:name="HTTP - Get Order">
            <http:request-builder>
                <http:header headerName="authorization" value="#[flowVars.shopifyParms['ShopifyBaseAuth']]"/>
                <http:header headerName="content-type" value="application/json;charset=UTF-8"/>
            </http:request-builder>
            <http:success-status-code-validator values="200..599"/>
        </http:request>


		<validation:custom-validator config-ref="Validation_Configuration"
			message="SHOPIFY API ha retornado un error" class="com.acqua.common.sl.validator.SLExternalRestfulValidator"
			doc:name="Validation HTTP Response" />
        <set-payload value="#[json:order]" doc:name="Set Payload"/>
        <set-property propertyName="http.status" value="#[200]" doc:name="http.status"/>

		<exception-strategy ref="System_Layer_Generic_Exception_Strategy"
				doc:name="Reference Exception Strategy" />
				
	</flow>

    
	
	<flow name="shopify-order-get-all-flow">
        <expression-component doc:name="Set Control Vars"><![CDATA[flowVars.flowName=flow.name;
flowVars.metricCategory=message.inboundProperties.'http.request.path';
flowVars.apiName=message.inboundProperties.'http.request.uri';
flowVars.errorCode="";
flowVars.fromDate=(message.inboundProperties.'http.uri.params'.FechaModificacion == null? "":message.inboundProperties.'http.uri.params'.FechaModificacion);
flowVars.pageInfo='';
flowVars.articulosAModificar = new java.util.HashSet();]]></expression-component>
        <logger message="#[&quot;-----------------------------------------------------------------------------------------&quot;]" level="INFO" category="com.acqua.utils.ConsolaSystemShopify" doc:name="Logger CONSOLA"/>
        <logger message="SYSTEM LAYER - Getting Orders  #[flowVars.fromDate]" level="INFO" category="com.acqua.utils.ConsolaSystemShopify" doc:name="Logger CONSOLA"/>
        <enricher target="#[flowVars.shopifyParms]" doc:name="Message Enricher">
            <invoke object-ref="ShopifyUtil" method="generateURL" methodArguments="${Shopify_API_Key}, ${Shopify_API_Password}, &quot;&quot;" doc:name="Invoke - Genera Path de la URL"/>
        </enricher>
        <http:request config-ref="HTTP_Request_Configuration_Shopify" path="#['/orders.json?limit=100&amp;fields=id,order_number&amp;status=any&amp;created_at_min=' + flowVars.fromDate]" method="GET" source="#[flowVars.request]" doc:name="HTTP - Get Order">
            <http:request-builder>
                <http:header headerName="authorization" value="#[flowVars.shopifyParms['ShopifyBaseAuth']]"/>

            </http:request-builder>
            <http:success-status-code-validator values="200..599"/>
        </http:request>
        <validation:custom-validator config-ref="Validation_Configuration" message="SHOPIFY API ha retornado un error" class="com.acqua.common.sl.validator.SLExternalRestfulValidator" doc:name="Validation HTTP Response"/>
        <flow-ref name="shopify-order-get-all-while-flow" doc:name="shopify-order-get-all-while-flow"/>
        <set-property propertyName="http.status" value="#[200]" doc:name="http.status"/>
        <set-payload value="#[flowVars.articulosAModificar]" doc:name="Set Payload"/>
        <json:object-to-json-transformer doc:name="Object to JSON"/>
        <logger message="SYSTEM LAYER - #[message.outboundProperties[&quot;http.status&quot;]==200?&quot;Procesado&quot;:&quot;ERROR articulo no procesado&quot;]#[&quot;\n&quot;]#[payload]" level="INFO" category="com.acqua.utils.ConsolaSystemShopify" doc:name="Logger CONSOLA"/>
        <exception-strategy ref="System_Layer_Generic_Exception_Strategy" doc:name="Reference Exception Strategy"/>

    </flow>
    
    <flow name="shopify-order-get-all-while-flow" initialState="started" processingStrategy="synchronous">
        <enricher target="#[flowVars.pageInfo]" doc:name="Message Enricher">
            <invoke object-ref="ShopifyUtil" method="getNextLink" methodArguments="#[message.inboundProperties.Link != null?message.inboundProperties.Link:&quot;&quot;]" doc:name="Invoke - Get Next Link"/>
        </enricher>
        <json:json-to-object-transformer returnClass="java.util.HashMap" doc:name="JSON to Object"/>
        <foreach collection="#[payload.orders]" doc:name="For Each - Product">
            <logger message="Order #[payload.order_number]" level="INFO" category="com.acqua.utils.SystemLayer" doc:name="Logger"/>
            <expression-component doc:name="Expression"><![CDATA[flowVars.tmp = new java.util.HashMap();
flowVars.tmp.put("id",payload.id);
flowVars.tmp.put("order_number",payload.order_number);
flowVars.articulosAModificar.add(flowVars.tmp);]]></expression-component>
        </foreach>
        <choice doc:name="Choice - Hay mas Paginas Pendientes?">
            <when expression="#[!flowVars.pageInfo.isEmpty()]">
            	<http:request config-ref="HTTP_Request_Configuration_Shopify" path="#['/orders.json?limit=100&amp;fields=id,order_number&amp;page_info=' + flowVars.pageInfo]" method="GET" source="#[flowVars.request]" doc:name="HTTP - Get Order">
            <http:request-builder>
                        <http:header headerName="authorization" value="#[flowVars.shopifyParms['ShopifyBaseAuth']]"/>

            </http:request-builder>
            <http:success-status-code-validator values="200..599"/>
        </http:request>
                <flow-ref name="shopify-order-get-all-while-flow" doc:name="shopify-order-get-all-while-flow"/>
            </when>
            <otherwise>
                <logger message="No hay mas paginas pendientes" level="INFO" category="com.acqua.utils.SystemLayer" doc:name="Logger"/>
            </otherwise>
        </choice>



				
    </flow>


</mule>
