<?xml version="1.0" encoding="UTF-8"?>

<mule xmlns:tracking="http://www.mulesoft.org/schema/mule/ee/tracking"
	xmlns:json="http://www.mulesoft.org/schema/mule/json" xmlns:http="http://www.mulesoft.org/schema/mule/http"
	xmlns="http://www.mulesoft.org/schema/mule/core" xmlns:doc="http://www.mulesoft.org/schema/mule/documentation"
	xmlns:spring="http://www.springframework.org/schema/beans" xmlns:xsi="http://www.w3.org/2001/XMLSchema-instance"
	xsi:schemaLocation="http://www.mulesoft.org/schema/mule/json http://www.mulesoft.org/schema/mule/json/current/mule-json.xsd
http://www.mulesoft.org/schema/mule/http http://www.mulesoft.org/schema/mule/http/current/mule-http.xsd
http://www.springframework.org/schema/beans http://www.springframework.org/schema/beans/spring-beans-current.xsd
http://www.mulesoft.org/schema/mule/core http://www.mulesoft.org/schema/mule/core/current/mule.xsd
http://www.mulesoft.org/schema/mule/ee/tracking http://www.mulesoft.org/schema/mule/ee/tracking/current/mule-tracking-ee.xsd">

	<flow name="shopify-webhook-flow">
        <expression-component doc:name="Expression"><![CDATA[flowVars.ECommerceWebhookTopics=message.inboundProperties.'http.uri.params'.Action;
flowVars.ECommerceWebhookActive="${Shopify_Webhooks_active}";]]></expression-component>
        <choice doc:name="Choice">
            <when expression="#[flowVars.ECommerceWebhookActive.equals(&quot;Y&quot;)]">
                <flow-ref name="shopify-process-webhook-flow" doc:name="shopify-process-webhook-flow"/>
            </when>
            <otherwise>
                <logger message="Weehook not actived" level="INFO" category="com.acqua.utils.SystemLayer" doc:name="Logger"/>
            </otherwise>
        </choice>
        <set-payload value="{&quot;status&quot;:&quot;Done&quot;}" mimeType="application/json" doc:name="Set Payload"/>
    </flow>
    
	<flow name="shopify-process-webhook-flow" processingStrategy="synchronous">

		<choice doc:name="Choice">
			<when expression="#[flowVars.ECommerceWebhookTopics == &quot;Start&quot;]">
				<set-variable variableName="ECommerceWebhookTopics"
					value="${Shopify_Webhooks_topics}" doc:name="Set Shopify Webhook Topics Start" />
			</when>
			<otherwise>
				<set-variable variableName="ECommerceWebhookTopics"
					value="#[&quot;&quot;]" doc:name="Set Shopify Webhook Topics Stop" />
			</otherwise>
		</choice>

		<enricher target="#[payload]"
			doc:name="Message Enricher - Getting Webhook Configured">
			<processor-chain doc:name="Processor Chain">
				<set-variable variableName="ShopifyWebhookProtocolo"
					value="${Shopify_Webhooks_protocolo}" doc:name="Set Shopify Webhook Protocolo" />
				<set-variable variableName="ShopifyWebhookURL" value="${Shopify_Webhooks_url}"
					doc:name="Set Shopify Webhook URL" />
				<invoke object-ref="ShopifyUtil" method="getWebhook"
					methodArguments="#[flowVars.ShopifyWebhookProtocolo],#[flowVars.ShopifyWebhookURL],#[flowVars.ECommerceWebhookTopics]"
					doc:name="Invoke Get Topics" />
			</processor-chain>
		</enricher>

		<enricher target="#[flowVars.shopifyParms]" doc:name="Message Enricher - Shopify Parms">
			<invoke object-ref="ShopifyUtil" method="generateURL"
				methodArguments="${Shopify_API_Key}, ${Shopify_API_Password}, &quot;&quot;"
				doc:name="Invoke" />
		</enricher>
		<enricher target="#[flowVars.currentWebhooks]"
			doc:name="Message Enricher - Getting Current Webhooks">
			<processor-chain doc:name="Processor Chain">
				<http:request config-ref="HTTP_Request_Configuration_Shopify"
					path="/webhooks.json" method="GET" source="#[flowVars.request]"
					doc:name="HTTP - Get Weebhooks">
					<http:request-builder>
						<http:header headerName="authorization"
							value="#[flowVars.shopifyParms['ShopifyBaseAuth']]" />
					</http:request-builder>
					<http:success-status-code-validator
						values="200..599" />
				</http:request>
				<json:json-to-object-transformer
					returnClass="java.util.HashMap" doc:name="JSON to Object" />
			</processor-chain>
		</enricher>
		<custom-transformer mimeType="application/json"
			class="com.acqua.transformer.ShopifyWebhookTransformer" doc:name="Shopify Webhook Transformer Transformer" />
		<logger
			message="Configurando Webhook: ${Shopify_API_Host}:${Shopify_API_Port}${Shopify_API_BasePath} Autorizacion #[flowVars.shopifyParms['ShopifyBaseAuth']]"
			level="INFO" category="com.acqua.utils.SystemLayer" doc:name="Logger" />

		<foreach collection="#[payload]" doc:name="For Each - Config">
			<logger message="Configuracion a Aplicar: #[payload]" level="INFO"
				category="com.acqua.utils.SystemLayer" doc:name="Logger" />
			<choice doc:name="Choice">
				<when
					expression="#[payload.webhook.id&gt;0 &amp;&amp; payload.webhook.topic != &quot;&quot; ]">
					<set-variable variableName="id" value="#[payload.webhook.id]"
						doc:name="Get Id" />
					<json:object-to-json-transformer
						doc:name="Object to JSON" />
					<logger
						message="Webhook Request Update:  #[message.payloadAs(java.lang.String)]"
						level="INFO" category="com.acqua.utils.SystemLayer" doc:name="Logger" />
					<http:request config-ref="HTTP_Request_Configuration_Shopify"
						path="/webhooks/#[flowVars.id].json" method="PUT"
						doc:name="HTTP - Update Weebhooks">
						<http:request-builder>
							<http:header headerName="authorization"
								value="#[flowVars.shopifyParms['ShopifyBaseAuth']]" />
						</http:request-builder>
					</http:request>
					<logger message="Actualizado  #[message.payloadAs(java.lang.String)]"
						level="INFO" category="com.acqua.utils.SystemLayer" doc:name="Logger" />
				</when>
				<when
					expression="#[payload.webhook.id==0 &amp;&amp; payload.webhook.topic != &quot;&quot; ]">
					<json:object-to-json-transformer
						doc:name="Object to JSON" />
					<logger
						message="Webhook Request Create::  #[message.payloadAs(java.lang.String)]"
						level="INFO" category="com.acqua.utils.SystemLayer" doc:name="Logger" />
					<http:request config-ref="HTTP_Request_Configuration_Shopify"
						path="/webhooks.json" method="POST" doc:name="HTTP - Create Weebhooks">
						<http:request-builder>
							<http:header headerName="authorization"
								value="#[flowVars.shopifyParms['ShopifyBaseAuth']]" />
						</http:request-builder>
					</http:request>
					<logger message="Agregado #[message.payloadAs(java.lang.String)]"
						level="INFO" category="com.acqua.utils.SystemLayer" doc:name="Logger" />
				</when>
				<otherwise>
					<set-variable variableName="id" value="#[payload.webhook.id]"
						doc:name="Get Id" />
					<logger
						message="Webhook Request Delete::  #[message.payloadAs(java.lang.String)]"
						level="INFO" category="com.acqua.utils.SystemLayer" doc:name="Logger" />
					<http:request config-ref="HTTP_Request_Configuration_Shopify"
						path="/webhooks/#[flowVars.id].json" method="DELETE"
						doc:name="HTTP - Delete Weebhooks">
						<http:request-builder>
							<http:header headerName="authorization"
								value="#[flowVars.shopifyParms['ShopifyBaseAuth']]" />
						</http:request-builder>
					</http:request>
					<logger message="Eliminado  #[message.payloadAs(java.lang.String)]"
						level="INFO" category="com.acqua.utils.SystemLayer" doc:name="Logger" />
				</otherwise>
			</choice>
		</foreach>
		<exception-strategy ref="System_Layer_Boostrap_Exception_Strategy"
			doc:name="Reference Exception Strategy" />
	</flow>

    <flow name="shopify-process-get-current-webhook-flow">
    
        <enricher target="#[flowVars.shopifyParms]" doc:name="Message Enricher - Shopify Parms">
			<invoke object-ref="ShopifyUtil" method="generateURL"
				methodArguments="${Shopify_API_Key}, ${Shopify_API_Password}, &quot;&quot;"
				doc:name="Invoke" />
		</enricher>
		
        <processor-chain doc:name="Processor Chain">
                <http:request config-ref="HTTP_Request_Configuration_Shopify"
                    path="/webhooks.json" method="GET" source="#[flowVars.request]"
                    doc:name="HTTP - Get Weebhooks">
                    <http:request-builder>
                        <http:header headerName="authorization"
                            value="#[flowVars.shopifyParms['ShopifyBaseAuth']]" />
                    </http:request-builder>
                    <http:success-status-code-validator
                        values="200..599" />
                </http:request>
                <json:json-to-object-transformer
                    returnClass="java.util.HashMap" doc:name="JSON to Object" />
            </processor-chain>
    </flow>

</mule>
