<?xml version="1.0" encoding="UTF-8"?>

<mule xmlns:tracking="http://www.mulesoft.org/schema/mule/ee/tracking" xmlns:validation="http://www.mulesoft.org/schema/mule/validation"
	xmlns:http="http://www.mulesoft.org/schema/mule/http" xmlns:json="http://www.mulesoft.org/schema/mule/json"
	xmlns="http://www.mulesoft.org/schema/mule/core" xmlns:doc="http://www.mulesoft.org/schema/mule/documentation"
	xmlns:spring="http://www.springframework.org/schema/beans" xmlns:xsi="http://www.w3.org/2001/XMLSchema-instance"
	xsi:schemaLocation="http://www.mulesoft.org/schema/mule/validation http://www.mulesoft.org/schema/mule/validation/current/mule-validation.xsd
http://www.mulesoft.org/schema/mule/http http://www.mulesoft.org/schema/mule/http/current/mule-http.xsd
http://www.mulesoft.org/schema/mule/json http://www.mulesoft.org/schema/mule/json/current/mule-json.xsd
http://www.springframework.org/schema/beans http://www.springframework.org/schema/beans/spring-beans-current.xsd
http://www.mulesoft.org/schema/mule/core http://www.mulesoft.org/schema/mule/core/current/mule.xsd
http://www.mulesoft.org/schema/mule/ee/tracking http://www.mulesoft.org/schema/mule/ee/tracking/current/mule-tracking-ee.xsd">

	<flow name="shopify-varianza_actualizar_flow">
		<flow-ref name="shopify-varianza_add_or_update_flow"
			doc:name="shopify-varianza_add_or_update_flow" />
		<logger
			message="SYSTEM LAYER - #[message.outboundProperties[&quot;http.status&quot;]==200?&quot;Procesado&quot;:&quot;ERROR articulo no procesado&quot;]  #[flowVars.keyLog] #[&quot;\n&quot;]#[payload]"
			level="INFO" category="com.acqua.utils.ConsolaSystemShopify"
			doc:name="Logger CONSOLA" />
	</flow>

	<flow name="shopify-varianza_add_or_update_flow"
		processingStrategy="synchronous">

		<expression-component doc:name="Set Control Vars"><![CDATA[flowVars.flowName=flow.name;
flowVars.metricCategory=message.inboundProperties.'http.request.path';
flowVars.apiName=message.inboundProperties.'http.request.uri';
flowVars.errorCode="";
flowVars.process=message.inboundProperties.'process';
flowVars.transactionId=message.inboundProperties.'transactionId';
flowVars.articuloDescripcion=message.inboundProperties.'articuloDescripcion';
]]></expression-component>

		<byte-array-to-string-transformer
			doc:name="Byte Array to String" encoding="UTF-8" mimeType="application/json" />
			
		<logger
			message="#[&quot;-----------------------------------------------------------------------------------------&quot;]"
			level="INFO" category="com.acqua.utils.ConsolaSystemShopify"
			doc:name="Logger CONSOLA" />
			
		<logger
			message="SYSTEM LAYER - Requerimiento recibido #[flowVars.keyLog]  #[&quot;\n&quot;] #[payload]"
			level="INFO" category="com.acqua.utils.ConsolaSystemShopify"
			doc:name="Logger CONSOLA" />
 
		<json:json-to-object-transformer
			returnClass="java.util.HashMap" doc:name="JSON to Object" />
 
		<set-variable variableName="keyLog"
			value="Varianza #[payload.articuloDescripcionAdicional] - #[payload.articulo]  - #[payload.color]  - #[payload.talle]"
			doc:name="Save Key For Logger" />
        <expression-component doc:name="Expression - Set SKU"><![CDATA[flowVars.sku=new com.acqua.utils.Sku(payload.articulo, payload.color,payload.talle,"${Paleta_Colores_Separador}","${SKU_Separador}");]]></expression-component>
  
		<enricher target="#[flowVars.shopifyParms]" doc:name="Message Enricher">
			<invoke object-ref="ShopifyUtil" method="generateURL"
				methodArguments="${Shopify_API_Key}, ${Shopify_API_Password}, &quot;/products/#[payload[&quot;id&quot;]].json&quot;"
				doc:name="Invoke - Genera Path de la URL" />
		</enricher>
     
        <enricher target="#[flowVars.productID]" doc:name="Message Enricher - Get Product ID">
            <processor-chain doc:name="Processor Chain">
                <set-variable variableName="parameterCodigo" value="#[flowVars.sku.getSKU()]" doc:name="Variable - Set Codigo"/>
                <flow-ref name="shopify-producto-get-id-process-flow" doc:name="shopify-producto-get-id-process-flow"/>
                <expression-component doc:name="Expression"><![CDATA[payload = new java.util.HashMap();
payload.put('ids',flowVars.returnValue);
payload.put('idVarianzaSKUSinColorYTalle',flowVars.idVarianzaSKUSinColorYTalle);
payload.put('idsInventory',flowVars.returnValueInventoryId);
]]></expression-component>
            </processor-chain>
        </enricher>
        <set-variable variableName="baseID" value="#[flowVars.productID.ids.get(flowVars.sku.getCodigo())]" doc:name="Variable - Set Base ID"/>
        <set-variable variableName="skuID" value="#[flowVars.productID.idVarianzaSKUSinColorYTalle&gt;0?flowVars.productID.idVarianzaSKUSinColorYTalle:flowVars.productID.ids.get(flowVars.sku.getSKU())]" doc:name="Variable - Set SKU ID"/>
    
        <choice doc:name="Choice">
            <when expression="#[flowVars.skuID &gt; 0]">
                <expression-component doc:name="Expression"><![CDATA[payload.put('id',flowVars.skuID);
payload.put('inventoryId',flowVars.productID.idsInventory.get(flowVars.sku.getSKU()));]]></expression-component>
                <choice doc:name="Choice">
                    <when expression="#[payload.action == 'all' || payload.action == 'prices']">
                        <enricher target="#[flowVars.VarianzaResponse]" doc:name="Message Enricher">
                            
                            <flow-ref name="shopify-varianza-update-price-flow" doc:name="shopify-varianza-update-price-flow"/>
                            
                        </enricher>
                    </when>
                    <otherwise>
                        <logger message="No se actualizo Precio" level="INFO" category="com.acqua.utils.ConsolaSystemShopify" doc:name="Logger"/>
                    </otherwise>
                </choice>

                <choice doc:name="Choice">
                    <when expression="#[payload.action == 'all' || payload.action == 'stock']">
                        <enricher doc:name="Message Enricher" target="#[flowVars.InventoryResponse]">
                    <flow-ref name="shopify-varianza-update-stock-flow" doc:name="shopify-varianza-update-stock-flow"/>
                </enricher>
                    </when>
                    <otherwise>
                        <logger message="No hay actualizacion de Inventario" level="INFO" category="com.acqua.utils.ConsolaSystemShopify" doc:name="Logger"/>
                    </otherwise>
                </choice>
                <expression-component doc:name="Expression - Set Payload"><![CDATA[payload = new java.util.HashMap();
payload.put('variant', flowVars.VarianzaResponse);
payload.put('inventory', flowVars.InventoryResponse);]]></expression-component>
                <json:object-to-json-transformer doc:name="Object to JSON" />
       
                <set-property propertyName="http.status" value="#[200]" doc:name="http.status"/>
                <remove-variable variableName="keyLog" doc:name="Clean keyLog"/>
          
            </when>
     
            <otherwise>
            	<expression-component doc:name="Expression - Set Payload"><![CDATA[payload = new java.util.HashMap();
flowVars.tmp = new java.util.HashMap();
flowVars.tmp .put('sku', flowVars.sku.getSKU());
flowVars.tmp .put('error', 'Does not exist this SKU');
payload.put('variant', flowVars.tmp );]]></expression-component>
                <json:object-to-json-transformer doc:name="Object to JSON"/>
                <set-property propertyName="http.status" value="#[404]" doc:name="http.status"/>
            </otherwise>
  
        </choice>
	
		<exception-strategy ref="System_Layer_Generic_Exception_Strategy"
			doc:name="Reference Exception Strategy" />

	</flow>
	
	<flow name="shopify-varianza-update-price-flow" processingStrategy="synchronous">

		<enricher target="#[flowVars.request]" doc:name="Message Enricher">
			<processor-chain doc:name="Processor Chain">
				<custom-transformer mimeType="application/json"
					class="com.acqua.transformer.ShopifyUpdateVarianzaPriceTransformer"
					doc:name="Shopify Update Price" />
                <enricher target="#[flowVars.statusQueue]" doc:name="Message Enricher">
                    <processor-chain doc:name="Processor Chain">
                        <expression-component doc:name="Expression"><![CDATA[flowVars.tmpPayload = payload;
payload = new java.util.HashMap();
payload.put('source','monitor-woo');   
payload.put('thread',Thread.currentThread().getId());                     
payload.put('process',flowVars.process);
payload.put('transactionId',flowVars.transactionId);
payload.put('codigo',flowVars.sku.getSKU());
payload.put('id',flowVars.tmpPayload.variant.id);
payload.put('descripcion',flowVars.articuloDescripcion);
payload.put('ultima-actividad-status',200);
payload.put('ultima-actividad-fecha',server.dateTime.format('yyyy/MM/dd HH:mm:ss:SSS'));
payload.put('ultima-actividad-estado','Envio Precio a Ecommerce');
payload.put('payload',flowVars.tmpPayload);
]]></expression-component>
                        <flow-ref name="message-send-msg-to-topic-flow" doc:name="message-send-msg-to-topic-flow"/>
                    </processor-chain>
                </enricher>
				<json:object-to-json-transformer
					encoding="UTF-8" doc:name="Object to JSON" />
			</processor-chain>
		</enricher>
	
		<http:request config-ref="HTTP_Request_Configuration_Shopify"
			path="/variants/#[flowVars.skuID].json" method="PUT"
			doc:name="HTTP - Actualizacion Varianza" source="#[flowVars.request]">
			<http:request-builder>
				<http:header headerName="authorization"
					value="#[flowVars.shopifyParms['ShopifyBaseAuth']]" />
				<http:header headerName="content-type" value="application/json;charset=UTF-8" />
			</http:request-builder>
			<http:success-status-code-validator
				values="200..599" />
		</http:request>

        <json:json-to-object-transformer returnClass="java.util.HashMap" doc:name="JSON to Object"/>
        <enricher target="#[flowVars.statusQueue]" doc:name="Message Enricher">
            <processor-chain doc:name="Processor Chain">
                <expression-component doc:name="Expression"><![CDATA[flowVars.tmpPayload = payload;
payload = new java.util.HashMap();
payload.put('source','monitor-woo');   
payload.put('thread',Thread.currentThread().getId());                     
payload.put('process',flowVars.process);
payload.put('transactionId',flowVars.transactionId);
payload.put('codigo',flowVars.sku.getSKU());
payload.put('id',flowVars.tmpPayload.variant.id);
payload.put('descripcion',flowVars.articuloDescripcion);
payload.put('ultima-actividad-status',message.inboundProperties['http.status']);
payload.put('ultima-actividad-fecha',server.dateTime.format('yyyy/MM/dd HH:mm:ss:SSS'));
payload.put('ultima-actividad-estado','Precio a Ecommerce enviado');
payload.put('payload',flowVars.tmpPayload);
]]></expression-component>
                <flow-ref name="message-send-msg-to-topic-flow" doc:name="message-send-msg-to-topic-flow"/>
            </processor-chain>
        </enricher>
        <validation:custom-validator config-ref="Validation_Configuration" message="SHOPIFY API ha retornado un error" class="com.acqua.common.sl.validator.SLExternalRestfulValidator" doc:name="Validation HTTP Response"/>
	
		<logger
			message="SYSTEM LAYER Variant Updated. #[flowVars.keyLog] Auth: #[flowVars.shopifyParms.ShopifyBaseAuth] #[&quot;\n&quot;]#[flowVars.request]"
			level="INFO" category="com.acqua.utils.ConsolaSystemShopify"
			doc:name="Logger CONSOLA" />

	</flow>

	<flow name="shopify-varianza-update-stock-flow"
		processingStrategy="synchronous">
		
		 <logger message="Recuperando Shopify ID de Dragon Code:  #[flowVars.sku]" level="INFO" category="com.acqua.utils.SystemLayer" doc:name="Logger"/>
        <enricher target="#[flowVars.locationID]" doc:name="Message Enricher">
            <processor-chain doc:name="Processor Chain">
                <http:request config-ref="HTTP_Request_Configuration_Shopify" path="#['inventory_levels.json?inventory_item_ids=' + payload.inventoryId]" method="GET" doc:name="HTTP - Validate Shopify ID">
                    <http:request-builder>
                        <http:header headerName="authorization" value="#[flowVars.shopifyParms['ShopifyBaseAuth']]"/>
                    </http:request-builder>
                    <http:success-status-code-validator values="200..599"/>
                </http:request>
                <validation:custom-validator config-ref="Validation_Configuration" message="Shopify: No se pudo recuperar el articulo en base al codigo Dragon" class="com.acqua.common.sl.validator.SLExternalRestfulValidator" doc:name="Validation HTTP Response"/>
                <json:json-to-object-transformer returnClass="java.util.HashMap" doc:name="JSON to Object"/>
            </processor-chain>
        </enricher>
        <expression-component doc:name="Expression Set Loc Id"><![CDATA[payload.put('locationID',flowVars.locationID.inventory_levels[0].location_id); ]]></expression-component>

		<enricher target="#[flowVars.request]" doc:name="Message Enricher">
			<processor-chain doc:name="Processor Chain">
				<custom-transformer mimeType="application/json"
					class="com.acqua.transformer.ShopifyUpdateVarianzaStockTransformer"
					doc:name="Shopify Update Price" />
                <enricher target="#[flowVars.statusQueue]" doc:name="Message Enricher">
                    <processor-chain doc:name="Processor Chain">
                        <expression-component doc:name="Expression"><![CDATA[flowVars.tmpPayload = payload;
payload = new java.util.HashMap();
payload.put('source','monitor-woo');   
payload.put('thread',Thread.currentThread().getId());                     
payload.put('process',flowVars.process);
payload.put('transactionId',flowVars.transactionId);
payload.put('codigo',flowVars.sku.getSKU());
payload.put('id',flowVars.tmpPayload.inventory_item_id);
payload.put('descripcion',flowVars.articuloDescripcion);
payload.put('ultima-actividad-status',200);
payload.put('ultima-actividad-fecha',server.dateTime.format('yyyy/MM/dd HH:mm:ss:SSS'));
payload.put('ultima-actividad-estado','Stock  a Ecommerce enviado');
payload.put('payload',flowVars.tmpPayload);
]]></expression-component>
                        <flow-ref name="message-send-msg-to-topic-flow" doc:name="message-send-msg-to-topic-flow"/>
                    </processor-chain>
                </enricher>
				<json:object-to-json-transformer
					encoding="UTF-8" doc:name="Object to JSON" />
			</processor-chain>
		</enricher>
		
		<http:request config-ref="HTTP_Request_Configuration_Shopify"
			path="/inventory_levels/set.json" method="POST"
			doc:name="HTTP - Actualizacion Varianza" source="#[flowVars.request]">
			<http:request-builder>
                <http:header headerName="authorization" value="#[flowVars.shopifyParms['ShopifyBaseAuth']]"/>
                <http:header headerName="content-type" value="application/json;charset=UTF-8"/>
			</http:request-builder>
			<http:success-status-code-validator
				values="200..599" />
		</http:request>
        <json:json-to-object-transformer returnClass="java.util.HashMap" doc:name="JSON to Object"/>
        <enricher target="#[flowVars.statusQueue]" doc:name="Message Enricher">
            <processor-chain doc:name="Processor Chain">
                <expression-component doc:name="Expression"><![CDATA[flowVars.tmpPayload = payload;
payload = new java.util.HashMap();
payload.put('source','monitor-woo');   
payload.put('thread',Thread.currentThread().getId());                     
payload.put('process',flowVars.process);
payload.put('transactionId',flowVars.transactionId);
payload.put('codigo',flowVars.sku.getSKU());
payload.put('id',flowVars.tmpPayload.inventory_item_id);
payload.put('descripcion',flowVars.articuloDescripcion);
payload.put('ultima-actividad-status',message.inboundProperties['http.status']);
payload.put('ultima-actividad-fecha',server.dateTime.format('yyyy/MM/dd HH:mm:ss:SSS'));
payload.put('ultima-actividad-estado','Envio Stock  a Ecommerce');
payload.put('payload',flowVars.tmpPayload);
]]></expression-component>
                <flow-ref name="message-send-msg-to-topic-flow" doc:name="message-send-msg-to-topic-flow"/>
            </processor-chain>
        </enricher>
		<validation:custom-validator config-ref="Validation_Configuration"
			message="SHOPIFY API ha retornado un error" class="com.acqua.common.sl.validator.SLExternalRestfulValidator"
			doc:name="Validation HTTP Response" />

		<logger
			message="SYSTEM LAYER Variant Updated. #[flowVars.keyLog] Auth: #[flowVars.shopifyParms.ShopifyBaseAuth] #[&quot;\n&quot;]#[flowVars.request]"
			level="INFO" category="com.acqua.utils.ConsolaSystemShopify"
			doc:name="Logger CONSOLA" />

	</flow>



</mule>
