<?xml version="1.0" encoding="UTF-8"?>

<mule xmlns:json="http://www.mulesoft.org/schema/mule/json"
	xmlns:validation="http://www.mulesoft.org/schema/mule/validation"
	xmlns:http="http://www.mulesoft.org/schema/mule/http" xmlns:tracking="http://www.mulesoft.org/schema/mule/ee/tracking"
	xmlns="http://www.mulesoft.org/schema/mule/core" xmlns:doc="http://www.mulesoft.org/schema/mule/documentation"
	xmlns:spring="http://www.springframework.org/schema/beans" xmlns:xsi="http://www.w3.org/2001/XMLSchema-instance"
	xsi:schemaLocation="http://www.mulesoft.org/schema/mule/json http://www.mulesoft.org/schema/mule/json/current/mule-json.xsd
http://www.mulesoft.org/schema/mule/validation http://www.mulesoft.org/schema/mule/validation/current/mule-validation.xsd
http://www.springframework.org/schema/beans http://www.springframework.org/schema/beans/spring-beans-current.xsd
http://www.mulesoft.org/schema/mule/core http://www.mulesoft.org/schema/mule/core/current/mule.xsd
http://www.mulesoft.org/schema/mule/ee/tracking http://www.mulesoft.org/schema/mule/ee/tracking/current/mule-tracking-ee.xsd
http://www.mulesoft.org/schema/mule/http http://www.mulesoft.org/schema/mule/http/current/mule-http.xsd">
    <flow name="shopify-producto_actualizar_flow">
        <flow-ref name="shopify-producto_add_or_update_flow" doc:name="shopify-producto_add_or_update_flow"/>
        <logger message="SYSTEM LAYER - #[message.outboundProperties[&quot;http.status&quot;]==200?&quot;Procesado&quot;:&quot;ERROR articulo no procesado&quot;]  #[flowVars.keyLog] #[&quot;\n&quot;]#[payload]" level="INFO" category="com.acqua.utils.ConsolaSystemShopify" doc:name="Logger CONSOLA"/>
    </flow>


	<flow name="shopify-producto_add_or_update_flow" processingStrategy="synchronous">
		
		<expression-component doc:name="Set Control Vars"><![CDATA[flowVars.flowName=flow.name;
flowVars.metricCategory=message.inboundProperties.'http.request.path';
flowVars.apiName=message.inboundProperties.'http.request.uri';
flowVars.errorCode="";
flowVars.updateImages='${shopify_generar_csv_image_update_images}';
flowVars.process=message.inboundProperties.'process';
flowVars.transactionId=message.inboundProperties.'transactionId';
]]></expression-component>

		<byte-array-to-string-transformer doc:name="Byte Array to String" encoding="UTF-8" mimeType="application/json"/> 
		
		<set-variable variableName="originalRequest" value="#[payload]" doc:name="Save Request Input as JSON"/>
		
        <json:json-to-object-transformer returnClass="java.util.HashMap" doc:name="JSON to Object"/>
        
        <set-variable variableName="inputRequest" value="#[payload]" doc:name="Save Request Input As Object"/>
       
        <set-variable variableName="keyLog" value="Articulo #[payload.dragonID] Shopify ID #[payload[&quot;id&quot;]] " doc:name="Save Key For Logger"/>
        
        <logger message="#[&quot;-----------------------------------------------------------------------------------------&quot;]" level="INFO" category="com.acqua.utils.ConsolaSystemShopify" doc:name="Logger CONSOLA"/>
        
        <logger message="SYSTEM LAYER - Requerimiento recibido #[flowVars.keyLog]  #[&quot;\n&quot;] #[flowVars.originalRequest]" level="INFO" category="com.acqua.utils.ConsolaSystemShopify" doc:name="Logger CONSOLA"/>
 
		<enricher target="#[flowVars.shopifyParms]" doc:name="Message Enricher">
            <invoke object-ref="ShopifyUtil" method="generateURL" methodArguments="${Shopify_API_Key}, ${Shopify_API_Password}, &quot;/products/#[payload[&quot;id&quot;]].json&quot;" doc:name="Invoke - Genera Path de la URL"/>
		</enricher>
      
        <enricher target="#[flowVars.productID]" doc:name="Message Enricher - Get Product ID">
            <processor-chain doc:name="Processor Chain">
                <set-variable variableName="parameterCodigo" value="#[payload.dragonID]" doc:name="Variable - Set Codigo"/>
                <flow-ref name="shopify-producto-get-id-process-flow" doc:name="shopify-producto-get-id-process-flow"/>
                <set-payload value="#[flowVars .returnValue.get(flowVars .parameterCodigo)]" doc:name="Set Payload"/>
            </processor-chain>
        </enricher>
        
        <expression-component doc:name="Expression"><![CDATA[payload.replace('id',Long.toString(flowVars.productID));]]></expression-component>
        
        <enricher target="#[flowVars.equivalencia]" doc:name="Message Enricher">
            <processor-chain doc:name="Processor Chain">
              <set-variable variableName="CheckEquivalencia" value="#[${Dragon_Check_Equivalencias}]" doc:name="Variable Set Check Equivalencia"/>
              <choice doc:name="Choice">
                    <when expression="#[flowVars.CheckEquivalencia]">
                        <flow-ref name="shopify-producto_get_equivalencia_flow" doc:name="shopify-producto_get_equivalencia_flow"/>
                    </when>
                    <otherwise>
                        <set-payload value="#[&quot;&quot;]" doc:name="Set Payload"/>
                    </otherwise>
                </choice>
            </processor-chain>
        </enricher>
 
        <enricher target="#[flowVars.request]" doc:name="Message Enricher">
            <processor-chain doc:name="Processor Chain - Preparar Request Para Alta/Actualizacion Producto">
                <custom-transformer mimeType="application/json" class="com.acqua.transformer.ShopifyAltaProductoTransformer" doc:name="Shopify Alta Producto Transformer"/>
                <enricher target="#[flowVars.statusQueue]" doc:name="Message Enricher">
            <processor-chain doc:name="Processor Chain">
                <expression-component doc:name="Expression"><![CDATA[flowVars.tmpPayload = payload;
payload = new java.util.HashMap();
payload.put('source','monitor-shopify');  
payload.put('persistir',true);   
payload.put('thread',Thread.currentThread().getId());                     
payload.put('process',flowVars.process);
payload.put('transactionId',flowVars.transactionId);
payload.put('codigo',flowVars.tmpPayload.product.handle.split(Pattern.quote('${shopify_incluir_title_en_handle_separador}'))[0]);
payload.put('id',flowVars.tmpPayload.product.id);
payload.put('descripcion',flowVars.tmpPayload.product.title);
payload.put('ultima-actividad-status',200);
payload.put('ultima-actividad-fecha',server.dateTime.format('yyyy/MM/dd HH:mm:ss:SSS'));
payload.put('ultima-actividad-estado','Envio Producto a Ecommerce');
payload.put('payload',flowVars.tmpPayload);]]></expression-component>
                <flow-ref name="message-send-msg-to-topic-flow" doc:name="message-send-msg-to-topic-flow"/>
            </processor-chain>
        </enricher>
                <json:object-to-json-transformer doc:name="Object to JSON" encoding="UTF-8"/>

            </processor-chain>
        </enricher>
        <logger message="SYSTEM LAYER - #[payload[&quot;id&quot;] == &quot;0&quot;?&quot;Request Alta&quot;:&quot;Request Modificacion&quot;] de #[flowVars.keyLog] Auth: #[flowVars.shopifyParms.ShopifyBaseAuth] #[&quot;\n&quot;]#[flowVars.request]" level="INFO" category="com.acqua.utils.ConsolaSystemShopify" doc:name="Logger CONSOLA"/>

        <choice doc:name="Choice - Se informa ID?">
            <when expression="#[payload[&quot;id&quot;] == &quot;0&quot;]">

                <http:request config-ref="HTTP_Request_Configuration_Shopify" path="/products.json" method="POST" doc:name="HTTP - Alta Producto" source="#[flowVars.request]">
                    <http:request-builder>
                        <http:header headerName="authorization" value="#[flowVars.shopifyParms['ShopifyBaseAuth']]"/>
                        <http:header headerName="content-type" value="application/json;charset=UTF-8"/>


                    </http:request-builder>
                    <http:success-status-code-validator values="200..599"/>
                </http:request>
            </when>

            <otherwise>
                <set-variable variableName="shopifyID" value="#[payload[&quot;id&quot;]]" doc:name="Set ShopifyID"/>


                <http:request config-ref="HTTP_Request_Configuration_Shopify" path="/products/#[flowVars.shopifyID].json" method="PUT" doc:name="HTTP - Actualizacion Producto" source="#[flowVars.request]">
                    <http:request-builder>
                        <http:header headerName="authorization" value="#[flowVars.shopifyParms['ShopifyBaseAuth']]"/>
                        <http:header headerName="content-type" value="application/json;charset=UTF-8"/>


                    </http:request-builder>
                    <http:success-status-code-validator values="200..599"/>
                </http:request>
            </otherwise>
        </choice>
        <logger message="SYSTEM LAYER - #[payload.id == &quot;0&quot;?&quot;Response Alta&quot;:&quot;Response Modificacion&quot;] de #[flowVars.keyLog] es #[message.inboundProperties[&quot;http.status&quot;]] #[&quot;\n&quot;]#[message.payloadAs(java.lang.String)]" level="INFO" category="com.acqua.utils.ConsolaSystemShopify" doc:name="Logger CONSOLA"/>
        <enricher target="#[flowVars.statusQueue]" doc:name="Message Enricher">
            <processor-chain doc:name="Processor Chain">
                <json:json-to-object-transformer returnClass="java.util.HashMap" doc:name="JSON to Object"/>
                <expression-component doc:name="Expression"><![CDATA[flowVars.tmpPayload = payload;
payload = new java.util.HashMap();
payload.put('source','monitor-shopify'); 
payload.put('persistir',true);    
payload.put('thread',Thread.currentThread().getId());                     
payload.put('process',flowVars.process);
payload.put('transactionId',flowVars.transactionId);
payload.put('codigo',flowVars.tmpPayload.product.handle.split(Pattern.quote('${shopify_incluir_title_en_handle_separador}'))[0]);
payload.put('id',flowVars.tmpPayload.product.id);
payload.put('descripcion',flowVars.tmpPayload.product.title);
payload.put('ultima-actividad-status',message.inboundProperties['http.status']);
payload.put('ultima-actividad-fecha',server.dateTime.format('yyyy/MM/dd HH:mm:ss:SSS'));
payload.put('ultima-actividad-estado','Producto a Ecommerce Enviado');
payload.put('payload',flowVars.tmpPayload);]]></expression-component>
                <flow-ref name="message-send-msg-to-topic-flow" doc:name="message-send-msg-to-topic-flow"/>
            </processor-chain>
        </enricher>

		<validation:custom-validator config-ref="Validation_Configuration"
			message="SHOPIFY API ha retornado un error" class="com.acqua.common.sl.validator.SLExternalRestfulValidator"
			doc:name="Validation HTTP Response" />

        <choice doc:name="Choice">
            <when expression="#[flowVars.updateImages]">
                <json:json-to-object-transformer returnClass="java.util.HashMap" doc:name="JSON to Object"/>

                <flow-ref name="shopify-producto-update-images-flow" doc:name="shopify-producto-update-images-flow"/>
            </when>
            <otherwise>
                <logger message="SYSTEM LAYER - Validate Image Disabled Shopify" level="INFO" category="com.acqua.utils.ConsolaSystemShopify" doc:name="Logger"/>
            </otherwise>
        </choice>

        <set-property propertyName="http.status" value="#[200]" doc:name="http.status"/>
		<exception-strategy ref="System_Layer_New_Exception_Strategy"
				doc:name="Reference Exception Strategy" />
				
	</flow>
	
    <flow name="shopify-producto_get_equivalencia_flow" processingStrategy="synchronous">


		<logger
			message="SYSTEM LAYER -Obtener Equivalencia #[payload.dragonID]"
			level="INFO" category=".acqua.utils.ConsolaSystemShopify"
			doc:name="Logger CONSOLA" />
		<http:request config-ref="HTTP_SystemLayer_API"
			path="/dragon/equivalencia/#[payload.dragonID]" method="GET"
			doc:name="HTTP - Get SKU to avoid">

		</http:request>
        <json:json-to-object-transformer returnClass="java.util.HashMap" doc:name="JSON to Object"/>

		<set-payload value="#[payload.resultados[0].observacion]" encoding="ISO-8859-1"
			mimeType="application/java" doc:name="Set Payload" />
		<logger message="SYSTEM LAYER - SKU #[payload]"
			level="INFO" category="com.acqua.utils.ConsolaSystemDragon" doc:name="Logger CONSOLA" />
		<choice-exception-strategy doc:name="Choice Exception Strategy">

			<catch-exception-strategy
				
				doc:name="Catch Exception Strategy" enableNotifications="false"
				logException="false">

				<logger message="SYSTEM LAYER - Image #[flowVars.imageName] doesn't exists"
					level="INFO" doc:name="Logger CONSOLA" category="com.acqua.utils.ConsolaSystemDragon" />

				<set-payload value="#[&quot;&quot;]" doc:name="Set Payload"
					encoding="ISO-8859-1" mimeType="application/java" />


			</catch-exception-strategy>

		</choice-exception-strategy>

	</flow>
 
    <flow name="shopify-producto-update-images-flow">
 
        <enricher target="#[flowVars.requestImages]" doc:name="Message Enricher">
            <processor-chain doc:name="Processor Chain">
                <custom-transformer mimeType="application/json" class="com.acqua.transformer.ShopifyAltaImagenProductoTransformer" doc:name="Shopify Prepare Image Transformer"/>
                <json:object-to-json-transformer encoding="UTF-8" doc:name="Object to JSON"/>
                <logger message="Request #[payload]" level="INFO" category="com.acqua.utils.SystemLayer" doc:name="Logger"/>
                <logger message="SYSTEM LAYER - Request Imagenes a Shopify #[flowVars.keyLog]  #[&quot;\n&quot;]#[message.payloadAs(java.lang.String)]" level="INFO" category="com.acqua.utils.ConsolaSystemShopify" doc:name="Logger CONSOLA"/>
            </processor-chain>
        </enricher>
        <choice doc:name="Choice">
            <when expression="#[flowVars.requestImages != '{&quot;product&quot;:{}}']">
                <http:request config-ref="HTTP_Request_Configuration_Shopify" path="/products/#[payload.product.id].json" method="PUT" source="#[flowVars.requestImages]" doc:name="HTTP - Actualizacion Imagen Producto">
                    <http:request-builder>
                        <http:header headerName="authorization" value="#[flowVars.shopifyParms['ShopifyBaseAuth']]"/>
                        <http:header headerName="content-type" value="application/json;charset=UTF-8"/>
                    </http:request-builder>
                    <http:success-status-code-validator values="200..599"/>
                </http:request>
                <logger message="SYSTEM LAYER - Actualizacion Imagenes a Shopify del #[flowVars.keyLog] es #[message.inboundProperties[&quot;http.status&quot;]] #[&quot;\n&quot;]#[message.payloadAs(java.lang.String)]" level="INFO" category="com.acqua.utils.ConsolaSystemShopify" doc:name="Logger CONSOLA"/>
                <validation:custom-validator config-ref="Validation_Configuration" message="SHOPIFY API ha retornado un error actualizando imagenes" class="com.acqua.common.sl.validator.SLExternalRestfulValidator" doc:name="Validation HTTP Response"/>
            </when>
            <otherwise>
                <logger message="SYSTEM LAYER - No requierie actualizar imagnes el #[flowVars.keyLog]]" level="INFO" category="com.acqua.utils.ConsolaSystemShopify" doc:name="Logger"/>
            </otherwise>
        </choice>
       
    </flow>
     
    <flow name="shopify-get-articulos-dragon-publicados-flow" processingStrategy="synchronous">
        <logger message="SYSTEM LAYER - REQUEST: Leyendo Productos DragoFish Publicados" level="INFO" category="com.acqua.utils.SystemLayer" doc:name="Logger"/>
        <expression-component doc:name="Set Control Flow"><![CDATA[flowVars.flowName=flow.name;
flowVars.metricCategory=message.inboundProperties.'http.request.path';
flowVars.apiName=message.inboundProperties.'http.request.uri';
flowVars.errorCode="";
flowVars .incluirVarianzas=message.inboundProperties.'http.uri.params'.incluirVarianzas;
flowVars .incluirIDs=message.inboundProperties.'http.uri.params'.incluirIDs!=null?(message.inboundProperties.'http.uri.params'.incluirIDs == "true"):false;]]></expression-component>
        <expression-component doc:name="Set Control Vars"><![CDATA[flowVars.pageInfo='';
flowVars.articulosAModificar = new java.util.HashSet();]]></expression-component>
        <flow-ref name="shopify-get-articulos-dragon-publicados-while-flow" doc:name="shopify-get-articulos-dragon-publicados-while-flow"/>
        <set-payload value="#[flowVars.articulosAModificar]" doc:name="Set Payload"/>
        <json:object-to-json-transformer doc:name="Object to JSON"/>
    </flow>
    <flow name="shopify-get-articulos-dragon-publicados-while-flow" processingStrategy="synchronous">
        <enricher target="#[flowVars.shopifyParms]" doc:name="Message Enricher">
            <invoke object-ref="ShopifyUtil" method="generateURL" methodArguments="${Shopify_API_Key}, ${Shopify_API_Password}, &quot;&quot;" doc:name="Invoke - Genera Path de la URL"/>
        </enricher>
        <http:request config-ref="HTTP_Request_Configuration_Shopify" path="#['/products.json?limit=50&amp;fields=handle,variants&amp;page_info=' + flowVars.pageInfo]" method="GET" source="#[flowVars.request]" doc:name="HTTP - Validate Shopify ID">
            <http:request-builder>
                <http:header headerName="authorization" value="#[flowVars.shopifyParms['ShopifyBaseAuth']]"/>


            </http:request-builder>
        </http:request>

        <enricher target="#[flowVars.pageInfo]" doc:name="Message Enricher">
                    <invoke object-ref="ShopifyUtil" method="getNextLink" methodArguments="#[message.inboundProperties.Link != null?message.inboundProperties.Link:&quot;&quot;]" doc:name="Invoke - Get Next Link"/>
                </enricher>
        <json:json-to-object-transformer returnClass="java.util.HashMap" doc:name="JSON to Object"/>
        <foreach collection="#[payload.products]" doc:name="For Each - Product">
            <logger message="Producto Dragon #[payload.handle]" level="INFO" category="com.acqua.utils.SystemLayer" doc:name="Logger"/>
            <choice doc:name="Choice">
                <when expression="#[flowVars .incluirVarianzas]">
                    <set-variable variableName="mainSKU" value="#[payload.handle.split(Pattern.quote('${shopify_incluir_title_en_handle_separador}'))[0]]" doc:name="Variable Main SKU"/>
                    <foreach collection="#[payload.variants]" doc:name="For Each">
                        <expression-component doc:name="Expression"><![CDATA[if(payload.sku != null && !payload.sku.isEmpty())
{
    if(flowVars .incluirIDs)
	{
		if(flowVars.mainSKU == payload.sku)
       { 
			flowVars.articulosAModificar.add(payload.sku+"|"+payload.product_id);
       }
       else
       {
			flowVars.articulosAModificar.add(payload.sku+"|"+payload.id);
       }
		
	} else
	{
		flowVars.articulosAModificar.add(payload.sku);
	} 
}
]]></expression-component>
                    </foreach>
                </when>
                <otherwise>
                    <expression-component doc:name="Expression"><![CDATA[if(!payload.handle.isEmpty())
{
    if(flowVars .incluirIDs)
	{
		flowVars.articulosAModificar.add(payload.handle.split(Pattern.quote('${shopify_incluir_title_en_handle_separador}'))[0]+"|"+payload.variants[0].product_id);
	} else
	{
		flowVars.articulosAModificar.add(payload.handle.split(Pattern.quote('${shopify_incluir_title_en_handle_separador}'))[0]);
	} 
}]]></expression-component>
                </otherwise>
            </choice>

        </foreach>
        <choice doc:name="Choice - Hay mas Paginas Pendientes?">
            <when expression="#[!flowVars.pageInfo.isEmpty()]">
                <flow-ref name="shopify-get-articulos-dragon-publicados-while-flow" doc:name="shopify-get-articulos-dragon-publicados-while-flow"/>
            </when>
            <otherwise>
                <logger message="No hay mas paginas pendientes" level="INFO" category="com.acqua.utils.SystemLayer" doc:name="Logger"/>
            </otherwise>
        </choice>
    </flow>
    <flow name="shopify-producto_get_id_flow" processingStrategy="synchronous">
        <expression-component doc:name="Expression"><![CDATA[flowVars .parameterCodigo=message.inboundProperties.'http.uri.params'.sku;]]></expression-component>
        <enricher target="#[flowVars.shopifyParms]" doc:name="Message Enricher">
            <invoke object-ref="ShopifyUtil" method="generateURL" methodArguments="${Shopify_API_Key}, ${Shopify_API_Password}, &quot;&quot;" doc:name="Invoke - Genera Path de la URL"/>
        </enricher>
        <flow-ref name="shopify-producto-get-id-process-flow" doc:name="shopify-producto-get-id-process-flow"/>
        <set-payload value="#[flowVars .returnValue]" doc:name="Set Payload"/>
        <json:object-to-json-transformer doc:name="Object to JSON"/>
    </flow>
    
    <flow name="shopify-producto-get-id-process-flow" processingStrategy="synchronous">
        <expression-component doc:name="Set Control Vars"><![CDATA[flowVars.flowName=flow.name;
flowVars.metricCategory=message.inboundProperties.'http.request.path';
flowVars.apiName=message.inboundProperties.'http.request.uri';
flowVars.errorCode="";
flowVars .sku=new com.acqua.utils.Sku(flowVars.parameterCodigo,"${Paleta_Colores_Separador}","${SKU_Separador}");
flowVars .returnValue=new java.util.HashMap();
flowVars .returnValueInventoryId=new java.util.HashMap();]]></expression-component>
  
        <logger message="Recuperando Shopify ID de Dragon Code:  #[flowVars.sku]" level="INFO" category="com.acqua.utils.SystemLayer" doc:name="Logger"/>

  
        <http:request config-ref="HTTP_Request_Configuration_Shopify" path="#['/products.json?fields=id,variants&amp;title=' + payload.title ]" method="GET"  doc:name="HTTP - Validate Shopify ID">
            <http:request-builder>
                <http:header headerName="authorization" value="#[flowVars.shopifyParms['ShopifyBaseAuth']]"/>

            </http:request-builder>
            <http:success-status-code-validator values="200..599"/>
        </http:request>
        
        <validation:custom-validator config-ref="Validation_Configuration" message="Shopify: No se pudo recuperar el articulo en base al codigo Dragon" class="com.acqua.common.sl.validator.SLExternalRestfulValidator" doc:name="Validation HTTP Response"/>
  
        <json:json-to-object-transformer returnClass="java.util.HashMap" doc:name="JSON to Object"/>
  
        <choice doc:name="Choice">
            <when expression="#[payload.products.size() &gt; 0]">
                <expression-component doc:name="Expression Set Main ID"><![CDATA[flowVars .returnValue.put(flowVars.sku.getCodigo(),payload.products[0].id);]]></expression-component>
                <foreach collection="#[payload.products[0].variants]" doc:name="For Each - variants">
                    <expression-component doc:name="Expression"><![CDATA[if(flowVars.sku.getCodigo()!=payload.sku)
{
flowVars .returnValue.put(payload.sku,payload.id);
} else
{
flowVars.idVarianzaSKUSinColorYTalle=payload.id;
}
flowVars .returnValueInventoryId.put(payload.sku,payload.inventory_item_id);


]]></expression-component>
                </foreach>

            </when>
            <otherwise>
                <expression-component doc:name="Expression"><![CDATA[flowVars .returnValue.put(flowVars.parameterCodigo,0);]]></expression-component>

            </otherwise>
        </choice>

        
        <exception-strategy ref="System_Layer_New_Exception_Strategy"
			doc:name="Reference Exception Strategy" />
  
    </flow>

</mule>
