<?xml version="1.0" encoding="UTF-8"?>

<mule xmlns:dragonfish="http://www.mulesoft.org/schema/mule/dragonfish"
	xmlns:tracking="http://www.mulesoft.org/schema/mule/ee/tracking"
	xmlns:validation="http://www.mulesoft.org/schema/mule/validation"
	xmlns:http="http://www.mulesoft.org/schema/mule/http" xmlns:json="http://www.mulesoft.org/schema/mule/json"
	xmlns="http://www.mulesoft.org/schema/mule/core" xmlns:doc="http://www.mulesoft.org/schema/mule/documentation"
	xmlns:spring="http://www.springframework.org/schema/beans" xmlns:xsi="http://www.w3.org/2001/XMLSchema-instance"
	xsi:schemaLocation="http://www.mulesoft.org/schema/mule/dragonfish http://www.mulesoft.org/schema/mule/dragonfish/current/mule-dragonfish.xsd
http://www.mulesoft.org/schema/mule/validation http://www.mulesoft.org/schema/mule/validation/current/mule-validation.xsd
http://www.mulesoft.org/schema/mule/http http://www.mulesoft.org/schema/mule/http/current/mule-http.xsd
http://www.mulesoft.org/schema/mule/json http://www.mulesoft.org/schema/mule/json/current/mule-json.xsd
http://www.springframework.org/schema/beans http://www.springframework.org/schema/beans/spring-beans-current.xsd
http://www.mulesoft.org/schema/mule/core http://www.mulesoft.org/schema/mule/core/current/mule.xsd
http://www.mulesoft.org/schema/mule/ee/tracking http://www.mulesoft.org/schema/mule/ee/tracking/current/mule-tracking-ee.xsd">

    <flow name="shopify-update-sku-process-flow" processingStrategy="synchronous" initialState="stopped">
        <expression-component doc:name="Set Actualizar Registros"><![CDATA[flowVars.actualizarRegistros = false;
flowVars.listaActual = new java.util.ArrayList();
flowVars.listaActualizada = new java.util.ArrayList();
flowVars.listaPostActualizada = new java.util.ArrayList();
flowVars.qty =0;
flowVars.coloresDuplicados = new java.util.ArrayList();
flowVars.tallesDuplicados =  new java.util.ArrayList();
flowVars.process=flow.name;
flowVars.transacionIDGen=server.dateTime.format('yyyyMMddHHmmss');]]></expression-component>
        <enricher target="#[flowVars.statusQueue]" doc:name="Message Enricher">
            <processor-chain doc:name="Processor Chain">
                <expression-component doc:name="Expression"><![CDATA[payload = new java.util.HashMap();  
payload.put('source','process');  
payload.put('process',flowVars.process);
payload.put('thread',Thread.currentThread().getId());
payload.put('time',server.dateTime.format('yyyy/MM/dd HH:mm:ss:SSS'));
payload.put('transactionId',flowVars.transacionIDGen);
payload.put('status','START');
payload.put('qtyRecords',0);
payload.put('recordNo',0);
payload.put('error','');
]]></expression-component>
                <flow-ref name="message-send-msg-to-topic-flow" doc:name="message-send-msg-to-topic-flow"/>
            </processor-chain>
        </enricher>
        <enricher source="#[flowVars.colores]" target="#[flowVars.colores]" doc:name="Message Enricher">
            <processor-chain doc:name="Processor Chain">
                <expression-component doc:name="Expression"><![CDATA[flowVars.colores = new java.util.HashMap();
flowVars.rerturnValue = new java.util.HashMap();
flowVars.pageNo=1;]]></expression-component>
                <flow-ref name="sh-dragon-table-lookup-table-colores-next-flow" doc:name="sh-dragon-table-lookup-table-colores-next-flow"/>

            </processor-chain>
        </enricher>
        
        <enricher source="#[flowVars.talles]" target="#[flowVars.talles]" doc:name="Message Enricher">
            <processor-chain doc:name="Processor Chain">
                <expression-component doc:name="Expression"><![CDATA[flowVars.talles = new java.util.HashMap();
flowVars.rerturnValue = new java.util.HashMap();
flowVars.pageNo=1;]]></expression-component>
                <flow-ref name="sh-dragon-table-lookup-table-talles-next-flow" doc:name="sh-dragon-table-lookup-table-talles-next-flow"/>

            </processor-chain>
        </enricher>

 
        <processor-chain doc:name="Leer Estado Actual">
            <enricher target="#[flowVars.statusQueue]" doc:name="Message Enricher">
                <processor-chain doc:name="Processor Chain">
                    <expression-component doc:name="Expression"><![CDATA[payload = new java.util.HashMap();  
payload.put('source','process');  
payload.put('process',flowVars.process);
payload.put('thread',Thread.currentThread().getId());
payload.put('time',server.dateTime.format('yyyy/MM/dd HH:mm:ss:SSS'));
payload.put('transactionId',flowVars.transacionIDGen);
payload.put('status','ESTADO ACTUAL START');
payload.put('qtyRecords',0);
payload.put('recordNo',0);
payload.put('error','');
]]></expression-component>
                    <flow-ref name="message-send-msg-to-topic-flow" doc:name="message-send-msg-to-topic-flow"/>
                </processor-chain>
            </enricher>
            <expression-component doc:name="Expression"><![CDATA[flowVars.pageInfo='';
flowVars.lista = new java.util.ArrayList();
]]></expression-component>
            <set-variable variableName="QtyRecords" value="#[0]" doc:name="Set QtyRecords"/>
            <flow-ref name="shopify-listar-sku-process-while-flow" doc:name="shopify-listar-sku-process-while-flow"/>
            <expression-component doc:name="Expression"><![CDATA[flowVars.listaActual.addAll(flowVars.lista);]]></expression-component>
            <enricher target="#[flowVars.statusQueue]" doc:name="Message Enricher">
                <processor-chain doc:name="Processor Chain">
                    <expression-component doc:name="Expression"><![CDATA[payload = new java.util.HashMap();  
payload.put('source','process');  
payload.put('process',flowVars.process);
payload.put('thread',Thread.currentThread().getId());
payload.put('time',server.dateTime.format('yyyy/MM/dd HH:mm:ss:SSS'));
payload.put('transactionId',flowVars.transacionIDGen);
payload.put('status','ESTADO ACTUAL END');
payload.put('qtyRecords',flowVars.QtyRecords);
payload.put('recordNo',flowVars.QtyRecords);
payload.put('error','');
]]></expression-component>
                    <flow-ref name="message-send-msg-to-topic-flow" doc:name="message-send-msg-to-topic-flow"/>
                </processor-chain>
            </enricher>
        </processor-chain>

        <processor-chain doc:name="Actualizar Registros">
            <enricher target="#[flowVars.statusQueue]" doc:name="Message Enricher">
                <processor-chain doc:name="Processor Chain">
                    <expression-component doc:name="Expression"><![CDATA[payload = new java.util.HashMap();  
payload.put('source','process');  
payload.put('process',flowVars.process);
payload.put('thread',Thread.currentThread().getId());
payload.put('time',server.dateTime.format('yyyy/MM/dd HH:mm:ss:SSS'));
payload.put('transactionId',flowVars.transacionIDGen);
payload.put('status','ACTUALIZANDO');
payload.put('qtyRecords',0);
payload.put('recordNo',0);
payload.put('error','');
]]></expression-component>
                    <flow-ref name="message-send-msg-to-topic-flow" doc:name="message-send-msg-to-topic-flow"/>
                </processor-chain>
            </enricher>
            <expression-component doc:name="Expression"><![CDATA[flowVars.pageInfo='';
flowVars.articulosAModificar = new java.util.HashSet();
flowVars.lista = new java.util.ArrayList();
]]></expression-component>
            <set-variable variableName="QtyRecords" value="#[0]" doc:name="Set QtyRecords"/>
            <flow-ref name="shopify-update-sku-process-while-flow" doc:name="shopify-update-sku-process-while-flow"/>
            <expression-component doc:name="Expression"><![CDATA[flowVars.listaActualizada.addAll(flowVars.lista);]]></expression-component>
        </processor-chain>
        <choice doc:name="Choice">
            <when expression="#[flowVars.actualizarRegistros]">
                <processor-chain doc:name="Listar Estado Actualizado">
                    <expression-component doc:name="Expression"><![CDATA[flowVars.pageInfo='';
flowVars.lista = new java.util.ArrayList();]]></expression-component>
                    <flow-ref name="shopify-listar-sku-process-while-flow" doc:name="shopify-listar-sku-process-while-flow"/>
                    <expression-component doc:name="Expression"><![CDATA[flowVars.listaPostActualizada.addAll(flowVars.lista);]]></expression-component>
                </processor-chain>
            </when>
            <otherwise>
                <logger message="No Actualizar" level="INFO" category="com.acqua.utils.SystemLayer" doc:name="Logger"/>
            </otherwise>
        </choice>
        <processor-chain doc:name="Processor Chain - Colores Duplicados">
            <logger message="************************************* Colores Duplicados *************************************" level="INFO" category="com.acqua.utils.SystemLayer" doc:name="Logger"/>
            <enricher target="#[flowVars.statusQueue]" doc:name="Message Enricher">
                <processor-chain doc:name="Processor Chain">
                    <expression-component doc:name="Expression"><![CDATA[payload = new java.util.HashMap();  
payload.put('source','process');  
payload.put('process',flowVars.process);
payload.put('thread',Thread.currentThread().getId());
payload.put('time',server.dateTime.format('yyyy/MM/dd HH:mm:ss:SSS'));
payload.put('transactionId',flowVars.transacionIDGen);
payload.put('status','COLORES DUPLICADOS');
payload.put('qtyRecords',0);
payload.put('recordNo',0);
payload.put('error','');
]]></expression-component>
                    <flow-ref name="message-send-msg-to-topic-flow" doc:name="message-send-msg-to-topic-flow"/>
                </processor-chain>
            </enricher>
            <foreach collection="#[flowVars.coloresDuplicados]" doc:name="For Each">
                <logger message="#[payload]" level="INFO" category="com.acqua.utils.SystemLayer" doc:name="Logger"/>
            </foreach>
        </processor-chain>
        <processor-chain doc:name="Processor Chain - Talles Duplicados">
            <logger message="************************************* Talles Duplicados *************************************" level="INFO" category="com.acqua.utils.SystemLayer" doc:name="Logger"/>
            <enricher target="#[flowVars.statusQueue]" doc:name="Message Enricher">
                <processor-chain doc:name="Processor Chain">
                    <expression-component doc:name="Expression"><![CDATA[payload = new java.util.HashMap();  
payload.put('source','process');  
payload.put('process',flowVars.process);
payload.put('thread',Thread.currentThread().getId());
payload.put('time',server.dateTime.format('yyyy/MM/dd HH:mm:ss:SSS'));
payload.put('transactionId',flowVars.transacionIDGen);
payload.put('status','TALLES DUPLICADOS');
payload.put('qtyRecords',0);
payload.put('recordNo',0);
payload.put('error','');
]]></expression-component>
                    <flow-ref name="message-send-msg-to-topic-flow" doc:name="message-send-msg-to-topic-flow"/>
                </processor-chain>
            </enricher>
            <foreach collection="#[flowVars.tallesDuplicados]" doc:name="For Each">
                <logger message="#[payload]" level="INFO" category="com.acqua.utils.SystemLayer" doc:name="Logger"/>
            </foreach>
        </processor-chain>
        <processor-chain doc:name="Processor Chain - Estado Actual">
            <logger message="************************************* Estado Actual *************************************" level="INFO" category="com.acqua.utils.SystemLayer" doc:name="Logger"/>
            <enricher target="#[flowVars.statusQueue]" doc:name="Message Enricher">
                <processor-chain doc:name="Processor Chain">
                    <expression-component doc:name="Expression"><![CDATA[payload = new java.util.HashMap();  
payload.put('source','process');  
payload.put('process',flowVars.process);
payload.put('thread',Thread.currentThread().getId());
payload.put('time',server.dateTime.format('yyyy/MM/dd HH:mm:ss:SSS'));
payload.put('transactionId',flowVars.transacionIDGen);
payload.put('status','ESTADO ACTUAL');
payload.put('qtyRecords',0);
payload.put('recordNo',0);
payload.put('error','');
]]></expression-component>
                    <flow-ref name="message-send-msg-to-topic-flow" doc:name="message-send-msg-to-topic-flow"/>
                </processor-chain>
            </enricher>
            <foreach collection="#[flowVars.listaActual]" doc:name="For Each">
                <logger message="#[payload]" level="INFO" category="com.acqua.utils.SystemLayer" doc:name="Logger"/>
            </foreach>
        </processor-chain>
        <processor-chain doc:name="Processor Chain - Actualizaciones Realizadas">
            <logger message="************************************* Actualizaciones Realizadas *************************************" level="INFO" category="com.acqua.utils.SystemLayer" doc:name="Logger"/>
            <enricher target="#[flowVars.statusQueue]" doc:name="Message Enricher">
                <processor-chain doc:name="Processor Chain">
                    <expression-component doc:name="Expression"><![CDATA[payload = new java.util.HashMap();  
payload.put('source','process');  
payload.put('process',flowVars.process);
payload.put('thread',Thread.currentThread().getId());
payload.put('time',server.dateTime.format('yyyy/MM/dd HH:mm:ss:SSS'));
payload.put('transactionId',flowVars.transacionIDGen);
payload.put('status','ACTUALIZACIONES');
payload.put('qtyRecords',0);
payload.put('recordNo',0);
payload.put('error','');
]]></expression-component>
                    <flow-ref name="message-send-msg-to-topic-flow" doc:name="message-send-msg-to-topic-flow"/>
                </processor-chain>
            </enricher>
            <foreach collection="#[flowVars.listaActualizada]" doc:name="For Each">
                <expression-component doc:name="Expression"><![CDATA[flowVars.line = payload.title;
flowVars.line = flowVars.line + ",'";
flowVars.line = flowVars.line + payload.productID;
flowVars.line = flowVars.line + ",'";
flowVars.line = flowVars.line + payload.productHandle;
flowVars.line = flowVars.line + ",'";
flowVars.line = flowVars.line + payload.varSkuShort;
flowVars.line = flowVars.line + ",'";
flowVars.line = flowVars.line + payload.varSkuOriginal;
flowVars.line = flowVars.line + ",'";
flowVars.line = flowVars.line + payload.varNewSKU;
flowVars.line = flowVars.line + ",";
flowVars.line = flowVars.line + payload.existeEnDragon;
flowVars.line = flowVars.line + ",";
flowVars.line = flowVars.line + payload.option1;
flowVars.line = flowVars.line + ",";
flowVars.line = flowVars.line + payload.option2;
flowVars.line = flowVars.line + ",";
flowVars.line = flowVars.line + payload.option3;
flowVars.line = flowVars.line + ",";
flowVars.line = flowVars.line + payload.status; 
flowVars.line = flowVars.line + ",";
flowVars.line = flowVars.line + payload.precioBase1tienePrecio;  
flowVars.line = flowVars.line + ",";
flowVars.line = flowVars.line + payload.precioBase1;  
flowVars.line = flowVars.line + ",";
flowVars.line = flowVars.line + payload.precioSimpleBase1;  
flowVars.line = flowVars.line + ",";
flowVars.line = flowVars.line + payload.precioBase2tienePrecio;  
flowVars.line = flowVars.line + ",";
flowVars.line = flowVars.line + payload.precioBase2;  
flowVars.line = flowVars.line + ",";
flowVars.line = flowVars.line + payload.precioSimpleBase2tienePrecio;  
flowVars.line = flowVars.line + ",";
flowVars.line = flowVars.line + payload.precioSimpleBase2;  
flowVars.line = flowVars.line + ",";
flowVars.line = flowVars.line + payload.precioBase3tienePrecio;  
flowVars.line = flowVars.line + ",";
flowVars.line = flowVars.line + payload.precioBase3;  
flowVars.line = flowVars.line + ",";
flowVars.line = flowVars.line + payload.precioSimpleBase3tienePrecio;  
flowVars.line = flowVars.line + ",";
flowVars.line = flowVars.line + payload.precioSimpleBase3; 
flowVars.line = flowVars.line + ",";
flowVars.line = flowVars.line + payload.barcode;]]></expression-component>
                <logger message="#[payload.title],'#[payload.productID],'#[payload.productHandle],'#[payload.varSkuShort],'#[payload.varSkuOriginal],'#[payload.varNewSKU],#[payload.existeEnDragon],#[payload.option1],#[payload.option2],#[payload.option3],#[payload.status] ,#[payload.precioBase1tienePrecio],#[payload.precioBase1] ,#[payload.precioSimpleBase1tienePrecio],#[payload.precioSimpleBase1] ,#[payload.precioBase2tienePrecio],#[payload.precioBase2] ,#[payload.precioSimpleBase2tienePrecio],#[payload.precioSimpleBase2] ,#[payload.precioBase3tienePrecio],#[payload.precioBase3] ,#[payload.precioSimpleBase3tienePrecio],#[payload.precioSimpleBase3],#[payload.barcode]" level="INFO" category="com.acqua.utils.SystemLayer" doc:name="Logger"/>
                <enricher target="#[flowVars.statusQueue]" doc:name="Message Enricher - Status">
                    <processor-chain doc:name="Processor Chain">
                        <expression-component doc:name="Expression"><![CDATA[flowVars.tmpPayload = payload;
payload = new java.util.HashMap();
payload.put('source','script-shopify');   
payload.put('thread',Thread.currentThread().getId());                     
payload.put('process',flowVars.process);
payload.put('transactionId',flowVars.transactionId);
payload.put('codigo',flowVars.tmpPayload.title);
 payload.put('descripcion',flowVars.tmpPayload.title);
payload.put('id','0');
payload.put('ultima-actividad-status',200);
payload.put('ultima-actividad-fecha',server.dateTime.format('yyyy/MM/dd HH:mm:ss:SSS'));
payload.put('ultima-actividad-estado','Procesado');
payload.put('payload',flowVars.line);
]]></expression-component>
                        <flow-ref name="message-send-msg-to-topic-flow" doc:name="message-send-msg-to-topic-flow"/>
                    </processor-chain>
                </enricher>
            </foreach>
        </processor-chain>
        <processor-chain doc:name="Processor Chain - Estado Actualizado">
            <logger message="************************************* Estado Actualizado *************************************" level="INFO" category="com.acqua.utils.SystemLayer" doc:name="Logger"/>
            <enricher target="#[flowVars.statusQueue]" doc:name="Message Enricher">
                <processor-chain doc:name="Processor Chain">
                    <expression-component doc:name="Expression"><![CDATA[payload = new java.util.HashMap();  
payload.put('source','process');  
payload.put('process',flowVars.process);
payload.put('thread',Thread.currentThread().getId());
payload.put('time',server.dateTime.format('yyyy/MM/dd HH:mm:ss:SSS'));
payload.put('transactionId',flowVars.transacionIDGen);
payload.put('status','POST ACTUALIZACIONES');
payload.put('qtyRecords',0);
payload.put('recordNo',0);
payload.put('error','');
]]></expression-component>
                    <flow-ref name="message-send-msg-to-topic-flow" doc:name="message-send-msg-to-topic-flow"/>
                </processor-chain>
            </enricher>
            <foreach collection="#[flowVars.listaPostActualizada]" doc:name="For Each">
                <logger message="#[payload]" level="INFO" category="com.acqua.utils.SystemLayer" doc:name="Logger"/>
            </foreach>
        </processor-chain>
        
                <enricher target="#[flowVars.statusQueue]" doc:name="Message Enricher">
            <processor-chain doc:name="Processor Chain">
                <expression-component doc:name="Expression"><![CDATA[payload = new java.util.HashMap();  
payload.put('source','process');  
payload.put('process',flowVars.process);
payload.put('thread',Thread.currentThread().getId());
payload.put('time',server.dateTime.format('yyyy/MM/dd HH:mm:ss:SSS'));
payload.put('transactionId',flowVars.transacionIDGen);
payload.put('status','END');
payload.put('qtyRecords',0);
payload.put('recordNo',0);
payload.put('error','');
]]></expression-component>
                <flow-ref name="message-send-msg-to-topic-flow" doc:name="message-send-msg-to-topic-flow"/>
            </processor-chain>
        </enricher>

	</flow>
    <flow name="shopify-update-sku-process-while-flow" processingStrategy="synchronous">
        <enricher target="#[flowVars.shopifyParms]" doc:name="Message Enricher">
            <invoke object-ref="ShopifyUtil" method="generateURL" methodArguments="${Shopify_API_Key}, ${Shopify_API_Password}, &quot;&quot;" doc:name="Invoke - Genera Path de la URL"/>
        </enricher>
        <http:request config-ref="HTTP_Request_Configuration_Shopify" path="#['/products.json?limit=50&amp;page_info=' + flowVars.pageInfo]" method="GET" source="#[flowVars.request]" doc:name="HTTP - Get SKU">
            <http:request-builder>
                <http:header headerName="authorization" value="#[flowVars.shopifyParms['ShopifyBaseAuth']]"/>

            </http:request-builder>
        </http:request>
        <enricher target="#[flowVars.pageInfo]" doc:name="Message Enricher">
            <invoke object-ref="ShopifyUtil" method="getNextLink" methodArguments="#[message.inboundProperties.Link != null?message.inboundProperties.Link:&quot;&quot;]" doc:name="Invoke - Get Next Link"/>
        </enricher>
        <json:json-to-object-transformer returnClass="java.util.HashMap" doc:name="JSON to Object"/>

        <flow-ref name="shopify-process-product-flow" doc:name="shopify-process-product-flow"/>
		<choice doc:name="Choice - Hay mas Paginas Pendientes?">
            <when expression="#[!flowVars.pageInfo.isEmpty() &amp;&amp; flowVars.qty &lt; 99999]">
                <flow-ref name="shopify-update-sku-process-while-flow" doc:name="shopify-update-sku-process-while-flow"/>
                <set-variable variableName="qty" value="#[flowVars.qty +1]" doc:name="Variable"/>
            </when>
            <otherwise>
                <logger message="No hay mas paginas pendientes" level="INFO" category="com.acqua.utils.SystemLayer" doc:name="Logger"/>
            </otherwise>
        </choice>
    </flow>
	
	<flow name="shopify-process-product-flow">
        <foreach collection="#[payload.products]" doc:name="For Each - Product">
            <expression-component doc:name="Expression - Determinacion de Tipo de Producto"><![CDATA[flowVars.QtyRecords = flowVars.QtyRecords +1;
flowVars.tipoProducto = '';
if(payload.options.size()==1)
{
	if(payload.options[0].name.equals('Title'))
    {
		flowVars.tipoProducto = 'simple';
	}
	if(payload.options[0].name.equals('Color'))
    {
		flowVars.tipoProducto = 'variable-color';
	}
	if(payload.options[0].name.equals('COLOR'))
    {
		flowVars.tipoProducto = 'variable-color';
	}
    if(payload.options[0].name.equals('Talle'))
    {
		flowVars.tipoProducto = 'variable-talle';
	}
	if(payload.options[0].name.equals('TALLE'))
    {
		flowVars.tipoProducto = 'variable-talle';
	}
}
if(payload.options.size()==2)
{
	if(payload.options[0].name.equals('Color') && payload.options[1].name.equals('Talle'))
    {
		flowVars.tipoProducto = 'variable';
	}
	if(payload.options[0].name.equals('COLOR') && payload.options[1].name.equals('TALLE'))
    {
		flowVars.tipoProducto = 'variable';
	}
	
}]]></expression-component>
            <expression-component doc:name="Expression - Guarda Valores Originales del Producto"><![CDATA[flowVars.productID=payload.id;
flowVars.productHandle=payload.handle;
flowVars.updated = false;
flowVars.originalHandle = payload.handle;]]></expression-component>
            <choice doc:name="Choice">
                <when expression="#[flowVars.tipoProducto.isEmpty()]">
                    <logger message="Producto No Clasificado,#[flowVars.productID],#[flowVars.productHandle]" level="INFO" category="com.acqua.utils.SystemLayer" doc:name="Logger"/>
                    <expression-component doc:name="Expression - Save Record"><![CDATA[flowVars.tmp = new java.util.HashMap();
flowVars.tmp.put('title','Producto No Clasificable,');
flowVars.tmp.put('productID',flowVars.productID);
flowVars.tmp.put('productHandle',flowVars.productHandle);
flowVars.tmp.put('varSkuShort','');
flowVars.tmp.put('varSkuOriginal','');
flowVars.tmp.put('varNewSKU','');
flowVars.tmp.put('existeEnDragon',false);
flowVars.tmp.put('option1','');
flowVars.tmp.put('option2','');
flowVars.tmp.put('option3','');
flowVars.tmp.put('status','Producto No Clasificable');
flowVars.lista.add(flowVars.tmp);]]></expression-component>
                </when>
                <otherwise>
                    <flow-ref name="shopify-process-new-varianza-flow" doc:name="shopify-process-new-varianza-flow"/>
                </otherwise>
            </choice>
            <enricher target="#[flowVars.statusQueue]" doc:name="Message Enricher">
                <processor-chain doc:name="Processor Chain">
                    <expression-component doc:name="Expression"><![CDATA[payload = new java.util.HashMap();  
payload.put('source','process');  
payload.put('process',flowVars.process);
payload.put('thread',Thread.currentThread().getId());
payload.put('time',server.dateTime.format('yyyy/MM/dd HH:mm:ss:SSS'));
payload.put('transactionId',flowVars.transacionIDGen);
payload.put('status','PROCESSING');
payload.put('qtyRecords',flowVars.QtyRecords);
payload.put('recordNo',flowVars.QtyRecords);
payload.put('error','');]]></expression-component>
                    <flow-ref name="message-send-msg-to-topic-flow" doc:name="message-send-msg-to-topic-flow"/>
                </processor-chain>
            </enricher>
        </foreach>
    </flow>
	
    <flow name="shopify-process-new-varianza-flow" processingStrategy="synchronous">
        <foreach collection="#[payload.variants]" doc:name="For Each - Varianza">
            <set-variable variableName="flagActualizadaCabecera" value="#[false]" doc:name="Variable"/>
            <expression-component doc:name="Expression - Get Dragon SKU"><![CDATA[if(payload.sku != null && payload.sku.isEmpty() == false)
{
	flowVars.skuShort = payload.sku.split('_')[0];
    flowVars.actualSKU = payload.sku;
} else
{
	flowVars.skuShort = '';
    flowVars.actualSKU = '';
}
flowVars.barcode=payload.barcode]]></expression-component>
            <choice doc:name="Choice">
                <when expression="#[flowVars.skuShort.isEmpty() == false]">
                    <enricher target="#[flowVars.validDragon]" doc:name="Message Enricher - Verifica la Existencia de SKU en DRAGON">
                        <processor-chain doc:name="Processor Chain">
                            <set-payload value="#[flowVars.skuShort]" doc:name="Set Payload"/>
                            <expression-component doc:name="Expression"><![CDATA[flowVars.articulosAModificar.clear();
flowVars.articulosAModificar.add(payload);]]></expression-component>
                            <flow-ref name="dragon-producto-verificar-existencia-articulo-flow" doc:name="dragon-producto-verificar-existencia-articulo-flow"/>
                            <set-payload value="#[!flowVars.articulosAModificar.isEmpty()]" doc:name="Set Payload"/>
                        </processor-chain>
                    </enricher>
                    <expression-component doc:name="Expression - Set Nuevo SKU"><![CDATA[flowVars.nuevoSKU = '';
flowVars.buscarStockPrecio = false;
if(payload.option1 != null)
{
	flowVars.option1 = payload.option1.toUpperCase();
}
if(payload.option2 != null)
{
	flowVars.option2 = payload.option2.toUpperCase();
}
if(flowVars.tipoProducto == 'variable')
{
	if(flowVars.skuShort.isEmpty() == false && flowVars.colores.containsKey(flowVars.option1) && flowVars.talles.containsKey(flowVars.option2) )
	{
		flowVars.nuevoSKU = flowVars.skuShort + '_'  + flowVars.colores.get(flowVars.option1) + '_'  +flowVars.talles.get(flowVars.option2);
        flowVars.buscarStockPrecio = true;
        flowVars.codigo = flowVars.skuShort;
	    flowVars.color = flowVars.colores.get(flowVars.option1);
        flowVars.talle = flowVars.talles.get(flowVars.option2);
	}  
}
if(flowVars.tipoProducto == 'simple')
{
	if(flowVars.skuShort.isEmpty() == false)
	{
		flowVars.nuevoSKU = flowVars.skuShort;
        flowVars.buscarStockPrecio = true;
        flowVars.codigo = flowVars.skuShort;
	    flowVars.color = '';
        flowVars.talle = '';
	} 
}
if(flowVars.tipoProducto == 'variable-color')
{
	if(flowVars.skuShort.isEmpty() == false  && flowVars.colores.containsKey(flowVars.option1) ) 
	{
		flowVars.nuevoSKU = flowVars.skuShort+ '_'  + flowVars.colores.get(flowVars.option1) + '_'  +'U';
	}  
}
if(flowVars.tipoProducto == 'variable-talle')
{
	if(flowVars.skuShort.isEmpty() == false  && flowVars.talles.containsKey(flowVars.option1) ) 
	{
		flowVars.nuevoSKU = flowVars.skuShort+ '_'  +'U' + '_'  + flowVars.talles.get(flowVars.option1);
	}  
}]]></expression-component>
                    <expression-component doc:name="Expression - Set Status"><![CDATA[flowVars.newStatus = 'ERROR';
if(flowVars.validDragon && flowVars.nuevoSKU.isEmpty())
{
	flowVars.newStatus = 'Existe en Dragon pero no se pudo crear nuevo SKU'; 
}
if(flowVars.nuevoSKU.isEmpty())
{
	flowVars.newStatus = 'No se pudo determinar nuevo SKU'; 
}
if(!flowVars.validDragon)
{
	flowVars.newStatus = 'No existe articulo en Dragon'; 
}
if(flowVars.validDragon && !flowVars.nuevoSKU.isEmpty())
{
	flowVars.newStatus = 'OK'; 
}


]]></expression-component>
                    <choice doc:name="Choice">
                        <when expression="#[flowVars.buscarStockPrecio]">
                            <enricher target="#[flowVars.precioBase1]" doc:name="Message Enricher - Captura de Precio" source="#[flowVars.response]">
                                <processor-chain doc:name="Processor Chain">
                                    <set-variable variableName="baseDeDatos" value="ADMIN" doc:name="Base de Datos"/>
                                    <flow-ref name="shopify-sc-producto-obtener-precio-stock-by-sku-flow" doc:name="shopify-sc-producto-obtener-precio-stock-by-sku-flow"/>
                                </processor-chain>

                            </enricher>
                            <choice doc:name="Choice">
                                <when expression="#[flowVars.precioBase1.existe == false &amp;&amp; flowVars.tipoProducto != 'simple']">
                                    <enricher target="#[flowVars.precioSimpleBase1]" doc:name="Message Enricher - Captura de Precio Simple" source="#[flowVars.response]">
                                        <processor-chain doc:name="Processor Chain">
                                            <processor-chain doc:name="Processor Chain">
                                                <set-variable variableName="baseDeDatos" value="ADMIN" doc:name="Base De Datos"/>
                                                <flow-ref name="shopify-sc-producto-obtener-precio-simple-stock-by-sku-flow" doc:name="shopify-sc-producto-obtener-precio-simple-stock-by-sku-flow"/>
                                            </processor-chain>
                                        </processor-chain>

                                    </enricher>
                                </when>
                                <otherwise>
                                    <logger message="Tiene Precio" level="INFO" category="com.acqua.utils.SystemLayer" doc:name="Logger"/>
                                    <expression-component doc:name="Expression"><![CDATA[flowVars.precioSimpleBase1 = new java.util.HashMap();
flowVars.precioSimpleBase1.put('precio',0);
flowVars.precioSimpleBase1.put('existe',false);
]]></expression-component>
                                </otherwise>
                            </choice>
                            <enricher target="#[flowVars.precioBase2]" doc:name="Message Enricher - Captura de Precio" source="#[flowVars.response]">
                                <processor-chain doc:name="Processor Chain">
                                    <set-variable variableName="baseDeDatos" value="CAT" doc:name="Base de Datos"/>
                                    <flow-ref name="shopify-sc-producto-obtener-precio-stock-by-sku-flow" doc:name="shopify-sc-producto-obtener-precio-stock-by-sku-flow"/>
                                </processor-chain>

                            </enricher>
                            <choice doc:name="Choice">
                                <when expression="#[flowVars.tienePrecio2 == false &amp;&amp; flowVars.tipoProducto != 'simple']">
                                    <enricher target="#[flowVars.precioSimpleBase2]" doc:name="Message Enricher - Captura de Precio Simple" source="#[flowVars.response]">
                                        <processor-chain doc:name="Processor Chain">
                                            <processor-chain doc:name="Processor Chain">
                                                <set-variable variableName="baseDeDatos" value="CAT" doc:name="Base De Datos"/>
                                                <flow-ref name="shopify-sc-producto-obtener-precio-simple-stock-by-sku-flow" doc:name="shopify-sc-producto-obtener-precio-simple-stock-by-sku-flow"/>
                                            </processor-chain>
                                        </processor-chain>

                                    </enricher>
                                </when>
                                <otherwise>
                                    <logger message="Tiene Precio" level="INFO" category="com.acqua.utils.SystemLayer" doc:name="Logger"/>
                                    <expression-component doc:name="Expression"><![CDATA[flowVars.precioSimpleBase2 = new java.util.HashMap();
flowVars.precioSimpleBase2.put('precio',0);
flowVars.precioSimpleBase2.put('existe',false);]]></expression-component>
                                </otherwise>
                            </choice>
                            <enricher target="#[flowVars.precioBase3]" doc:name="Message Enricher - Captura de Precio" source="#[flowVars.response]">
                                <processor-chain doc:name="Processor Chain">
                                    <set-variable variableName="baseDeDatos" value="BRC" doc:name="Base de Datos"/>
                                    <flow-ref name="shopify-sc-producto-obtener-precio-stock-by-sku-flow" doc:name="shopify-sc-producto-obtener-precio-stock-by-sku-flow"/>
                                </processor-chain>

                            </enricher>
                            <choice doc:name="Choice">
                                <when expression="#[flowVars.tienePrecio3 == false &amp;&amp; flowVars.tipoProducto != 'simple']">
                                    <enricher target="#[flowVars.precioSimpleBase3]" doc:name="Message Enricher - Captura de Precio Simple" source="#[flowVars.response]">
                                        <processor-chain doc:name="Processor Chain">
                                            <processor-chain doc:name="Processor Chain">
                                                <set-variable variableName="baseDeDatos" value="BRC" doc:name="Base De Datos"/>
                                                <flow-ref name="shopify-sc-producto-obtener-precio-simple-stock-by-sku-flow" doc:name="shopify-sc-producto-obtener-precio-simple-stock-by-sku-flow"/>
                                            </processor-chain>
                                        </processor-chain>

                                    </enricher>
                                </when>
                                <otherwise>
                                    <logger message="Tiene Precio" level="INFO" category="com.acqua.utils.SystemLayer" doc:name="Logger"/>
                                    <expression-component doc:name="Expression"><![CDATA[flowVars.precioSimpleBase3 = new java.util.HashMap();
flowVars.precioSimpleBase3.put('precio',0);
flowVars.precioSimpleBase3.put('existe',false);]]></expression-component>
                                </otherwise>
                            </choice>

                        </when>
                        <otherwise>
                            <expression-component doc:name="Expression"><![CDATA[flowVars.tienePrecio = false;
flowVars.tienePrecioSimple = false;
flowVars.tienePrecio2 = false;
flowVars.tienePrecioSimple2 = false;
flowVars.tienePrecio3 = false;
flowVars.tienePrecioSimple3 = false;]]></expression-component>
                        </otherwise>
                    </choice>
                    <choice doc:name="Choice">
                        <when expression="#[flowVars.newStatus=='OK' &amp;&amp; flowVars.actualizarRegistros]">
                            <flow-ref name="shopify-actualizar-header-and-varianza-flow" doc:name="shopify-actualizar-header-and-varianza-flow"/>
                            <expression-component doc:name="Expression - Save Record"><![CDATA[flowVars.tmp = new java.util.HashMap();
flowVars.tmp.put('title',flowVars.tipoProducto);
flowVars.tmp.put('productID',flowVars.productID);
flowVars.tmp.put('productHandle',flowVars.productHandle);
flowVars.tmp.put('varSkuShort',flowVars.skuShort);
flowVars.tmp.put('varSkuOriginal',flowVars.actualSKU);
flowVars.tmp.put('varNewSKU',flowVars.nuevoSKU);
flowVars.tmp.put('existeEnDragon',flowVars.validDragon);
flowVars.tmp.put('option1',payload.option1);
flowVars.tmp.put('option2',payload.option2);
flowVars.tmp.put('option3',payload.option3);

flowVars.tmp.put('precioBase1tienePrecio',flowVars.precioBase1.existe);
flowVars.tmp.put('precioBase1',flowVars.precioBase1.precio);
flowVars.tmp.put('precioSimpleBase1tienePrecio',flowVars.precioSimpleBase1.existe);
flowVars.tmp.put('precioSimpleBase1',flowVars.precioSimpleBase1.precio);

flowVars.tmp.put('precioBase2tienePrecio',flowVars.precioBase2.existe);
flowVars.tmp.put('precioBase2',flowVars.precioBase2.precio);
flowVars.tmp.put('precioSimpleBase2tienePrecio',flowVars.precioSimpleBase2.existe);
flowVars.tmp.put('precioSimpleBase2',flowVars.precioSimpleBase2.precio);

flowVars.tmp.put('precioBase3tienePrecio',flowVars.precioBase3.existe);
flowVars.tmp.put('precioBase3',flowVars.precioBase3.precio);
flowVars.tmp.put('precioSimpleBase3tienePrecio',flowVars.precioSimpleBase3.existe);
flowVars.tmp.put('precioSimpleBase3',flowVars.precioSimpleBase3.precio);

flowVars.tmp.put('barcode',flowVars.barcode);

flowVars.tmp.put('status','Actualizado');

flowVars.lista.add(flowVars.tmp);]]></expression-component>
                        </when>
                        <otherwise>
                            <expression-component doc:name="Expression - Save Record"><![CDATA[flowVars.tmp = new java.util.HashMap();
flowVars.tmp.put('title',flowVars.tipoProducto);
flowVars.tmp.put('productID',flowVars.productID);
flowVars.tmp.put('productHandle',flowVars.productHandle);
flowVars.tmp.put('varSkuShort',flowVars.skuShort);
flowVars.tmp.put('varSkuOriginal',flowVars.actualSKU);
flowVars.tmp.put('varNewSKU',flowVars.nuevoSKU);
flowVars.tmp.put('existeEnDragon',flowVars.validDragon);
flowVars.tmp.put('option1',payload.option1);
flowVars.tmp.put('option2',payload.option2);
flowVars.tmp.put('option3',payload.option3);
flowVars.tmp.put('precioBase1tienePrecio',flowVars.precioBase1.existe);
flowVars.tmp.put('precioBase1',flowVars.precioBase1.precio);
flowVars.tmp.put('precioSimpleBase1tienePrecio',flowVars.precioSimpleBase1.existe);
flowVars.tmp.put('precioSimpleBase1',flowVars.precioSimpleBase1.precio);

flowVars.tmp.put('precioBase2tienePrecio',flowVars.precioBase2.existe);
flowVars.tmp.put('precioBase2',flowVars.precioBase2.precio);
flowVars.tmp.put('precioSimpleBase2tienePrecio',flowVars.precioSimpleBase2.existe);
flowVars.tmp.put('precioSimpleBase2',flowVars.precioSimpleBase2.precio);

flowVars.tmp.put('precioBase3tienePrecio',flowVars.precioBase3.existe);
flowVars.tmp.put('precioBase3',flowVars.precioBase3.precio);
flowVars.tmp.put('precioSimpleBase3tienePrecio',flowVars.precioSimpleBase3.existe);
flowVars.tmp.put('precioSimpleBase3',flowVars.precioSimpleBase3.precio);

flowVars.tmp.put('barcode',flowVars.barcode);

flowVars.tmp.put('status',flowVars.newStatus);
flowVars.lista.add(flowVars.tmp);]]></expression-component>
                        </otherwise>
                    </choice>
                </when>
                <otherwise>
                    <expression-component doc:name="Expression - Save Record"><![CDATA[flowVars.tmp = new java.util.HashMap();
flowVars.tmp.put('title',flowVars.tipoProducto);
flowVars.tmp.put('productID',flowVars.productID);
flowVars.tmp.put('productHandle',flowVars.productHandle);
flowVars.tmp.put('varSkuShort',flowVars.skuShort);
flowVars.tmp.put('varSkuOriginal',flowVars.actualSKU);
flowVars.tmp.put('varNewSKU','');
flowVars.tmp.put('option1',payload.option1);
flowVars.tmp.put('option2',payload.option2);
flowVars.tmp.put('option3',payload.option3);
flowVars.tmp.put('status','Producto Sin SKU');
flowVars.lista.add(flowVars.tmp);]]></expression-component>
                </otherwise>
            </choice>
        </foreach>
    </flow>
    <flow name="shopify-actualizar-header-and-varianza-flow" processingStrategy="synchronous">
        <logger message="Procesando Registro,#[flowVars.tipoProducto],#[flowVars.productID],#[flowVars.productHandle],#[flowVars.skuShort],#[flowVars.actualSKU],#[flowVars.nuevoSKU],#[flowVars.validDragon],#[payload.option1],#[payload.option2],#[payload.option3],#[flowVars.newStatus]" level="INFO" category="com.acqua.utils.SystemLayer" doc:name="Logger"/>
        <expression-component doc:name="Expression"><![CDATA[flowVars.cabeceraShopifyActualizada = false;
flowVars.detalleShopifyActualizada = false;]]></expression-component>
        <choice doc:name="Choice">
            <when expression="#[flowVars.flagActualizadaCabecera == false]">
                <enricher target="#[flowVars.cabeceraShopifyActualizada]" doc:name="Message Enricher">
                    <flow-ref name="shopify-upd-hdr-sku-process-flow" doc:name="shopify-upd-hdr-sku-process-flow"/>
                </enricher>
                <set-variable variableName="flagActualizadaCabecera" value="#[true]" doc:name="Variable - Flag Cabecera"/>
            </when>
            <otherwise>
                <logger message="Cabecera previamente actualizada" level="INFO" category="com.acqua.utils.SystemLayer" doc:name="Logger"/>
            </otherwise>
        </choice>
        <choice doc:name="Choice">
            <when expression="#[flowVars.actualSKU.equals(flowVars.nuevoSKU) == false]">
                <enricher target="#[flowVars.detalleShopifyActualizada]" doc:name="Message Enricher">
                    <flow-ref name="shopify-upd-sku-process-flow" doc:name="shopify-upd-sku-process-flow"/>
                </enricher>
            </when>
            <otherwise>
                <logger message="No requiere actualizar SKU" level="INFO" category="com.acqua.utils.SystemLayer" doc:name="Logger"/>
            </otherwise>
        </choice>
    </flow>
    

	
	
	
    
    <flow name="shopify-upd-hdr-sku-process-flow" processingStrategy="synchronous">
        <expression-component doc:name="Expression"><![CDATA[flowVars.idNuevo =flowVars.productID;
flowVars.requestUpd = new java.util.HashMap();
flowVars.tmp = new java.util.HashMap();
flowVars.tmp.put('handle',flowVars.nuevoSKU);
flowVars.tmp.put('id',flowVars.productID);
flowVars.requestUpd.put('product',flowVars.tmp);

]]></expression-component>
        <set-payload value="#[flowVars.requestUpd]" doc:name="Set Payload"/>
        <json:object-to-json-transformer doc:name="Object to JSON"/>
        <logger message="#[payload]" level="INFO" category="com.acqua.utils.SystemLayer" doc:name="Logger"/>
        <http:request config-ref="HTTP_Request_Configuration_Shopify" path="/products/#[flowVars.idNuevo].json" method="PUT" source="#[payload]" doc:name="HTTP - Actualizacion Imagen Producto">
            <http:request-builder>
                <http:header headerName="authorization" value="#[flowVars.shopifyParms['ShopifyBaseAuth']]"/>
                <http:header headerName="content-type" value="application/json;charset=UTF-8"/>
            </http:request-builder>
        </http:request>
        <set-payload value="#[true]" doc:name="Set Payload"/>
        <catch-exception-strategy doc:name="Catch Exception Strategy">
            <logger message="ERROR Updating SKU" level="INFO" category="com.acqua.utils.SystemLayer" doc:name="Logger"/>
            <set-payload value="#[false]" doc:name="Set Payload"/>

        </catch-exception-strategy>
    </flow>
    
    <flow name="shopify-upd-sku-process-flow" processingStrategy="synchronous">
        <expression-component doc:name="Expression"><![CDATA[flowVars.idNuevo =payload.id;
flowVars.requestUpd = new java.util.HashMap();
flowVars.tmp = new java.util.HashMap();
flowVars.tmp.put('sku',flowVars.nuevoSKU);
flowVars.tmp.put('id',payload.id);
flowVars.requestUpd.put('variant',flowVars.tmp);

]]></expression-component>
        <set-payload value="#[flowVars.requestUpd]" doc:name="Set Payload"/>
        <json:object-to-json-transformer doc:name="Object to JSON"/>
        <logger message="#[payload]" level="INFO" category="com.acqua.utils.SystemLayer" doc:name="Logger"/>
        <http:request config-ref="HTTP_Request_Configuration_Shopify" path="/variants/#[flowVars.idNuevo].json" method="PUT" source="#[payload]" doc:name="HTTP - Actualizacion Imagen Producto">
            <http:request-builder>
                <http:header headerName="authorization" value="#[flowVars.shopifyParms['ShopifyBaseAuth']]"/>
                <http:header headerName="content-type" value="application/json;charset=UTF-8"/>
            </http:request-builder>
        </http:request>
        <catch-exception-strategy doc:name="Catch Exception Strategy">
            <logger message="ERROR Updating SKU" level="INFO" category="com.acqua.utils.SystemLayer" doc:name="Logger"/>
            <set-variable variableName="title" value="Error Update SKU on Shopify" doc:name="Variable"/>
        </catch-exception-strategy>
    </flow>
    
    <flow name="shopify-listar-sku-process-while-flow" processingStrategy="synchronous">
        <enricher target="#[flowVars.shopifyParms]" doc:name="Message Enricher">
            <invoke object-ref="ShopifyUtil" method="generateURL" methodArguments="${Shopify_API_Key}, ${Shopify_API_Password}, &quot;&quot;" doc:name="Invoke - Genera Path de la URL"/>
        </enricher>
        <http:request config-ref="HTTP_Request_Configuration_Shopify" path="#['/products.json?limit=50&amp;fields=id,product_type,status,options,handle,variants&amp;page_info=' + flowVars.pageInfo]" method="GET" source="#[flowVars.request]" doc:name="HTTP - Get SKU">
            <http:request-builder>
                <http:header headerName="authorization" value="#[flowVars.shopifyParms['ShopifyBaseAuth']]"/>


            </http:request-builder>
        </http:request>

        <enricher target="#[flowVars.pageInfo]" doc:name="Message Enricher">
                    <invoke object-ref="ShopifyUtil" method="getNextLink" methodArguments="#[message.inboundProperties.Link != null?message.inboundProperties.Link:&quot;&quot;]" doc:name="Invoke - Get Next Link"/>
                </enricher>
        <json:json-to-object-transformer returnClass="java.util.HashMap" doc:name="JSON to Object"/>
        <foreach collection="#[payload.products]" doc:name="For Each - Product">
            <expression-component doc:name="Expression"><![CDATA[flowVars.QtyRecords = flowVars.QtyRecords  + 1;
flowVars.tipoProducto = '';
if(payload.options.size()==1)
{
	if(payload.options[0].name.equals('Title'))
    {
		flowVars.tipoProducto = 'simple';
	}
	if(payload.options[0].name.equals('Color'))
    {
		flowVars.tipoProducto = 'variable-color';
	}
} 
if(payload.options.size()==2)
{
	if(payload.options[0].name.equals('Color') && payload.options[1].name.equals('Talle'))
    {
		flowVars.tipoProducto = 'variable';
	}
	
}]]></expression-component>
            <choice doc:name="Choice - Tiene Varianzas?">
                <when expression="#[flowVars.tipoProducto,isEmpty() == false]">
                    <expression-component doc:name="Expression"><![CDATA[flowVars.productID=payload.id;
flowVars.productHandle=payload.handle;]]></expression-component>
                    <foreach collection="#[payload.variants]" doc:name="For Each">
                        <logger message="#[flowVars.tipoProducto],#[flowVars.productID],#[flowVars.productHandle],#[payload.id],#[payload.sku]" level="INFO" category="com.acqua.utils.SystemLayer" doc:name="Logger"/>
                        <expression-component doc:name="Expression"><![CDATA[flowVars.lista.add( 'Variable,' + flowVars.productID + ',' +flowVars.productHandle + ',' +payload.id + ',' +payload.sku );]]></expression-component>
                    </foreach>
                </when>
                <otherwise>
                    <logger level="INFO" doc:name="Logger" message="Lista Producto Simple:#[payload.id]-#[payload.handle]" category="com.acqua.utils.SystemLayer"/>
                    <expression-component doc:name="Expression"><![CDATA[flowVars.lista.add( 'Simple,' + payload.id + ',' +payload.handle );]]></expression-component>
                </otherwise>
            </choice>

        </foreach>
        <choice doc:name="Choice - Hay mas Paginas Pendientes?">
            <when expression="#[!flowVars.pageInfo.isEmpty()]">
                <flow-ref name="shopify-listar-sku-process-while-flow" doc:name="shopify-listar-sku-process-while-flow"/>
            </when>
            <otherwise>
                <logger message="No hay mas paginas pendientes" level="INFO" category="com.acqua.utils.SystemLayer" doc:name="Logger"/>
            </otherwise>
        </choice>
    </flow>
    <flow name="shopify-sc-producto-obtener-precio-stock-by-sku-flow" processingStrategy="synchronous">
        <expression-component doc:name="Expression"><![CDATA[flowVars.response = new java.util.HashMap();
flowVars.response.put('precio',0);
flowVars.response.put('existe',false);
flowVars.request = new java.util.HashMap();
flowVars.request .put("BaseDeDatos",flowVars.baseDeDatos); 
flowVars.request .put("query",flowVars.codigo + '!' +(flowVars.color.isEmpty()?' ':flowVars.color) + '!' + (flowVars.talle.isEmpty()?' ':flowVars.talle)); 
flowVars.request .put("stockcero",true); 
flowVars.request .put("exacto",true); 
flowVars.request .put("lista",'LISTA1'); ]]></expression-component>
        <dragonfish:servicio config-ref="Dragonfish__Configuration" entityType="ConsultaStockYPrecios_consultaStockYPreciosGet" doc:name="Dragonfish">
            <dragonfish:entity-data ref="#[flowVars.request]"/>
        </dragonfish:servicio>
        <foreach collection="#[payload.resultados]" doc:name="For Each">
            <expression-component doc:name="Expression"><![CDATA[if(payload.color==flowVars.color && payload.talle == flowVars.talle)
{
	flowVars.response.replace('precio',payload.precio);
	flowVars.response.replace('existe',true);
}
]]></expression-component>
        </foreach>

        <choice-exception-strategy doc:name="Choice Exception Strategy">
            <catch-exception-strategy when="exception.causedBy(org.mule.modules.connector.exceptions.ExternalConnectorException) " enableNotifications="false" logException="false" doc:name="Catch Exception Strategy">
                <logger message="SYSTEM LAYER - No existe Stock" level="INFO" category="com.acqua.utils.ConsolaSystemDragon" doc:name="Logger CONSOLE"/>

            </catch-exception-strategy>
        </choice-exception-strategy>
    </flow>
    <flow name="shopify-sc-producto-obtener-precio-simple-stock-by-sku-flow" processingStrategy="synchronous">
        <expression-component doc:name="Expression"><![CDATA[flowVars.response = new java.util.HashMap();
flowVars.response.put('precio',0);
flowVars.response.put('existe',false);
flowVars.request = new java.util.HashMap();
flowVars.request .put("BaseDeDatos",flowVars.baseDeDatos); 
flowVars.request .put("query",flowVars.codigo + '! ! ' ); 
flowVars.request .put("stockcero",true); 
flowVars.request .put("exacto",true); 
flowVars.request .put("lista",'LISTA1'); ]]></expression-component>
        <dragonfish:servicio config-ref="Dragonfish__Configuration" entityType="ConsultaStockYPrecios_consultaStockYPreciosGet" doc:name="Dragonfish">
            <dragonfish:entity-data ref="#[flowVars.request]"/>
        </dragonfish:servicio>
        <foreach collection="#[payload.resultados]" doc:name="For Each">
            <expression-component doc:name="Expression"><![CDATA[if(payload.color.isEmpty() && payload.talle.isEmpty())
{
	flowVars.response.replace('precio',payload.precio);
	flowVars.response.replace('existe',true);
}
]]></expression-component>
        </foreach>

        <choice-exception-strategy doc:name="Choice Exception Strategy">
            <catch-exception-strategy when="exception.causedBy(org.mule.modules.connector.exceptions.ExternalConnectorException) " enableNotifications="false" logException="false" doc:name="Catch Exception Strategy">
                <logger message="SYSTEM LAYER - No existe Stock" level="INFO" category="com.acqua.utils.ConsolaSystemDragon" doc:name="Logger CONSOLE"/>

            </catch-exception-strategy>
        </choice-exception-strategy>
    </flow>
    
    <flow name="sh-dragon-table-lookup-table-colores-next-flow" processingStrategy="synchronous">
        <expression-component doc:name="Set Request"><![CDATA[payload = new java.util.HashMap();
payload.put("limit",100);
payload.put("page",flowVars.pageNo);]]></expression-component>
        <dragonfish:servicio config-ref="Dragonfish__Configuration" entityType="Color_colorGet" doc:name="Dragonfish"/>
        <foreach collection="#[payload.resultados]" doc:name="For Each">
            <expression-component doc:name="Expression"><![CDATA[if(flowVars.colores.containsKey(payload.descripcion))
{
	flowVars.coloresDuplicados .add(payload.descripcion); 
} else
{
	flowVars.colores .put(payload.descripcion,payload.codigo); 
}]]></expression-component>
        </foreach>
        <choice doc:name="Choice">
            <when expression="#[payload.siguiente != null]">
                <set-variable variableName="pageNo" value="#[flowVars.pageNo + 1]" doc:name="Set Next Page"/>
                <flow-ref name="sh-dragon-table-lookup-table-colores-next-flow" doc:name="sh-dragon-table-lookup-table-colores-next-flow"/>
            </when>
            <otherwise>
                <logger message="No more page" level="INFO" category="com.acqua.utils.SystemLayer" doc:name="Logger"/>
            </otherwise>
        </choice>
    </flow>
    
    <flow name="sh-dragon-table-lookup-table-talles-next-flow" processingStrategy="synchronous">
        <expression-component doc:name="Set Request"><![CDATA[payload = new java.util.HashMap();
payload.put("limit",100);
payload.put("page",flowVars.pageNo);]]></expression-component>
        <dragonfish:servicio config-ref="Dragonfish__Configuration" entityType="Talle_talleGet" doc:name="Dragonfish"/>
        <foreach collection="#[payload.resultados]" doc:name="For Each">
            <expression-component doc:name="Expression"><![CDATA[if(flowVars.talles.containsKey(payload.descripcion))
{
	flowVars.tallesDuplicados .add(payload.descripcion); 
} else
{
	flowVars.talles .put(payload.descripcion,payload.codigo); 
}]]></expression-component>
        </foreach>
        <choice doc:name="Choice">
            <when expression="#[payload.siguiente != null]">
                <set-variable variableName="pageNo" value="#[flowVars.pageNo + 1]" doc:name="Set Next Page"/>
                <flow-ref name="sh-dragon-table-lookup-table-talles-next-flow" doc:name="sh-dragon-table-lookup-table-talles-next-flow"/>
            </when>
            <otherwise>
                <logger message="No more page" level="INFO" category="com.acqua.utils.SystemLayer" doc:name="Logger"/>
            </otherwise>
        </choice>
    </flow>
    
</mule>
