<?xml version="1.0" encoding="UTF-8"?>

<mule xmlns:apikit="http://www.mulesoft.org/schema/mule/apikit"
	xmlns:tracking="http://www.mulesoft.org/schema/mule/ee/tracking"
	xmlns:json="http://www.mulesoft.org/schema/mule/json" xmlns="http://www.mulesoft.org/schema/mule/core"
	xmlns:doc="http://www.mulesoft.org/schema/mule/documentation"
	xmlns:spring="http://www.springframework.org/schema/beans" xmlns:xsi="http://www.w3.org/2001/XMLSchema-instance"
	xsi:schemaLocation="http://www.mulesoft.org/schema/mule/apikit http://www.mulesoft.org/schema/mule/apikit/current/mule-apikit.xsd
http://www.mulesoft.org/schema/mule/json http://www.mulesoft.org/schema/mule/json/current/mule-json.xsd
http://www.springframework.org/schema/beans http://www.springframework.org/schema/beans/spring-beans-current.xsd
http://www.mulesoft.org/schema/mule/core http://www.mulesoft.org/schema/mule/core/current/mule.xsd
http://www.mulesoft.org/schema/mule/ee/tracking http://www.mulesoft.org/schema/mule/ee/tracking/current/mule-tracking-ee.xsd">
	
 	<choice-exception-strategy name="System_Layer_New_Exception_Strategy">
		 
		<catch-exception-strategy
			when="#[exception.causeMatches(&quot;org.mule.module.apikit.exception.*&quot;)]"
			doc:name="Catch APIKit">
            <logger message="Catch APIKit: Se ha producido un Error invocando un API" level="ERROR" category="com.acqua.common.utils.CommonLayer" doc:name="Logger"/>
            <expression-component doc:name="Expression"><![CDATA[flowVars.flowName = "APIKIT";
flowVars.metricCategory ="";
flowVars.errorCode = "";
flowVars.httpStatus=400;
flowVars.errorMessage = "Error API KIT";
]]></expression-component>
			<custom-transformer returnClass="com.acqua.common.sl.exceptions.SLResponseError"
				class="com.acqua.common.sl.transformers.SLCreateResponse" doc:name="Java - Create SL Response Error">
			</custom-transformer>
			<json:object-to-json-transformer
				doc:name="Object to JSON" />
			<logger message="Error: #[payload]" level="ERROR"
				category="com.acqua.common.utils.CommonLayer" doc:name="Logger" />
			<set-property propertyName="http.status" value="#[400]"
				doc:name="Property" />
 
		</catch-exception-strategy>
		
		<catch-exception-strategy
			when="#[exception.causeMatches(&quot;com.acqua.common.sl.exceptions.SLException.*&quot;)]"
			doc:name="Catch SLException">
            <logger message="Catch SLException: #[exception.getCauseException().getMessage().split(&quot;\\n&quot;)]" level="ERROR" category="com.acqua.common.utils.CommonLayer" doc:name="Logger"/>
			<expression-component doc:name="Get Create SL Response Error"><![CDATA[flowVars.circularException = exception.getCause(); 
flowVars.SystemLayerResponseError = flowVars.circularException.getSystemLayerResponseError();]]></expression-component>
			<set-payload value="#[flowVars.SystemLayerResponseError]"
				doc:name="Set Payload" />
			<json:object-to-json-transformer
				mimeType="application/json" doc:name="Object to JSON" />
			<logger message="Error: #[payload]" level="ERROR"
				category="com.acqua.common.utils.CommonLayer" doc:name="Logger" />
			<set-property propertyName="http.status"
				value="#[400]"
				doc:name="Property" />
 
		</catch-exception-strategy>
		
		<catch-exception-strategy
			when="#[exception.causeMatches(&quot;org.mule.modules.connector.exceptions.ExternalConnectorException.*&quot;)]"
			doc:name="Catch GRPC ExternalConnectorException">
            <logger message="Catch GRPC ExternalConnectorException: #[exception.getCauseException().getMessage().split(&quot;\\n&quot;)]" level="ERROR" category="com.acqua.common.utils.CommonLayer" doc:name="Logger"/>
            <custom-transformer returnClass="com.acqua.common.sl.exceptions.SLResponseError" class="com.acqua.common.sl.transformers.SLCreateServiceResponse" doc:name="Create SL Service Response Error"/>
            <expression-component doc:name="Expression"><![CDATA[flowVars.commonException = payload;]]></expression-component>
            <json:object-to-json-transformer doc:name="Object to JSON"/>
            <logger message="Error: #[payload]" level="INFO" category="com.acqua.common.utils.CommonLayer" doc:name="Logger"/>
            <set-property propertyName="http.status" value="#[400]" doc:name="Property"/>

 
		</catch-exception-strategy>
		
		<catch-exception-strategy
			when="#[exception.causeMatches(&quot;org.mule.modules.connector.exceptions.InternalConnectorException.*&quot;)]"
			doc:name="Catch GRPC InternalConnectorException">
            <logger message="Catch GRPC InternalConnectorException: #[exception.getCauseException().getMessage().split(&quot;\\n&quot;)]" level="ERROR" category="com.acqua.common.utils.CommonLayer" doc:name="Logger"/>

            <custom-transformer returnClass="com.acqua.common.sl.exceptions.SLResponseError" class="com.acqua.common.sl.transformers.SLCreateServiceResponse" doc:name="Create SL Service Response Error"/>
            <expression-component doc:name="Expression"><![CDATA[flowVars.commonException = payload;]]></expression-component>
            <json:object-to-json-transformer doc:name="Object to JSON"/>
            <logger message="Error: #[payload]" level="INFO" category="com.acqua.common.utils.CommonLayer" doc:name="Logger"/>
            <set-property propertyName="http.status" value="#[400]" doc:name="Property"/>

 
		</catch-exception-strategy>
		
		<catch-exception-strategy
			when="#[exception.causeMatches(&quot;org.mule.api.ConnectionException.*&quot;)]"
			doc:name="Catch Connection Exception">
            <logger message="Catch Connection Exception: #[exception.getCauseException().getMessage().split(&quot;\\n&quot;)]" level="ERROR" category="com.acqua.common.utils.CommonLayer" doc:name="Logger"/>

            <custom-transformer returnClass="com.acqua.common.sl.exceptions.SLResponseError" class="com.acqua.common.sl.transformers.SLCreateServiceResponse" doc:name="Create SL Service Response Error"/>
            <expression-component doc:name="Expression"><![CDATA[flowVars.commonException = payload;]]></expression-component>
            <json:object-to-json-transformer doc:name="Object to JSON"/>
            <logger message="Error: #[payload]" level="INFO" category="com.acqua.common.utils.CommonLayer" doc:name="Logger"/>
            <set-property propertyName="http.status" value="#[400]" doc:name="Property"/>

 
		</catch-exception-strategy>
		
		<catch-exception-strategy doc:name="Catch No Controlled Strategy">
            <logger message="Catch No Controlled Strategy: #[(exception.cause!=null)?(exception.cause.message):exception.getSummaryMessage()]" level="ERROR" doc:name="Logger" category="com.acqua.common.utils.CommonLayer"/>
            <logger message="Summary: #[exception]" level="INFO" category="com.acqua.common.utils.CommonLayer" doc:name="Logger"/>
			<custom-transformer returnClass="com.acqua.common.sl.exceptions.SLResponseError"
				class="com.acqua.common.sl.transformers.SLCreateResponse" doc:name="Java - Create SL Response Error">
			</custom-transformer>
			<json:object-to-json-transformer
				doc:name="Object to JSON" />
			<logger message="Error: #[payload]" level="ERROR"
				category="com.acqua.common.utils.CommonLayer" doc:name="Logger" />
			<set-property propertyName="http.status" value="#[500]"
				doc:name="Property" />
		</catch-exception-strategy>

	</choice-exception-strategy>


</mule>
