<?xml version="1.0" encoding="UTF-8"?>

<mule xmlns:tracking="http://www.mulesoft.org/schema/mule/ee/tracking" xmlns:http="http://www.mulesoft.org/schema/mule/http"
	xmlns:dragonfish="http://www.mulesoft.org/schema/mule/dragonfish" xmlns:json="http://www.mulesoft.org/schema/mule/json" xmlns="http://www.mulesoft.org/schema/mule/core" xmlns:doc="http://www.mulesoft.org/schema/mule/documentation"
	xmlns:spring="http://www.springframework.org/schema/beans" 
	xmlns:xsi="http://www.w3.org/2001/XMLSchema-instance"
	xsi:schemaLocation="http://www.mulesoft.org/schema/mule/http http://www.mulesoft.org/schema/mule/http/current/mule-http.xsd
http://www.springframework.org/schema/beans http://www.springframework.org/schema/beans/spring-beans-current.xsd
http://www.mulesoft.org/schema/mule/core http://www.mulesoft.org/schema/mule/core/current/mule.xsd
http://www.mulesoft.org/schema/mule/json http://www.mulesoft.org/schema/mule/json/current/mule-json.xsd
http://www.mulesoft.org/schema/mule/dragonfish http://www.mulesoft.org/schema/mule/dragonfish/current/mule-dragonfish.xsd
http://www.mulesoft.org/schema/mule/ee/tracking http://www.mulesoft.org/schema/mule/ee/tracking/current/mule-tracking-ee.xsd">
  
    <flow name="woo-table-lookup-categorias-flow">
       
        <expression-component doc:name="Expression - Init Return Value"><![CDATA[flowVars.flowName=flow.name;
flowVars.metricCategory=message.inboundProperties.'http.request.path';
flowVars.apiName=message.inboundProperties.'http.request.uri';
flowVars.errorCode="";
flowVars.rerturnValue = new java.util.ArrayList();
flowVars.page=1;]]></expression-component>

 		<flow-ref name="woo-table-lookup-categorias-while-flow" doc:name="woo-table-lookup-categorias-while-flow"/>
        
        <json:object-to-json-transformer doc:name="Object to JSON"/>
        
    </flow>
    
    <flow name="woo-table-lookup-categorias-process-flow">
       
        <expression-component doc:name="Expression - Init Return Value"><![CDATA[flowVars.rerturnValue = new java.util.ArrayList();
flowVars.page=1;]]></expression-component>

 		<flow-ref name="woo-table-lookup-categorias-while-flow" doc:name="woo-table-lookup-categorias-while-flow"/>
          
    </flow>
	
	<flow name="woo-table-lookup-categorias-while-flow">
    <set-variable variableName="Host" value="${Woo_API_Host}" doc:name="Variable"/>     
		<http:request config-ref="HTTP_Request_Configuration_Woo"
			path="/products/categories?per_page=100&amp;page=#[flowVars.page]" method="GET" doc:name="HTTP - Get Categories">
			<http:request-builder>
                <http:query-param paramName="consumer_key" value="${Woo_API_Key}"/>
                <http:query-param paramName="consumer_secret" value="${Woo_API_Password}"/>
                <http:query-param paramName="per_page" value="100"/>
                <http:header headerName="Host" value="#[flowVars.Host]"/>
                <http:header headerName="content-type" value="application/json; charset=utf-8"/>
			</http:request-builder>
		</http:request>
        <json:json-to-object-transformer returnClass="java.util.ArrayList" doc:name="JSON to Object"/>
		
		<foreach collection="#[payload]" doc:name="For Each">
			<expression-component doc:name="Expression"><![CDATA[flowVars.codigo = new java.util.HashMap();
flowVars.tmpArray = new java.util.HashMap();
flowVars.tmpArray .put("id",payload.id);
flowVars.tmpArray .put("parentID",payload.parent); 
flowVars.codigo .put(payload.name,flowVars.tmpArray); 
flowVars.rerturnValue.add(flowVars.codigo);]]></expression-component>
		</foreach>

		<choice doc:name="Choice - Hay mas Paginas Pendientes?">
            <when expression="#[!payload.isEmpty()]">
                <expression-component doc:name="Expression"><![CDATA[flowVars.page=flowVars.page+1;]]></expression-component>
                <flow-ref name="woo-table-lookup-categorias-while-flow" doc:name="woo-table-lookup-categorias-while-flow"/>
            </when>
            <otherwise>
                <logger message="No hay mas paginas pendientes" level="INFO" category="com.acqua.utils.SystemLayer" doc:name="Logger"/>
                <set-payload value="#[flowVars.rerturnValue]" doc:name="Set Payload"/>
                <custom-transformer mimeType="application/json" class="com.acqua.transformer.WooCategoriesTransformer" doc:name="Woo Category Transformer"/>
            </otherwise>
        </choice> 

		<exception-strategy ref="System_Layer_Generic_Exception_Strategy"
			doc:name="Reference Exception Strategy" />

	</flow>
	
    <flow name="woo-table-lookup-etiquetas-flow">
        <expression-component doc:name="Expression - Init Return Value"><![CDATA[flowVars.flowName=flow.name;
flowVars.metricCategory=message.inboundProperties.'http.request.path';
flowVars.apiName=message.inboundProperties.'http.request.uri';
flowVars.errorCode="";
flowVars.rerturnValue = new java.util.ArrayList();
flowVars.page=1;]]></expression-component>
        <flow-ref name="woo-table-lookup-etiquetas-while-flow" doc:name="woo-table-lookup-etiquetas-while-flow"/>
        
        <set-payload value="#[flowVars.rerturnValue]" doc:name="Set Payload"/>
        
        <json:object-to-json-transformer doc:name="Object to JSON"/>
        
    </flow>
	
	<flow name="woo-table-lookup-etiquetas-while-flow">
        <expression-component doc:name="Expression"><![CDATA[payload = new java.util.HashMap();]]></expression-component>
    <set-variable variableName="Host" value="${Woo_API_Host}" doc:name="Variable"/>
		<http:request config-ref="HTTP_Request_Configuration_Woo"
			path="/products/tags?per_page=100&amp;page=#[flowVars.page]" method="GET" doc:name="HTTP - Get Etiquetas">
			<http:request-builder>
                <http:query-param paramName="consumer_key" value="${Woo_API_Key}"/>
                <http:query-param paramName="consumer_secret" value="${Woo_API_Password}"/>
                <http:query-param paramName="per_page" value="100"/>
                <http:header headerName="Host" value="#[flowVars.Host]"/>
                <http:header headerName="content-type" value="application/json; charset=utf-8"/>
			</http:request-builder>
		</http:request>
        <json:json-to-object-transformer returnClass="java.util.ArrayList" doc:name="JSON to Object"/>
		
		<foreach collection="#[payload]" doc:name="For Each">
			<expression-component doc:name="Expression"><![CDATA[flowVars.codigo = new java.util.HashMap();
flowVars.codigo .put(payload.name,payload.id); 
flowVars.rerturnValue.add(flowVars.codigo);]]></expression-component>
		</foreach>
		
		<choice doc:name="Choice - Hay mas Paginas Pendientes?">
            <when expression="#[!payload.isEmpty()]">
                <expression-component doc:name="Expression"><![CDATA[flowVars.page=flowVars.page+1;]]></expression-component>
                <flow-ref name="woo-table-lookup-etiquetas-while-flow" doc:name="woo-table-lookup-etiquetas-while-flow"/>
            </when>
            <otherwise>
                <logger message="No hay mas paginas pendientes" level="INFO" category="com.acqua.utils.SystemLayer" doc:name="Logger"/>
            </otherwise>
        </choice> 

		<exception-strategy ref="System_Layer_Generic_Exception_Strategy"
			doc:name="Reference Exception Strategy" />

	</flow>
    
</mule>
