<?xml version="1.0" encoding="UTF-8"?>

<mule xmlns:wmq="http://www.mulesoft.org/schema/mule/ee/wmq" xmlns:json="http://www.mulesoft.org/schema/mule/json"
	xmlns:validation="http://www.mulesoft.org/schema/mule/validation"
	xmlns:http="http://www.mulesoft.org/schema/mule/http" xmlns:tracking="http://www.mulesoft.org/schema/mule/ee/tracking"
	xmlns="http://www.mulesoft.org/schema/mule/core" xmlns:doc="http://www.mulesoft.org/schema/mule/documentation"
	xmlns:spring="http://www.springframework.org/schema/beans" xmlns:xsi="http://www.w3.org/2001/XMLSchema-instance"
	xsi:schemaLocation="http://www.mulesoft.org/schema/mule/json http://www.mulesoft.org/schema/mule/json/current/mule-json.xsd
http://www.mulesoft.org/schema/mule/validation http://www.mulesoft.org/schema/mule/validation/current/mule-validation.xsd
http://www.springframework.org/schema/beans http://www.springframework.org/schema/beans/spring-beans-current.xsd
http://www.mulesoft.org/schema/mule/core http://www.mulesoft.org/schema/mule/core/current/mule.xsd
http://www.mulesoft.org/schema/mule/ee/tracking http://www.mulesoft.org/schema/mule/ee/tracking/current/mule-tracking-ee.xsd
http://www.mulesoft.org/schema/mule/http http://www.mulesoft.org/schema/mule/http/current/mule-http.xsd
http://www.mulesoft.org/schema/mule/ee/wmq http://www.mulesoft.org/schema/mule/ee/wmq/current/mule-wmq-ee.xsd">
    <flow name="woo-order_get_flow">
        <flow-ref name="woo-order-get-process-flow" doc:name="woo-order-get-process-flow"/>
        <logger message="SYSTEM LAYER - #[message.outboundProperties[&quot;http.status&quot;]==200?&quot;Procesado&quot;:&quot;ERROR order no procesado&quot;]  #[flowVars.keyLog] #[&quot;\n&quot;]#[payload]" level="INFO" category="com.acqua.utils.ConsolaSystemShopify" doc:name="Logger CONSOLA"/>

    </flow>
    
    <flow name="woo-order_put_flow">
        <flow-ref name="woo-order-put-process-flow" doc:name="woo-order-put-process-flow"/>
        <set-payload value="#[flowVars.returnValue]" doc:name="Set Payload"/>
        <json:object-to-json-transformer doc:name="Object to JSON"/>
        <logger message="SYSTEM LAYER - #[message.outboundProperties[&quot;http.status&quot;]==200?&quot;Procesado&quot;:&quot;ERROR woo order no procesado&quot;]  #[&quot;\n&quot;]#[payload]" level="INFO" category="com.acqua.utils.ConsolaSystemShopify" doc:name="Logger CONSOLA"/>

    </flow>


	<flow name="woo-order-get-process-flow" processingStrategy="synchronous">
		
		<expression-component doc:name="Set Control Vars"><![CDATA[flowVars.flowName=flow.name;
flowVars.metricCategory=message.inboundProperties.'http.request.path';
flowVars.apiName=message.inboundProperties.'http.request.uri';
flowVars.errorCode="";
flowVars.orderid=(message.inboundProperties.'http.uri.params'.OrderId == null? "":message.inboundProperties.'http.uri.params'.OrderId);]]></expression-component>

        
        <logger message="#[&quot;-----------------------------------------------------------------------------------------&quot;]" level="INFO" category="com.acqua.utils.ConsolaSystemShopify" doc:name="Logger CONSOLA"/>
        
        <logger message="SYSTEM LAYER - Getting Order  #[flowVars.OrderNo]" level="INFO" category="com.acqua.utils.ConsolaSystemShopify" doc:name="Logger CONSOLA"/>

        <set-variable variableName="Host" value="${Woo_API_Host}" doc:name="Variable"/>
        
		<http:request config-ref="HTTP_Request_Configuration_Woo"
			path="/orders/#[flowVars.orderid]" method="GET"
			source="#[flowVars.request]" doc:name="HTTP - Get Order">
			<http:request-builder>
                <http:query-param paramName="consumer_key" value="${Woo_API_Key}"/>
                <http:query-param paramName="consumer_secret" value="${Woo_API_Password}"/>
                <http:header headerName="Host" value="#[flowVars.Host]"/>
                <http:header headerName="content-type" value="application/json;charset=UTF-8"/>

			</http:request-builder>
			<http:success-status-code-validator
				values="200..599" />
		</http:request>
 
		<validation:custom-validator config-ref="Validation_Configuration"
			message="SHOPIFY API ha retornado un error" class="com.acqua.common.sl.validator.SLExternalRestfulValidator"
			doc:name="Validation HTTP Response" />
        <set-property propertyName="http.status" value="#[200]" doc:name="http.status"/>

		<exception-strategy ref="System_Layer_Generic_Exception_Strategy"
				doc:name="Reference Exception Strategy" />
				
	</flow>
	
	<flow name="woo-order-put-process-flow" processingStrategy="synchronous">
		
		<expression-component doc:name="Set Control Vars"><![CDATA[flowVars.flowName=flow.name;
flowVars.metricCategory=message.inboundProperties.'http.request.path';
flowVars.apiName=message.inboundProperties.'http.request.uri';
flowVars.errorCode="";
flowVars.orderid=(message.inboundProperties.'http.uri.params'.OrderId == null? "":message.inboundProperties.'http.uri.params'.OrderId);
flowVars.returnValue=new java.util.HashMap();]]></expression-component>
        <byte-array-to-string-transformer doc:name="Byte Array to String"/>
        <json:json-to-object-transformer returnClass="java.util.HashMap" doc:name="JSON to Object"/>
        <expression-component doc:name="Expression"><![CDATA[flowVars.request=payload.body;
flowVars.note= payload.note;
flowVars.noteAsJson= payload.noteAsJson;]]></expression-component>


        
        <logger message="#[&quot;-----------------------------------------------------------------------------------------&quot;]" level="INFO" category="com.acqua.utils.ConsolaSystemShopify" doc:name="Logger CONSOLA"/>
        
        <logger message="SYSTEM LAYER - Getting Order  #[flowVars.OrderNo] #[flowVars.note]" level="INFO" category="com.acqua.utils.ConsolaSystemShopify" doc:name="Logger CONSOLA"/>
        <set-payload value="#[flowVars.request]" doc:name="Set Payload"/>
        <json:object-to-json-transformer doc:name="Object to JSON"/>
         <set-variable variableName="Host" value="${Woo_API_Host}" doc:name="Variable"/>                                             
		<http:request config-ref="HTTP_Request_Configuration_Woo"
			path="orders/#[flowVars.orderid]" method="PUT"
			source="#[payload]" doc:name="HTTP - Put Order">
			<http:request-builder>
                <http:query-param paramName="consumer_key" value="${Woo_API_Key}"/>
                <http:query-param paramName="consumer_secret" value="${Woo_API_Password}"/>
                <http:header headerName="Host" value="#[flowVars.Host]"/>
                <http:header headerName="content-type" value="application/json;charset=UTF-8"/>


			</http:request-builder>
			<http:success-status-code-validator
				values="200..599" />
		</http:request>
 
		<validation:custom-validator config-ref="Validation_Configuration"
			message="SHOPIFY API ha retornado un error" class="com.acqua.common.sl.validator.SLExternalRestfulValidator"
			doc:name="Validation HTTP Response" />
        <json:json-to-object-transformer returnClass="java.util.HashMap" doc:name="JSON to Object"/>
        <expression-component doc:name="Expression"><![CDATA[flowVars.returnValue.put("order",payload);
flowVars.note.replace("note",flowVars.noteAsJson);]]></expression-component>
        <set-payload value="#[flowVars.note]" doc:name="Set Payload"/>
        <json:object-to-json-transformer doc:name="Object to JSON"/>

        <set-variable variableName="Host" value="${Woo_API_Host}" doc:name="Variable"/>
        <http:request config-ref="HTTP_Request_Configuration_Woo"
			path="orders/#[flowVars.orderid]/notes" method="POST"
			source="#[payload]" doc:name="HTTP - Post Order Note">
			<http:request-builder>
                <http:query-param paramName="consumer_key" value="${Woo_API_Key}"/>
                <http:query-param paramName="consumer_secret" value="${Woo_API_Password}"/>
                <http:header headerName="Host" value="#[flowVars.Host]"/>
                <http:header headerName="content-type" value="application/json;charset=UTF-8"/>



			</http:request-builder>
			<http:success-status-code-validator
				values="200..599" />
		</http:request>
 
		<validation:custom-validator config-ref="Validation_Configuration"
			message="SHOPIFY API ha retornado un error" class="com.acqua.common.sl.validator.SLExternalRestfulValidator"
			doc:name="Validation HTTP Response" />
        <json:json-to-object-transformer returnClass="java.util.HashMap" doc:name="JSON to Object"/>
        <expression-component doc:name="Expression"><![CDATA[flowVars.returnValue.put("note",payload);]]></expression-component>
        <set-property propertyName="http.status" value="#[200]" doc:name="http.status"/>

		<exception-strategy ref="System_Layer_Generic_Exception_Strategy"
				doc:name="Reference Exception Strategy" />
				
	</flow>

    
	
	<flow name="woo-order-get-all-flow">
        <expression-component doc:name="Set Control Vars"><![CDATA[flowVars.flowName=flow.name;
flowVars.metricCategory=message.inboundProperties.'http.request.path';
flowVars.apiName=message.inboundProperties.'http.request.uri';
flowVars.errorCode="";
flowVars.fromDate=(message.inboundProperties.'http.uri.params'.FechaModificacion == null? "":message.inboundProperties.'http.uri.params'.FechaModificacion);
flowVars.page=1;
flowVars.articulosAModificar = new java.util.HashSet();]]></expression-component>
        <logger message="#[&quot;-----------------------------------------------------------------------------------------&quot;]" level="INFO" category="com.acqua.utils.ConsolaSystemShopify" doc:name="Logger CONSOLA"/>
       
         <logger message="SYSTEM LAYER - Getting Orders  #[flowVars.fromDate]" level="INFO" category="com.acqua.utils.ConsolaSystemShopify" doc:name="Logger CONSOLA"/>
        <set-variable variableName="Host" value="${Woo_API_Host}" doc:name="Variable"/>
        <http:request config-ref="HTTP_Request_Configuration_Woo"
			path="#['/orders?per_page=100&amp;fields=id,order_number&amp;status=${Woo_Reprocess_Order_Status}&amp;after=' + flowVars.fromDate]" method="GET"
			source="#[flowVars.request]" doc:name="HTTP - Get Orders">
			<http:request-builder>
                <http:query-param paramName="consumer_key" value="${Woo_API_Key}"/>
                <http:query-param paramName="consumer_secret" value="${Woo_API_Password}"/>
                <http:header headerName="Host" value="#[flowVars.Host]"/>
                <http:header headerName="content-type" value="application/json;charset=UTF-8"/>
 
			</http:request-builder>
			
			<http:success-status-code-validator
				values="200..599" />
		</http:request>
        <validation:custom-validator config-ref="Validation_Configuration" message="SHOPIFY API ha retornado un error" class="com.acqua.common.sl.validator.SLExternalRestfulValidator" doc:name="Validation HTTP Response"/>
        <flow-ref name="woo-order-get-all-while-flow" doc:name="woo-order-get-all-while-flow"/>
        <set-property propertyName="http.status" value="#[200]" doc:name="http.status"/>
        <set-payload value="#[flowVars.articulosAModificar]" doc:name="Set Payload"/>
        <json:object-to-json-transformer doc:name="Object to JSON"/>
        <logger message="SYSTEM LAYER - #[message.outboundProperties[&quot;http.status&quot;]==200?&quot;Procesado&quot;:&quot;ERROR articulo no procesado&quot;]#[&quot;\n&quot;]#[payload]" level="INFO" category="com.acqua.utils.ConsolaSystemShopify" doc:name="Logger CONSOLA"/>
        <exception-strategy ref="System_Layer_Generic_Exception_Strategy" doc:name="Reference Exception Strategy"/>

    </flow>
    
    <flow name="woo-order-get-all-while-flow" initialState="started" processingStrategy="synchronous">

        <json:json-to-object-transformer returnClass="java.util.ArrayList" doc:name="JSON to Object"/>
        <foreach collection="#[payload]" doc:name="For Each - Order">
            <set-variable variableName="CodigoRemitoDragon" value="#[&quot;&quot;]" doc:name="Variable"/>
            <logger message="Order #[payload.id]" level="INFO" category="com.acqua.utils.SystemLayer" doc:name="Logger"/>
            <foreach collection="#[payload.meta_data]" doc:name="For Each Metadata">
                <expression-component doc:name="Expression"><![CDATA[if(payload.key.equals("CodigoRemitoDragon"))
{
	flowVars.CodigoRemitoDragon = payload.value;
}]]></expression-component>
            </foreach>
            <expression-component doc:name="Expression"><![CDATA[flowVars.tmp = new java.util.HashMap();
flowVars.tmp.put("id",payload.id);
flowVars.tmp.put("order_number",payload.number);
flowVars.tmp.put("order_status",payload.status);
flowVars.tmp.put("order_remito_codigo",flowVars.CodigoRemitoDragon);
flowVars.articulosAModificar.add(flowVars.tmp);]]></expression-component>
        </foreach>
        <choice doc:name="Choice - Hay mas Paginas Pendientes?">
            <when expression="#[!payload.isEmpty()]">
        <set-variable variableName="Host" value="${Woo_API_Host}" doc:name="Variable"/>	 
        <http:request config-ref="HTTP_Request_Configuration_Woo"
			path="#['/orders?per_page=100&amp;fields=id,order_number&amp;status=completed&amp;after=' + flowVars.fromDate + '&amp;page=' + flowVars.page]" method="GET"
			source="#[flowVars.request]" doc:name="HTTP - Get Orders">
			<http:request-builder>
                        <http:query-param paramName="consumer_key" value="${Woo_API_Key}"/>
                        <http:query-param paramName="consumer_secret" value="${Woo_API_Password}"/>
                        <http:header headerName="Host" value="#[flowVars.Host]"/>
                        <http:header headerName="content-type" value="application/json;charset=UTF-8"/>

 
			</http:request-builder>
			
			<http:success-status-code-validator
				values="200..599" />
		    </http:request>
                <expression-component doc:name="Expression"><![CDATA[flowVars.page=flowVars.page+1;]]></expression-component>
                <flow-ref name="woo-order-get-all-while-flow" doc:name="woo-order-get-all-while-flow"/>
            </when>
            <otherwise>
                <logger message="No hay mas paginas pendientes" level="INFO" category="com.acqua.utils.SystemLayer" doc:name="Logger"/>
            </otherwise>
        </choice> 
    </flow>


</mule>
