<?xml version="1.0" encoding="UTF-8"?>

<mule xmlns:json="http://www.mulesoft.org/schema/mule/json" xmlns:http="http://www.mulesoft.org/schema/mule/http" xmlns:validation="http://www.mulesoft.org/schema/mule/validation" xmlns:tracking="http://www.mulesoft.org/schema/mule/ee/tracking" xmlns="http://www.mulesoft.org/schema/mule/core" xmlns:doc="http://www.mulesoft.org/schema/mule/documentation"
	xmlns:spring="http://www.springframework.org/schema/beans" 
	xmlns:xsi="http://www.w3.org/2001/XMLSchema-instance"
	xsi:schemaLocation="http://www.springframework.org/schema/beans http://www.springframework.org/schema/beans/spring-beans-current.xsd
http://www.mulesoft.org/schema/mule/core http://www.mulesoft.org/schema/mule/core/current/mule.xsd
http://www.mulesoft.org/schema/mule/json http://www.mulesoft.org/schema/mule/json/current/mule-json.xsd
http://www.mulesoft.org/schema/mule/http http://www.mulesoft.org/schema/mule/http/current/mule-http.xsd
http://www.mulesoft.org/schema/mule/validation http://www.mulesoft.org/schema/mule/validation/current/mule-validation.xsd
http://www.mulesoft.org/schema/mule/ee/tracking http://www.mulesoft.org/schema/mule/ee/tracking/current/mule-tracking-ee.xsd">
  
    <flow name="woo-get-articulos-agrupadores-dragon-publicados-flow" processingStrategy="synchronous">
        <logger message="SYSTEM LAYER - REQUEST: Leyendo Productos DragoFish Publicados" level="INFO" category="com.acqua.utils.SystemLayer" doc:name="Logger"/>
        <expression-component doc:name="Set Control Flow"><![CDATA[flowVars.flowName=flow.name;
flowVars.metricCategory=message.inboundProperties.'http.request.path';
flowVars.apiName=message.inboundProperties.'http.request.uri';
flowVars.errorCode="";
flowVars .incluirIDs=true;
flowVars.paletaColoresEspecial = "${Paleta_Colores_Especial}";
flowVars.paletaColoresSeparador = "${Paleta_Colores_Separador}";
flowVars .processParaCache=true;
flowVars .actualizarAgrupado=false;
flowVars .format=message.inboundProperties.accept != null?message.inboundProperties.accept:"";]]></expression-component>
        <expression-component doc:name="Set Control Vars"><![CDATA[flowVars.page=1;
flowVars.articulosAModificar = new java.util.HashMap();
flowVars.articulosParaCache = new java.util.HashMap();
]]></expression-component>
        <flow-ref name="woo-get-articulos-agrupadores-dragon-publicados-while-flow" doc:name="woo-get-articulos-agrupadores-dragon-publicados-while-flow"/>
        <expression-component doc:name="Expression"><![CDATA[flowVars.returnValue=new java.util.ArrayList();]]></expression-component>
        <foreach collection="#[flowVars.articulosAModificar.entrySet()]" doc:name="For Each">
            <logger message="#[payload.getKey().split('#')[0]] payload.getKey().split('#')[1]] #[payload.getKey().split('#')[2]]" level="INFO" doc:name="Logger"/>
            <expression-component doc:name="Expression"><![CDATA[flowVars.lineReturn=new java.util.HashMap();
flowVars.lineReturn.put("id",payload.getKey().split('#')[0]);
flowVars.lineReturn.put("sku",payload.getKey().split('#')[1]);
flowVars.lineReturn.put("name",payload.getKey().split('#')[2]);
flowVars.skus=new java.util.ArrayList();
flowVars.skuCretate = "";]]></expression-component>
            <foreach collection="#[payload.getValue()]" doc:name="For Each">
                <expression-component doc:name="Expression"><![CDATA[flowVars.sku=new java.util.HashMap();
if(flowVars.articulosParaCache.containsKey(payload))
{
    flowVars.skuID=flowVars.articulosParaCache.get(payload).split('#')[0];
	flowVars.sku.put("id",payload);
    flowVars.sku.put("sku",flowVars.skuID);
    flowVars.sku.put("name",flowVars.articulosParaCache.get(payload).split('#')[1]);
	flowVars.skuCretate = flowVars.skuCretate + "*" +flowVars.skuID;
} else
{
	flowVars.sku.put(payload,"ERROR");
    flowVars.skuCretate = flowVars.skuCretate + "*ERROR";
}
flowVars.skus.add(flowVars.sku);]]></expression-component>
                <logger message="#[flowVars.sku]" level="INFO" doc:name="Logger"/>
            </foreach>
            <expression-component doc:name="Expression"><![CDATA[flowVars.lineReturn.put("products",flowVars.skus);
flowVars.lineReturn.put("validSku",flowVars.skuCretate);
flowVars.lineReturn.put("status",flowVars.skuCretate.equals(flowVars.lineReturn.get("sku"))?"OK":"ERROR");
flowVars.returnValue.add(flowVars.lineReturn);]]></expression-component>
            <choice doc:name="Choice">
                <when expression="#[flowVars .actualizarAgrupado &amp;&amp; flowVars.lineReturn.get(&quot;status&quot;).equals(&quot;ERROR&quot;)]">
                    <set-variable variableName="wooID" value="#[flowVars.lineReturn.get(&quot;id&quot;)]" doc:name="Set ID"/>
                    <logger message="Actualizando #[flowVars.wooID]" level="INFO" doc:name="Logger"/>
                    <expression-component doc:name="Expression"><![CDATA[flowVars.request = new java.util.HashMap();
flowVars.request.put("sku",flowVars.skuCretate);]]></expression-component>

                <set-variable variableName="Host" value="${Woo_API_Host}" doc:name="Variable"/>
                <http:request config-ref="HTTP_Request_Configuration_Woo" path="/products/#[flowVars.wooID]" method="PUT" doc:name="HTTP - Actualizacion Producto" source="#[flowVars.request]">
                    <http:request-builder>
                            <http:query-param paramName="consumer_key" value="${Woo_API_Key}"/>
                            <http:query-param paramName="consumer_secret" value="${Woo_API_Password}"/>
                            <http:header headerName="Host" value="#[flowVars.Host]"/>
                            <http:header headerName="content-type" value="application/json;charset=UTF-8"/>
 
                    </http:request-builder>
                    <http:success-status-code-validator values="200..599"/>
                </http:request>
                </when>
                <otherwise>
                    <logger message="No actualiza" level="INFO" doc:name="Logger"/>
                </otherwise>
            </choice>
        </foreach>
        <expression-component doc:name="Prepare Email"><![CDATA[payload=flowVars.returnValue;
flowVars.subject='Articulos Agrupadores';
flowVars.HandlebarsTemplate='lista-articulos-agrupadores-report';
flowVars.attachLogs=false;]]></expression-component>
        <flow-ref name="common-new-send-notification-w-attach-flow" doc:name="common-new-send-notification-w-attach-flow"/>
        <choice doc:name="Choice">
            <when expression="#[flowVars .format ==&quot;application/json&quot;]">
                <set-payload value="#[flowVars.returnValue]" doc:name="Set Payload"/>
                <json:object-to-json-transformer doc:name="Object to JSON"/>
            </when>
            <otherwise>
                <logger message="HTML" level="INFO" doc:name="Logger"/>
            </otherwise>
        </choice>

    </flow>
    
    <flow name="woo-get-articulos-agrupadores-dragon-publicados-while-flow" processingStrategy="synchronous">
        <set-variable variableName="Host" value="${Woo_API_Host}" doc:name="Variable"/>
        <http:request config-ref="HTTP_Request_Configuration_Woo" path="/products?per_page=50&amp;page=#[flowVars.page]" method="GET" doc:name="HTTP - Get Products From Woo">
            <http:request-builder>
                <http:query-param paramName="consumer_key" value="${Woo_API_Key}"/>
                <http:query-param paramName="consumer_secret" value="${Woo_API_Password}"/>
                <http:header headerName="Host" value="#[flowVars.Host]"/>
            </http:request-builder>
        </http:request>
        <json:json-to-object-transformer returnClass="java.util.ArrayList" doc:name="JSON to Object"/>
        <foreach collection="#[payload]" doc:name="For Each - Product">
            <logger message="Producto Dragon #[payload.sku] - #[payload.name] Type: #[payload.type]" level="INFO" category="com.acqua.utils.SystemLayer" doc:name="Logger"/>
            <expression-component doc:name="Expression"><![CDATA[flowVars.productVariable = payload.type.equals("simple");
flowVars.productSimple=payload.type.equals("variable");
flowVars.productBundle=payload.type.equals("bundle");]]></expression-component>
            <expression-component doc:name="Expression"><![CDATA[flowVars.procesarProductoVarianza= (!(new Boolean(flowVars .productBundle)));
flowVars.procesarAgrupados=(new Boolean(flowVars .productBundle));]]></expression-component>
            <choice doc:name="Choice">
                <when expression="#[flowVars.procesarProductoVarianza]">
                    <expression-component doc:name="Expression"><![CDATA[if(!payload.sku.isEmpty() && payload.type == 'simple')
{
	flowVars.articulosParaCache.put(payload.id,payload.sku + "#" + payload.name); 
}
if(!payload.sku.isEmpty() && payload.type == 'variable')
{
	flowVars.articulosParaCache.put(payload.id,payload.sku + "#" + payload.name);
}]]></expression-component>

                </when>
                <when expression="#[flowVars.procesarAgrupados &amp;&amp; payload.status.equals(&quot;publish&quot;)]">
                    <logger message="Grouped #[payload.sku] #[payload.name] #[payload.bundled_items] #[payload.status.equals(&quot;publish&quot;)]" level="INFO" category="com.acqua.utils.SystemLayer" doc:name="Logger"/>
                    <expression-component doc:name="Expression"><![CDATA[flowVars.lista=new java.util.ArrayList();]]></expression-component>
                    <foreach collection="#[payload.bundled_items]" doc:name="For Each">
                        <expression-component doc:name="Expression"><![CDATA[flowVars.lista.add(payload.product_id);]]></expression-component>
                    </foreach>
                    <expression-component doc:name="Expression"><![CDATA[flowVars.articulosAModificar.put(payload.id +"#" + payload.sku+"#"+payload.name,flowVars.lista);]]></expression-component>
                </when>
                <otherwise>
                    <logger message="No considerar" level="INFO" category="com.acqua.utils.SystemLayer" doc:name="Logger"/>
                </otherwise>
            </choice>
        </foreach>
        <choice doc:name="Choice - Hay mas Paginas Pendientes?">
            <when expression="#[!payload.isEmpty()]">
                <expression-component doc:name="Expression"><![CDATA[flowVars.page=flowVars.page+1;]]></expression-component>
                <flow-ref name="woo-get-articulos-agrupadores-dragon-publicados-while-flow" doc:name="woo-get-articulos-agrupadores-dragon-publicados-while-flow"/>
            </when>
            <otherwise>
                <logger message="No hay mas paginas pendientes" level="INFO" category="com.acqua.utils.SystemLayer" doc:name="Logger"/>
            </otherwise>
        </choice>
    </flow>
</mule>
