<?xml version="1.0" encoding="UTF-8"?>

<mule xmlns:validation="http://www.mulesoft.org/schema/mule/validation"
	xmlns:http="http://www.mulesoft.org/schema/mule/http" xmlns:json="http://www.mulesoft.org/schema/mule/json"
	xmlns:tracking="http://www.mulesoft.org/schema/mule/ee/tracking" xmlns="http://www.mulesoft.org/schema/mule/core"
	xmlns:doc="http://www.mulesoft.org/schema/mule/documentation"
	xmlns:spring="http://www.springframework.org/schema/beans" xmlns:xsi="http://www.w3.org/2001/XMLSchema-instance"
	xsi:schemaLocation="http://www.mulesoft.org/schema/mule/validation http://www.mulesoft.org/schema/mule/validation/current/mule-validation.xsd
http://www.mulesoft.org/schema/mule/http http://www.mulesoft.org/schema/mule/http/current/mule-http.xsd
http://www.mulesoft.org/schema/mule/json http://www.mulesoft.org/schema/mule/json/current/mule-json.xsd
http://www.springframework.org/schema/beans http://www.springframework.org/schema/beans/spring-beans-current.xsd
http://www.mulesoft.org/schema/mule/core http://www.mulesoft.org/schema/mule/core/current/mule.xsd
http://www.mulesoft.org/schema/mule/ee/tracking http://www.mulesoft.org/schema/mule/ee/tracking/current/mule-tracking-ee.xsd">

	<flow name="woo-varianza_actualizar_flow" processingStrategy="synchronous">
		<flow-ref name="woo-varianza-update-process-flow" doc:name="woo-varianza-update-process-flow" />
		<logger
			message="SYSTEM LAYER - #[message.outboundProperties[&quot;http.status&quot;]==200?&quot;Procesado&quot;:&quot;ERROR articulo no procesado&quot;]  #[flowVars.keyLog] #[&quot;\n&quot;]#[payload]"
			level="INFO" category="com.acqua.utils.ConsolaSystemWoo" doc:name="Logger CONSOLA" />
	</flow>


	<flow name="woo-varianza-update-process-flow" processingStrategy="synchronous">

		<expression-component doc:name="Set Control Vars"><![CDATA[flowVars.flowName=flow.name;
flowVars.metricCategory=message.inboundProperties.'http.request.path';
flowVars.apiName=message.inboundProperties.'http.request.uri';
flowVars.errorCode="";
flowVars.process=message.inboundProperties.'process';
flowVars.transactionId=message.inboundProperties.'transactionId';
flowVars.articuloDescripcion=message.inboundProperties.'articuloDescripcion';

]]></expression-component>

		<byte-array-to-string-transformer
			doc:name="Byte Array to String" encoding="UTF-8" mimeType="application/json" />

		<logger
			message="#[&quot;-----------------------------------------------------------------------------------------&quot;]"
			level="INFO" category="com.acqua.utils.ConsolaSystemWoo" doc:name="Logger CONSOLA" />

		<logger
			message="SYSTEM LAYER - Requerimiento recibido #[flowVars.keyLog]  #[&quot;\n&quot;] #[payload]"
			level="INFO" category="com.acqua.utils.ConsolaSystemWoo" doc:name="Logger CONSOLA" />

		<json:json-to-object-transformer
			returnClass="java.util.HashMap" doc:name="JSON to Object" />

		<set-variable variableName="keyLog"
			value="Varianza #[payload.articuloDescripcionAdicional] - #[payload.articulo]  - #[payload.color]  - #[payload.talle]"
			doc:name="Save Key For Logger" />
		<expression-component doc:name="Expression - Set SKU"><![CDATA[flowVars.sku=new com.acqua.utils.Sku(payload.sku,"${Paleta_Colores_Separador}","${SKU_Separador}");]]></expression-component>


		<enricher target="#[flowVars.productID]" doc:name="Message Enricher - Get Product ID">
			<processor-chain doc:name="Processor Chain">
				<expression-component doc:name="Expression"><![CDATA[flowVars.parameterCodigo = flowVars.sku.getSKU();]]></expression-component>

				<flow-ref name="woo-producto-get-id-process-flow" doc:name="woo-producto-get-id-process-flow" />
				<expression-component doc:name="Expression"><![CDATA[payload = flowVars.returnValue;
]]></expression-component>
			</processor-chain>
		</enricher>
		<expression-component doc:name="Expression"><![CDATA[flowVars.baseID=flowVars.productID.get(flowVars.sku.getCodigo());]]></expression-component>

		<set-variable variableName="skuID"
			value="#[flowVars.productID.get(flowVars.sku.getSKU())]" doc:name="Variable - Set SKU ID" />

		<choice doc:name="Choice">
			<when expression="#[flowVars.skuID &gt; 0]">
				<expression-component doc:name="Expression"><![CDATA[payload.put('id',flowVars.skuID);]]></expression-component>
				<choice doc:name="Choice">
					<when expression="#[payload.action == 'all' || payload.action == 'prices']">
						<enricher target="#[flowVars.VarianzaResponse]" doc:name="Message Enricher">

							<flow-ref name="woo-varianza-update-flow" doc:name="woo-varianza-update-flow" />

						</enricher>
					</when>
					<otherwise>
						<logger message="No se actualizo Precio" level="INFO"
							category="com.acqua.utils.ConsolaSystemShopify" doc:name="Logger" />
					</otherwise>
				</choice>

				<expression-component doc:name="Expression - Set Payload"><![CDATA[payload = new java.util.HashMap();
payload.put('variant', flowVars.VarianzaResponse);]]></expression-component>
				<json:object-to-json-transformer
					doc:name="Object to JSON" />

				<set-property propertyName="http.status" value="#[200]"
					doc:name="http.status" />


			</when>

			<otherwise>

				<expression-component doc:name="Expression - Set Payload"><![CDATA[payload = new java.util.HashMap();
flowVars.tmp = new java.util.HashMap();
flowVars.tmp .put('id', 0);
flowVars.tmp.put('baseSKU',flowVars.sku.getCodigo());
flowVars.tmp .put('sku', flowVars.sku.getSKU());
flowVars.tmp .put('error', 'No existe Varianza.  Reprocesar Base.');
payload.put('variant', flowVars.tmp );]]></expression-component>
				<json:object-to-json-transformer
					doc:name="Object to JSON" />
				<set-property propertyName="http.status" value="#[200]"
					doc:name="http.status" />
			</otherwise>

		</choice>
		<remove-variable variableName="keyLog" doc:name="Clean keyLog" />

		<exception-strategy ref="System_Layer_New_Exception_Strategy"
			doc:name="Reference Exception Strategy" />

	</flow>

	<flow name="woo-varianza-update-flow" processingStrategy="synchronous">

		<enricher target="#[flowVars.request]" doc:name="Message Enricher">
			<processor-chain doc:name="Processor Chain">
				<custom-transformer mimeType="application/json"
					class="com.acqua.transformer.WooUpdateVarianzaTransformer"
					doc:name="Shopify Update Price" />
                <enricher target="#[flowVars.statusQueue]" doc:name="Message Enricher">
                    <processor-chain doc:name="Processor Chain">
                        <expression-component doc:name="Expression"><![CDATA[flowVars.tmpPayload = payload;
payload = new java.util.HashMap();
payload.put('source','monitor-woo');   
payload.put('persistir',true);  
payload.put('thread',Thread.currentThread().getId());                     
payload.put('process',flowVars.process);
payload.put('transactionId',flowVars.transactionId);
payload.put('codigo',flowVars.sku.getSKU());
payload.put('id',flowVars.tmpPayload.id);
payload.put('descripcion',flowVars.articuloDescripcion);
payload.put('ultima-actividad-status',200);
payload.put('ultima-actividad-fecha',server.dateTime.format('yyyy/MM/dd HH:mm:ss:SSS'));
payload.put('ultima-actividad-estado','Envio de Varianza a Ecommerce');
payload.put('payload',flowVars.tmpPayload);
]]></expression-component>
                        <flow-ref name="message-send-msg-to-topic-flow" doc:name="message-send-msg-to-topic-flow"/>
                    </processor-chain>
                </enricher>
				<json:object-to-json-transformer
					encoding="UTF-8" doc:name="Object to JSON" />
			</processor-chain>
		</enricher>
		<set-variable variableName="Host" value="${Woo_API_Host}"
			doc:name="Variable" />
		<http:request config-ref="HTTP_Request_Configuration_Woo"
			path="/products/#[flowVars.baseID]/variations/#[flowVars.skuID]"
			method="PUT" doc:name="HTTP - Put Varianza" source="#[flowVars.request]">
			<http:request-builder>
				<http:query-param paramName="consumer_key" value="${Woo_API_Key}" />
				<http:query-param paramName="consumer_secret"
					value="${Woo_API_Password}" />
				<http:header headerName="Host" value="#[flowVars.Host]" />
				<http:header headerName="content-type"
					value="application/json; charset=utf-8" />
			</http:request-builder>
			<http:success-status-code-validator
				values="200..599" />
		</http:request>
        <json:json-to-object-transformer returnClass="java.util.HashMap" doc:name="JSON to Object"/>
        <enricher target="#[flowVars.statusQueue]" doc:name="Message Enricher">
            <processor-chain doc:name="Processor Chain">
                <expression-component doc:name="Expression"><![CDATA[flowVars.tmpPayload = payload;
payload = new java.util.HashMap();
payload.put('source','monitor-woo');   
payload.put('persistir',true);  
payload.put('thread',Thread.currentThread().getId());                     
payload.put('process',flowVars.process);
payload.put('transactionId',flowVars.transactionId);
payload.put('codigo',flowVars.sku.getSKU());
payload.put('id',flowVars.tmpPayload.id);
payload.put('descripcion',flowVars.articuloDescripcion);
payload.put('ultima-actividad-status',message.inboundProperties['http.status']);
payload.put('ultima-actividad-fecha',server.dateTime.format('yyyy/MM/dd HH:mm:ss:SSS'));
payload.put('ultima-actividad-estado','Varianza a Ecommerce Enviada');
payload.put('payload',flowVars.tmpPayload);
]]></expression-component>
                <flow-ref name="message-send-msg-to-topic-flow" doc:name="message-send-msg-to-topic-flow"/>
            </processor-chain>
        </enricher>

		<validation:custom-validator config-ref="Validation_Configuration"
			message="SHOPIFY API ha retornado un error" class="com.acqua.common.sl.validator.SLExternalRestfulValidator"
			doc:name="Validation HTTP Response" />


		<logger
			message="SYSTEM LAYER Variant Updated. #[flowVars.keyLog]  #[&quot;\n&quot;]#[flowVars.request]"
			level="INFO" category="com.acqua.utils.ConsolaSystemShopify"
			doc:name="Logger CONSOLA" />

	</flow>



</mule>
