<?xml version="1.0" encoding="UTF-8"?>

<mule xmlns:apikit="http://www.mulesoft.org/schema/mule/apikit" xmlns:dragonfish="http://www.mulesoft.org/schema/mule/dragonfish" xmlns:tracking="http://www.mulesoft.org/schema/mule/ee/tracking" xmlns:http="http://www.mulesoft.org/schema/mule/http" xmlns:validation="http://www.mulesoft.org/schema/mule/validation" xmlns:json="http://www.mulesoft.org/schema/mule/json" xmlns="http://www.mulesoft.org/schema/mule/core" xmlns:doc="http://www.mulesoft.org/schema/mule/documentation"
	xmlns:spring="http://www.springframework.org/schema/beans" 
	xmlns:xsi="http://www.w3.org/2001/XMLSchema-instance"
	xsi:schemaLocation="http://www.springframework.org/schema/beans http://www.springframework.org/schema/beans/spring-beans-current.xsd
http://www.mulesoft.org/schema/mule/core http://www.mulesoft.org/schema/mule/core/current/mule.xsd
http://www.mulesoft.org/schema/mule/json http://www.mulesoft.org/schema/mule/json/current/mule-json.xsd
http://www.mulesoft.org/schema/mule/http http://www.mulesoft.org/schema/mule/http/current/mule-http.xsd
http://www.mulesoft.org/schema/mule/validation http://www.mulesoft.org/schema/mule/validation/current/mule-validation.xsd
http://www.mulesoft.org/schema/mule/ee/tracking http://www.mulesoft.org/schema/mule/ee/tracking/current/mule-tracking-ee.xsd
http://www.mulesoft.org/schema/mule/dragonfish http://www.mulesoft.org/schema/mule/dragonfish/current/mule-dragonfish.xsd
http://www.mulesoft.org/schema/mule/apikit http://www.mulesoft.org/schema/mule/apikit/current/mule-apikit.xsd">
   
    <flow name="woo-categorizar-articulos-publicados-flow" processingStrategy="synchronous">
        <logger message="SYSTEM LAYER - REQUEST: Leyendo Productos DragoFish Publicados" level="INFO" category="com.acqua.utils.SystemLayer" doc:name="Logger"/>
        <expression-component doc:name="Console Values"><![CDATA[flowVars.metricCategory=message.inboundProperties.'process'!=null?message.inboundProperties.'process':'Categorizacion-Articulos-Woo';
flowVars.transacionIDGen=message.inboundProperties.'transactionId'!=null?message.inboundProperties.'transactionId':server.dateTime.format('yyyyMMddHHmmss');
flowVars.process=flowVars.metricCategory;]]></expression-component>
        <expression-component doc:name="Set Control Flow"><![CDATA[flowVars.flowName=flow.name;
flowVars.apiName=message.inboundProperties.'http.request.uri';
flowVars.paletaColoresEspecial = "${Paleta_Colores_Especial}";
flowVars.paletaColoresSeparador = "${Paleta_Colores_Separador}";
flowVars.sinCategorizarName = 'Sin Categorízar';
flowVars.sinCategorizarId=0;
flowVars.qtyRecords = 0;
flowVars.recordNo = 0;]]></expression-component>
        <enricher target="#[flowVars.grupos]" doc:name="Message Enricher - Get Grupos">
            <flow-ref name="woo-categorizar-productos-lookup-table-grupo-flow" doc:name="woo-categorizar-productos-lookup-table-grupo-flow"/>
        </enricher>
        <enricher target="#[flowVars.statusQueue]" doc:name="Message Enricher">
            <processor-chain doc:name="Processor Chain">
                <expression-component doc:name="Expression"><![CDATA[payload = new java.util.HashMap();
payload.put('source','process');     
payload.put('persistir',true);                      
payload.put('process',flowVars.process);
payload.put('thread',Thread.currentThread().getId());
payload.put('time',server.dateTime.format('yyyy/MM/dd HH:mm:ss:SSS'));
payload.put('transactionId',flowVars.transacionIDGen);
payload.put('status','Grupos');
payload.put('qtyRecords',flowVars.grupos.size());
payload.put('recordNo',0);
payload.put('error','');
payload.put('errorPayload',flowVars.grupos);
]]></expression-component>
                <flow-ref name="message-send-msg-to-topic-flow" doc:name="message-send-msg-to-topic-flow"/>
            </processor-chain>
        </enricher>
        <enricher target="#[flowVars.colegios]" doc:name="Message Enricher - Get Colegios">
            <flow-ref name="woo-categorizar-productos-lookup-table-colegios-flow" doc:name="woo-categorizar-productos-lookup-table-colegios-flow"/>
        </enricher>
        <enricher target="#[flowVars.statusQueue]" doc:name="Message Enricher">
            <processor-chain doc:name="Processor Chain">
                <expression-component doc:name="Expression"><![CDATA[payload = new java.util.HashMap();
payload.put('source','process');     
payload.put('persistir',true);                      
payload.put('process',flowVars.process);
payload.put('thread',Thread.currentThread().getId());
payload.put('time',server.dateTime.format('yyyy/MM/dd HH:mm:ss:SSS'));
payload.put('transactionId',flowVars.transacionIDGen);
payload.put('status','Colegios');
payload.put('qtyRecords',flowVars.colegios.size());
payload.put('recordNo',0);
payload.put('error','');
payload.put('errorPayload',flowVars.colegios);
]]></expression-component>
                <flow-ref name="message-send-msg-to-topic-flow" doc:name="message-send-msg-to-topic-flow"/>
            </processor-chain>
        </enricher>
        <enricher target="#[flowVars.categories]" doc:name="Message Enricher - Get Current Category">
            <flow-ref name="woo-table-lookup-categorias-process-flow" doc:name="woo-table-lookup-categorias-process-flow"/>
        </enricher>
		<enricher target="#[flowVars.statusQueue]" doc:name="Message Enricher">
            <processor-chain doc:name="Processor Chain">
                <expression-component doc:name="Expression"><![CDATA[payload = new java.util.HashMap();
payload.put('source','process');     
payload.put('persistir',true);                      
payload.put('process',flowVars.process);
payload.put('thread',Thread.currentThread().getId());
payload.put('time',server.dateTime.format('yyyy/MM/dd HH:mm:ss:SSS'));
payload.put('transactionId',flowVars.transacionIDGen);
payload.put('status','Categorias');
payload.put('qtyRecords',flowVars.categories.size());
payload.put('recordNo',0);
payload.put('error','');
payload.put('errorPayload',flowVars.categories);
]]></expression-component>
                <flow-ref name="message-send-msg-to-topic-flow" doc:name="message-send-msg-to-topic-flow"/>
            </processor-chain>
        </enricher>
        <processor-chain doc:name="Processor Chain - Get Sin Categorizar ID">
            <expression-component doc:name="Expression"><![CDATA[flowVars.rerturnValue = new java.util.ArrayList();
flowVars.page=1;]]></expression-component>
            <flow-ref name="woo-table-lookup-categorias-while-flow" doc:name="woo-table-lookup-categorias-while-flow"/>
            <logger message="Buscando id de sin categorizar con el texto:  #[flowVars.sinCategorizarName]" level="INFO" category="com.acqua.utils.SystemLayer" doc:name="Logger"/>
            <foreach collection="#[payload.entrySet()]" doc:name="For Each - Category">
                <logger message="#[payload.key]" level="INFO" category="com.acqua.utils.SystemLayer" doc:name="Logger"/>
                <expression-component doc:name="Expression"><![CDATA[if(payload.key.equals(flowVars.sinCategorizarName))
{
	flowVars.sinCategorizarId = payload.value.getId();
}]]></expression-component>
            </foreach>
            <logger message="ID Sin Categorizar: #[flowVars.sinCategorizarId]" level="INFO" category="com.acqua.utils.SystemLayer" doc:name="Logger"/>
        </processor-chain>
        <processor-chain doc:name="Processor Chain - Process WOO Products">
            <expression-component doc:name="Set Control Vars"><![CDATA[flowVars.page=1;
flowVars.articulosAModificar = new java.util.HashMap();
]]></expression-component>
            <flow-ref name="woo-categorizar-articulos-publicados-process-flow" doc:name="woo-categorizar-articulos-publicados-process-flow"/>
        </processor-chain>
        <expression-component doc:name="Expression"><![CDATA[payload = new java.util.HashMap();
payload.put('qtyRecords',flowVars.qtyRecords);
payload.put('qtyRecordsProcesados',flowVars.recordNo);]]></expression-component>

        <json:object-to-json-transformer doc:name="Object to JSON"/>
        <exception-strategy ref="System_Layer_Process_Exception_Strategy" doc:name="Reference Exception Strategy"/>

    </flow>
    <flow name="woo-categorizar-articulos-publicados-process-flow" processingStrategy="synchronous">
        <enricher target="#[flowVars.statusQueue]" doc:name="Message Enricher">
            <processor-chain doc:name="Processor Chain">
                <expression-component doc:name="Expression"><![CDATA[payload = new java.util.HashMap();
payload.put('source','process');     
payload.put('persistir',true);                      
payload.put('process',flowVars.process);
payload.put('thread',Thread.currentThread().getId());
payload.put('time',server.dateTime.format('yyyy/MM/dd HH:mm:ss:SSS'));
payload.put('transactionId',flowVars.transacionIDGen);
payload.put('status','Procesando Articulos Woo Pagina: ' + flowVars.page);
payload.put('qtyRecords',flowVars.recordNo);
payload.put('recordNo',0);
payload.put('error','');
payload.put('errorPayload','');
]]></expression-component>
                <flow-ref name="message-send-msg-to-topic-flow" doc:name="message-send-msg-to-topic-flow"/>
            </processor-chain>
        </enricher>
        <set-variable variableName="Host" value="${Woo_API_Host}" doc:name="Variable Set Host"/>
        <choice doc:name="Choice">
            <when expression="#[flowVars.reprocesarTodos]">
                <http:request config-ref="HTTP_Request_Configuration_Woo" path="/products" method="GET" doc:name="HTTP - Get Products From Woo">
                    <http:request-builder>
                        <http:query-param paramName="consumer_key" value="${Woo_API_Key}"/>
                        <http:query-param paramName="consumer_secret" value="${Woo_API_Password}"/>
                        <http:query-param paramName="status" value="publish"/>
                        <http:query-param paramName="per_page" value="50"/>
                        <http:query-param paramName="page" value="#[flowVars.page]"/> 
                        <http:header headerName="Host" value="#[flowVars.Host]"/>
                    </http:request-builder>
                </http:request>
            </when>
            <otherwise>
                <http:request config-ref="HTTP_Request_Configuration_Woo" path="/products" method="GET" doc:name="HTTP - Get Products From Woo">
                    <http:request-builder>
                        <http:query-param paramName="consumer_key" value="${Woo_API_Key}"/>
                        <http:query-param paramName="consumer_secret" value="${Woo_API_Password}"/>
                        <http:query-param paramName="status" value="publish"/>
                        <http:query-param paramName="per_page" value="50"/>
                        <http:query-param paramName="page" value="#[flowVars.page]"/>
                        <http:query-param paramName="category" value="#[flowVars.sinCategorizarId]"/>
                        <http:header headerName="Host" value="#[flowVars.Host]"/>
                    </http:request-builder>
                </http:request>
            </otherwise>
        </choice>

        <json:json-to-object-transformer returnClass="java.util.ArrayList" doc:name="JSON to Object"/>
        <foreach collection="#[payload]" doc:name="For Each - Product">
            <logger message="Producto Dragon #[payload.sku] Type: #[payload.type]" level="INFO" category="com.acqua.utils.SystemLayer" doc:name="Logger"/>
            <expression-component doc:name="Expression"><![CDATA[flowVars.responseValue = new java.util.HashMap();
flowVars.qtyRecords = flowVars.qtyRecords+1;
flowVars.productVariable = payload.type.equals("variable");
flowVars.productSimple=payload.type.equals("simple");
flowVars.sku=payload.sku;
flowVars.skuTitle=payload.name;
flowVars.idWoo=payload.id;
flowVars.skuObject = new com.acqua.utils.Sku(payload.sku,"${Paleta_Colores_Separador}","${SKU_Separador}");
flowVars.articuloEstado=0;]]></expression-component>

            <choice doc:name="Choice">
                <when expression="#[flowVars.productVariable || flowVars.productSimple]">
                    <flow-ref name="woo-categorizar-productos-process-woo-product-flow" doc:name="woo-categorizar-productos-process-woo-product-flow"/>


                </when>

                <otherwise>
                    <logger message="No considerar" level="INFO" category="com.acqua.utils.SystemLayer" doc:name="Logger"/>
                </otherwise>
            </choice>
            <enricher target="#[flowVars.statusQueue]" doc:name="Message Enricher">
                <processor-chain doc:name="Processor Chain">
                    <expression-component doc:name="Expression"><![CDATA[flowVars.detailSKU = payload;
payload = new java.util.HashMap();
payload.put('source','monitor-woo');
payload.put('persistir',true);     
payload.put('thread',Thread.currentThread().getId());                     
payload.put('process',flowVars.process);
payload.put('transactionId',flowVars.transacionIDGen);
payload.put('codigo',flowVars.sku);
payload.put('id',flowVars.idWoo);
payload.put('descripcion',flowVars.skuTitle);
payload.put('ultima-actividad-status',flowVars.articuloEstado);
payload.put('ultima-actividad-fecha',server.dateTime.format('yyyy/MM/dd HH:mm:ss:SSS'));
payload.put('ultima-actividad-estado',(flowVars.articuloEstado==200?'Procesado':'Error'));
payload.put('payload',flowVars.responseValue);]]></expression-component>
                    <flow-ref name="message-send-msg-to-topic-flow" doc:name="message-send-msg-to-topic-flow"/>
                </processor-chain>
            </enricher>
            <expression-component doc:name="Add 1 to Records Processed"><![CDATA[flowVars.recordNo = flowVars.recordNo +1;]]></expression-component>
            <enricher target="#[flowVars.statusQueue]" doc:name="Message Enricher">
                <processor-chain doc:name="Processor Chain">
                    <expression-component doc:name="Expression"><![CDATA[payload = new java.util.HashMap();
payload.put('source','process');     
payload.put('persistir',true);                      
payload.put('process',flowVars.process);
payload.put('thread',Thread.currentThread().getId());
payload.put('time',server.dateTime.format('yyyy/MM/dd HH:mm:ss:SSS'));
payload.put('transactionId',flowVars.transacionIDGen);
payload.put('status','Procesando Articulos Woo');
payload.put('qtyRecords',flowVars.recordNo);
payload.put('recordNo',0);
payload.put('error','');
payload.put('errorPayload','');
]]></expression-component>
                    <flow-ref name="message-send-msg-to-topic-flow" doc:name="message-send-msg-to-topic-flow"/>
                </processor-chain>
            </enricher>
        </foreach>
        <choice doc:name="Choice - Hay mas Paginas Pendientes?">
            <when expression="#[!payload.isEmpty()]">
                <expression-component doc:name="Expression - Set Next Page"><![CDATA[flowVars.page=flowVars.page+1;]]></expression-component>
                <flow-ref name="woo-categorizar-articulos-publicados-process-flow" doc:name="woo-categorizar-articulos-publicados-process-flow"/>
            </when>
            <otherwise>
                <logger message="No hay mas paginas pendientes" level="INFO" category="com.acqua.utils.SystemLayer" doc:name="Logger"/>
            </otherwise>
        </choice>
    </flow>
    <flow name="woo-categorizar-productos-process-woo-product-flow" processingStrategy="synchronous">
        <enricher target="#[flowVars.dragonArticulo]" doc:name="Message Enricher" doc:description="Recupera Informacion Base del Maestro de Articulos">
            <processor-chain doc:name="Processor Chain">
                <expression-component doc:name="Set Request"><![CDATA[payload = new java.util.HashMap();
payload .put("id", flowVars.skuObject.getCodigoDragon());]]></expression-component>
                <flow-ref name="woo-categorizar-productos-get-dragon-articulo-flow" doc:name="woo-categorizar-productos-get-dragon-articulo-flow"/>
            </processor-chain>
        </enricher>
        <choice doc:name="Choice">
            <when expression="#[!flowVars.dragonArticulo.isEmpty()]">
                <enricher target="#[flowVars.categoryID]" doc:name="Message Enricher">
                    <flow-ref name="woo-categorizar-productos-definir-categoria-flow" doc:name="woo-categorizar-productos-definir-categoria-flow"/>
                </enricher>
            </when>
            <otherwise>
                <logger message="No existe" level="INFO" category="com.acqua.utils.SystemLayer" doc:name="Logger"/>
            </otherwise>
        </choice>
        <logger message="Woo Update: Id (#[flowVars.idWoo]) - #[flowVars.sku]: Ids #[flowVars.categoryID]" level="INFO" category="com.acqua.utils.SystemLayer" doc:name="Logger"/>
        <enricher target="#[flowVars.wooUpdate]" doc:name="Message Enricher">
            <flow-ref name="woo-categorizar-actualizar-woo-product" doc:name="woo-categorizar-actualizar-woo-product"/>
        </enricher>
        <expression-component doc:name="Set Status 200"><![CDATA[flowVars.articuloEstado=200;]]></expression-component>
        <catch-exception-strategy doc:name="Catch Exception Strategy">
            <expression-component doc:name="Expression"><![CDATA[flowVars.articuloEstado=400;
flowVars.responseValue.put('error-message',exception.getMessage());
]]></expression-component>
        </catch-exception-strategy>

    </flow>
    <flow name="woo-categorizar-actualizar-woo-product" processingStrategy="synchronous">
        <expression-component doc:name="Create Request"><![CDATA[payload= new java.util.HashMap();
payload.put( 'categories', flowVars.categoryID);]]></expression-component>
        <expression-component doc:name="Save Response"><![CDATA[flowVars.responseValue.put('woo-request',payload);]]></expression-component>
        <json:object-to-json-transformer mimeType="application/json" doc:name="Object to JSON"/>
        <set-variable variableName="Host" value="${Woo_API_Host}" doc:name="Variable Set Host"/>
        <http:request config-ref="HTTP_Request_Configuration_Woo" path="/products/#[flowVars.idWoo]" method="PUT" doc:name="HTTP - Actualizacion Producto">
            <http:request-builder>
                <http:query-param paramName="consumer_key" value="${Woo_API_Key}"/>
                <http:query-param paramName="consumer_secret" value="${Woo_API_Password}"/>
                <http:header headerName="Host" value="#[flowVars.Host]"/>
                <http:header headerName="content-type" value="application/json;charset=UTF-8"/>
            </http:request-builder>
            <http:success-status-code-validator values="200..599"/>
        </http:request>
        <json:json-to-object-transformer returnClass="java.util.HashMap" doc:name="JSON to Object"/>
        <expression-component doc:name="Save Response"><![CDATA[flowVars.responseValue.put('woo-response',payload);]]></expression-component>
        <validation:custom-validator config-ref="Validation_Configuration" message="Woo API ha retornado un error" class="com.acqua.common.sl.validator.SLExternalRestfulValidator" doc:name="Validation HTTP Response"/>
    </flow>
    <flow name="woo-categorizar-productos-definir-categoria-flow" processingStrategy="synchronous">
        <expression-component doc:name="Set Control Variables"><![CDATA[flowVars.pendingToProcess=0;
flowVars.iteracion=0;
flowVars.levelKey="";
flowVars.level0="";
flowVars.level0Id=0;
flowVars.level1="";
flowVars.level1Id=0;
flowVars.level2="";
flowVars.level2Id=0;
flowVars.level3="";
flowVars.level3Id=0;]]></expression-component>
        <expression-component doc:name="Set Level Key 0 - Categorias"><![CDATA[flowVars.level0='CATEGORÍAS';
if(flowVars.categories.containsKey(flowVars.level0))
{
	flowVars.level0Id = (flowVars.categories.get(flowVars.level0)).getId();
} ]]></expression-component>
        <expression-component doc:name="Set Level Key 1 - Grupos"><![CDATA[flowVars.level1=(flowVars.grupos.get(flowVars.dragonArticulo.grupo)).descripcion;
flowVars.levelKey=level0 + "|" + flowVars.level1;
if(flowVars.categories.containsKey(flowVars.levelKey))
{
	flowVars.level1Id = (flowVars.categories.get(flowVars.levelKey)).getId();
}]]></expression-component>
        <expression-component doc:name="Set Level Key 2 - Colegios o Prendas Basicas"><![CDATA[if(flowVars.skuObject.isSpecial())
{
	flowVars.level2='COLEGIOS';
} else
{
	flowVars.level2='PRENDAS BÁSICAS';
}
flowVars.levelKey=flowVars.level2;
if(flowVars.categories.containsKey(flowVars.levelKey))
{
	flowVars.level2Id =  (flowVars.categories.get(flowVars.levelKey)).getId();
}  


]]></expression-component>
        <expression-component doc:name="Set Level Key  3 - Tipo de Colegio"><![CDATA[if(flowVars.skuObject.isSpecial())
{
	if(flowVars.colegios.containsKey(flowVars.skuObject.getColorDragon()))
	{
		flowVars.level3=flowVars.colegios.get(flowVars.skuObject.getColorDragon());
		flowVars.levelKey=flowVars.level2 + "|" + flowVars.level3;
		if(flowVars.categories.containsKey(flowVars.levelKey))
		{
			flowVars.level3Id = (flowVars.categories.get(flowVars.levelKey)).getId();
		} 
	}  
}]]></expression-component>
        <expression-component doc:name="Get Category ID"><![CDATA[flowVars.id = 0;
flowVars.dragonCategories = new java.util.HashMap();
if(flowVars.level0Id == 0)
{
	flowVars.dragonCategories.put(flowVars.level0,0);
	
}  
if(flowVars.level1Id == 0)
{
	flowVars.dragonCategories.put(flowVars.level0+ "|" + flowVars.level1,0);
	
}  
if(flowVars.level2Id == 0)
{
	flowVars.dragonCategories.put(flowVars.level2,0);
} 
if(flowVars.skuObject.isSpecial() && flowVars.level3Id == 0 )
{
	flowVars.dragonCategories.put(flowVars.level2+ "|" + flowVars.level3,0);
} ]]></expression-component>
		<choice doc:name="Choice - Level 0">
            <when expression="#[flowVars.level0Id == 0]">
                <expression-component doc:name="Set Request"><![CDATA[flowVars.id = 0;
flowVars.parentId = 0;
flowVars.catName = flowVars.level0;
flowVars.levelKey=flowVars.level0;]]></expression-component>
                <flow-ref name="woo-categorizar-productos-definir-categoria-def-flow" doc:name="woo-categorizar-productos-definir-categoria-def-flow"/>
                <expression-component doc:name="Set Level ID 0"><![CDATA[flowVars.level0Id =flowVars.id;
flowVars.responseValue.put('level-0-added',flowVars.level0 + "-" + flowVars.level0Id );]]></expression-component>
            </when>
            <otherwise>
                <expression-component doc:name="Expression"><![CDATA[flowVars.id = flowVars.level1Id;
flowVars.responseValue.put('level-1',flowVars.level1 + "-" + flowVars.id );]]></expression-component>

            </otherwise>
        </choice>
        <choice doc:name="Choice - Level 1">
            <when expression="#[flowVars.level1Id == 0]">
                <expression-component doc:name="Set Request"><![CDATA[flowVars.id = 0;
flowVars.parentId = flowVars.level0Id;
flowVars.catName = flowVars.level1;
flowVars.levelKey=flowVars.level0 + "|" + flowVars.level1;]]></expression-component>
                <flow-ref name="woo-categorizar-productos-definir-categoria-def-flow" doc:name="woo-categorizar-productos-definir-categoria-def-flow"/>
                <expression-component doc:name="Set Level ID 1"><![CDATA[flowVars.level1Id =flowVars.id;
flowVars.responseValue.put('level-1-added',flowVars.level1 + "-" + flowVars.level1Id );]]></expression-component>
            </when>
            <otherwise>
                <expression-component doc:name="Expression"><![CDATA[flowVars.id = flowVars.level1Id;
flowVars.responseValue.put('level-1',flowVars.level1 + "-" + flowVars.id );]]></expression-component>

            </otherwise>
        </choice>
        <choice doc:name="Choice - Level 2">
            <when expression="#[flowVars.level2Id == 0]">
                <expression-component doc:name="Set Request"><![CDATA[flowVars.parentId = 0;
flowVars.id = 0;
flowVars.catName = flowVars.level2;
flowVars.levelKey=flowVars.level2;]]></expression-component>
                <flow-ref name="woo-categorizar-productos-definir-categoria-def-flow" doc:name="woo-categorizar-productos-definir-categoria-def-flow"/>
                <expression-component doc:name="Set Level ID 2"><![CDATA[flowVars.level2Id =flowVars.id;
flowVars.responseValue.put('level-2-added',flowVars.level2 + "-" + flowVars.level2Id );]]></expression-component>
            </when>
            <otherwise>
                <expression-component doc:name="Expression"><![CDATA[flowVars.id = flowVars.level2Id;
flowVars.responseValue.put('level-2',flowVars.level2 + "-" + flowVars.id );]]></expression-component>
            </otherwise>
        </choice>
        <choice doc:name="Choice - Level 3">
            <when expression="#[flowVars.skuObject.isSpecial() &amp;&amp; flowVars.level3Id == 0]">
                <expression-component doc:name="Set Request"><![CDATA[flowVars.parentId = flowVars.level2Id;
flowVars.id = 0;
flowVars.catName = flowVars.level3;
flowVars.levelKey=flowVars.level2  + "|" + flowVars.level3;]]></expression-component>
                <flow-ref name="woo-categorizar-productos-definir-categoria-def-flow" doc:name="woo-categorizar-productos-definir-categoria-def-flow"/>
                <expression-component doc:name="Set Level ID 3"><![CDATA[flowVars.level3Id =flowVars.id;
flowVars.responseValue.put('level-3-added',flowVars.level3 + "-" + flowVars.level3Id );]]></expression-component>
            </when>
            <otherwise>
                <expression-component doc:name="Expression"><![CDATA[flowVars.id = flowVars.level3Id;
if(flowVars.level2=='Colegio')
{
	flowVars.responseValue.put('level-3',flowVars.level3 + "-" + flowVars.id );
}]]></expression-component>
            </otherwise>
        </choice>
        <expression-component doc:name="Create Payload"><![CDATA[payload = new java.util.ArrayList(); 
if(flowVars.level1Id > 0)
{
	flowVars.level1HM = new java.util.HashMap();
	flowVars.level1HM.put("id",flowVars.level1Id);	
	payload.add(flowVars.level1HM );
}
if(flowVars.level2Id > 0 && !flowVars.skuObject.isSpecial())
{
	flowVars.level2HM = new java.util.HashMap();
	flowVars.level2HM.put("id",flowVars.level2Id);	
	payload.add(flowVars.level2HM );
}
if(flowVars.level3Id > 0)
{
	flowVars.level3HM = new java.util.HashMap();
	flowVars.level3HM.put("id",flowVars.level3Id);	
	payload.add(flowVars.level3HM );
}]]></expression-component>
    </flow>
    <flow name="woo-categorizar-productos-definir-categoria-def-flow" processingStrategy="synchronous">
        <expression-component doc:name="Expression"><![CDATA[payload = new java.util.HashMap();
payload.put("id",flowVars.id);
payload.put("name",flowVars.catName);
payload.put("parent",flowVars.parentId);]]></expression-component>
        <json:object-to-json-transformer doc:name="Object to JSON"/>
        <logger message="SYSTEM LAYER - Refreshing Categories Request: #[&quot;\n&quot;]#[payload]" level="INFO" category="com.acqua.utils.ConsolaSystemWoo" doc:name="Logger CONSOLA"/>
        <set-variable variableName="Host" value="${Woo_API_Host}" doc:name="Variable Set Host"/>
        <http:request config-ref="HTTP_Request_Configuration_Woo"
						path="/products/categories" method="POST"
						doc:name="HTTP - Update Categories">
						<http:request-builder>
                <http:query-param paramName="consumer_key" value="${Woo_API_Key}"/>
                <http:query-param paramName="consumer_secret" value="${Woo_API_Password}"/>
                <http:header headerName="Host" value="#[flowVars.Host]"/>
                <http:header headerName="content-type" value="application/json; charset=utf-8"/>
						</http:request-builder>
						<http:success-status-code-validator
							values="200..599" />
					</http:request>
					<validation:custom-validator
						config-ref="Validation_Configuration" message="Woo API ha retornado un error"
						class="com.acqua.common.sl.validator.SLExternalRestfulValidator"
						doc:name="Validation HTTP Response" />
					<json:json-to-object-transformer
						returnClass="java.util.HashMap" doc:name="JSON to Object" />
        <expression-component doc:name="Save Value"><![CDATA[flowVars.parID = new com.acqua.pojo.ParID(payload.id,payload.parent);
flowVars.categories.put(flowVars.levelKey, flowVars.parID);
flowVars.id=payload.id;
]]></expression-component>
    </flow>
    <flow name="woo-categorizar-productos-get-dragon-articulo-flow" processingStrategy="synchronous">
        <dragonfish:servicio config-ref="Dragonfish__Configuration" entityType="ArticuloById_articuloByIdGet" doc:name="Dragonfish - Consulta de Articulos"/>
        <catch-exception-strategy doc:name="Catch Exception Strategy">
            <expression-component doc:name="Expression Not Found"><![CDATA[payload = new java.util.HashMap();]]></expression-component>
        </catch-exception-strategy>
    </flow>
    <flow name="woo-categorizar-productos-update-woo-flow" processingStrategy="synchronous">
        <expression-component doc:name="Set Request"><![CDATA[flowVars.request=new HashMap();]]></expression-component>
        <json:object-to-json-transformer doc:name="Object to JSON"/>
        <set-variable variableName="Host" value="${Woo_API_Host}" doc:name="Variable"/>
        <http:request config-ref="HTTP_Request_Configuration_Woo" path="/products/#[flowVars.idWoo]" method="PUT" source="#[flowVars.request]" doc:name="HTTP - Actualizacion Producto">
            <http:request-builder>
                <http:query-param paramName="consumer_key" value="${Woo_API_Key}"/>
                <http:query-param paramName="consumer_secret" value="${Woo_API_Password}"/>
                <http:header headerName="Host" value="#[flowVars.Host]"/>
                <http:header headerName="content-type" value="application/json;charset=UTF-8"/>
            </http:request-builder>
            <http:success-status-code-validator values="200..599"/>
        </http:request>
        <catch-exception-strategy doc:name="Catch Exception Strategy">
            <expression-component doc:name="Expression"><![CDATA[payload = new java.util.HashMap();]]></expression-component>
        </catch-exception-strategy>
    </flow>
    
    <flow name="woo-categorizar-productos-lookup-table-grupo-flow" processingStrategy="synchronous">
        <expression-component doc:name="Expression - Init Return Value"><![CDATA[flowVars.rerturnValue = new java.util.HashMap();]]></expression-component>
        <set-variable variableName="pageNo" value="#[1]" doc:name="Set Page"/>
        <flow-ref name="woo-categorizar-productos-lookup-table-grupos-next-flow" doc:name="woo-categorizar-productos-lookup-table-grupos-next-flow"/>
        <set-payload value="#[flowVars.rerturnValue]" doc:name="Set Payload"/>

        <choice-exception-strategy doc:name="Choice Exception Strategy">
            <catch-exception-strategy when="exception.causedBy(org.mule.modules.connector.exceptions.ExternalConnectorException) &amp;&amp; (exception.cause.message.equals(&quot;INTERNAL: Not Found&quot;))" enableNotifications="false" logException="false" doc:name="Catch Exception Strategy">
                <logger message="SYSTEM LAYER - No existe registros en la Tabla GRUPOS" level="INFO" category="com.acqua.utils.ConsolaSystemDragon" doc:name="Logger CONSOLA"/>
                <expression-component doc:name="Expression"><![CDATA[flowVars.rerturnValue = new java.util.HashMap();]]></expression-component>

            </catch-exception-strategy>
            <catch-exception-strategy enableNotifications="false" logException="false" doc:name="Catch Exception Strategy">
                <logger message="SYSTEM LAYER - ERROR leyendo Tabla GRUPOS" level="ERROR" category="com.acqua.utils.ConsolaSystemDragon" doc:name="Logger CONSOLA"/>
                <expression-component doc:name="Expression"><![CDATA[flowVars.rerturnValue = new java.util.HashMap();]]></expression-component>

            </catch-exception-strategy>
        </choice-exception-strategy>
    </flow>
    
    <flow name="woo-categorizar-productos-lookup-table-grupos-next-flow" processingStrategy="synchronous">
        <expression-component doc:name="Set Request"><![CDATA[payload = new java.util.HashMap();
payload.put("limit",100);
payload.put("page",flowVars.pageNo);]]></expression-component>
        <dragonfish:servicio config-ref="Dragonfish__Configuration" entityType="Grupo_grupoGet" doc:name="Dragonfish"/>
        <foreach collection="#[payload.resultados]" doc:name="For Each">
            <expression-component doc:name="Expression"><![CDATA[flowVars.codigo = new java.util.HashMap();
flowVars.codigo .put('descripcion', payload.descripcion); 
flowVars.codigo .put('accesorio', payload.obs.equalsIgnoreCase('accesorio')); 
flowVars.rerturnValue.put(payload.codigo,flowVars.codigo);]]></expression-component>
        </foreach>
        <choice doc:name="Choice">
            <when expression="#[payload.siguiente != null]">
                <set-variable variableName="pageNo" value="#[flowVars.pageNo + 1]" doc:name="Set Next Page"/>
                <flow-ref name="woo-categorizar-productos-lookup-table-grupos-next-flow" doc:name="dragon-table-lookup-table-grupos-next-flow"/>
            </when>
            <otherwise>
                <logger message="No more page" level="INFO" category="com.acqua.utils.SystemLayer" doc:name="Logger"/>
            </otherwise>
        </choice>
    </flow>
    
    <flow name="woo-categorizar-productos-lookup-table-colegios-flow" processingStrategy="synchronous">
        <expression-component doc:name="Expression - Init Return Value"><![CDATA[flowVars.flowName=flow.name;
flowVars.apiName=message.inboundProperties.'http.request.uri';
flowVars.paleta="${Paleta_Colores_Especial}";
flowVars.rerturnValue = new java.util.HashMap();]]></expression-component>
        <set-variable variableName="pageNo" value="#[1]" doc:name="Set Page"/>
        <flow-ref name="woo-categorizar-productos-lookup-table-colegios-next-flow" doc:name="woo-categorizar-productos-lookup-table-colegios-next-flow"/>
        <set-payload value="#[flowVars.rerturnValue]" doc:name="Set Payload"/>

        <choice-exception-strategy doc:name="Choice Exception Strategy">
            <catch-exception-strategy when="exception.causedBy(org.mule.modules.connector.exceptions.ExternalConnectorException) &amp;&amp; (exception.cause.message.equals(&quot;INTERNAL: Not Found&quot;))" enableNotifications="false" logException="false" doc:name="Catch Exception Strategy">
                <logger message="SYSTEM LAYER - No existe registros en la Tabla FAMILIA" level="INFO" category="com.acqua.utils.ConsolaSystemDragon" doc:name="Logger CONSOLA"/>
                <expression-component doc:name="Expression"><![CDATA[flowVars.rerturnValue = new java.util.HashMap();]]></expression-component>

            </catch-exception-strategy>
            <catch-exception-strategy enableNotifications="false" logException="false" doc:name="Catch Exception Strategy">
                <logger message="SYSTEM LAYER - No existe registros en la Tabla FAMILIA" level="ERROR" category="com.acqua.utils.ConsolaSystemDragon" doc:name="Logger CONSOLA"/>
                <expression-component doc:name="Expression"><![CDATA[flowVars.rerturnValue = new java.util.HashMap();]]></expression-component>

            </catch-exception-strategy>
        </choice-exception-strategy>
    </flow>
    
    <flow name="woo-categorizar-productos-lookup-table-colegios-next-flow" processingStrategy="synchronous">
        <expression-component doc:name="Set Request"><![CDATA[payload = new java.util.HashMap();
payload.put("id",flowVars.paleta);]]></expression-component>
        <dragonfish:servicio config-ref="Dragonfish__Configuration" entityType="PaletadecoloresById_paletadecoloresByIdGet" doc:name="Dragonfish"/>
        <foreach collection="#[payload.colores]" doc:name="For Each">
            <expression-component doc:name="Expression"><![CDATA[flowVars.rerturnValue.put(payload.color,payload.colorDetalle);]]></expression-component>
        </foreach>
        <choice doc:name="Choice">
            <when expression="#[payload.siguiente != null]">
                <set-variable variableName="pageNo" value="#[flowVars.pageNo + 1]" doc:name="Set Next Page"/>
                <flow-ref name="woo-categorizar-productos-lookup-table-colegios-next-flow" doc:name="woo-categorizar-productos-lookup-table-colegios-next-flow"/>
            </when>
            <otherwise>
                <logger message="No more page" level="INFO" category="com.acqua.utils.SystemLayer" doc:name="Logger"/>
            </otherwise>
        </choice>
    </flow>
</mule>
