<?xml version="1.0" encoding="UTF-8"?>

<mule xmlns:validation="http://www.mulesoft.org/schema/mule/validation"
	xmlns:dragonfish="http://www.mulesoft.org/schema/mule/dragonfish"
	xmlns:context="http://www.springframework.org/schema/context"
	xmlns:cluster="http://www.mulesoft.org/schema/mule/ee/cluster"
	xmlns:ws="http://www.mulesoft.org/schema/mule/ws" xmlns:tls="http://www.mulesoft.org/schema/mule/tls"
	xmlns:smtp="http://www.mulesoft.org/schema/mule/smtp" xmlns:http="http://www.mulesoft.org/schema/mule/http"
	xmlns="http://www.mulesoft.org/schema/mule/core" xmlns:doc="http://www.mulesoft.org/schema/mule/documentation"
	xmlns:spring="http://www.springframework.org/schema/beans" xmlns:xsi="http://www.w3.org/2001/XMLSchema-instance"
	xsi:schemaLocation="http://www.mulesoft.org/schema/mule/dragonfish http://www.mulesoft.org/schema/mule/dragonfish/current/mule-dragonfish.xsd
http://www.springframework.org/schema/context http://www.springframework.org/schema/context/spring-context-current.xsd
http://www.springframework.org/schema/beans http://www.springframework.org/schema/beans/spring-beans-current.xsd
http://www.mulesoft.org/schema/mule/core http://www.mulesoft.org/schema/mule/core/current/mule.xsd
http://www.mulesoft.org/schema/mule/http http://www.mulesoft.org/schema/mule/http/current/mule-http.xsd
http://www.mulesoft.org/schema/mule/smtp http://www.mulesoft.org/schema/mule/smtp/current/mule-smtp.xsd
http://www.mulesoft.org/schema/mule/tls http://www.mulesoft.org/schema/mule/tls/current/mule-tls.xsd
http://www.mulesoft.org/schema/mule/ws http://www.mulesoft.org/schema/mule/ws/current/mule-ws.xsd
http://www.mulesoft.org/schema/mule/validation http://www.mulesoft.org/schema/mule/validation/current/mule-validation.xsd">


	<spring:beans>
 
		<spring:bean class="com.acqua.utils.WooUtil" name="WooUtil"></spring:bean> 
		
		<spring:bean class="com.acqua.utils.WooImageCache" scope="singleton" name="WooImageCache"></spring:bean> 
		
	</spring:beans>
 
	<http:request-config name="HTTP_Request_Configuration_Woo"
		protocol="HTTPS" host="${Woo_API_Host}" port="${Woo_API_Port}"
		basePath="${Woo_API_BasePath}" doc:name="HTTP Request Configuration"
		connectionIdleTimeout="${Woo_API_Timeout}" responseTimeout="${Woo_API_Timeout}">
		<http:basic-authentication username="${Woo_API_Username}"
			password="${Woo_API_Pass}" />
		<tls:context>
			<tls:trust-store path="circulartls.jks" password="circular2019"
				type="jks" insecure="true" />
		</tls:context>
	</http:request-config>
  
	<http:request-config name="HTTP_Request_Media_Configuration_Woo"
		protocol="HTTPS" host="${Woo_API_Host}" port="${Woo_API_Port}"
		 doc:name="HTTP Request Configuration"
		connectionIdleTimeout="${Woo_API_Timeout}" responseTimeout="${Woo_API_Timeout}" basePath="${Woo_API_BasePath_Media}">
		<http:basic-authentication username="${Woo_API_Username}"
			password="${Woo_API_Pass}" preemptive="true"/>
        <tls:context>
            <tls:trust-store path="circulartls.jks" password="circular2019" type="jks" insecure="true"/>
        </tls:context>

	</http:request-config>
  
</mule>
