<?xml version="1.0" encoding="UTF-8"?>

<mule xmlns:validation="http://www.mulesoft.org/schema/mule/validation"
	xmlns:http="http://www.mulesoft.org/schema/mule/http"
	xmlns:json="http://www.mulesoft.org/schema/mule/json" xmlns:tracking="http://www.mulesoft.org/schema/mule/ee/tracking" xmlns="http://www.mulesoft.org/schema/mule/core" xmlns:doc="http://www.mulesoft.org/schema/mule/documentation"
	xmlns:spring="http://www.springframework.org/schema/beans" 
	xmlns:xsi="http://www.w3.org/2001/XMLSchema-instance"
	xsi:schemaLocation="http://www.mulesoft.org/schema/mule/validation http://www.mulesoft.org/schema/mule/validation/current/mule-validation.xsd
http://www.mulesoft.org/schema/mule/http http://www.mulesoft.org/schema/mule/http/current/mule-http.xsd
http://www.springframework.org/schema/beans http://www.springframework.org/schema/beans/spring-beans-current.xsd
http://www.mulesoft.org/schema/mule/core http://www.mulesoft.org/schema/mule/core/current/mule.xsd
http://www.mulesoft.org/schema/mule/ee/tracking http://www.mulesoft.org/schema/mule/ee/tracking/current/mule-tracking-ee.xsd
http://www.mulesoft.org/schema/mule/json http://www.mulesoft.org/schema/mule/json/current/mule-json.xsd">

    <flow name="woo-table-refresh-categorias-flow">
    
    	<logger message="SYSTEM LAYER - Refreshing Categories" level="INFO" category="com.acqua.utils.ConsolaSystemWoo" doc:name="Logger CONSOLA"/>
        
        <expression-component doc:name="Set Control Vars"><![CDATA[flowVars.flowName=flow.name;
flowVars.metricCategory=message.inboundProperties.'http.request.path';
flowVars.apiName=message.inboundProperties.'http.request.uri';
flowVars.errorCode="";
flowVars.pendingToProcess=0;
flowVars.iteracion=0;]]></expression-component>

        <expression-component doc:name="Expression - Create Return Value"><![CDATA[flowVars.returnValues = new java.util.ArrayList();
flowVars.errorStatus = false;]]></expression-component>
       
        <enricher target="#[flowVars.dragonCategories]" doc:name="Message Enricher - Get Dragon Categories">
            <flow-ref name="dragon-obtener-categorias-process-flow" doc:name="dragon-obtener-categorias-process-flow"/>

        </enricher>
        <flow-ref name="woo-refresh-master-transform-process-flow" doc:name="woo-refresh-master-transform-process-flow"/>

        
        <set-payload value="#[flowVars.returnValues]" doc:name="Set Payload"/>
         
        <json:object-to-json-transformer doc:name="Object to JSON"/>
        
        <set-property propertyName="http.status" value="#[flowVars.errorStatus?400:200]" doc:name="http.status"/>
        
        <validation:custom-validator config-ref="Validation_Configuration" message="Error actualizando Etiquetas" class="com.acqua.common.sl.validator.SLExternalRestfulValidator" doc:name="Validation HTTP Response"/>        
                
        <exception-strategy ref="System_Layer_Generic_Exception_Strategy"
				doc:name="Reference Exception Strategy" />
				
                    
    </flow>
    <flow name="woo-refresh-master-transform-process-flow" processingStrategy="synchronous">
        <flow-ref name="woo-table-lookup-categorias-process-flow" doc:name="woo-table-lookup-categorias-process-flow"/>
        <custom-transformer mimeType="application/json" class="com.acqua.transformer.WooRefreshCategoriesTransformer" doc:name="Woo Category Transformer"/>
        <choice doc:name="Choice">
            <when expression="#[!payload.isEmpty()]">
                <foreach collection="#[payload]" doc:name="For Each">
                    <json:object-to-json-transformer doc:name="Object to JSON"/>
                    <logger message="SYSTEM LAYER - Refreshing Categories Request: #[&quot;\n&quot;]#[payload]" level="INFO" category="com.acqua.utils.ConsolaSystemWoo" doc:name="Logger CONSOLA"/>
                    <set-variable variableName="Host" value="${Woo_API_Host}" doc:name="Variable"/>
                    <http:request config-ref="HTTP_Request_Configuration_Woo" path="/products/categories/batch" method="POST" doc:name="HTTP - Update Categories">
                        <http:request-builder>
                            <http:query-param paramName="consumer_key" value="${Woo_API_Key}"/>
                            <http:query-param paramName="consumer_secret" value="${Woo_API_Password}"/>
                            <http:header headerName="Host" value="#[flowVars.Host]"/>
                            <http:header headerName="content-type" value="application/json; charset=utf-8"/>
                        </http:request-builder>
                        <http:success-status-code-validator values="200..599"/>
                    </http:request>
                    <validation:custom-validator config-ref="Validation_Configuration" message="Woo API ha retornado un error" class="com.acqua.common.sl.validator.SLExternalRestfulValidator" doc:name="Validation HTTP Response"/>
                    <json:json-to-object-transformer returnClass="java.util.HashMap" doc:name="JSON to Object"/>
                    <expression-component doc:name="Expression - Add Return Value"><![CDATA[flowVars.returnValues.add(payload);]]></expression-component>
                    <logger message="SYSTEM LAYER - Refresh Categories:  #[message.inboundProperties[&quot;http.status&quot;]] #[&quot;\n&quot;]#[message.payloadAs(java.lang.String)]" level="INFO" category="com.acqua.utils.ConsolaSystemWoo" doc:name="Logger CONSOLA"/>
                </foreach>
            </when>
            <otherwise>
                <logger message="SYSTEM LAYER - No records" level="INFO" category="com.acqua.utils.ConsolaSystemWoo" doc:name="Logger"/>
            </otherwise>
        </choice>
        <choice doc:name="Choice">
            <when expression="#[flowVars.pendingToProcess&gt;0 &amp;&amp; flowVars.iteracion &lt;= 3]">
                <set-variable variableName="iteracion" value="#[flowVars.iteracion + 1]" doc:name="Add Iteration"/>
                <flow-ref name="woo-refresh-master-transform-process-flow" doc:name="woo-refresh-master-transform-process-flow"/>
            </when>
            <otherwise>
                <logger message="Done" level="INFO" category="com.acqua.utils.ConsolaSystemWoo" doc:name="Logger"/>
            </otherwise>
        </choice>
    </flow>
    
    <flow name="woo-table-refresh-etiquetas-flow">
    
    	<logger message="SYSTEM LAYER - Refreshing Categories" level="INFO" category="com.acqua.utils.ConsolaSystemWoo" doc:name="Logger CONSOLA"/>

        <expression-component doc:name="Set Control Vars"><![CDATA[flowVars.flowName=flow.name;
flowVars.metricCategory=message.inboundProperties.'http.request.path';
flowVars.apiName=message.inboundProperties.'http.request.uri';
flowVars.errorCode="";
flowVars.actualizarColorTalle=${Woo_Cenerar_Etiquetas_Color_Talle};
flowVars.wooGenerarEtiqueta1 = "${Woo_Generar_Etiqueta_1}";
flowVars.wooGenerarEtiqueta2 = "${Woo_Generar_Etiqueta_2}";
flowVars.wooGenerarEtiqueta3 = "${Woo_Generar_Etiqueta_3}";
flowVars.wooGenerarEtiqueta4 = "${Woo_Generar_Etiqueta_4}";
flowVars.wooGenerarEtiqueta5 = "${Woo_Generar_Etiqueta_5}";
flowVars.wooGenerarEtiqueta6 = "${Woo_Generar_Etiqueta_6}";
flowVars.wooGenerarEtiqueta7 = "${Woo_Generar_Etiqueta_7}";]]></expression-component>

        <expression-component doc:name="Expression - Create Return Value"><![CDATA[flowVars.returnValues = new java.util.ArrayList();
flowVars.errorStatus = false;]]></expression-component>
       
       
        <enricher target="#[flowVars.dragonCategories]" doc:name="Message Enricher - Get Dragon Categories" source="#[flowVars.values]">
            <processor-chain doc:name="Processor Chain">
                <expression-component doc:name="Expression Create ArrayList"><![CDATA[flowVars.values = new java.util.ArrayList();
]]></expression-component>
               
                <choice doc:name="Choice E1">
                    <when expression="#[flowVars.wooGenerarEtiqueta1 != null &amp;&amp; !flowVars.wooGenerarEtiqueta1.isEmpty()]">
                        <flow-ref name="dragon-table-lookup-table-#[flowVars.wooGenerarEtiqueta1]-flow" doc:name="dragon-table-lookup-table-E1-flow"/>
                        <json:json-to-object-transformer returnClass="java.util.ArrayList" doc:name="JSON to Object"/>
                        <expression-component doc:name="Expression"><![CDATA[flowVars.values.addAll(payload);]]></expression-component>
                    </when>
                    <otherwise>
                        <logger message="SYSTEM LAYER - Etiqueta 1 not processed" level="INFO" category="com.acqua.utils.ConsolaSystemWoo" doc:name="Logger CONSOLA"/>
                    </otherwise>
                </choice>
               
                <choice doc:name="Choice E2">
                    <when expression="#[flowVars.wooGenerarEtiqueta2 != null &amp;&amp; !flowVars.wooGenerarEtiqueta2.isEmpty()]">
                        <flow-ref name="dragon-table-lookup-table-#[flowVars.wooGenerarEtiqueta2]-flow" doc:name="dragon-table-lookup-table-E2-flow"/>
                        <json:json-to-object-transformer returnClass="java.util.ArrayList" doc:name="JSON to Object"/>
                        <expression-component doc:name="Expression"><![CDATA[flowVars.values.addAll(payload);]]></expression-component>
                    </when>
                    <otherwise>
                        <logger message="SYSTEM LAYER - Etiqueta 2 not processed" level="INFO" category="com.acqua.utils.ConsolaSystemWoo" doc:name="Logger CONSOLA"/>
                    </otherwise>
                </choice>
                               
                <choice doc:name="Choice E3">
                    <when expression="#[flowVars.wooGenerarEtiqueta3 != null &amp;&amp; !flowVars.wooGenerarEtiqueta3.isEmpty()]">
                        <flow-ref name="dragon-table-lookup-table-#[flowVars.wooGenerarEtiqueta3]-flow" doc:name="dragon-table-lookup-table-E3-flow"/>
                        <json:json-to-object-transformer returnClass="java.util.ArrayList" doc:name="JSON to Object"/>
                        <expression-component doc:name="Expression"><![CDATA[flowVars.values.addAll(payload);]]></expression-component>
                    </when>
                    <otherwise>
                        <logger message="SYSTEM LAYER - Etiqueta 3 not processed" level="INFO" category="com.acqua.utils.ConsolaSystemWoo" doc:name="Logger CONSOLA"/>
                    </otherwise>
                </choice>
                               
                <choice doc:name="Choice E4">
                    <when expression="#[flowVars.wooGenerarEtiqueta4 != null &amp;&amp; !flowVars.wooGenerarEtiqueta4.isEmpty()]">
                        <flow-ref name="dragon-table-lookup-table-#[flowVars.wooGenerarEtiqueta4]-flow" doc:name="dragon-table-lookup-table-E4-flow"/>
                        <json:json-to-object-transformer returnClass="java.util.ArrayList" doc:name="JSON to Object"/>
                        <expression-component doc:name="Expression"><![CDATA[flowVars.values.addAll(payload);]]></expression-component>
                    </when>
                    <otherwise>
                        <logger message="SYSTEM LAYER - Etiqueta 4 not processed" level="INFO" category="com.acqua.utils.ConsolaSystemWoo" doc:name="Logger CONSOLA"/>
                    </otherwise>
                </choice>
                               
                <choice doc:name="Choice E5">
                    <when expression="#[flowVars.wooGenerarEtiqueta5 != null &amp;&amp; !flowVars.wooGenerarEtiqueta5.isEmpty()]">
                        <flow-ref name="dragon-table-lookup-table-#[flowVars.wooGenerarEtiqueta5]-flow" doc:name="dragon-table-lookup-table-E5-flow"/>
                        <json:json-to-object-transformer returnClass="java.util.ArrayList" doc:name="JSON to Object"/>
                        <expression-component doc:name="Expression"><![CDATA[flowVars.values.addAll(payload);]]></expression-component>
                    </when>
                    <otherwise>
                        <logger message="SYSTEM LAYER - Etiqueta 5 not processed" level="INFO" category="com.acqua.utils.ConsolaSystemWoo" doc:name="Logger CONSOLA"/>
                    </otherwise>
                </choice>
                               
                <choice doc:name="Choice E6">
                    <when expression="#[flowVars.wooGenerarEtiqueta6 != null &amp;&amp; !flowVars.wooGenerarEtiqueta6.isEmpty()]">
                        <flow-ref name="dragon-table-lookup-table-#[flowVars.wooGenerarEtiqueta6]-flow" doc:name="dragon-table-lookup-table-E6-flow"/>
                        <json:json-to-object-transformer returnClass="java.util.ArrayList" doc:name="JSON to Object"/>
                        <expression-component doc:name="Expression"><![CDATA[flowVars.values.addAll(payload);]]></expression-component>
                    </when>
                    <otherwise>
                        <logger message="SYSTEM LAYER - Etiqueta 6 not processed" level="INFO" category="com.acqua.utils.ConsolaSystemWoo" doc:name="Logger CONSOLA"/>
                    </otherwise>
                </choice>
                               
                <choice doc:name="Choice E7">
                    <when expression="#[flowVars.wooGenerarEtiqueta7 != null &amp;&amp; !flowVars.wooGenerarEtiqueta7.isEmpty()]">
                        <flow-ref name="dragon-table-lookup-table-#[flowVars.wooGenerarEtiqueta7]-flow" doc:name="dragon-table-lookup-table-E7-flow"/>
                        <json:json-to-object-transformer returnClass="java.util.ArrayList" doc:name="JSON to Object"/>
                        <expression-component doc:name="Expression"><![CDATA[flowVars.values.addAll(payload);]]></expression-component>
                    </when>
                    <otherwise>
                        <logger message="SYSTEM LAYER - Etiqueta 7 not processed" level="INFO" category="com.acqua.utils.ConsolaSystemWoo" doc:name="Logger CONSOLA"/>
                    </otherwise>
                </choice>
                
                <choice doc:name="Choice - Color y Talle">
                    <when expression="#[flowVars.actualizarColorTalle]">
                        <flow-ref name="dragon-table-lookup-table-colores-flow" doc:name="dragon-table-lookup-table-colores-flow"/>
                        <json:json-to-object-transformer returnClass="java.util.ArrayList" doc:name="JSON to Object"/>
                        <expression-component doc:name="Expression"><![CDATA[flowVars.values.addAll(payload);]]></expression-component>
                        <flow-ref name="dragon-table-lookup-table-talles-flow" doc:name="dragon-table-lookup-table-talles-flow"/>
                        <json:json-to-object-transformer returnClass="java.util.ArrayList" doc:name="JSON to Object"/>
                        <expression-component doc:name="Expression"><![CDATA[flowVars.values.addAll(payload);]]></expression-component>
                    </when>
                    <otherwise>
                        <logger message="No actualiza Colores ni Talle" level="INFO" category="com.acqua.utils.ConsolaSystemWoo" doc:name="Logger"/>
                    </otherwise>
                </choice>
            </processor-chain>
        </enricher>
        
        <flow-ref name="woo-table-lookup-etiquetas-flow" doc:name="woo-table-lookup-etiquetas-flow"/>
        <json:json-to-object-transformer returnClass="java.util.ArrayList" doc:name="JSON to Object"/>
        
         <custom-transformer mimeType="application/json" class="com.acqua.transformer.WooRefreshEtiquetasTransformer" doc:name="Woo Alta Producto Transformer">               
         </custom-transformer>
        <choice doc:name="Choice">
            <when expression="#[!payload.isEmpty()]">
                <set-variable variableName="Host" value="${Woo_API_Host}" doc:name="Variable"/>
                <foreach collection="#[payload]" doc:name="For Each">
                    <json:object-to-json-transformer doc:name="Object to JSON"/>
                    <logger message="SYSTEM LAYER - Refreshing Categories Request: #[&quot;\n&quot;]#[payload]" level="INFO" category="com.acqua.utils.ConsolaSystemWoo" doc:name="Logger CONSOLA"/>             
                    <http:request config-ref="HTTP_Request_Configuration_Woo" path="/products/tags/batch" method="POST" doc:name="HTTP - Update Tags">
                        <http:request-builder>
                            <http:query-param paramName="consumer_key" value="${Woo_API_Key}"/>
                            <http:query-param paramName="consumer_secret" value="${Woo_API_Password}"/>
                            <http:header headerName="Host" value="#[flowVars.Host]"/>
                            <http:header headerName="content-type" value="application/json; charset=utf-8"/>

                        </http:request-builder>
                        <http:success-status-code-validator values="200..599"/>
                    </http:request>
                    <logger message="SYSTEM LAYER - Refresh Categories:  #[message.inboundProperties[&quot;http.status&quot;]] #[&quot;\n&quot;]#[message.payloadAs(java.lang.String)]" level="INFO" category="com.acqua.utils.ConsolaSystemWoo" doc:name="Logger CONSOLA"/>
                    <validation:custom-validator config-ref="Validation_Configuration" message="Woo API ha retornado un error" class="com.acqua.common.sl.validator.SLExternalRestfulValidator" doc:name="Validation HTTP Response"/>
                    <json:json-to-object-transformer returnClass="java.util.HashMap" doc:name="JSON to Object"/>
                    <expression-component doc:name="Expression - Add Return Value"><![CDATA[flowVars.errorStatus=(flowVars.errorStatus==false?(message.inboundProperties['http.status']>=400):400);
flowVars.returnValues.add(payload);
]]></expression-component>
                </foreach>
            </when>
            <otherwise>
                <logger message="SYSTEM LAYER - No records" level="INFO" category="com.acqua.utils.ConsolaSystemWoo" doc:name="Logger"/>
            </otherwise>
        </choice>
			
        
        <set-payload value="#[flowVars.returnValues]" doc:name="Set Payload"/>
         
        <json:object-to-json-transformer doc:name="Object to JSON"/>
        
        <set-property propertyName="http.status" value="#[flowVars.errorStatus?400:200]" doc:name="http.status"/>
        
        <validation:custom-validator config-ref="Validation_Configuration" message="Error actualizando Etiquetas" class="com.acqua.common.sl.validator.SLExternalRestfulValidator" doc:name="Validation HTTP Response"/>        
        
        <exception-strategy ref="System_Layer_Generic_Exception_Strategy"
				doc:name="Reference Exception Strategy" />
				
                    
    </flow>

</mule>
