<?xml version="1.0" encoding="UTF-8"?>

<mule xmlns:dw="http://www.mulesoft.org/schema/mule/ee/dw" xmlns:metadata="http://www.mulesoft.org/schema/mule/metadata" xmlns:tracking="http://www.mulesoft.org/schema/mule/ee/tracking" xmlns:json="http://www.mulesoft.org/schema/mule/json"
	xmlns:http="http://www.mulesoft.org/schema/mule/http" xmlns="http://www.mulesoft.org/schema/mule/core"
	xmlns:doc="http://www.mulesoft.org/schema/mule/documentation"
	xmlns:spring="http://www.springframework.org/schema/beans" 
	xmlns:xsi="http://www.w3.org/2001/XMLSchema-instance"
	xsi:schemaLocation="http://www.mulesoft.org/schema/mule/json http://www.mulesoft.org/schema/mule/json/current/mule-json.xsd
http://www.mulesoft.org/schema/mule/http http://www.mulesoft.org/schema/mule/http/current/mule-http.xsd
http://www.springframework.org/schema/beans http://www.springframework.org/schema/beans/spring-beans-current.xsd
http://www.mulesoft.org/schema/mule/core http://www.mulesoft.org/schema/mule/core/current/mule.xsd
http://www.mulesoft.org/schema/mule/ee/tracking http://www.mulesoft.org/schema/mule/ee/tracking/current/mule-tracking-ee.xsd
http://www.mulesoft.org/schema/mule/ee/dw http://www.mulesoft.org/schema/mule/ee/dw/current/dw.xsd">
    <flow name="woo-webhook-flow">
        <expression-component doc:name="Expression"><![CDATA[flowVars.ECommerceWebhookTopics=message.inboundProperties.'http.uri.params'.Action;
flowVars.ECommerceWebhookActive="${Woo_Webhooks_active}";]]></expression-component>
		<choice doc:name="Choice">
            <when expression="#[flowVars.ECommerceWebhookActive.equals(&quot;Y&quot;)]">
                <flow-ref name="woo-process-webhook-flow" doc:name="woo-process-webhook-flow"/>
            </when>
            <otherwise>
                <logger message="Weehook not actived" level="INFO" category="com.acqua.utils.SystemLayer" doc:name="Logger"/>
            </otherwise>
        </choice> 
        <set-payload value="{&quot;status&quot;:&quot;Done&quot;}" mimeType="application/json" doc:name="Set Payload"/>
    </flow>

	<flow name="woo-process-webhook-flow" processingStrategy="synchronous">

		<choice doc:name="Choice">
			<when expression="#[flowVars.ECommerceWebhookTopics == &quot;Start&quot;]">
				<set-variable variableName="ECommerceWebhookTopics"
					value="${Woo_Webhooks_topics}" doc:name="Set Woo Webhook Topics Start" />
			</when>
			<otherwise>
				<set-variable variableName="ECommerceWebhookTopics"
					value="#[&quot;&quot;]" doc:name="Set Woo Webhook Topics Stop" />
			</otherwise>
		</choice>
        <logger message="Configurando Webhook: ${Woo_API_Host}:${Woo_API_Port}${Woo_API_BasePath} " level="INFO" category="com.acqua.utils.SystemLayer" doc:name="Logger"/>

		<enricher target="#[payload]"
			doc:name="Message Enricher - Getting Webhook Configured">
			<processor-chain doc:name="Processor Chain">
				<set-variable variableName="ECommerceWebhookProtocolo"
					value="${Woo_Webhooks_protocolo}" doc:name="Set Woo Webhook Protocolo" />
				<set-variable variableName="ECommerceWebhookURL" value="${Woo_Webhooks_url}"
					doc:name="Set Woo Webhook URL" />
                <invoke object-ref="WooUtil" method="getWebhook" methodArguments="#[flowVars.ECommerceWebhookProtocolo],#[flowVars.ECommerceWebhookURL],#[flowVars.ECommerceWebhookTopics]" doc:name="Invoke Get Topics"/>
			</processor-chain>
		</enricher>
		<enricher target="#[flowVars.currentWebhooks]"
			doc:name="Message Enricher - Getting Current Webhooks">
			<processor-chain doc:name="Processor Chain">
        <set-variable variableName="Host" value="${Woo_API_Host}" doc:name="Variable"/>
				<http:request config-ref="HTTP_Request_Configuration_Woo"      
					path="/webhooks" method="GET" source="#[flowVars.request]"
					doc:name="HTTP - Get Weebhooks">
					<http:request-builder>
                        <http:query-param paramName="consumer_key" value="${Woo_API_Key}"/>
                        <http:query-param paramName="consumer_secret" value="${Woo_API_Password}"/>
                        <http:header headerName="Host" value="#[flowVars.Host]"/>
                        <http:header headerName="Content-Type" value="application/json"/>
					</http:request-builder>
					<http:success-status-code-validator
						values="200..599" />
				</http:request>
                <logger level="INFO" doc:name="Logger" message="#[message.payloadAs(java.lang.String)]"/>
				<json:json-to-object-transformer
					returnClass="java.util.ArrayList" doc:name="JSON to Object" />
                <expression-component doc:name="Expression"><![CDATA[flowVars.webHook = new java.util.HashMap();
flowVars.webHook.put("webhooks",payload);
payload = flowVars.webHook;]]></expression-component>
			</processor-chain>
		</enricher>
        <custom-transformer mimeType="application/json" class="com.acqua.transformer.WooWebhookTransformer" doc:name="Woo Webhook Transformer Transformer"/>
		<logger
			message="Configurando Webhook: ${Woo_API_Host}:${Woo_API_Port}${Woo_API_BasePath} Authorization: ${Woo_API_Key}:${Woo_API_Password}"
			level="INFO" category="com.acqua.utils.SystemLayer" doc:name="Logger" />

		<foreach collection="#[payload]" doc:name="For Each - Config">
			<logger message="Configuracion a Aplicar: #[payload]" level="INFO"
				category="com.acqua.utils.SystemLayer" doc:name="Logger" />
            <choice doc:name="Choice">
                <when expression="#[payload.webhook.id &gt;0 &amp;&amp; !payload.webhook.topic.isEmpty()]">
                    <foreach collection="#[payload]" doc:name="For Each">
                        <set-variable variableName="id" value="#[payload.id]" doc:name="Get Id"/>
                        <expression-component doc:name="Expression"><![CDATA[payload.remove("id");]]></expression-component>
                        <json:object-to-json-transformer doc:name="Object to JSON"/>
                        <logger message="Webhook Request Update:  #[message.payloadAs(java.lang.String)]" level="INFO" category="com.acqua.utils.SystemLayer" doc:name="Logger"/>
                        <set-variable variableName="Host" value="${Woo_API_Host}" doc:name="Variable"/>
                        <http:request config-ref="HTTP_Request_Configuration_Woo" path="/webhooks/#[flowVars.id]" method="PUT" doc:name="HTTP - Update Weebhook">
                            <http:request-builder>
                                <http:query-param paramName="consumer_key" value="${Woo_API_Key}"/>
                                <http:query-param paramName="consumer_secret" value="${Woo_API_Password}"/>
                                <http:header headerName="Host" value="#[flowVars.Host]"/>
                                <http:header headerName="Content-Type" value="application/json"/>
                            </http:request-builder>
                        </http:request>
                        <logger message="Actualizado  #[message.payloadAs(java.lang.String)]" level="INFO" category="com.acqua.utils.SystemLayer" doc:name="Logger"/>
                    </foreach>
                </when>
                <when expression="#[payload.webhook.id ==0]">
                    <foreach collection="#[payload]" doc:name="For Each">
                        <expression-component doc:name="Removing ID"><![CDATA[payload.remove("id");]]></expression-component>
                        <json:object-to-json-transformer doc:name="Object to JSON"/>
                        <logger message="Webhook Request Create::  #[message.payloadAs(java.lang.String)]" level="INFO" category="com.acqua.utils.SystemLayer" doc:name="Logger"/>
                        <set-variable variableName="Host" value="${Woo_API_Host}" doc:name="Variable"/>
                        <http:request config-ref="HTTP_Request_Configuration_Woo" path="/webhooks" method="POST" doc:name="HTTP - Create Weebhooks">
                            <http:request-builder>
                                <http:query-param paramName="consumer_key" value="${Woo_API_Key}"/>
                                <http:query-param paramName="consumer_secret" value="${Woo_API_Password}"/>
                                <http:header headerName="Host" value="#[flowVars.Host]"/>
                                <http:header headerName="Content-Type" value="application/json"/>
                            </http:request-builder>
                            <http:success-status-code-validator values="200..599"/>
                        </http:request>
                        <logger message="Agregado #[message.payloadAs(java.lang.String)]" level="INFO" category="com.acqua.utils.SystemLayer" doc:name="Logger"/>
                    </foreach>
                </when>
                <when expression="#[payload.webhook.id &gt;0 &amp;&amp; payload.webhook.topic.isEmpty()]">
                    <set-variable variableName="Host" value="${Woo_API_Host}" doc:name="Variable"/>
                    <foreach collection="#[payload]" doc:name="For Each">
                        <set-variable variableName="id" value="#[payload.id]" doc:name="Get Id"/>
                        <logger message="Webhook Request Delete::  #[message.payloadAs(java.lang.String)]" level="INFO" category="com.acqua.utils.SystemLayer" doc:name="Logger"/>
                        <http:request config-ref="HTTP_Request_Configuration_Woo" path="/webhooks/#[flowVars.id]" method="DELETE" source="#[]" doc:name="HTTP - Delete Weebhooks">
                            <http:request-builder>
                                <http:query-param paramName="consumer_key" value="${Woo_API_Key}"/>
                                <http:query-param paramName="consumer_secret" value="${Woo_API_Password}"/>
                                <http:header headerName="Host" value="#[flowVars.Host]"/>
                                <http:query-param paramName="force" value="true"/>
                                <http:header headerName="Content-Type" value="application/json"/>
                            </http:request-builder>
                        </http:request>
                        <logger message="Eliminado  #[message.payloadAs(java.lang.String)]" level="INFO" category="com.acqua.utils.SystemLayer" doc:name="Logger"/>
                    </foreach>
                </when>
                <otherwise>
                    <logger message="Accion de WebHook Invalida" level="INFO" category="com.acqua.utils.SystemLayer" doc:name="Logger"/>
                </otherwise>
            </choice>
		</foreach>
		<exception-strategy ref="System_Layer_Boostrap_Exception_Strategy"
			doc:name="Reference Exception Strategy" />
	</flow>
	
	<flow name="woo-process-get-current-webhook-flow">
     
     	<set-variable variableName="Host" value="${Woo_API_Host}" doc:name="Variable"/>
     	
        <processor-chain doc:name="Processor Chain">
                <http:request config-ref="HTTP_Request_Configuration_Woo"
					path="/webhooks" method="GET" source="#[flowVars.request]"
					doc:name="HTTP - Get Weebhooks">
          
					<http:request-builder>
                        <http:query-param paramName="consumer_key" value="${Woo_API_Key}"/>
                        <http:query-param paramName="consumer_secret" value="${Woo_API_Password}"/>
                        <http:header headerName="Host" value="#[flowVars.Host]"/>
                        <http:header headerName="Content-Type" value="application/json"/>
					</http:request-builder>
					<http:success-status-code-validator
						values="200..599" />
				</http:request>
                <json:json-to-object-transformer
                    returnClass="java.util.ArrayList" doc:name="JSON to Object" />
            </processor-chain>
    </flow>

</mule>
