<?xml version="1.0" encoding="UTF-8"?>

<mule xmlns:mulerequester="http://www.mulesoft.org/schema/mule/mulerequester"
	xmlns:json="http://www.mulesoft.org/schema/mule/json"
	xmlns:validation="http://www.mulesoft.org/schema/mule/validation"
	xmlns:http="http://www.mulesoft.org/schema/mule/http" xmlns:tracking="http://www.mulesoft.org/schema/mule/ee/tracking"
	xmlns="http://www.mulesoft.org/schema/mule/core" xmlns:doc="http://www.mulesoft.org/schema/mule/documentation"
	xmlns:spring="http://www.springframework.org/schema/beans" xmlns:xsi="http://www.w3.org/2001/XMLSchema-instance"
	xsi:schemaLocation="http://www.mulesoft.org/schema/mule/mulerequester http://www.mulesoft.org/schema/mule/mulerequester/current/mule-mulerequester.xsd
http://www.mulesoft.org/schema/mule/json http://www.mulesoft.org/schema/mule/json/current/mule-json.xsd
http://www.mulesoft.org/schema/mule/validation http://www.mulesoft.org/schema/mule/validation/current/mule-validation.xsd
http://www.springframework.org/schema/beans http://www.springframework.org/schema/beans/spring-beans-current.xsd
http://www.mulesoft.org/schema/mule/core http://www.mulesoft.org/schema/mule/core/current/mule.xsd
http://www.mulesoft.org/schema/mule/ee/tracking http://www.mulesoft.org/schema/mule/ee/tracking/current/mule-tracking-ee.xsd
http://www.mulesoft.org/schema/mule/http http://www.mulesoft.org/schema/mule/http/current/mule-http.xsd">
    <flow name="woo-validate-image-flow" processingStrategy="synchronous">
        <expression-component doc:name="Set Control Vars"><![CDATA[flowVars.flowName=flow.name;
flowVars.metricCategory=message.inboundProperties.'http.request.path';
flowVars.apiName=message.inboundProperties.'http.request.uri';
flowVars.errorCode="";
flowVars.imageName=message.inboundProperties.'http.uri.params'.ImageName;
flowVars.cacheaImagenes=${Woo_Cachear_Imagenes};]]></expression-component>
        <choice doc:name="Choice">
            <when expression="#[flowVars.cacheaImagenes]">
                <component doc:name="Get IDs">
   					 <spring-object bean="WooImageCache" />
				</component>
            </when>
            <otherwise>
                <flow-ref name="woo-validate-image-process-flow" doc:name="woo-validate-image-process-flow"/>
            </otherwise>
        </choice>
        <set-payload value="#[payload&gt;0]" doc:name="Set Payload"/>
    </flow>

	
	<flow name="woo-validate-image-process-flow" processingStrategy="synchronous">

        
        <logger message="#[&quot;-----------------------------------------------------------------------------------------&quot;]" level="INFO" category="com.acqua.utils.ConsolaSystemWoo" doc:name="Logger CONSOLA"/>
        <set-payload value="{}" mimeType="application/json" doc:name="Set Payload"/>
        <set-variable variableName="command" value="#['media?slug='+ flowVars.imageName.toLowerCase()]" doc:name="Variable"/>
        <logger message="SYSTEM LAYER - Validate Image #[flowVars.imageName]${woo_generar_csv_image_url_sufix} Woo. URL Base: ${Woo_API_Host}:${Woo_API_Port}:${Woo_API_BasePath_Media}/#[flowVars.command]" level="INFO" category="com.acqua.utils.ConsolaSystemWoo" doc:name="Logger CONSOLA"/>
        
        <http:request config-ref="HTTP_Request_Media_Configuration_Woo" path="#[flowVars.command]" method="GET" doc:name="HTTP - Validate Image">
            <http:request-builder>
                <http:header headerName="search" value="#[flowVars.imageName]${woo_generar_csv_image_url_sufix}"/>
            </http:request-builder>
            <http:success-status-code-validator values="200..599"/>
        </http:request>
      
        <validation:custom-validator config-ref="Validation_Configuration" message="WOO API ha retornado un error" class="com.acqua.common.sl.validator.SLExternalRestfulValidator" doc:name="Validation HTTP Response"/>
        <json:json-to-object-transformer returnClass="java.util.ArrayList" doc:name="JSON to Object"/>
       
        <logger message="SYSTEM LAYER - Image #[flowVars.imageName] exists #[payload.size()&gt;0]" level="INFO" category="com.acqua.utils.ConsolaSystemWoo" doc:name="Logger CONSOLA"/>
        
        <set-payload value="#[payload.size()&gt;0?payload[0].id:0]" encoding="ISO-8859-1" mimeType="application/java" doc:name="Set Payload"/>

		<choice-exception-strategy doc:name="Choice Exception Strategy">
			
			<catch-exception-strategy
				when="exception.causedBy(com.acqua.common.sl.exceptions.SLException)"
				doc:name="Catch Exception Strategy" enableNotifications="false"
				logException="false">
			
				<logger
					message="SYSTEM LAYER - Image #[flowVars.imageName] doesn't exists"
					level="INFO" doc:name="Logger CONSOLA" category="com.acqua.utils.ConsolaSystemWoo" />
			
				<set-payload value="false"
					doc:name="Set Payload" encoding="ISO-8859-1" mimeType="application/java"/>

				<set-property propertyName="http.status" value="#[404]" doc:name="http.status"/>
				
			</catch-exception-strategy>
			
		</choice-exception-strategy>
				
	</flow>
	
    <flow name="woo-image-create-cache-flow" processingStrategy="synchronous">
        <expression-component doc:name="Set Control Vars"><![CDATA[flowVars.flowName=flow.name;
flowVars.metricCategory='create-woo-image-cache';
flowVars.apiName='create-woo-image-cache';
flowVars.errorCode="";
flowVars.pageInfo='1'; 
flowVars.returnValue=new java.util.HashMap();]]></expression-component>

 		<logger message="#[&quot;-----------------------------------------------------------------------------------------&quot;]" level="INFO" category="com.acqua.utils.ConsolaSystemWoo" doc:name="Logger CONSOLA"/>
        
        <logger message="SYSTEM LAYER - Creatig Image Cache" level="INFO" category="com.acqua.utils.ConsolaSystemWoo" doc:name="Logger CONSOLA"/>
       
        <flow-ref name="woo-image-create-cache-while-flow" doc:name="woo-image-create-cache-while-flow"/>
        
        <set-payload value="Se han cargado las imagenes"
			doc:name="Set Payload" />

		<flow-ref name="common-send-notification-flow" doc:name="common-send-notification-flow" />
        
        <exception-strategy ref="System_Layer_Boostrap_Exception_Strategy" doc:name="Reference Exception Strategy"/>
        
        
    </flow>
    
    <flow name="woo-image-create-cache-while-flow" processingStrategy="synchronous">
    	
    	<set-payload value="{}" mimeType="application/json" doc:name="Set Payload"/>
        
        <http:request config-ref="HTTP_Request_Media_Configuration_Woo" path="media" method="GET" doc:name="HTTP - Validate Image">
            <http:request-builder>
                <http:query-param paramName="page" value="#[flowVars.pageInfo]"/>
                <http:query-param paramName="per_page" value="100"/>
                <http:query-param paramName="media_type" value="image"/>

            </http:request-builder>
            <http:success-status-code-validator values="200..599"/>
        </http:request>
        
        <validation:custom-validator config-ref="Validation_Configuration" message="WOO API ha retornado un error" class="com.acqua.common.sl.validator.SLExternalRestfulValidator" doc:name="Validation HTTP Response"/>
       
        <enricher target="#[flowVars.pageInfo]" doc:name="Message Enricher">
                    <invoke object-ref="WooUtil" method="getNextMediaLink" methodArguments="#[message.inboundProperties.Link != null?message.inboundProperties.Link:&quot;&quot;]" doc:name="Invoke - Get Next Link"/>
                </enricher>
        <json:json-to-object-transformer returnClass="java.util.ArrayList" doc:name="JSON to Object"/>
        
        <foreach collection="#[payload]" doc:name="For Each - Image">
            <logger message="Image #[payload.slug]" level="INFO" category="com.acqua.utils.SystemLayer" doc:name="Logger"/>
            <expression-component doc:name="Expression"><![CDATA[flowVars.returnValue.put(payload.slug.toLowerCase(),payload.id);]]></expression-component>


        </foreach>
        <choice doc:name="Choice - Hay mas Paginas Pendientes?">
            <when expression="#[!flowVars.pageInfo.isEmpty()]">
                <expression-component doc:name="Expression"><![CDATA[Thread.sleep(5000);]]></expression-component>
                <flow-ref name="woo-image-create-cache-while-flow" doc:name="woo-image-create-cache-while-flow"/>
            </when>
            <otherwise>
                <logger message="No hay mas paginas pendientes" level="INFO" category="com.acqua.utils.SystemLayer" doc:name="Logger"/>
            </otherwise>
        </choice>
    
    </flow>
	
	
    
    <flow name="woo-image-upload-flow">
        <set-variable variableName="originalPayload" value="#[payload]" doc:name="Variable"/>
	
		<http:request config-ref="HTTP_Request_Media_Configuration_Woo"
			path="/media" method="GET" doc:name="HTTP - Get Media"
			source="#[flowVars.request]">
			<http:request-builder>
                <http:query-param paramName="consumer_key" value="${Woo_API_Key}"/>
                <http:query-param paramName="consumer_secret" value="${Woo_API_Password}"/>
                <http:query-param paramName="slug" value="#[payload.sku.toLowerCase()]"/>
                <http:header headerName="content-type" value="application/json;charset=UTF-8"/>



			</http:request-builder>
			<http:success-status-code-validator
				values="200..599" />
		</http:request>

		<validation:custom-validator config-ref="Validation_Configuration"
			message="Woo API ha retornado un error" class="com.acqua.common.sl.validator.SLExternalRestfulValidator"
			doc:name="Validation HTTP Response" />
        <json:json-to-object-transformer returnClass="java.util.ArrayList" doc:name="JSON to Object"/>
        <choice doc:name="Choice">
            <when expression="#[payload.size()&gt;0]">
                <logger message="Deleting #[payload[0].id]" level="INFO" category="com.acqua.utils.SystemLayer" doc:name="Logger"/>
                <http:request config-ref="HTTP_Request_Media_Configuration_Woo" path="/media/#[payload[0].id]" method="DELETE" source="#[flowVars.request]" doc:name="HTTP - Delete Media">
                    <http:request-builder>
                        <http:query-param paramName="consumer_key" value="${Woo_API_Key}"/>
                        <http:query-param paramName="consumer_secret" value="${Woo_API_Password}"/>
                        <http:header headerName="content-type" value="application/json;charset=UTF-8"/>
                    </http:request-builder>
                    <http:success-status-code-validator values="200..599"/>
                </http:request>
            </when>
            <otherwise>
                <logger message="Doesn't exist" level="INFO" category="com.acqua.utils.SystemLayer" doc:name="Logger"/>
            </otherwise>
        </choice>
        <set-payload value="#[flowVars.originalPayload.fileEncoded]" doc:name="Set Payload"/>
        <http:request config-ref="HTTP_Request_Media_Configuration_Woo" path="/media" method="POST" source="#[flowVars.request]" doc:name="HTTP - Add Media">
            <http:request-builder>
                <http:query-param paramName="consumer_key" value="${Woo_API_Key}"/>
                <http:query-param paramName="consumer_secret" value="${Woo_API_Password}"/>
            </http:request-builder>
            <http:success-status-code-validator values="200..599"/>
        </http:request>
        <logger message="Added" level="INFO" category="com.acqua.utils.SystemLayer" doc:name="Logger"/>

			
	    <exception-strategy ref="System_Layer_Generic_Exception_Strategy"
				doc:name="Reference Exception Strategy" />
	</flow>


</mule>
