<?xml version="1.0" encoding="UTF-8"?>

<mule xmlns:json="http://www.mulesoft.org/schema/mule/json" xmlns:http="http://www.mulesoft.org/schema/mule/http" xmlns:validation="http://www.mulesoft.org/schema/mule/validation" xmlns:tracking="http://www.mulesoft.org/schema/mule/ee/tracking" xmlns="http://www.mulesoft.org/schema/mule/core" xmlns:doc="http://www.mulesoft.org/schema/mule/documentation"
	xmlns:spring="http://www.springframework.org/schema/beans" 
	xmlns:xsi="http://www.w3.org/2001/XMLSchema-instance"
	xsi:schemaLocation="http://www.springframework.org/schema/beans http://www.springframework.org/schema/beans/spring-beans-current.xsd
http://www.mulesoft.org/schema/mule/core http://www.mulesoft.org/schema/mule/core/current/mule.xsd
http://www.mulesoft.org/schema/mule/json http://www.mulesoft.org/schema/mule/json/current/mule-json.xsd
http://www.mulesoft.org/schema/mule/http http://www.mulesoft.org/schema/mule/http/current/mule-http.xsd
http://www.mulesoft.org/schema/mule/validation http://www.mulesoft.org/schema/mule/validation/current/mule-validation.xsd
http://www.mulesoft.org/schema/mule/ee/tracking http://www.mulesoft.org/schema/mule/ee/tracking/current/mule-tracking-ee.xsd">
  
    <flow name="woo-get-articulos-agrupadores-dragon-publicados-flow" processingStrategy="synchronous">
        <logger message="SYSTEM LAYER - REQUEST: Leyendo Productos DragoFish Publicados" level="INFO" category="com.acqua.utils.SystemLayer" doc:name="Logger"/>
        <expression-component doc:name="Set Control Flow"><![CDATA[flowVars.flowName=flow.name;
flowVars.metricCategory=message.inboundProperties.'http.request.path';
flowVars.apiName=message.inboundProperties.'http.request.uri';
flowVars.errorCode="";
flowVars .incluirIDs=true;
flowVars.paletaColoresEspecial = "${Paleta_Colores_Especial}";
flowVars.paletaColoresSeparador = "${Paleta_Colores_Separador}";
flowVars .processParaCache=true;]]></expression-component>
        <expression-component doc:name="Set Control Vars"><![CDATA[flowVars.page=1;
flowVars.articulosAModificar = new java.util.HashMap();
flowVars.articulosParaCache = new java.util.HashMap();
]]></expression-component>
        <flow-ref name="woo-get-articulos-agrupadores-dragon-publicados-while-flow" doc:name="woo-get-articulos-agrupadores-dragon-publicados-while-flow"/>
        <set-payload value="#[flowVars.articulosParaCache]" doc:name="Set Payload"/>
        <json:object-to-json-transformer doc:name="Object to JSON"/>
    </flow>
    
    <flow name="woo-get-articulos-agrupadores-dragon-publicados-while-flow" processingStrategy="synchronous">
        <set-variable variableName="Host" value="${Woo_API_Host}" doc:name="Variable"/>
        <http:request config-ref="HTTP_Request_Configuration_Woo" path="/products?per_page=50&amp;page=#[flowVars.page]" method="GET" doc:name="HTTP - Get Products From Woo">
            <http:request-builder>
                <http:query-param paramName="consumer_key" value="${Woo_API_Key}"/>
                <http:query-param paramName="consumer_secret" value="${Woo_API_Password}"/>
                <http:header headerName="Host" value="#[flowVars.Host]"/>
            </http:request-builder>
        </http:request>
        <json:json-to-object-transformer returnClass="java.util.ArrayList" doc:name="JSON to Object"/>
        <foreach collection="#[payload]" doc:name="For Each - Product">
            <logger message="Producto Dragon #[payload.sku] Type: #[payload.type]" level="INFO" category="com.acqua.utils.SystemLayer" doc:name="Logger"/>
            <expression-component doc:name="Expression"><![CDATA[flowVars.productVariable = payload.type.equals("simple");
flowVars.productSimple=payload.type.equals("variable");
flowVars.productGrouped=payload.type.equals("grouped");]]></expression-component>
            <expression-component doc:name="Expression"><![CDATA[flowVars.procesarVarianza = (!(new Boolean(flowVars .productGrouped)));
flowVars.procesarAgrupados=(new Boolean(flowVars .productGrouped));]]></expression-component>
            <choice doc:name="Choice">
                <when expression="#[flowVars.procesarVarianza]">
                    <expression-component doc:name="Expression"><![CDATA[if(!payload.sku.isEmpty() && payload.type == 'simple')
{
	flowVars.articulosParaCache.put(payload.id,payload.sku); 
}
if(!payload.sku.isEmpty() && payload.type == 'variable')
{
	flowVars.articulosParaCache.put(payload.id,payload.sku);
}]]></expression-component>

                </when>
                <when expression="#[flowVars.procesarAgrupados]">
                    <logger message="Grouped #[payload.sku] #[payload.grouped_products] #[payload.status.equals(&quot;publish&quot;)]" level="INFO" category="com.acqua.utils.SystemLayer" doc:name="Logger"/>
                    <expression-component doc:name="Expression"><![CDATA[if(!payload.sku.isEmpty() && payload.status.equals("publish"))
{
	flowVars.articulosAModificar.put(payload.sku,payload.grouped_products); 
} ]]></expression-component>
                </when>
                <otherwise>
                    <logger message="No considerar" level="INFO" category="com.acqua.utils.SystemLayer" doc:name="Logger"/>
                </otherwise>
            </choice>
        </foreach>
        <choice doc:name="Choice - Hay mas Paginas Pendientes?">
            <when expression="#[!payload.isEmpty()]">
                <expression-component doc:name="Expression"><![CDATA[flowVars.page=flowVars.page+1;]]></expression-component>
                <flow-ref name="woo-get-articulos-agrupadores-dragon-publicados-while-flow" doc:name="woo-get-articulos-agrupadores-dragon-publicados-while-flow"/>
            </when>
            <otherwise>
                <logger message="No hay mas paginas pendientes" level="INFO" category="com.acqua.utils.SystemLayer" doc:name="Logger"/>
            </otherwise>
        </choice>
    </flow>
</mule>
