<?xml version="1.0" encoding="UTF-8"?>

<mule xmlns:validation="http://www.mulesoft.org/schema/mule/validation"
	xmlns:http="http://www.mulesoft.org/schema/mule/http"
	xmlns:json="http://www.mulesoft.org/schema/mule/json"
	xmlns:tracking="http://www.mulesoft.org/schema/mule/ee/tracking" xmlns="http://www.mulesoft.org/schema/mule/core" xmlns:doc="http://www.mulesoft.org/schema/mule/documentation"
	xmlns:spring="http://www.springframework.org/schema/beans" 
	xmlns:xsi="http://www.w3.org/2001/XMLSchema-instance"
	xsi:schemaLocation="http://www.mulesoft.org/schema/mule/validation http://www.mulesoft.org/schema/mule/validation/current/mule-validation.xsd
http://www.mulesoft.org/schema/mule/http http://www.mulesoft.org/schema/mule/http/current/mule-http.xsd
http://www.mulesoft.org/schema/mule/json http://www.mulesoft.org/schema/mule/json/current/mule-json.xsd
http://www.springframework.org/schema/beans http://www.springframework.org/schema/beans/spring-beans-current.xsd
http://www.mulesoft.org/schema/mule/core http://www.mulesoft.org/schema/mule/core/current/mule.xsd
http://www.mulesoft.org/schema/mule/ee/tracking http://www.mulesoft.org/schema/mule/ee/tracking/current/mule-tracking-ee.xsd">
   
    <flow name="woo-producto_actualizar_flow">
        <flow-ref name="woo-producto_add_or_update_flow" doc:name="woo-producto_add_or_update_flow"/>
        <logger message="SYSTEM LAYER - #[message.outboundProperties[&quot;http.status&quot;]==200?&quot;Procesado&quot;:&quot;ERROR articulo no procesado&quot;]  #[flowVars.keyLog] #[&quot;\n&quot;]#[payload]" level="INFO" category="com.acqua.utils.ConsolaSystemWoo" doc:name="Logger CONSOLA"/>
    </flow>
    
    <flow name="woo-producto_delete_flow">
        <flow-ref name="woo-producto_delete_process_flow" doc:name="woo-producto_delete_process_flow"/>
        <logger message="SYSTEM LAYER - #[message.outboundProperties[&quot;http.status&quot;]==200?&quot;Procesado&quot;:&quot;ERROR articulo no procesado&quot;]  #[flowVars.keyLog] #[&quot;\n&quot;]#[payload]" level="INFO" category="com.acqua.utils.ConsolaSystemWoo" doc:name="Logger CONSOLA"/>
    </flow>
    
    <flow name="woo-producto_add_or_update_flow" processingStrategy="synchronous">
		
		<expression-component doc:name="Set Control Vars"><![CDATA[flowVars.flowName=flow.name;
flowVars.metricCategory=message.inboundProperties.'http.request.path';
flowVars.apiName=message.inboundProperties.'http.request.uri';
flowVars.errorCode="";
flowVars.cacheIDs=${Woo_Cachear_Relacion_SKU_ID};]]></expression-component>

		<byte-array-to-string-transformer doc:name="Byte Array to String" encoding="UTF-8" mimeType="application/json"/> 
		
		<set-variable variableName="originalRequest" value="#[payload]" doc:name="Save Request Input as JSON"/>
		
        <json:json-to-object-transformer returnClass="java.util.HashMap" doc:name="JSON to Object"/>
        
        <set-variable variableName="inputRequest" value="#[payload]" doc:name="Save Request Input As Object"/>
       
        <set-variable variableName="keyLog" value="Articulo #[payload.single.sku] Woo ID #[payload.id]" doc:name="Save Key For Logger"/>
        
        <logger message="#[&quot;-----------------------------------------------------------------------------------------&quot;]" level="INFO" category="com.acqua.utils.ConsolaSystemWoo" doc:name="Logger CONSOLA"/>
        
        <logger message="SYSTEM LAYER - Requerimiento recibido #[flowVars.keyLog]  #[&quot;\n&quot;] #[flowVars.originalRequest]" level="INFO" category="com.acqua.utils.ConsolaSystemWoo" doc:name="Logger CONSOLA"/>
     	
     	<enricher target="#[flowVars.productID]" doc:name="Message Enricher - Get Product ID">
            <processor-chain doc:name="Processor Chain">
                <set-variable variableName="parameterCodigo" value="#[payload.single.sku]" doc:name="Variable - Set Codigo"/>
                <flow-ref name="woo-producto-get-id-process-flow" doc:name="woo-producto-get-id-process-flow"/>
                <set-payload value="#[flowVars .returnValue]" doc:name="Set Payload"/>
            </processor-chain>
        </enricher>
        
        <expression-component doc:name="Expression"><![CDATA[if(flowVars.productID.containsKey(payload.single.sku))
{
payload.replace('id',Long.toString(flowVars.productID.get(payload.single.sku)));
} else
{
payload.replace('id',"0");
}

flowVars.mainSKU=payload.single.sku;]]></expression-component>
        
        <enricher target="#[flowVars.equivalencia]" doc:name="Message Enricher">
            <processor-chain doc:name="Processor Chain">
                <set-variable variableName="CheckEquivalencia" value="#[${Dragon_Check_Equivalencias}]" doc:name="Variable Set Check Equivalencia"/>
                <choice doc:name="Choice">
                    <when expression="#[flowVars.CheckEquivalencia]">
                        <flow-ref name="woo-producto_get_equivalencia_flow" doc:name="woo-producto_get_equivalencia_flow"/>
                    </when>
                    <otherwise>
                        <set-payload value="#[&quot;&quot;]" doc:name="Set Payload"/>
                    </otherwise>
                </choice>
            </processor-chain>

        </enricher>
        
        
        <enricher target="#[flowVars.requestToProcess]" doc:name="Message Enricher">
            <custom-transformer mimeType="application/xml" class="com.acqua.transformer.WooAltaProductoTransformer" doc:name="Woo Alta Producto Transformer">
                <spring:property name="wooImageCache" ref="WooImageCache"/>

            </custom-transformer>
        </enricher>
        
        <enricher target="#[flowVars.wooProduct]" doc:name="Message Enricher">
            <flow-ref name="woo-producto-create-update-product-flow" doc:name="woo-producto-create-update-product-flow"/>
        </enricher>
   
       
        <enricher target="#[flowVars.wooVariants]" doc:name="Message Enricher">
            <flow-ref name="woo-producto-create-update-variants-flow" doc:name="woo-producto-create-update-variants-flow"/>
        </enricher>
        <expression-component doc:name="Expression"><![CDATA[payload = new java.util.HashMap();
payload.put("product",flowVars.wooProduct);
payload.put("variants",flowVars.wooVariants);]]></expression-component>
        
        <set-property propertyName="http.status" value="#[200]" doc:name="http.status"/>
        
		<exception-strategy ref="System_Layer_Generic_Exception_Strategy"
				doc:name="Reference Exception Strategy" />
				
	</flow>
	
	<flow name="woo-producto_delete_process_flow" processingStrategy="synchronous">
		
		<expression-component doc:name="Set Control Vars"><![CDATA[flowVars.flowName=flow.name;
flowVars.metricCategory=message.inboundProperties.'http.request.path';
flowVars.apiName=message.inboundProperties.'http.request.uri';
flowVars.errorCode="";
flowVars .sku=message.inboundProperties.'http.uri.params'.SKU;
flowVars.cacheIDs=${Woo_Cachear_Relacion_SKU_ID};]]></expression-component>

        
        <logger message="#[&quot;-----------------------------------------------------------------------------------------&quot;]" level="INFO" category="com.acqua.utils.ConsolaSystemWoo" doc:name="Logger CONSOLA"/>
        
        <logger message="SYSTEM LAYER - Eliminado SKU #[flowVars.sku] " level="INFO" category="com.acqua.utils.ConsolaSystemWoo" doc:name="Logger CONSOLA"/>
     	
     	<enricher target="#[flowVars.productID]" doc:name="Message Enricher - Get Product ID">
            <processor-chain doc:name="Processor Chain">
                <set-variable variableName="parameterCodigo" value="#[flowVars .sku]" doc:name="Variable - Set Codigo"/>
                <flow-ref name="woo-producto-get-id-process-flow" doc:name="woo-producto-get-id-process-flow"/>
                <set-payload value="#[flowVars .returnValue]" doc:name="Set Payload"/>
            </processor-chain>
        </enricher>
        <choice doc:name="Choice">
            <when expression="#[flowVars.productID.get(flowVars .sku)&gt;0]">
                <enricher target="#[flowVars.wooProduct]" doc:name="Message Enricher">
                    <flow-ref name="woo-producto-delete-product-flow" doc:name="woo-producto-delete-product-flow"/>
                </enricher>
                <expression-component doc:name="Expression"><![CDATA[payload = new java.util.HashMap();
payload.put(flowVars .sku,"SKU en Woo Commerce ha sido eliminado");]]></expression-component>
                <set-property propertyName="http.status" value="#[200]" doc:name="http.status 200"/>
            </when>
            <otherwise>
                <expression-component doc:name="Expression"><![CDATA[payload = new java.util.HashMap();
payload.put(flowVars .sku,"No existe SKU en Woo Commerce");]]></expression-component>
                <set-property propertyName="http.status" value="#[404]" doc:name="http.status Not Found"/>
            </otherwise>
        </choice>

        
		<exception-strategy ref="System_Layer_Generic_Exception_Strategy"
				doc:name="Reference Exception Strategy" />
				
	</flow>
	
	<flow name="woo-producto-delete-product-flow">
        <set-variable variableName="Host" value="${Woo_API_Host}" doc:name="Variable"/>
        <http:request config-ref="HTTP_Request_Configuration_Woo" path="/products/#[flowVars.productID.get(flowVars .sku)]" method="DELETE" doc:name="HTTP - Delete Producto">
            <http:request-builder>
                <http:query-param paramName="consumer_key" value="${Woo_API_Key}"/>
                <http:query-param paramName="consumer_secret" value="${Woo_API_Password}"/>
                <http:header headerName="Host" value="#[flowVars.Host]"/>
                <http:header headerName="content-type" value="application/json; charset=utf-8"/>
            </http:request-builder>
            <http:success-status-code-validator values="200..599"/>
        </http:request>

        
        <logger message="SYSTEM LAYER - #[payload.id == &quot;0&quot;?&quot;Response Alta&quot;:&quot;Response Modificacion&quot;] de #[flowVars.keyLog] es #[message.inboundProperties[&quot;http.status&quot;]] #[&quot;\n&quot;]#[message.payloadAs(java.lang.String)]" level="INFO" category="com.acqua.utils.ConsolaSystemWoo" doc:name="Logger CONSOLA"/>

		<validation:custom-validator config-ref="Validation_Configuration"
			message="Woo API ha retornado un error" class="com.acqua.common.sl.validator.SLExternalRestfulValidator"
			doc:name="Validation HTTP Response" />
			
		<json:json-to-object-transformer returnClass="java.util.HashMap" doc:name="JSON to Object"/>
        <choice doc:name="Choice">
            <when expression="#[flowVars.cacheIDs]">
                <invoke object-ref="WooSKUtable" method="removeSKU" methodArguments="#[flowVars.sku]" doc:name="Invoke Delete Relation SKU-ID"/>

            </when>
            <otherwise>
                <logger message="N/A" level="INFO" category="com.acqua.utils.ConsolaSystemWoo" doc:name="Logger"/>
            </otherwise>
        </choice>
   
    </flow>
    
    <flow name="woo-producto-create-update-product-flow">
    
        <enricher target="#[flowVars.request]" doc:name="Message Enricher">
            <processor-chain doc:name="Processor Chain - Preparar Request Para Alta/Actualizacion Producto">
                <set-payload value="#[flowVars.requestToProcess.product]" doc:name="Set Payload"/>
                <json:object-to-json-transformer doc:name="Object to JSON" mimeType="application/json"/>

            </processor-chain>
        </enricher>
        <set-variable variableName="idEsCero" value="#[payload[&quot;id&quot;] == &quot;0&quot;]" doc:name="Variable Set ID is Cero"/>
        
        <logger message="SYSTEM LAYER - #[payload['id'] == &quot;0&quot;?&quot;Request Alta&quot;:&quot;Request Modificacion&quot;] de #[flowVars.keyLog] #[&quot;\n&quot;]#[flowVars.request]" level="INFO" category="com.acqua.utils.ConsolaSystemWoo" doc:name="Logger CONSOLA"/>
       
        <choice doc:name="Choice - Se informa ID?">
            <when expression="#[flowVars.idEsCero]">
                <set-variable variableName="Host" value="${Woo_API_Host}" doc:name="Variable"/>
                <http:request config-ref="HTTP_Request_Configuration_Woo" path="/products" method="POST" doc:name="HTTP - Alta Producto" source="#[flowVars.request]">
                    <http:request-builder>
                        <http:query-param paramName="consumer_key" value="${Woo_API_Key}"/>
                        <http:query-param paramName="consumer_secret" value="${Woo_API_Password}"/>
                        <http:header headerName="Host" value="#[flowVars.Host]"/>
                        <http:header headerName="content-type" value="application/json; charset=utf-8"/>


                    </http:request-builder>
                    <http:success-status-code-validator values="200..599"/>
                </http:request>
            </when>
            <otherwise>
                <set-variable variableName="shopifyID" value="#[payload[&quot;id&quot;]]" doc:name="Set ShopifyID"/>

                <set-variable variableName="Host" value="${Woo_API_Host}" doc:name="Variable"/>
                <http:request config-ref="HTTP_Request_Configuration_Woo" path="/products/#[flowVars.shopifyID]" method="PUT" doc:name="HTTP - Actualizacion Producto" source="#[flowVars.request]">
                    <http:request-builder>
                        <http:query-param paramName="consumer_key" value="${Woo_API_Key}"/>
                        <http:query-param paramName="consumer_secret" value="${Woo_API_Password}"/>
                        <http:header headerName="Host" value="#[flowVars.Host]"/>
                        <http:header headerName="content-type" value="application/json;charset=UTF-8"/>
 
                    </http:request-builder>
                    <http:success-status-code-validator values="200..599"/>
                </http:request>
            </otherwise>
        </choice>
        
        <logger message="SYSTEM LAYER - #[payload.id == &quot;0&quot;?&quot;Response Alta&quot;:&quot;Response Modificacion&quot;] de #[flowVars.keyLog] es #[message.inboundProperties[&quot;http.status&quot;]] #[&quot;\n&quot;]#[message.payloadAs(java.lang.String)]" level="INFO" category="com.acqua.utils.ConsolaSystemWoo" doc:name="Logger CONSOLA"/>

		<validation:custom-validator config-ref="Validation_Configuration"
			message="Woo API ha retornado un error" class="com.acqua.common.sl.validator.SLExternalRestfulValidator"
			doc:name="Validation HTTP Response" />
			
	    <choice doc:name="Choice - Se informa ID?">
			<when expression="#[flowVars.idEsCero &amp;&amp; flowVars.cacheIDs]">
		
				<invoke object-ref="WooSKUtable" method="removeSKU"
					methodArguments="#[flowVars.requestToProcess.product.sku]" doc:name="Invoke Get IDs" />

			</when>
			<otherwise>
				<logger
					message="SYSTEM LAYER - #[payload.id == &quot;0&quot;?&quot;Response Varianza Alta&quot;:&quot;Response Varianza Modificacion&quot;] de #[flowVars.keyLog] es #[message.inboundProperties[&quot;http.status&quot;]] #[&quot;\n&quot;]#[message.payloadAs(java.lang.String)]"
					level="INFO" category="com.acqua.utils.ConsolaSystemWoo" doc:name="Logger CONSOLA" />
			</otherwise>
		</choice>
			
		<json:json-to-object-transformer returnClass="java.util.HashMap" doc:name="JSON to Object"/>
   
    </flow>
    
    <flow name="woo-producto-create-update-variants-flow">
        <choice doc:name="Choice">
            <when expression="#[flowVars.requestToProcess.existVarianzas]">
                <enricher target="#[flowVars.request]" doc:name="Message Enricher">
                    <processor-chain doc:name="Processor Chain - Preparar Request Para Alta/Actualizacion Producto">
                        <set-payload value="#[flowVars.requestToProcess.varianzas]" doc:name="Set Payload"/>
                        <json:object-to-json-transformer encoding="UTF-8" doc:name="Object to JSON"/>
                    </processor-chain>
                </enricher>
                <logger message="SYSTEM LAYER - #[payload['id'] == &quot;0&quot;?&quot;Request Alta&quot;:&quot;Request Modificacion&quot;] de #[flowVars.keyLog] #[&quot;\n&quot;]#[flowVars.request]" level="INFO" category="com.acqua.utils.ConsolaSystemWoo" doc:name="Logger CONSOLA"/>
                <set-variable variableName="Host" value="${Woo_API_Host}" doc:name="Variable"/>
                <http:request config-ref="HTTP_Request_Configuration_Woo" path="/products/#[flowVars.wooProduct.id]/variations/batch" method="POST" source="#[flowVars.request]" doc:name="HTTP - ABM Varianzas">
                    <http:request-builder>
                        <http:query-param paramName="consumer_key" value="${Woo_API_Key}"/>
                        <http:query-param paramName="consumer_secret" value="${Woo_API_Password}"/>
                        <http:header headerName="Host" value="#[flowVars.Host]"/>
                        <http:header headerName="content-type" value="application/json;charset=UTF-8"/>
                    </http:request-builder>
                    <http:success-status-code-validator values="200..599"/>
                </http:request>
                <logger message="SYSTEM LAYER - #[payload.id == &quot;0&quot;?&quot;Response Varianza Alta&quot;:&quot;Response Varianza Modificacion&quot;] de #[flowVars.keyLog] es #[message.inboundProperties[&quot;http.status&quot;]] #[&quot;\n&quot;]#[message.payloadAs(java.lang.String)]" level="INFO" category="com.acqua.utils.ConsolaSystemWoo" doc:name="Logger CONSOLA"/>
                <validation:custom-validator config-ref="Validation_Configuration" message="Woo API ha retornado un error" class="com.acqua.common.sl.validator.SLExternalRestfulValidator" doc:name="Validation HTTP Response"/>
                <json:json-to-object-transformer returnClass="java.util.HashMap" doc:name="JSON to Object"/>
            </when>
            <otherwise>
                <expression-component doc:name="Set Payload as Empty Object"><![CDATA[payload = new java.util.HashMap();]]></expression-component>
            </otherwise>
        </choice>
    </flow>

	
	 
    
     <flow name="woo-get-articulos-dragon-publicados-flow" processingStrategy="synchronous">
     
        <logger message="SYSTEM LAYER - REQUEST: Leyendo Productos DragoFish Publicados" level="INFO" category="com.acqua.utils.SystemLayer" doc:name="Logger"/>
       
        <expression-component doc:name="Set Control Flow"><![CDATA[flowVars.flowName=flow.name;
flowVars.metricCategory=message.inboundProperties.'http.request.path';
flowVars.apiName=message.inboundProperties.'http.request.uri';
flowVars.errorCode="";
flowVars .incluirVarianzas=message.inboundProperties.'http.uri.params'.incluirVarianzas;
flowVars .incluirIDs=message.inboundProperties.'http.uri.params'.incluirIDs!=null?(message.inboundProperties.'http.uri.params'.incluirIDs == "true"):false;
flowVars.paletaColoresEspecial = "${Woo_Paleta_Colores_Especial}";
flowVars.paletaColoresSeparador = "${Woo_Paleta_Colores_Separador}";
flowVars .processParaCache=false;]]></expression-component>
      
        <expression-component doc:name="Set Control Vars"><![CDATA[flowVars.page=1;
flowVars.articulosAModificar = new java.util.HashSet();
flowVars.articulosParaCache = new java.util.HashSet();
]]></expression-component>
    
        <flow-ref name="woo-get-articulos-dragon-publicados-while-flow" doc:name="woo-get-articulos-dragon-publicados-while-flow"/>
        <choice doc:name="Choice">
            <when expression="#[flowVars .incluirVarianzas == false &amp;&amp; flowVars.paletaColoresEspecial.isEmpty() == false]">
                <foreach collection="#[flowVars.articulosAModificar]" doc:name="For Each">
                    <expression-component doc:name="Expression"><![CDATA[if(payload.contains(flowVars.paletaColoresSeparador))
{
	flowVars.tmp = org.apache.commons.lang.StringUtils.substringBefore(payload, flowVars.paletaColoresSeparador);
	
	if(!flowVars.articulosAModificar.contains(flowVars.tmp))
	{
		flowVars.articulosAModificar.add(flowVars.tmp);
	}  
	
	flowVars.articulosAModificar.remove(payload);
	
}
]]></expression-component>
                </foreach>
            </when>
            <otherwise>
                <logger message="N/A" level="INFO" category="com.acqua.utils.SystemLayer" doc:name="Logger"/>
            </otherwise>
        </choice>
    
        <set-payload value="#[flowVars.articulosAModificar]" doc:name="Set Payload"/>
      
        <json:object-to-json-transformer doc:name="Object to JSON"/>
  
    </flow>
    
    <flow name="woo-get-articulos-dragon-publicados-subflow" processingStrategy="synchronous">
       
        <logger message="SYSTEM LAYER - REQUEST: Leyendo Productos DragoFish Publicados" level="INFO" category="com.acqua.utils.SystemLayer" doc:name="Logger"/>
       
        <expression-component doc:name="Set Control Flow"><![CDATA[flowVars.flowName=flow.name;
flowVars.metricCategory=message.inboundProperties.'http.request.path';
flowVars.apiName=message.inboundProperties.'http.request.uri';
flowVars.errorCode="";
flowVars .incluirVarianzas=true;
flowVars .incluirIDs=true;
flowVars.paletaColoresEspecial = "${Woo_Paleta_Colores_Especial}";
flowVars.paletaColoresSeparador = "${Woo_Paleta_Colores_Separador}";
flowVars .processParaCache=true;]]></expression-component>
      
        <expression-component doc:name="Set Control Vars"><![CDATA[flowVars.page=1;
flowVars.articulosAModificar = new java.util.HashSet();
flowVars.articulosParaCache = new java.util.HashMap();]]></expression-component>
    
        <flow-ref name="woo-get-articulos-dragon-publicados-while-flow" doc:name="woo-get-articulos-dragon-publicados-while-flow"/>
        <choice doc:name="Choice">
            <when expression="#[flowVars .incluirVarianzas == false &amp;&amp; flowVars.paletaColoresEspecial.isEmpty() == false]">
                <foreach collection="#[flowVars.articulosAModificar]" doc:name="For Each">
                    <expression-component doc:name="Expression"><![CDATA[if(payload.contains(flowVars.paletaColoresSeparador))
{
	flowVars.tmp = org.apache.commons.lang.StringUtils.substringBefore(payload, flowVars.paletaColoresSeparador);
	
	if(!flowVars.articulosAModificar.contains(flowVars.tmp))
	{
		flowVars.articulosAModificar.add(flowVars.tmp);
	}  
	
	flowVars.articulosAModificar.remove(payload);
	
}
]]></expression-component>
                </foreach>
            </when>
            <otherwise>
                <logger message="N/A" level="INFO" category="com.acqua.utils.SystemLayer" doc:name="Logger"/>
            </otherwise>
        </choice>
    
        <set-payload value="#[flowVars.articulosAModificar]" doc:name="Set Payload"/>
      
        <json:object-to-json-transformer doc:name="Object to JSON"/>
    </flow>
  
    <flow name="woo-get-articulos-dragon-publicados-while-flow" processingStrategy="synchronous">
        
         <set-variable variableName="Host" value="${Woo_API_Host}" doc:name="Variable"/>
        <http:request config-ref="HTTP_Request_Configuration_Woo" path="/products?per_page=50&amp;page=#[flowVars.page]" method="GET"  doc:name="HTTP - Get Products From Woo">
            <http:request-builder>
                <http:query-param paramName="consumer_key" value="${Woo_API_Key}"/>
                <http:query-param paramName="consumer_secret" value="${Woo_API_Password}"/>
                <http:header headerName="Host" value="#[flowVars.Host]"/>
            </http:request-builder>
        </http:request>
        <json:json-to-object-transformer returnClass="java.util.ArrayList" doc:name="JSON to Object"/>
       
        <foreach collection="#[payload]" doc:name="For Each - Product">
            <logger message="Producto Dragon #[payload.sku]" level="INFO" category="com.acqua.utils.SystemLayer" doc:name="Logger"/>
            <choice doc:name="Choice">
                <when expression="#[flowVars .incluirVarianzas]">
                    <expression-component doc:name="Expression"><![CDATA[if(!payload.sku.isEmpty() && payload.type == 'simple')
{
	if(flowVars .incluirIDs)
	{
		flowVars.articulosAModificar.add(payload.sku+"|"+payload.id+"|"+"**");
	} else
	{
		flowVars.articulosAModificar.add(payload.sku);
	}
}
if(!payload.sku.isEmpty() && payload.type == 'variable' && flowVars .incluirIDs)
{
	flowVars.articulosAModificar.add(payload.sku+"|"+payload.id+"|"+"##");
}
if(flowVars .processParaCache)
{
	flowVars.articulosSeleccionadosParaCache = new java.util.HashMap();
	flowVars.articulosSeleccionadosParaCache.put(payload.sku,new Long(payload.id));
}]]></expression-component>
                    <set-variable variableName="baseSKU" value="#[payload.sku]" doc:name="Set Base SKU"/>
                    <set-variable variableName="idSKU" value="#[payload.id]" doc:name="Set ID SKU"/>
                    <set-variable variableName="Host" value="${Woo_API_Host}" doc:name="Variable"/>
                    <foreach collection="#[payload.variations]" doc:name="For Each">
                        <logger message="Recuperando ID #[payload] del SKU #[flowVars.baseSKU] (#[flowVars.idSKU])" level="INFO" category="com.acqua.utils.SystemLayer" doc:name="Logger"/>
                        <http:request config-ref="HTTP_Request_Configuration_Woo" path="/products/#[flowVars.idSKU]/variations/#[payload]" method="GET" doc:name="HTTP - Get Varianza">
                            <http:request-builder>
                                <http:query-param paramName="consumer_key" value="${Woo_API_Key}"/>
                                <http:query-param paramName="consumer_secret" value="${Woo_API_Password}"/>
                                <http:header headerName="Host" value="#[flowVars.Host]"/>
                            </http:request-builder>
                            <http:success-status-code-validator values="200..500"/>
                        </http:request>
                        <validation:custom-validator config-ref="Validation_Configuration" message="Woo No se pudo recuperar variacion en base al codigo Dragon" class="com.acqua.common.sl.validator.SLExternalRestfulValidator" doc:name="Validation HTTP Response"/>
                        <json:json-to-object-transformer returnClass="java.util.HashMap" doc:name="JSON to Object"/>
                        <expression-component doc:name="Expression"><![CDATA[if(!payload.sku.isEmpty())
{
	if(flowVars .incluirIDs)
	{
		flowVars.articulosAModificar.add(payload.sku+"|"+payload.id);
		if(flowVars .processParaCache)
	    {
			flowVars.articulosSeleccionadosParaCache.put(payload.sku,new Long(payload.id));
        }
	} else
	{
		flowVars.articulosAModificar.add(payload.sku);
	}
}]]></expression-component>
                    </foreach>
                    <expression-component doc:name="Expression"><![CDATA[if(flowVars .processParaCache)
{
   flowVars.articulosParaCache.put(flowVars.baseSKU,flowVars.articulosSeleccionadosParaCache);
}]]></expression-component>
                </when>
                <otherwise>
                    <logger message="No incluye Varianzas" level="INFO" category="com.acqua.utils.SystemLayer" doc:name="Logger"/>
                    <expression-component doc:name="Expression"><![CDATA[if(!payload.sku.isEmpty())
{
	if(flowVars .incluirIDs)
	{
		flowVars.articulosAModificar.add(payload.sku+"|"+payload.id);
	} else
	{
		flowVars.articulosAModificar.add(payload.sku);
	}
}]]></expression-component>
                </otherwise>
            </choice>

        </foreach>
    
        <choice doc:name="Choice - Hay mas Paginas Pendientes?">
            <when expression="#[!payload.isEmpty()]">
                <expression-component doc:name="Expression"><![CDATA[flowVars.page=flowVars.page+1;]]></expression-component>
                <flow-ref name="woo-get-articulos-dragon-publicados-while-flow" doc:name="woo-get-articulos-dragon-publicados-while-flow"/>
            </when>
            <otherwise>
                <logger message="No hay mas paginas pendientes" level="INFO" category="com.acqua.utils.SystemLayer" doc:name="Logger"/>
            </otherwise>
        </choice>
        
    </flow>
    
    <flow name="woo-producto_get_equivalencia_flow" processingStrategy="synchronous">
 
		<logger
			message="SYSTEM LAYER -Obtener Equivalencia #[payload.dragonID]"
			level="INFO" category=".acqua.utils.ConsolaSystemShopify"
			doc:name="Logger CONSOLA" />
	
		<http:request config-ref="HTTP_SystemLayer_API"
			path="/dragon/equivalencia/#[payload.dragonID]" method="GET"
			doc:name="HTTP - Get SKU to avoid">

		</http:request>
    
        <json:json-to-object-transformer returnClass="java.util.HashMap" doc:name="JSON to Object"/>

		<set-payload value="#[payload.resultados[0].observacion]" encoding="ISO-8859-1"
			mimeType="application/java" doc:name="Set Payload" />
	
		<logger message="SYSTEM LAYER - SKU #[payload]"
			level="INFO" category="com.acqua.utils.ConsolaSystemDragon" doc:name="Logger CONSOLA" />
	
		<choice-exception-strategy doc:name="Choice Exception Strategy">

			<catch-exception-strategy
				
				doc:name="Catch Exception Strategy" enableNotifications="false"
				logException="false">

				<logger message="SYSTEM LAYER - Image #[flowVars.imageName] doesn't exists"
					level="INFO" doc:name="Logger CONSOLA" category="com.acqua.utils.ConsolaSystemDragon" />

				<set-payload value="#[&quot;&quot;]" doc:name="Set Payload"
					encoding="ISO-8859-1" mimeType="application/java" />


			</catch-exception-strategy>

		</choice-exception-strategy>

	</flow>
    
    <flow name="woo-producto_get_id_flow" processingStrategy="synchronous">
      
        <expression-component doc:name="Expression"><![CDATA[flowVars .parameterCodigo=message.inboundProperties.'http.uri.params'.sku;]]></expression-component>
   
        <flow-ref name="woo-producto-get-id-process-flow" doc:name="woo-producto-get-id-process-flow"/>
 
        <set-payload value="#[flowVars .returnValue]" doc:name="Set Payload"/>
 
        <json:object-to-json-transformer doc:name="Object to JSON"/>

    </flow>
    <flow name="woo-producto-get-id-process-flow" processingStrategy="synchronous">
        <expression-component doc:name="Set Control Vars"><![CDATA[flowVars.flowName=flow.name;
flowVars.metricCategory=message.inboundProperties.'http.request.path';
flowVars.apiName=message.inboundProperties.'http.request.uri';
flowVars.errorCode="";
flowVars.sku=new com.acqua.utils.Sku(flowVars.parameterCodigo,"${Woo_Paleta_Colores_Separador}","${Woo_SKU_Separador}");
flowVars.cacheIDs=${Woo_Cachear_Relacion_SKU_ID};
flowVars.existCache=false;]]></expression-component>
        <choice doc:name="Choice">
            <when expression="#[flowVars.cacheIDs]">
                <logger message="Verificiar si existe Cache" level="INFO" doc:name="Logger"/>

                <component doc:name="Get IDs">
   					 <spring-object bean="WooSKUtable" />
				</component>
            </when>
            <otherwise>
                <flow-ref name="woo-producto-get-id-main-process-flow" doc:name="woo-producto-get-id-main-process-flow"/>
            </otherwise>
        </choice>
    </flow>
    
    <flow name="woo-producto-get-id-main-process-flow" processingStrategy="synchronous">

	
        <logger message="Recuperando Woo ID de Dragon Code:  #[flowVars.sku]" level="INFO" category="com.acqua.utils.SystemLayer" doc:name="Logger"/>
        <expression-component doc:name="Expression"><![CDATA[flowVars.returnValue=new java.util.HashMap();]]></expression-component>
        <set-variable variableName="Host" value="${Woo_API_Host}" doc:name="Variable"/>
        <http:request config-ref="HTTP_Request_Configuration_Woo" path="/products" method="GET"  doc:name="HTTP - Validate Woo ID">
            <http:request-builder>
                <http:query-param paramName="consumer_key" value="${Woo_API_Key}"/>
                <http:query-param paramName="consumer_secret" value="${Woo_API_Password}"/>
                <http:header headerName="Host" value="#[flowVars.Host]"/>
                <http:query-param paramName="sku" value="#[flowVars.sku.getCodigo()]"/>


            </http:request-builder>
            <http:success-status-code-validator values="200..500"/>
        </http:request>
        
        <validation:custom-validator config-ref="Validation_Configuration" message="Woo No se pudo recuperar el articulo en base al codigo Dragon" class="com.acqua.common.sl.validator.SLExternalRestfulValidator" doc:name="Validation HTTP Response"/>
  
        <json:json-to-object-transformer returnClass="java.util.ArrayList" doc:name="JSON to Object"/>

        
        <choice doc:name="Choice">
            <when expression="#[payload.size() &gt; 0]">
                <expression-component doc:name="Expression Set Main ID"><![CDATA[flowVars .returnValue.put(flowVars.sku.getCodigo(),new Long(payload[0].id));
flowVars.idProducto=payload[0].id;]]></expression-component>
                <set-variable variableName="Host" value="${Woo_API_Host}" doc:name="Variable"/>
                <foreach collection="#[payload[0].variations]" doc:name="For Each - variants">
                
                	<http:request config-ref="HTTP_Request_Configuration_Woo" path="/products/#[flowVars.idProducto]/variations/#[payload]" method="GET"  doc:name="HTTP - Validate Woo ID">
            <http:request-builder>
                            <http:query-param paramName="consumer_key" value="${Woo_API_Key}"/>
                            <http:query-param paramName="consumer_secret" value="${Woo_API_Password}"/>
                            <http:header headerName="Host" value="#[flowVars.Host]"/> 
            </http:request-builder>
            <http:success-status-code-validator values="200..500"/>
        </http:request>
        			<validation:custom-validator config-ref="Validation_Configuration" message="Woo No se pudo recuperar variacion en base al codigo Dragon" class="com.acqua.common.sl.validator.SLExternalRestfulValidator" doc:name="Validation HTTP Response"/>
  
        			<json:json-to-object-transformer returnClass="java.util.HashMap" doc:name="JSON to Object"/>
                    <expression-component doc:name="Expression"><![CDATA[flowVars .returnValue.put(payload.sku,new Long(payload.id));]]></expression-component>
                </foreach>

            </when>
            <otherwise>
                <expression-component doc:name="Expression"><![CDATA[flowVars .returnValue.put(flowVars.sku.getCodigo(),0);]]></expression-component>

            </otherwise>
        </choice>
        
        <exception-strategy ref="System_Layer_Generic_Exception_Strategy"
			doc:name="Reference Exception Strategy" />
    </flow>
    
</mule>
