<?xml version="1.0" encoding="UTF-8"?>

<mule xmlns:dragonfish="http://www.mulesoft.org/schema/mule/dragonfish"
	xmlns:tracking="http://www.mulesoft.org/schema/mule/ee/tracking"
	xmlns:validation="http://www.mulesoft.org/schema/mule/validation"
	xmlns:http="http://www.mulesoft.org/schema/mule/http" xmlns:json="http://www.mulesoft.org/schema/mule/json"
	xmlns="http://www.mulesoft.org/schema/mule/core" xmlns:doc="http://www.mulesoft.org/schema/mule/documentation"
	xmlns:spring="http://www.springframework.org/schema/beans" xmlns:xsi="http://www.w3.org/2001/XMLSchema-instance"
	xsi:schemaLocation="http://www.mulesoft.org/schema/mule/dragonfish http://www.mulesoft.org/schema/mule/dragonfish/current/mule-dragonfish.xsd
http://www.mulesoft.org/schema/mule/validation http://www.mulesoft.org/schema/mule/validation/current/mule-validation.xsd
http://www.mulesoft.org/schema/mule/http http://www.mulesoft.org/schema/mule/http/current/mule-http.xsd
http://www.mulesoft.org/schema/mule/json http://www.mulesoft.org/schema/mule/json/current/mule-json.xsd
http://www.springframework.org/schema/beans http://www.springframework.org/schema/beans/spring-beans-current.xsd
http://www.mulesoft.org/schema/mule/core http://www.mulesoft.org/schema/mule/core/current/mule.xsd
http://www.mulesoft.org/schema/mule/ee/tracking http://www.mulesoft.org/schema/mule/ee/tracking/current/mule-tracking-ee.xsd">



	<flow name="woo-script1-flow" processingStrategy="synchronous">

		<logger
			message="SYSTEM LAYER - REQUEST: Leyendo Productos DragoFish Publicados"
			level="INFO" category="com.acqua.utils.SystemLayer" doc:name="Logger" />

		<expression-component doc:name="Set Control Flow"><![CDATA[flowVars.flowName=flow.name;
flowVars.metricCategory=message.inboundProperties.'http.request.path';
flowVars.apiName=message.inboundProperties.'http.request.uri';
flowVars.errorCode="";
flowVars .incluirVarianzas=false;]]></expression-component>

		<expression-component doc:name="Set Control Vars"><![CDATA[flowVars.page=1;
flowVars.articulosAProcesar = new java.util.HashSet();]]></expression-component>

		<flow-ref name="woo-script1-process-flow" doc:name="woo-script1-process-flow" />

		<set-payload value="#[flowVars.articulosAProcesar]"
			doc:name="Set Payload" />

		<json:object-to-json-transformer
			doc:name="Object to JSON" />

	</flow>

	<flow name="woo-script1-process-flow" processingStrategy="synchronous">

		<set-variable variableName="Host" value="${Woo_API_Host}"
			doc:name="Variable" />
		<http:request config-ref="HTTP_Request_Configuration_Woo"
			path="/products?per_page=50&amp;page=#[flowVars.page]" method="GET"
			doc:name="HTTP - Get Products From Woo">
			<http:request-builder>
				<http:query-param paramName="consumer_key" value="${Woo_API_Key}" />
				<http:query-param paramName="consumer_secret"
					value="${Woo_API_Password}" />
				<http:header headerName="Host" value="#[flowVars.Host]" />
			</http:request-builder>
		</http:request>
		<json:json-to-object-transformer
			returnClass="java.util.ArrayList" doc:name="JSON to Object" />

		<foreach collection="#[payload]" doc:name="For Each - Product">
			<logger message="Producto Dragon #[payload.sku]" level="INFO"
				category="com.acqua.utils.SystemLayer" doc:name="Logger" />
			<choice doc:name="Choice">
				<when expression="#[flowVars .incluirVarianzas]">
					<expression-component doc:name="Expression"><![CDATA[if(!payload.sku.isEmpty() && payload.type == 'simple')
{
	flowVars.articulosAProcesar.add(payload.sku);
}]]></expression-component>
					<set-variable variableName="idSKU" value="#[payload.sku]"
						doc:name="Variable" />
					<set-variable variableName="Host" value="${Woo_API_Host}"
						doc:name="Variable" />
					<foreach collection="#[payload.variations]" doc:name="For Each">
						<http:request config-ref="HTTP_Request_Configuration_Woo"
							path="/products/#[flowVars.idSKU]/variations/#[payload]" method="GET"
							doc:name="HTTP - Get Varianza">
							<http:request-builder>
								<http:query-param paramName="consumer_key"
									value="${Woo_API_Key}" />
								<http:query-param paramName="consumer_secret"
									value="${Woo_API_Password}" />
								<http:header headerName="Host" value="#[flowVars.Host]" />
							</http:request-builder>
							<http:success-status-code-validator
								values="200..500" />
						</http:request>
						<validation:custom-validator
							config-ref="Validation_Configuration"
							message="Woo No se pudo recuperar variacion en base al codigo Dragon"
							class="com.acqua.common.sl.validator.SLExternalRestfulValidator"
							doc:name="Validation HTTP Response" />
						<json:json-to-object-transformer
							returnClass="java.util.HashMap" doc:name="JSON to Object" />
						<expression-component doc:name="Expression"><![CDATA[if(!payload.sku.isEmpty())
{
	flowVars.articulosAProcesar.add(payload.sku);
}]]></expression-component>
					</foreach>
				</when>
				<otherwise>
					<logger message="No incluye Varianzas" level="INFO"
						category="com.acqua.utils.SystemLayer" doc:name="Logger" />
					<expression-component doc:name="Expression"><![CDATA[if(!payload.sku.isEmpty())
{
	flowVars.articulosAProcesar.add(payload.sku);
}]]></expression-component>
					<enricher target="#[flowVars.newValue]" doc:name="Message Enricher">
						<flow-ref name="woo-script1-dragon-upd-flow" doc:name="woo-script1-dragon-upd-flow" />
					</enricher>
				</otherwise>
			</choice>

		</foreach>

		<choice doc:name="Choice - Hay mas Paginas Pendientes?">
			<when expression="#[!payload.isEmpty()]">
				<expression-component doc:name="Expression"><![CDATA[flowVars.page=flowVars.page+1;]]></expression-component>
				<flow-ref name="woo-script1-process-flow" doc:name="woo-script1-process-flow" />
			</when>
			<otherwise>
				<logger message="No hay mas paginas pendientes" level="INFO"
					category="com.acqua.utils.SystemLayer" doc:name="Logger" />
			</otherwise>
		</choice>

	</flow>

	<flow name="woo-script1-dragon-upd-flow" processingStrategy="synchronous">

		<expression-component doc:name="Expression"><![CDATA[flowVars.sku = new com.acqua.utils.Sku(payload.sku,"${Paleta_Colores_Separador}","${SKU_Separador}");]]></expression-component>
		<logger message="SYSTEM LAYER - Procesando SKU de WOO: #[payload.sku] "
			level="INFO" category="com.acqua.utils.ConsolaSystemDragon" doc:name="Logger" />
		<choice doc:name="Choice">
			<when expression="#[flowVars.sku.getCodigoDragon() == payload.sku]">
				<logger
					message="SYSTEM LAYER - Actualizando Descripcion Adiciona con:  #[payload.name]"
					level="INFO" category="com.acqua.utils.ConsolaSystemDragon"
					doc:name="Logger" />
				<expression-component doc:name="Expression"><![CDATA[flowVars.tmpRoot = new java.util.HashMap();
flowVars.tmpRoot .put("id", payload.sku);
flowVars.tmpA = new java.util.HashMap();
flowVars.tmpA .put("descripcionAdicional", payload.name);
flowVars.tmpRoot .put("request", flowVars.tmpA);
flowVars.request = flowVars.tmpRoot;
]]></expression-component>
				<dragonfish:servicio config-ref="Dragonfish__Configuration"
					entityType="ArticuloById_articuloByIdPut" doc:name="Dragonfish">
					<dragonfish:entity-data ref="#[flowVars.request]" />
				</dragonfish:servicio>
				<logger message="SYSTEM LAYER - Articulo Actualizado." level="INFO"
					category="com.acqua.utils.ConsolaSystemDragon" doc:name="Logger CONSOLE" />
			</when>
			<otherwise>
				<logger
					message="SYSTEM LAYER - Articulo no es un SKU de Dragon: #[payload.sku] "
					level="INFO" category="com.acqua.utils.ConsolaSystemDragon"
					doc:name="Logger" />
			</otherwise>
		</choice>

		<choice-exception-strategy doc:name="Choice Exception Strategy">
			<catch-exception-strategy

				enableNotifications="false" logException="false" doc:name="Catch Exception Strategy">
				<logger
					message="SYSTEM LAYER - Articulo no Actualizado: #[payload.name] #[payload.sku]"
					level="INFO" category="com.acqua.utils.ConsolaSystemDragon"
					doc:name="Logger CONSOLE" />
			</catch-exception-strategy>
		</choice-exception-strategy>

	</flow>
    
</mule>
