{
	"errors": {
		"flowName": "dragon-consulta-articulo-flow",
		"errorCode": "",
		"category": "Consulta De Articulo",
		"httpStatus": 404,
		"sendMail": false,
		"errorMessage": "INTERNAL: El dato buscado AAAAA de la entidad ARTÍCULOS no existe.",
		"slResponseError": {
			"errors": {
				"flowName": "dragon-get-articulo-detail-flow",
				"errorCode": "",
				"category": "/api/dragon/producto/AAAAA",
				"httpStatus": 404,
				"errorMessage": "INTERNAL: El dato buscado AAAAA de la entidad ARTÍCULOS no existe.",
				"externalErrorCode": {
					"apiName": "ArticuloById.articuloByIdGet",
					"result": "",
					"result_namespace": "",
					"errorMessage": "INTERNAL: El dato buscado AAAAA de la entidad ARTÍCULOS no existe.",
					"httpStatus": 404,
					"request": "{\"Authorization\":\"eyJ0eXAiOiJKV1QiLCJhbGciOiJIUzI1NiJ9.eyJwYXNzd29yZCI6ImFjZjMyYmJlMmViZDFmOGVkZThjOWVlMTQzY2Q1YWMzMTM0NTg2NzRhMzZkMzk1ODA0OTAxZjU5ZWI3NTVkMDIiLCJ1c3VhcmlvIjoiQURNSU4iLCJleHAiOiIxNjI1NzUyOTA2In0.vlmBw3LLUfOecL37S2HfT5M0LXQEwb5XeT-Lbwnfhwc\",\"IdCliente\":\"DEPYSUC\",\"BaseDeDatos\":\"\",\"Accept\":\"application/json\",\"User-Agent\":\"Swagger-Codegen/1.0.0/java\",\"Method\":\"GET\",\"URI\":\"http://192.168.99.1:8008/api.Dragonfish/Articulo/AAAAA/\"}",
					"response": "{\"Access-Control-Expose-Headers\":\"InformacionAdicional\",\"Reason Code\":\"El dato buscado AAAAA de la entidad ARTÍCULOS no existe.\",\"Http Status\":404,\"Server\":\"Microsoft-HTTPAPI/2.0\",\"Access-Control-Allow-Origin\":\"\",\"Access-Control-Allow-Methods\":\"OPTIONS,GET,POST,DELETE,PUT\",\"Content-Length\":\"0\",\"Date\":\"Sat, 03 Jul 2021 15:14:31 GMT\",\"Access-Control-Allow-Headers\":\"content-type,Authorization,IdCliente\"}",
					"layer": "ENTERNAL SERVICE"
				}
			}
		}
	}
}