{
    "image-woo": [
        "00100101_00",
        "00100101_01"
    ],
    "basesAdicionales": {
        "01-DEPOSITO": {
            "totalRegistros": 5,
            "resultados": [
                {
                    "lista": "LISTA0",
                    "color": "116 2X",
                    "ordenPorTalle": "00100101        0 0",
                    "talle": "1",
                    "precios": [
                        {
                            "lista": "Compra",
                            "precio": 299.0
                        },
                        {
                            "lista": "PUBLICO",
                            "precio": 600.0
                        },
                        {
                            "lista": "MAYOR",
                            "precio": 500.0
                        },
                        {
                            "lista": "FRANQUICIAS",
                            "precio": 200.0
                        },
                        {
                            "lista": "DESCUENTO",
                            "precio": 0.0
                        },
                        {
                            "lista": "PROMOCION",
                            "precio": 400.0
                        }
                    ],
                    "comprometidoOrdenesECommerce": 0,
                    "precio": 299.0,
                    "talleDescripcion": "TALLE 1",
                    "colorDescripcion": "Amarillo",
                    "comprometido": 0.0,
                    "articuloDescripcionAdicional": "Demo Adicional",
                    "pendienteEntrega": 0.0,
                    "articulo": "00100101",
                    "ordenPorColor": "00100101        0 0",
                    "articuloDescripcion": "Remera Hombre Nueva",
                    "stock": 40.0,
                    "sku": "00100101_116 2X_1",
                    "disponible": 40.0
                },
                {
                    "lista": "LISTA0",
                    "articuloColorImages-woo": "",
                    "articuloColorImages-shopify": "",
                    "color": "116 2X",
                    "ordenPorTalle": "00100101        0 0",
                    "talle": "2",
                    "precios": [
                        {
                            "lista": "Compra",
                            "precio": 0.0
                        },
                        {
                            "lista": "PUBLICO",
                            "precio": 600.0
                        },
                        {
                            "lista": "MAYOR",
                            "precio": 500.0
                        },
                        {
                            "lista": "FRANQUICIAS",
                            "precio": 200.0
                        },
                        {
                            "lista": "DESCUENTO",
                            "precio": 0.0
                        },
                        {
                            "lista": "PROMOCION",
                            "precio": 400.0
                        }
                    ],
                    "comprometidoOrdenesECommerce": 0,
                    "precio": 0.0,
                    "talleDescripcion": "TALLE 2",
                    "colorDescripcion": "Amarillo",
                    "comprometido": 0.0,
                    "articuloDescripcionAdicional": "Demo Adicional",
                    "pendienteEntrega": 0.0,
                    "articuloColor": "00100101_116-2X",
                    "articulo": "00100101",
                    "ordenPorColor": "00100101        0 0",
                    "articuloDescripcion": "Remera Hombre Nueva",
                    "stock": 0.0,
                    "sku": "00100101_116 2X_2",
                    "disponible": 0.0
                },
                {
                    "lista": "LISTA0",
                    "color": "12",
                    "ordenPorTalle": "00100101        0 0",
                    "talle": "1",
                    "precios": [
                        {
                            "lista": "Compra",
                            "precio": 0.0
                        },
                        {
                            "lista": "PUBLICO",
                            "precio": 600.0
                        },
                        {
                            "lista": "MAYOR",
                            "precio": 500.0
                        },
                        {
                            "lista": "FRANQUICIAS",
                            "precio": 200.0
                        },
                        {
                            "lista": "DESCUENTO",
                            "precio": 0.0
                        },
                        {
                            "lista": "PROMOCION",
                            "precio": 400.0
                        }
                    ],
                    "comprometidoOrdenesECommerce": 0,
                    "precio": 0.0,
                    "talleDescripcion": "TALLE 1",
                    "colorDescripcion": "Rojo salmón",
                    "comprometido": 0.0,
                    "articuloDescripcionAdicional": "Demo Adicional",
                    "pendienteEntrega": 0.0,
                    "articulo": "00100101",
                    "ordenPorColor": "00100101        0 0",
                    "articuloDescripcion": "Remera Hombre Nueva",
                    "stock": 0.0,
                    "sku": "00100101_12_1",
                    "disponible": 0.0
                },
                {
                    "lista": "LISTA0",
                    "color": "123",
                    "ordenPorTalle": "00100101        0 0",
                    "talle": "1",
                    "precios": [
                        {
                            "lista": "Compra",
                            "precio": 0.0
                        },
                        {
                            "lista": "PUBLICO",
                            "precio": 1111.0
                        },
                        {
                            "lista": "MAYOR",
                            "precio": 500.0
                        },
                        {
                            "lista": "FRANQUICIAS",
                            "precio": 200.0
                        },
                        {
                            "lista": "DESCUENTO",
                            "precio": 0.0
                        },
                        {
                            "lista": "PROMOCION",
                            "precio": 400.0
                        }
                    ],
                    "comprometidoOrdenesECommerce": 0,
                    "precio": 0.0,
                    "talleDescripcion": "TALLE 1",
                    "colorDescripcion": "Amarillo zinc",
                    "comprometido": 0.0,
                    "articuloDescripcionAdicional": "Demo Adicional",
                    "pendienteEntrega": 0.0,
                    "articulo": "00100101",
                    "ordenPorColor": "00100101        0 0",
                    "articuloDescripcion": "Remera Hombre Nueva",
                    "stock": 60.0,
                    "sku": "00100101_123_1",
                    "disponible": 60.0
                }
            ]
        },
        "00-DEMO": {
            "resultados": [
                {
                    "lista": "LISTA0",
                    "color": "116 2X",
                    "ordenPorTalle": "00100101        0 0",
                    "talle": "1",
                    "precios": [
                        {
                            "lista": "Compra",
                            "precio": 50.0
                        },
                        {
                            "lista": "PUBLICO",
                            "precio": 515.32
                        },
                        {
                            "lista": "MAYOR",
                            "precio": 181.5
                        },
                        {
                            "lista": "FRANQUICIAS",
                            "precio": 48.0
                        },
                        {
                            "lista": "DESCUENTO",
                            "precio": 400.0
                        },
                        {
                            "lista": "PROMOCION",
                            "precio": 120.0
                        }
                    ],
                    "comprometidoOrdenesECommerce": 0,
                    "precio": 50.0,
                    "talleDescripcion": "TALLE 1",
                    "colorDescripcion": "Amarillo",
                    "comprometido": 0.0,
                    "articuloDescripcionAdicional": "Botas New  de Sofi Martire. Capellada de cuero, combinada con gamuza. Cuenta con cierre interno para fácil acceso. El interior se encuentra forrado en simil cuero. La suela es de material rígido.<br>TEMPORADA INVIERNO 2020.",
                    "pendienteEntrega": 0.0,
                    "articulo": "00100101",
                    "ordenPorColor": "00100101        0 0",
                    "articuloDescripcion": "REMERA HOMBRE",
                    "stock": 9.0,
                    "sku": "00100101_116 2X_1",
                    "disponible": 9.0
                },
                {
                    "lista": "LISTA0",
                    "color": "116 2X",
                    "ordenPorTalle": "00100101        0 0",
                    "talle": "10",
                    "precios": [
                        {
                            "lista": "Compra",
                            "precio": 50.0
                        },
                        {
                            "lista": "PUBLICO",
                            "precio": 515.32
                        },
                        {
                            "lista": "MAYOR",
                            "precio": 181.5
                        },
                        {
                            "lista": "FRANQUICIAS",
                            "precio": 48.0
                        },
                        {
                            "lista": "DESCUENTO",
                            "precio": 400.0
                        },
                        {
                            "lista": "PROMOCION",
                            "precio": 120.0
                        }
                    ],
                    "comprometidoOrdenesECommerce": 0,
                    "precio": 50.0,
                    "talleDescripcion": "TALLE 10",
                    "colorDescripcion": "Amarillo",
                    "comprometido": 0.0,
                    "articuloDescripcionAdicional": "Botas New  de Sofi Martire. Capellada de cuero, combinada con gamuza. Cuenta con cierre interno para fácil acceso. El interior se encuentra forrado en simil cuero. La suela es de material rígido.<br>TEMPORADA INVIERNO 2020.",
                    "pendienteEntrega": 0.0,
                    "articulo": "00100101",
                    "ordenPorColor": "00100101        0 0",
                    "articuloDescripcion": "REMERA HOMBRE",
                    "stock": 8.0,
                    "sku": "00100101_116 2X_10",
                    "disponible": 8.0
                },
                {
                    "lista": "LISTA0",
                    "color": "116 2X",
                    "ordenPorTalle": "00100101        0 0",
                    "talle": "22",
                    "precios": [
                        {
                            "lista": "Compra",
                            "precio": 50.0
                        },
                        {
                            "lista": "PUBLICO",
                            "precio": 515.32
                        },
                        {
                            "lista": "MAYOR",
                            "precio": 181.5
                        },
                        {
                            "lista": "FRANQUICIAS",
                            "precio": 48.0
                        },
                        {
                            "lista": "DESCUENTO",
                            "precio": 400.0
                        },
                        {
                            "lista": "PROMOCION",
                            "precio": 120.0
                        }
                    ],
                    "comprometidoOrdenesECommerce": 0,
                    "precio": 50.0,
                    "talleDescripcion": "TALLE 22",
                    "colorDescripcion": "Amarillo",
                    "comprometido": 0.0,
                    "articuloDescripcionAdicional": "Botas New  de Sofi Martire. Capellada de cuero, combinada con gamuza. Cuenta con cierre interno para fácil acceso. El interior se encuentra forrado en simil cuero. La suela es de material rígido.<br>TEMPORADA INVIERNO 2020.",
                    "pendienteEntrega": 0.0,
                    "articulo": "00100101",
                    "ordenPorColor": "00100101        0 0",
                    "articuloDescripcion": "REMERA HOMBRE",
                    "stock": 8.0,
                    "sku": "00100101_116 2X_22",
                    "disponible": 8.0
                },
                {
                    "lista": "LISTA0",
                    "color": "116 2X",
                    "ordenPorTalle": "00100101        0 0",
                    "talle": "38",
                    "precios": [
                        {
                            "lista": "Compra",
                            "precio": 50.0
                        },
                        {
                            "lista": "PUBLICO",
                            "precio": 515.32
                        },
                        {
                            "lista": "MAYOR",
                            "precio": 181.5
                        },
                        {
                            "lista": "FRANQUICIAS",
                            "precio": 48.0
                        },
                        {
                            "lista": "DESCUENTO",
                            "precio": 400.0
                        },
                        {
                            "lista": "PROMOCION",
                            "precio": 120.0
                        }
                    ],
                    "comprometidoOrdenesECommerce": 0,
                    "precio": 50.0,
                    "talleDescripcion": "TALLE 38",
                    "colorDescripcion": "Amarillo",
                    "comprometido": 3.0,
                    "articuloDescripcionAdicional": "Botas New  de Sofi Martire. Capellada de cuero, combinada con gamuza. Cuenta con cierre interno para fácil acceso. El interior se encuentra forrado en simil cuero. La suela es de material rígido.<br>TEMPORADA INVIERNO 2020.",
                    "pendienteEntrega": 0.0,
                    "articulo": "00100101",
                    "ordenPorColor": "00100101        0 0",
                    "articuloDescripcion": "REMERA HOMBRE",
                    "stock": 62.0,
                    "sku": "00100101_116 2X_38",
                    "disponible": 59.0
                },
                {
                    "lista": "LISTA0",
                    "color": "116 2X",
                    "ordenPorTalle": "00100101        0 0",
                    "talle": "4",
                    "precios": [
                        {
                            "lista": "Compra",
                            "precio": 50.0
                        },
                        {
                            "lista": "PUBLICO",
                            "precio": 515.32
                        },
                        {
                            "lista": "MAYOR",
                            "precio": 181.5
                        },
                        {
                            "lista": "FRANQUICIAS",
                            "precio": 48.0
                        },
                        {
                            "lista": "DESCUENTO",
                            "precio": 400.0
                        },
                        {
                            "lista": "PROMOCION",
                            "precio": 120.0
                        }
                    ],
                    "comprometidoOrdenesECommerce": 0,
                    "precio": 50.0,
                    "talleDescripcion": "TALLE 4",
                    "colorDescripcion": "Amarillo",
                    "comprometido": 0.0,
                    "articuloDescripcionAdicional": "Botas New  de Sofi Martire. Capellada de cuero, combinada con gamuza. Cuenta con cierre interno para fácil acceso. El interior se encuentra forrado en simil cuero. La suela es de material rígido.<br>TEMPORADA INVIERNO 2020.",
                    "pendienteEntrega": 0.0,
                    "articulo": "00100101",
                    "ordenPorColor": "00100101        0 0",
                    "articuloDescripcion": "REMERA HOMBRE",
                    "stock": 3.0,
                    "sku": "00100101_116 2X_4",
                    "disponible": 3.0
                },
                {
                    "lista": "LISTA0",
                    "color": "116 2X",
                    "ordenPorTalle": "00100101        0 0",
                    "talle": "40",
                    "precios": [
                        {
                            "lista": "Compra",
                            "precio": 50.0
                        },
                        {
                            "lista": "PUBLICO",
                            "precio": 515.32
                        },
                        {
                            "lista": "MAYOR",
                            "precio": 181.5
                        },
                        {
                            "lista": "FRANQUICIAS",
                            "precio": 48.0
                        },
                        {
                            "lista": "DESCUENTO",
                            "precio": 400.0
                        },
                        {
                            "lista": "PROMOCION",
                            "precio": 120.0
                        }
                    ],
                    "comprometidoOrdenesECommerce": 0,
                    "precio": 50.0,
                    "talleDescripcion": "TALLE 40",
                    "colorDescripcion": "Amarillo",
                    "comprometido": 3.0,
                    "articuloDescripcionAdicional": "Botas New  de Sofi Martire. Capellada de cuero, combinada con gamuza. Cuenta con cierre interno para fácil acceso. El interior se encuentra forrado en simil cuero. La suela es de material rígido.<br>TEMPORADA INVIERNO 2020.",
                    "pendienteEntrega": 0.0,
                    "articulo": "00100101",
                    "ordenPorColor": "00100101        0 0",
                    "articuloDescripcion": "REMERA HOMBRE",
                    "stock": 226022.0,
                    "sku": "00100101_116 2X_40",
                    "disponible": 226019.0
                },
                {
                    "lista": "LISTA0",
                    "color": "12",
                    "ordenPorTalle": "00100101        0 0",
                    "talle": "1",
                    "precios": [
                        {
                            "lista": "Compra",
                            "precio": 50.0
                        },
                        {
                            "lista": "PUBLICO",
                            "precio": 9000.0
                        },
                        {
                            "lista": "MAYOR",
                            "precio": 181.5
                        },
                        {
                            "lista": "FRANQUICIAS",
                            "precio": 48.0
                        },
                        {
                            "lista": "DESCUENTO",
                            "precio": 400.0
                        },
                        {
                            "lista": "PROMOCION",
                            "precio": 120.0
                        }
                    ],
                    "comprometidoOrdenesECommerce": 0,
                    "precio": 50.0,
                    "talleDescripcion": "TALLE 1",
                    "colorDescripcion": "Rojo salmón",
                    "comprometido": 0.0,
                    "articuloDescripcionAdicional": "Botas New  de Sofi Martire. Capellada de cuero, combinada con gamuza. Cuenta con cierre interno para fácil acceso. El interior se encuentra forrado en simil cuero. La suela es de material rígido.<br>TEMPORADA INVIERNO 2020.",
                    "pendienteEntrega": 0.0,
                    "articulo": "00100101",
                    "ordenPorColor": "00100101        0 0",
                    "articuloDescripcion": "REMERA HOMBRE",
                    "stock": 0.0,
                    "sku": "00100101_12_1",
                    "disponible": 0.0
                },
                {
                    "lista": "LISTA0",
                    "color": "12",
                    "ordenPorTalle": "00100101        0 0",
                    "talle": "38",
                    "precios": [
                        {
                            "lista": "Compra",
                            "precio": 50.0
                        },
                        {
                            "lista": "PUBLICO",
                            "precio": 515.32
                        },
                        {
                            "lista": "MAYOR",
                            "precio": 181.5
                        },
                        {
                            "lista": "FRANQUICIAS",
                            "precio": 48.0
                        },
                        {
                            "lista": "DESCUENTO",
                            "precio": 400.0
                        },
                        {
                            "lista": "PROMOCION",
                            "precio": 120.0
                        }
                    ],
                    "comprometidoOrdenesECommerce": 0,
                    "precio": 50.0,
                    "talleDescripcion": "TALLE 38",
                    "colorDescripcion": "Rojo salmón",
                    "comprometido": 0.0,
                    "articuloDescripcionAdicional": "Botas New  de Sofi Martire. Capellada de cuero, combinada con gamuza. Cuenta con cierre interno para fácil acceso. El interior se encuentra forrado en simil cuero. La suela es de material rígido.<br>TEMPORADA INVIERNO 2020.",
                    "pendienteEntrega": 0.0,
                    "articulo": "00100101",
                    "ordenPorColor": "00100101        0 0",
                    "articuloDescripcion": "REMERA HOMBRE",
                    "stock": 21058.0,
                    "sku": "00100101_12_38",
                    "disponible": 21058.0
                },
                {
                    "lista": "LISTA0",
                    "color": "12",
                    "ordenPorTalle": "00100101        0 0",
                    "talle": "40",
                    "precios": [
                        {
                            "lista": "Compra",
                            "precio": 50.0
                        },
                        {
                            "lista": "PUBLICO",
                            "precio": 515.32
                        },
                        {
                            "lista": "MAYOR",
                            "precio": 181.5
                        },
                        {
                            "lista": "FRANQUICIAS",
                            "precio": 48.0
                        },
                        {
                            "lista": "DESCUENTO",
                            "precio": 400.0
                        },
                        {
                            "lista": "PROMOCION",
                            "precio": 120.0
                        }
                    ],
                    "comprometidoOrdenesECommerce": 0,
                    "precio": 50.0,
                    "talleDescripcion": "TALLE 40",
                    "colorDescripcion": "Rojo salmón",
                    "comprometido": 0.0,
                    "articuloDescripcionAdicional": "Botas New  de Sofi Martire. Capellada de cuero, combinada con gamuza. Cuenta con cierre interno para fácil acceso. El interior se encuentra forrado en simil cuero. La suela es de material rígido.<br>TEMPORADA INVIERNO 2020.",
                    "pendienteEntrega": 0.0,
                    "articulo": "00100101",
                    "ordenPorColor": "00100101        0 0",
                    "articuloDescripcion": "REMERA HOMBRE",
                    "stock": 1050.0,
                    "sku": "00100101_12_40",
                    "disponible": 1050.0
                },
                {
                    "lista": "LISTA0",
                    "color": "12",
                    "ordenPorTalle": "00100101        0 0",
                    "talle": "U",
                    "precios": [
                        {
                            "lista": "Compra",
                            "precio": 50.0
                        },
                        {
                            "lista": "PUBLICO",
                            "precio": 515.32
                        },
                        {
                            "lista": "MAYOR",
                            "precio": 181.5
                        },
                        {
                            "lista": "FRANQUICIAS",
                            "precio": 48.0
                        },
                        {
                            "lista": "DESCUENTO",
                            "precio": 400.0
                        },
                        {
                            "lista": "PROMOCION",
                            "precio": 120.0
                        }
                    ],
                    "comprometidoOrdenesECommerce": 0,
                    "precio": 50.0,
                    "talleDescripcion": "Unico",
                    "colorDescripcion": "Rojo salmón",
                    "comprometido": 0.0,
                    "articuloDescripcionAdicional": "Botas New  de Sofi Martire. Capellada de cuero, combinada con gamuza. Cuenta con cierre interno para fácil acceso. El interior se encuentra forrado en simil cuero. La suela es de material rígido.<br>TEMPORADA INVIERNO 2020.",
                    "pendienteEntrega": 0.0,
                    "articulo": "00100101",
                    "ordenPorColor": "00100101        0 0",
                    "articuloDescripcion": "REMERA HOMBRE",
                    "stock": 700.0,
                    "sku": "00100101_12_U",
                    "disponible": 700.0
                },
                {
                    "lista": "LISTA0",
                    "color": "123",
                    "ordenPorTalle": "00100101        0 0",
                    "talle": "1",
                    "precios": [
                        {
                            "lista": "Compra",
                            "precio": 50.0
                        },
                        {
                            "lista": "PUBLICO",
                            "precio": 515.32
                        },
                        {
                            "lista": "MAYOR",
                            "precio": 181.5
                        },
                        {
                            "lista": "FRANQUICIAS",
                            "precio": 48.0
                        },
                        {
                            "lista": "DESCUENTO",
                            "precio": 400.0
                        },
                        {
                            "lista": "PROMOCION",
                            "precio": 120.0
                        }
                    ],
                    "comprometidoOrdenesECommerce": 0,
                    "precio": 50.0,
                    "talleDescripcion": "TALLE 1",
                    "colorDescripcion": "Amarillo zinc",
                    "comprometido": 0.0,
                    "articuloDescripcionAdicional": "Botas New  de Sofi Martire. Capellada de cuero, combinada con gamuza. Cuenta con cierre interno para fácil acceso. El interior se encuentra forrado en simil cuero. La suela es de material rígido.<br>TEMPORADA INVIERNO 2020.",
                    "pendienteEntrega": 0.0,
                    "articulo": "00100101",
                    "ordenPorColor": "00100101        0 0",
                    "articuloDescripcion": "REMERA HOMBRE",
                    "stock": 5.0,
                    "sku": "00100101_123_1",
                    "disponible": 5.0
                },
                {
                    "lista": "LISTA0",
                    "color": "123",
                    "ordenPorTalle": "00100101        0 0",
                    "talle": "10",
                    "precios": [
                        {
                            "lista": "Compra",
                            "precio": 50.0
                        },
                        {
                            "lista": "PUBLICO",
                            "precio": 515.32
                        },
                        {
                            "lista": "MAYOR",
                            "precio": 181.5
                        },
                        {
                            "lista": "FRANQUICIAS",
                            "precio": 48.0
                        },
                        {
                            "lista": "DESCUENTO",
                            "precio": 400.0
                        },
                        {
                            "lista": "PROMOCION",
                            "precio": 120.0
                        }
                    ],
                    "comprometidoOrdenesECommerce": 0,
                    "precio": 50.0,
                    "talleDescripcion": "TALLE 10",
                    "colorDescripcion": "Amarillo zinc",
                    "comprometido": 0.0,
                    "articuloDescripcionAdicional": "Botas New  de Sofi Martire. Capellada de cuero, combinada con gamuza. Cuenta con cierre interno para fácil acceso. El interior se encuentra forrado en simil cuero. La suela es de material rígido.<br>TEMPORADA INVIERNO 2020.",
                    "pendienteEntrega": 0.0,
                    "articulo": "00100101",
                    "ordenPorColor": "00100101        0 0",
                    "articuloDescripcion": "REMERA HOMBRE",
                    "stock": 22222.0,
                    "sku": "00100101_123_10",
                    "disponible": 22222.0
                },
                {
                    "lista": "LISTA0",
                    "color": "123",
                    "ordenPorTalle": "00100101        0 0",
                    "talle": "11",
                    "precios": [
                        {
                            "lista": "Compra",
                            "precio": 50.0
                        },
                        {
                            "lista": "PUBLICO",
                            "precio": 515.32
                        },
                        {
                            "lista": "MAYOR",
                            "precio": 181.5
                        },
                        {
                            "lista": "FRANQUICIAS",
                            "precio": 48.0
                        },
                        {
                            "lista": "DESCUENTO",
                            "precio": 400.0
                        },
                        {
                            "lista": "PROMOCION",
                            "precio": 120.0
                        }
                    ],
                    "comprometidoOrdenesECommerce": 0,
                    "precio": 50.0,
                    "talleDescripcion": "TALLE 11",
                    "colorDescripcion": "Amarillo zinc",
                    "comprometido": 0.0,
                    "articuloDescripcionAdicional": "Botas New  de Sofi Martire. Capellada de cuero, combinada con gamuza. Cuenta con cierre interno para fácil acceso. El interior se encuentra forrado en simil cuero. La suela es de material rígido.<br>TEMPORADA INVIERNO 2020.",
                    "pendienteEntrega": 0.0,
                    "articulo": "00100101",
                    "ordenPorColor": "00100101        0 0",
                    "articuloDescripcion": "REMERA HOMBRE",
                    "stock": 5.0,
                    "sku": "00100101_123_11",
                    "disponible": 5.0
                },
                {
                    "lista": "LISTA0",
                    "color": "123",
                    "ordenPorTalle": "00100101        0 0",
                    "talle": "12",
                    "precios": [
                        {
                            "lista": "Compra",
                            "precio": 50.0
                        },
                        {
                            "lista": "PUBLICO",
                            "precio": 515.32
                        },
                        {
                            "lista": "MAYOR",
                            "precio": 181.5
                        },
                        {
                            "lista": "FRANQUICIAS",
                            "precio": 48.0
                        },
                        {
                            "lista": "DESCUENTO",
                            "precio": 400.0
                        },
                        {
                            "lista": "PROMOCION",
                            "precio": 120.0
                        }
                    ],
                    "comprometidoOrdenesECommerce": 0,
                    "precio": 50.0,
                    "talleDescripcion": "TALLE 12",
                    "colorDescripcion": "Amarillo zinc",
                    "comprometido": 0.0,
                    "articuloDescripcionAdicional": "Botas New  de Sofi Martire. Capellada de cuero, combinada con gamuza. Cuenta con cierre interno para fácil acceso. El interior se encuentra forrado en simil cuero. La suela es de material rígido.<br>TEMPORADA INVIERNO 2020.",
                    "pendienteEntrega": 0.0,
                    "articulo": "00100101",
                    "ordenPorColor": "00100101        0 0",
                    "articuloDescripcion": "REMERA HOMBRE",
                    "stock": 6.0,
                    "sku": "00100101_123_12",
                    "disponible": 6.0
                },
                {
                    "lista": "LISTA0",
                    "color": "123",
                    "ordenPorTalle": "00100101        0 0",
                    "talle": "13",
                    "precios": [
                        {
                            "lista": "Compra",
                            "precio": 50.0
                        },
                        {
                            "lista": "PUBLICO",
                            "precio": 515.32
                        },
                        {
                            "lista": "MAYOR",
                            "precio": 181.5
                        },
                        {
                            "lista": "FRANQUICIAS",
                            "precio": 48.0
                        },
                        {
                            "lista": "DESCUENTO",
                            "precio": 400.0
                        },
                        {
                            "lista": "PROMOCION",
                            "precio": 120.0
                        }
                    ],
                    "comprometidoOrdenesECommerce": 0,
                    "precio": 50.0,
                    "talleDescripcion": "TALLE 13",
                    "colorDescripcion": "Amarillo zinc",
                    "comprometido": 0.0,
                    "articuloDescripcionAdicional": "Botas New  de Sofi Martire. Capellada de cuero, combinada con gamuza. Cuenta con cierre interno para fácil acceso. El interior se encuentra forrado en simil cuero. La suela es de material rígido.<br>TEMPORADA INVIERNO 2020.",
                    "pendienteEntrega": 0.0,
                    "articulo": "00100101",
                    "ordenPorColor": "00100101        0 0",
                    "articuloDescripcion": "REMERA HOMBRE",
                    "stock": 0.0,
                    "sku": "00100101_123_13",
                    "disponible": 0.0
                },
                {
                    "lista": "LISTA0",
                    "color": "123",
                    "ordenPorTalle": "00100101        0 0",
                    "talle": "U",
                    "precios": [
                        {
                            "lista": "Compra",
                            "precio": 50.0
                        },
                        {
                            "lista": "PUBLICO",
                            "precio": 515.32
                        },
                        {
                            "lista": "MAYOR",
                            "precio": 181.5
                        },
                        {
                            "lista": "FRANQUICIAS",
                            "precio": 48.0
                        },
                        {
                            "lista": "DESCUENTO",
                            "precio": 400.0
                        },
                        {
                            "lista": "PROMOCION",
                            "precio": 120.0
                        }
                    ],
                    "comprometidoOrdenesECommerce": 0,
                    "precio": 50.0,
                    "talleDescripcion": "Unico",
                    "colorDescripcion": "Amarillo zinc",
                    "comprometido": 0.0,
                    "articuloDescripcionAdicional": "Botas New  de Sofi Martire. Capellada de cuero, combinada con gamuza. Cuenta con cierre interno para fácil acceso. El interior se encuentra forrado en simil cuero. La suela es de material rígido.<br>TEMPORADA INVIERNO 2020.",
                    "pendienteEntrega": 0.0,
                    "articulo": "00100101",
                    "ordenPorColor": "00100101        0 0",
                    "articuloDescripcion": "REMERA HOMBRE",
                    "stock": 900.0,
                    "sku": "00100101_123_U",
                    "disponible": 900.0
                },
                {
                    "lista": "LISTA0",
                    "color": "124",
                    "ordenPorTalle": "00100101        0 0",
                    "talle": "10",
                    "precios": [
                        {
                            "lista": "Compra",
                            "precio": 50.0
                        },
                        {
                            "lista": "PUBLICO",
                            "precio": 515.32
                        },
                        {
                            "lista": "MAYOR",
                            "precio": 181.5
                        },
                        {
                            "lista": "FRANQUICIAS",
                            "precio": 48.0
                        },
                        {
                            "lista": "DESCUENTO",
                            "precio": 400.0
                        },
                        {
                            "lista": "PROMOCION",
                            "precio": 120.0
                        }
                    ],
                    "comprometidoOrdenesECommerce": 0,
                    "precio": 50.0,
                    "talleDescripcion": "TALLE 10",
                    "colorDescripcion": "Amarillo oro",
                    "comprometido": 0.0,
                    "articuloDescripcionAdicional": "Botas New  de Sofi Martire. Capellada de cuero, combinada con gamuza. Cuenta con cierre interno para fácil acceso. El interior se encuentra forrado en simil cuero. La suela es de material rígido.<br>TEMPORADA INVIERNO 2020.",
                    "pendienteEntrega": 0.0,
                    "articulo": "00100101",
                    "ordenPorColor": "00100101        0 0",
                    "articuloDescripcion": "REMERA HOMBRE",
                    "stock": 64.0,
                    "sku": "00100101_124_10",
                    "disponible": 64.0
                }
            ]
        }
    },
    "precioStock": {
        "totalRegistros": 18,
        "resultados": [
            {
                "lista": "LISTA0",
                "articuloColorImages-woo": "",
                "articuloColorImages-shopify": "",
                "color": "116 2X",
                "ordenPorTalle": "00100101        0 0",
                "talle": "1",
                "precios": [
                    {
                        "lista": "Compra",
                        "precio": 50.0
                    },
                    {
                        "lista": "PUBLICO",
                        "precio": 515.32
                    },
                    {
                        "lista": "MAYOR",
                        "precio": 181.5
                    },
                    {
                        "lista": "FRANQUICIAS",
                        "precio": 48.0
                    },
                    {
                        "lista": "DESCUENTO",
                        "precio": 400.0
                    },
                    {
                        "lista": "PROMOCION",
                        "precio": 120.0
                    }
                ],
                "comprometidoOrdenesECommerce": 0,
                "precio": 50.0,
                "talleDescripcion": "TALLE 1",
                "colorDescripcion": "Amarillo",
                "comprometido": 0.0,
                "articuloDescripcionAdicional": "Botas New  de Sofi Martire. Capellada de cuero, combinada con gamuza. Cuenta con cierre interno para fácil acceso. El interior se encuentra forrado en simil cuero. La suela es de material rígido.<br>TEMPORADA INVIERNO 2020.",
                "pendienteEntrega": 0.0,
                "articuloColor": "00100101_116-2X",
                "articulo": "00100101",
                "ordenPorColor": "00100101        0 0",
                "articuloDescripcion": "REMERA HOMBRE",
                "stock": 40.0,
                "sku": "00100101_116 2X_1",
                "disponible": 40.0
            },
            {
                "lista": "LISTA0",
                "articuloColorImages-woo": "",
                "articuloColorImages-shopify": "",
                "color": "116 2X",
                "ordenPorTalle": "00100101        0 0",
                "talle": "10",
                "precios": [
                    {
                        "lista": "Compra",
                        "precio": 50.0
                    },
                    {
                        "lista": "PUBLICO",
                        "precio": 515.32
                    },
                    {
                        "lista": "MAYOR",
                        "precio": 181.5
                    },
                    {
                        "lista": "FRANQUICIAS",
                        "precio": 48.0
                    },
                    {
                        "lista": "DESCUENTO",
                        "precio": 400.0
                    },
                    {
                        "lista": "PROMOCION",
                        "precio": 120.0
                    }
                ],
                "comprometidoOrdenesECommerce": 0,
                "precio": 50.0,
                "talleDescripcion": "TALLE 10",
                "colorDescripcion": "Amarillo",
                "comprometido": 0.0,
                "articuloDescripcionAdicional": "Botas New  de Sofi Martire. Capellada de cuero, combinada con gamuza. Cuenta con cierre interno para fácil acceso. El interior se encuentra forrado en simil cuero. La suela es de material rígido.<br>TEMPORADA INVIERNO 2020.",
                "pendienteEntrega": 0.0,
                "articuloColor": "00100101_116-2X",
                "articulo": "00100101",
                "ordenPorColor": "00100101        0 0",
                "articuloDescripcion": "REMERA HOMBRE",
                "stock": 0.0,
                "sku": "00100101_116 2X_10",
                "disponible": 0.0
            },
            {
                "lista": "LISTA0",
                "articuloColorImages-woo": "",
                "articuloColorImages-shopify": "",
                "color": "116 2X",
                "ordenPorTalle": "00100101        0 0",
                "talle": "22",
                "precios": [
                    {
                        "lista": "Compra",
                        "precio": 50.0
                    },
                    {
                        "lista": "PUBLICO",
                        "precio": 515.32
                    },
                    {
                        "lista": "MAYOR",
                        "precio": 181.5
                    },
                    {
                        "lista": "FRANQUICIAS",
                        "precio": 48.0
                    },
                    {
                        "lista": "DESCUENTO",
                        "precio": 400.0
                    },
                    {
                        "lista": "PROMOCION",
                        "precio": 120.0
                    }
                ],
                "comprometidoOrdenesECommerce": 0,
                "precio": 50.0,
                "talleDescripcion": "TALLE 22",
                "colorDescripcion": "Amarillo",
                "comprometido": 0.0,
                "articuloDescripcionAdicional": "Botas New  de Sofi Martire. Capellada de cuero, combinada con gamuza. Cuenta con cierre interno para fácil acceso. El interior se encuentra forrado en simil cuero. La suela es de material rígido.<br>TEMPORADA INVIERNO 2020.",
                "pendienteEntrega": 0.0,
                "articuloColor": "00100101_116-2X",
                "articulo": "00100101",
                "ordenPorColor": "00100101        0 0",
                "articuloDescripcion": "REMERA HOMBRE",
                "stock": 0.0,
                "sku": "00100101_116 2X_22",
                "disponible": 0.0
            },
            {
                "lista": "LISTA0",
                "articuloColorImages-woo": "",
                "articuloColorImages-shopify": "",
                "color": "116 2X",
                "ordenPorTalle": "00100101        0 0",
                "talle": "38",
                "precios": [
                    {
                        "lista": "Compra",
                        "precio": 50.0
                    },
                    {
                        "lista": "PUBLICO",
                        "precio": 515.32
                    },
                    {
                        "lista": "MAYOR",
                        "precio": 181.5
                    },
                    {
                        "lista": "FRANQUICIAS",
                        "precio": 48.0
                    },
                    {
                        "lista": "DESCUENTO",
                        "precio": 400.0
                    },
                    {
                        "lista": "PROMOCION",
                        "precio": 120.0
                    }
                ],
                "comprometidoOrdenesECommerce": 0,
                "precio": 50.0,
                "talleDescripcion": "TALLE 38",
                "colorDescripcion": "Amarillo",
                "comprometido": 0.0,
                "articuloDescripcionAdicional": "Botas New  de Sofi Martire. Capellada de cuero, combinada con gamuza. Cuenta con cierre interno para fácil acceso. El interior se encuentra forrado en simil cuero. La suela es de material rígido.<br>TEMPORADA INVIERNO 2020.",
                "pendienteEntrega": 0.0,
                "articuloColor": "00100101_116-2X",
                "articulo": "00100101",
                "ordenPorColor": "00100101        0 0",
                "articuloDescripcion": "REMERA HOMBRE",
                "stock": 0.0,
                "sku": "00100101_116 2X_38",
                "disponible": 0.0
            },
            {
                "lista": "LISTA0",
                "articuloColorImages-woo": "",
                "articuloColorImages-shopify": "",
                "color": "116 2X",
                "ordenPorTalle": "00100101        0 0",
                "talle": "4",
                "precios": [
                    {
                        "lista": "Compra",
                        "precio": 50.0
                    },
                    {
                        "lista": "PUBLICO",
                        "precio": 515.32
                    },
                    {
                        "lista": "MAYOR",
                        "precio": 181.5
                    },
                    {
                        "lista": "FRANQUICIAS",
                        "precio": 48.0
                    },
                    {
                        "lista": "DESCUENTO",
                        "precio": 400.0
                    },
                    {
                        "lista": "PROMOCION",
                        "precio": 120.0
                    }
                ],
                "comprometidoOrdenesECommerce": 0,
                "precio": 50.0,
                "talleDescripcion": "TALLE 4",
                "colorDescripcion": "Amarillo",
                "comprometido": 0.0,
                "articuloDescripcionAdicional": "Botas New  de Sofi Martire. Capellada de cuero, combinada con gamuza. Cuenta con cierre interno para fácil acceso. El interior se encuentra forrado en simil cuero. La suela es de material rígido.<br>TEMPORADA INVIERNO 2020.",
                "pendienteEntrega": 0.0,
                "articuloColor": "00100101_116-2X",
                "articulo": "00100101",
                "ordenPorColor": "00100101        0 0",
                "articuloDescripcion": "REMERA HOMBRE",
                "stock": 0.0,
                "sku": "00100101_116 2X_4",
                "disponible": 0.0
            },
            {
                "lista": "LISTA0",
                "articuloColorImages-woo": "",
                "articuloColorImages-shopify": "",
                "color": "116 2X",
                "ordenPorTalle": "00100101        0 0",
                "talle": "40",
                "precios": [
                    {
                        "lista": "Compra",
                        "precio": 50.0
                    },
                    {
                        "lista": "PUBLICO",
                        "precio": 515.32
                    },
                    {
                        "lista": "MAYOR",
                        "precio": 181.5
                    },
                    {
                        "lista": "FRANQUICIAS",
                        "precio": 48.0
                    },
                    {
                        "lista": "DESCUENTO",
                        "precio": 400.0
                    },
                    {
                        "lista": "PROMOCION",
                        "precio": 120.0
                    }
                ],
                "comprometidoOrdenesECommerce": 0,
                "precio": 50.0,
                "talleDescripcion": "TALLE 40",
                "colorDescripcion": "Amarillo",
                "comprometido": 0.0,
                "articuloDescripcionAdicional": "Botas New  de Sofi Martire. Capellada de cuero, combinada con gamuza. Cuenta con cierre interno para fácil acceso. El interior se encuentra forrado en simil cuero. La suela es de material rígido.<br>TEMPORADA INVIERNO 2020.",
                "pendienteEntrega": 0.0,
                "articuloColor": "00100101_116-2X",
                "articulo": "00100101",
                "ordenPorColor": "00100101        0 0",
                "articuloDescripcion": "REMERA HOMBRE",
                "stock": 0.0,
                "sku": "00100101_116 2X_40",
                "disponible": 0.0
            },
            {
                "lista": "LISTA0",
                "articuloColorImages-woo": "00100101_12",
                "articuloColorImages-shopify": "",
                "color": "12",
                "ordenPorTalle": "00100101        0 0",
                "talle": "1",
                "precios": [
                    {
                        "lista": "Compra",
                        "precio": 50.0
                    },
                    {
                        "lista": "PUBLICO",
                        "precio": 9000.0
                    },
                    {
                        "lista": "MAYOR",
                        "precio": 181.5
                    },
                    {
                        "lista": "FRANQUICIAS",
                        "precio": 48.0
                    },
                    {
                        "lista": "DESCUENTO",
                        "precio": 400.0
                    },
                    {
                        "lista": "PROMOCION",
                        "precio": 120.0
                    }
                ],
                "comprometidoOrdenesECommerce": 0,
                "precio": 50.0,
                "talleDescripcion": "TALLE 1",
                "colorDescripcion": "Rojo salmón",
                "comprometido": 0.0,
                "articuloDescripcionAdicional": "Botas New  de Sofi Martire. Capellada de cuero, combinada con gamuza. Cuenta con cierre interno para fácil acceso. El interior se encuentra forrado en simil cuero. La suela es de material rígido.<br>TEMPORADA INVIERNO 2020.",
                "pendienteEntrega": 0.0,
                "articuloColor": "00100101_12",
                "articulo": "00100101",
                "ordenPorColor": "00100101        0 0",
                "articuloDescripcion": "REMERA HOMBRE",
                "stock": 0.0,
                "sku": "00100101_12_1",
                "disponible": 0.0
            },
            {
                "lista": "LISTA0",
                "articuloColorImages-woo": "00100101_12",
                "articuloColorImages-shopify": "",
                "color": "12",
                "ordenPorTalle": "00100101        0 0",
                "talle": "38",
                "precios": [
                    {
                        "lista": "Compra",
                        "precio": 50.0
                    },
                    {
                        "lista": "PUBLICO",
                        "precio": 515.32
                    },
                    {
                        "lista": "MAYOR",
                        "precio": 181.5
                    },
                    {
                        "lista": "FRANQUICIAS",
                        "precio": 48.0
                    },
                    {
                        "lista": "DESCUENTO",
                        "precio": 400.0
                    },
                    {
                        "lista": "PROMOCION",
                        "precio": 120.0
                    }
                ],
                "comprometidoOrdenesECommerce": 0,
                "precio": 50.0,
                "talleDescripcion": "TALLE 38",
                "colorDescripcion": "Rojo salmón",
                "comprometido": 0.0,
                "articuloDescripcionAdicional": "Botas New  de Sofi Martire. Capellada de cuero, combinada con gamuza. Cuenta con cierre interno para fácil acceso. El interior se encuentra forrado en simil cuero. La suela es de material rígido.<br>TEMPORADA INVIERNO 2020.",
                "pendienteEntrega": 0.0,
                "articuloColor": "00100101_12",
                "articulo": "00100101",
                "ordenPorColor": "00100101        0 0",
                "articuloDescripcion": "REMERA HOMBRE",
                "stock": 0.0,
                "sku": "00100101_12_38",
                "disponible": 0.0
            },
            {
                "lista": "LISTA0",
                "articuloColorImages-woo": "00100101_12",
                "articuloColorImages-shopify": "",
                "color": "12",
                "ordenPorTalle": "00100101        0 0",
                "talle": "40",
                "precios": [
                    {
                        "lista": "Compra",
                        "precio": 50.0
                    },
                    {
                        "lista": "PUBLICO",
                        "precio": 515.32
                    },
                    {
                        "lista": "MAYOR",
                        "precio": 181.5
                    },
                    {
                        "lista": "FRANQUICIAS",
                        "precio": 48.0
                    },
                    {
                        "lista": "DESCUENTO",
                        "precio": 400.0
                    },
                    {
                        "lista": "PROMOCION",
                        "precio": 120.0
                    }
                ],
                "comprometidoOrdenesECommerce": 0,
                "precio": 50.0,
                "talleDescripcion": "TALLE 40",
                "colorDescripcion": "Rojo salmón",
                "comprometido": 0.0,
                "articuloDescripcionAdicional": "Botas New  de Sofi Martire. Capellada de cuero, combinada con gamuza. Cuenta con cierre interno para fácil acceso. El interior se encuentra forrado en simil cuero. La suela es de material rígido.<br>TEMPORADA INVIERNO 2020.",
                "pendienteEntrega": 0.0,
                "articuloColor": "00100101_12",
                "articulo": "00100101",
                "ordenPorColor": "00100101        0 0",
                "articuloDescripcion": "REMERA HOMBRE",
                "stock": 0.0,
                "sku": "00100101_12_40",
                "disponible": 0.0
            },
            {
                "lista": "LISTA0",
                "articuloColorImages-woo": "00100101_12",
                "articuloColorImages-shopify": "",
                "color": "12",
                "ordenPorTalle": "00100101        0 0",
                "talle": "U",
                "precios": [
                    {
                        "lista": "Compra",
                        "precio": 50.0
                    },
                    {
                        "lista": "PUBLICO",
                        "precio": 515.32
                    },
                    {
                        "lista": "MAYOR",
                        "precio": 181.5
                    },
                    {
                        "lista": "FRANQUICIAS",
                        "precio": 48.0
                    },
                    {
                        "lista": "DESCUENTO",
                        "precio": 400.0
                    },
                    {
                        "lista": "PROMOCION",
                        "precio": 120.0
                    }
                ],
                "comprometidoOrdenesECommerce": 0,
                "precio": 50.0,
                "talleDescripcion": "Unico",
                "colorDescripcion": "Rojo salmón",
                "comprometido": 0.0,
                "articuloDescripcionAdicional": "Botas New  de Sofi Martire. Capellada de cuero, combinada con gamuza. Cuenta con cierre interno para fácil acceso. El interior se encuentra forrado en simil cuero. La suela es de material rígido.<br>TEMPORADA INVIERNO 2020.",
                "pendienteEntrega": 0.0,
                "articuloColor": "00100101_12",
                "articulo": "00100101",
                "ordenPorColor": "00100101        0 0",
                "articuloDescripcion": "REMERA HOMBRE",
                "stock": 0.0,
                "sku": "00100101_12_U",
                "disponible": 0.0
            },
            {
                "lista": "LISTA0",
                "articuloColorImages-woo": "00100101_123_02",
                "articuloColorImages-shopify": "",
                "color": "123",
                "ordenPorTalle": "00100101        0 0",
                "talle": "1",
                "precios": [
                    {
                        "lista": "Compra",
                        "precio": 50.0
                    },
                    {
                        "lista": "PUBLICO",
                        "precio": 515.32
                    },
                    {
                        "lista": "MAYOR",
                        "precio": 181.5
                    },
                    {
                        "lista": "FRANQUICIAS",
                        "precio": 48.0
                    },
                    {
                        "lista": "DESCUENTO",
                        "precio": 400.0
                    },
                    {
                        "lista": "PROMOCION",
                        "precio": 120.0
                    }
                ],
                "comprometidoOrdenesECommerce": 0,
                "precio": 50.0,
                "talleDescripcion": "TALLE 1",
                "colorDescripcion": "Amarillo zinc",
                "comprometido": 0.0,
                "articuloDescripcionAdicional": "Botas New  de Sofi Martire. Capellada de cuero, combinada con gamuza. Cuenta con cierre interno para fácil acceso. El interior se encuentra forrado en simil cuero. La suela es de material rígido.<br>TEMPORADA INVIERNO 2020.",
                "pendienteEntrega": 0.0,
                "articuloColor": "00100101_123",
                "articulo": "00100101",
                "ordenPorColor": "00100101        0 0",
                "articuloDescripcion": "REMERA HOMBRE",
                "stock": 60.0,
                "sku": "00100101_123_1",
                "disponible": 60.0
            },
            {
                "lista": "LISTA0",
                "articuloColorImages-woo": "00100101_123_01",
                "articuloColorImages-shopify": "",
                "color": "123",
                "ordenPorTalle": "00100101        0 0",
                "talle": "10",
                "precios": [
                    {
                        "lista": "Compra",
                        "precio": 50.0
                    },
                    {
                        "lista": "PUBLICO",
                        "precio": 515.32
                    },
                    {
                        "lista": "MAYOR",
                        "precio": 181.5
                    },
                    {
                        "lista": "FRANQUICIAS",
                        "precio": 48.0
                    },
                    {
                        "lista": "DESCUENTO",
                        "precio": 400.0
                    },
                    {
                        "lista": "PROMOCION",
                        "precio": 120.0
                    }
                ],
                "comprometidoOrdenesECommerce": 0,
                "precio": 50.0,
                "talleDescripcion": "TALLE 10",
                "colorDescripcion": "Amarillo zinc",
                "comprometido": 0.0,
                "articuloDescripcionAdicional": "Botas New  de Sofi Martire. Capellada de cuero, combinada con gamuza. Cuenta con cierre interno para fácil acceso. El interior se encuentra forrado en simil cuero. La suela es de material rígido.<br>TEMPORADA INVIERNO 2020.",
                "pendienteEntrega": 0.0,
                "articuloColor": "00100101_123",
                "articulo": "00100101",
                "ordenPorColor": "00100101        0 0",
                "articuloDescripcion": "REMERA HOMBRE",
                "stock": 0.0,
                "sku": "00100101_123_10",
                "disponible": 0.0
            },
            {
                "lista": "LISTA0",
                "articuloColorImages-woo": "00100101_123_00",
                "articuloColorImages-shopify": "",
                "color": "123",
                "ordenPorTalle": "00100101        0 0",
                "talle": "11",
                "precios": [
                    {
                        "lista": "Compra",
                        "precio": 50.0
                    },
                    {
                        "lista": "PUBLICO",
                        "precio": 515.32
                    },
                    {
                        "lista": "MAYOR",
                        "precio": 181.5
                    },
                    {
                        "lista": "FRANQUICIAS",
                        "precio": 48.0
                    },
                    {
                        "lista": "DESCUENTO",
                        "precio": 400.0
                    },
                    {
                        "lista": "PROMOCION",
                        "precio": 120.0
                    }
                ],
                "comprometidoOrdenesECommerce": 0,
                "precio": 50.0,
                "talleDescripcion": "TALLE 11",
                "colorDescripcion": "Amarillo zinc",
                "comprometido": 0.0,
                "articuloDescripcionAdicional": "Botas New  de Sofi Martire. Capellada de cuero, combinada con gamuza. Cuenta con cierre interno para fácil acceso. El interior se encuentra forrado en simil cuero. La suela es de material rígido.<br>TEMPORADA INVIERNO 2020.",
                "pendienteEntrega": 0.0,
                "articuloColor": "00100101_123",
                "articulo": "00100101",
                "ordenPorColor": "00100101        0 0",
                "articuloDescripcion": "REMERA HOMBRE",
                "stock": 0.0,
                "sku": "00100101_123_11",
                "disponible": 0.0
            },
            {
                "lista": "LISTA0",
                "articuloColorImages-woo": "00100101_123_00",
                "articuloColorImages-shopify": "",
                "color": "123",
                "ordenPorTalle": "00100101        0 0",
                "talle": "12",
                "precios": [
                    {
                        "lista": "Compra",
                        "precio": 50.0
                    },
                    {
                        "lista": "PUBLICO",
                        "precio": 515.32
                    },
                    {
                        "lista": "MAYOR",
                        "precio": 181.5
                    },
                    {
                        "lista": "FRANQUICIAS",
                        "precio": 48.0
                    },
                    {
                        "lista": "DESCUENTO",
                        "precio": 400.0
                    },
                    {
                        "lista": "PROMOCION",
                        "precio": 120.0
                    }
                ],
                "comprometidoOrdenesECommerce": 0,
                "precio": 50.0,
                "talleDescripcion": "TALLE 12",
                "colorDescripcion": "Amarillo zinc",
                "comprometido": 0.0,
                "articuloDescripcionAdicional": "Botas New  de Sofi Martire. Capellada de cuero, combinada con gamuza. Cuenta con cierre interno para fácil acceso. El interior se encuentra forrado en simil cuero. La suela es de material rígido.<br>TEMPORADA INVIERNO 2020.",
                "pendienteEntrega": 0.0,
                "articuloColor": "00100101_123",
                "articulo": "00100101",
                "ordenPorColor": "00100101        0 0",
                "articuloDescripcion": "REMERA HOMBRE",
                "stock": 0.0,
                "sku": "00100101_123_12",
                "disponible": 0.0
            },
            {
                "lista": "LISTA0",
                "articuloColorImages-woo": "00100101_123_00",
                "articuloColorImages-shopify": "",
                "color": "123",
                "ordenPorTalle": "00100101        0 0",
                "talle": "13",
                "precios": [
                    {
                        "lista": "Compra",
                        "precio": 50.0
                    },
                    {
                        "lista": "PUBLICO",
                        "precio": 515.32
                    },
                    {
                        "lista": "MAYOR",
                        "precio": 181.5
                    },
                    {
                        "lista": "FRANQUICIAS",
                        "precio": 48.0
                    },
                    {
                        "lista": "DESCUENTO",
                        "precio": 400.0
                    },
                    {
                        "lista": "PROMOCION",
                        "precio": 120.0
                    }
                ],
                "comprometidoOrdenesECommerce": 0,
                "precio": 50.0,
                "talleDescripcion": "TALLE 13",
                "colorDescripcion": "Amarillo zinc",
                "comprometido": 0.0,
                "articuloDescripcionAdicional": "Botas New  de Sofi Martire. Capellada de cuero, combinada con gamuza. Cuenta con cierre interno para fácil acceso. El interior se encuentra forrado en simil cuero. La suela es de material rígido.<br>TEMPORADA INVIERNO 2020.",
                "pendienteEntrega": 0.0,
                "articuloColor": "00100101_123",
                "articulo": "00100101",
                "ordenPorColor": "00100101        0 0",
                "articuloDescripcion": "REMERA HOMBRE",
                "stock": 0.0,
                "sku": "00100101_123_13",
                "disponible": 0.0
            },
            {
                "lista": "LISTA0",
                "articuloColorImages-woo": "00100101_123_00",
                "articuloColorImages-shopify": "",
                "color": "123",
                "ordenPorTalle": "00100101        0 0",
                "talle": "U",
                "precios": [
                    {
                        "lista": "Compra",
                        "precio": 50.0
                    },
                    {
                        "lista": "PUBLICO",
                        "precio": 515.32
                    },
                    {
                        "lista": "MAYOR",
                        "precio": 181.5
                    },
                    {
                        "lista": "FRANQUICIAS",
                        "precio": 48.0
                    },
                    {
                        "lista": "DESCUENTO",
                        "precio": 400.0
                    },
                    {
                        "lista": "PROMOCION",
                        "precio": 120.0
                    }
                ],
                "comprometidoOrdenesECommerce": 0,
                "precio": 50.0,
                "talleDescripcion": "Unico",
                "colorDescripcion": "Amarillo zinc",
                "comprometido": 0.0,
                "articuloDescripcionAdicional": "Botas New  de Sofi Martire. Capellada de cuero, combinada con gamuza. Cuenta con cierre interno para fácil acceso. El interior se encuentra forrado en simil cuero. La suela es de material rígido.<br>TEMPORADA INVIERNO 2020.",
                "pendienteEntrega": 0.0,
                "articuloColor": "00100101_123",
                "articulo": "00100101",
                "ordenPorColor": "00100101        0 0",
                "articuloDescripcion": "REMERA HOMBRE",
                "stock": 0.0,
                "sku": "00100101_123_U",
                "disponible": 0.0
            },
            {
                "lista": "LISTA0",
                "articuloColorImages-woo": "",
                "articuloColorImages-shopify": "",
                "color": "124",
                "ordenPorTalle": "00100101        0 0",
                "talle": "10",
                "precios": [
                    {
                        "lista": "Compra",
                        "precio": 50.0
                    },
                    {
                        "lista": "PUBLICO",
                        "precio": 515.32
                    },
                    {
                        "lista": "MAYOR",
                        "precio": 181.5
                    },
                    {
                        "lista": "FRANQUICIAS",
                        "precio": 48.0
                    },
                    {
                        "lista": "DESCUENTO",
                        "precio": 400.0
                    },
                    {
                        "lista": "PROMOCION",
                        "precio": 120.0
                    }
                ],
                "comprometidoOrdenesECommerce": 0,
                "precio": 50.0,
                "talleDescripcion": "TALLE 10",
                "colorDescripcion": "Amarillo oro",
                "comprometido": 0.0,
                "articuloDescripcionAdicional": "Botas New  de Sofi Martire. Capellada de cuero, combinada con gamuza. Cuenta con cierre interno para fácil acceso. El interior se encuentra forrado en simil cuero. La suela es de material rígido.<br>TEMPORADA INVIERNO 2020.",
                "pendienteEntrega": 0.0,
                "articuloColor": "00100101_124",
                "articulo": "00100101",
                "ordenPorColor": "00100101        0 0",
                "articuloDescripcion": "REMERA HOMBRE",
                "stock": 0.0,
                "sku": "00100101_124_10",
                "disponible": 0.0
            },
            {
                "lista": "LISTA0",
                "articuloColorImages-woo": "",
                "articuloColorImages-shopify": "",
                "color": "116 2X",
                "ordenPorTalle": "00100101        0 0",
                "talle": "2",
                "precios": [
                    {
                        "lista": "Compra",
                        "precio": 0.0
                    },
                    {
                        "lista": "PUBLICO",
                        "precio": 600.0
                    },
                    {
                        "lista": "MAYOR",
                        "precio": 500.0
                    },
                    {
                        "lista": "FRANQUICIAS",
                        "precio": 200.0
                    },
                    {
                        "lista": "DESCUENTO",
                        "precio": 0.0
                    },
                    {
                        "lista": "PROMOCION",
                        "precio": 400.0
                    }
                ],
                "comprometidoOrdenesECommerce": 0,
                "precio": 0.0,
                "talleDescripcion": "TALLE 2",
                "colorDescripcion": "Amarillo",
                "comprometido": 0.0,
                "articuloDescripcionAdicional": "Demo Adicional",
                "pendienteEntrega": 0.0,
                "articuloColor": "00100101_116-2X",
                "articulo": "00100101",
                "ordenPorColor": "00100101        0 0",
                "articuloDescripcion": "Remera Hombre Nueva",
                "stock": 0.0,
                "sku": "00100101_116 2X_2",
                "disponible": 0.0
            }
        ],
        "imagenes-var-woo": {
            "00100101_123": [
                "00100101_123_00",
                "00100101_123_01",
                "00100101_123_02"
            ],
            "00100101_124": [],
            "00100101_12": [
                "00100101_12"
            ],
            "00100101_116-2X": []
        }
    },
    "barecode": null,
    "articulo": {
        "descripcion": "REMERA HOMBRE",
        "porcentajeImpuestoInterno": 0.0,
        "noComercializable": "3930-02-01",
        "informacionAdicional": [
            {
                "estadoTransferencia": "ENVIADO",
                "versionAltaFW": "",
                "horaExpo": "10:46:44",
                "horaAltaFW": "14:20:32",
                "versionModificacionFW": "09.0012.12838",
                "horaImpo": "10:32:13",
                "usuarioModificacionFW": "ADMIN",
                "fechaTransferencia": "2021-06-03",
                "baseDeDatosAltaFW": "DEMO",
                "ZADSFW": "",
                "serieModificacionFW": "703400",
                "usuarioAltaFW": "ADMIN",
                "fechaModificacionFW": "2021-06-15",
                "baseDeDatosModificacionFW": "DEMO",
                "fechaImpo": "2020-12-18",
                "serieAltaFW": "DEMO",
                "fechaExpo": "2020-12-18",
                "fechaAltaFW": "2010-10-07",
                "horaModificacionFW": "11:09:30"
            }
        ],
        "porcentajeIvaVentas": 0.0,
        "curvadetalles": "TALLE1",
        "unidadDeMedida": "1",
        "agrupublidetalle": [],
        "grupo": "IMP",
        "noPermiteDevoluciones": true,
        "comportamiento": 0,
        "restringirDescuentos": false,
        "alto": 12.0,
        "linea": "MARCA1",
        "categoriaDeArticulo": "0",
        "condicionIvaVentas": 1,
        "temporada": "01",
        "ancho": 11.0,
        "tipodeArticulo": "C",
        "largo": 10.0,
        "observacion": "<strong>Remera de hombre </strong> con líneas blancas.",
        "codigo": "00100101",
        "ano": 2012,
        "porcentajeIvaCompras": 0.0,
        "peso": 2.0,
        "tipoAgrupamientoPublicaciones": 0,
        "imagen": ".\\IMAGENES\\DEMO\\REMERA-AZUL.PNG",
        "imprimeDespacho": false,
        "material": "01",
        "condicionIvaCompras": 1,
        "importado": true,
        "nomenclador": "",
        "proveedor": "0000000004",
        "clasificacion": "001001",
        "descripcionAdicional": "Botas New  de Sofi Martire. Capellada de cuero, combinada con gamuza. Cuenta con cierre interno para fácil acceso. El interior se encuentra forrado en simil cuero. La suela es de material rígido.<br>TEMPORADA INVIERNO 2020.",
        "requiereCCosto": 0,
        "paletadecolores": "COLEGIOS",
        "noPublicarEnEcommerce": false,
        "familia": "01"
    },
    "image-shopify": []
}