{
  "descripcion": "REMERA HOMBRE ALGODON CUELLO REDONDO",
  "porcentajeImpuestoInterno": null,
  "noComercializable": null,
  "informacionAdicional": {
    "estadoTransferencia": "ENVIADO",
    "versionAltaFW": "",
    "horaExpo": "10:12:51",
    "horaAltaFW": "14:20:32",
    "versionModificacionFW": "08.0002.12229",
    "horaImpo": "14:20:32",
    "usuarioModificacionFW": "ADMIN",
    "fechaTransferencia": "2010-12-09",
    "baseDeDatosAltaFW": "DEMO",
    "serieModificacionFW": "DEMO",
    "usuarioAltaFW": "ADMIN",
    "fechaModificacionFW": "2019-06-18",
    "baseDeDatosModificacionFW": "DEMO",
    "fechaImpo": "2010-10-07",
    "serieAltaFW": "DEMO",
    "fechaExpo": "2019-06-21",
    "fechaAltaFW": "2010-10-07",
    "horaModificacionFW": "20:47:58"
  },
  "porcentajeIvaVentas": null,
  "curvadetalles": "",
  "unidadDeMedida": "1",
  "agrupublidetalle": [],
  "grupo": "IMP",
  "noPermiteDevoluciones": true,
  "comportamiento": 0,
  "restringirDescuentos": false,
  "alto": null,
  "linea": "MARCA1",
  "categoriaDeArticulo": "0",
  "condicionIvaVentas": 1,
  "temporada": "01",
  "ancho": null,
  "tipodeArticulo": "C",
  "largo": null,
  "observacion": "Modificado",
  "codigo": "00100101",
  "ano": 2012,
  "porcentajeIvaCompras": null,
  "peso": null,
  "tipoAgrupamientoPublicaciones": 0,
  "imagen": ".\\IMAGENES\\DEMO\\REMERA-AZUL.PNG",
  "imprimeDespacho": false,
  "material": "01",
  "condicionIvaCompras": 1,
  "importado": true,
  "nomenclador": "",
  "proveedor": "0000000004",
  "clasificacion": "001001",
  "descripcionAdicional": "",
  "requiereCCosto": 0,
  "paletadecolores": "",
  "noPublicarEnEcommerce": false,
  "familia": "01"
}