{
  "puerto": 8008,
  "informacionOrganic": [
    {
      "descripcion": "",
      "baseDeDatosActiva": "DEMO",
      "codigoServidor": "20190620190126AL1ONB",
      "cajaActiva": 1,
      "tipoComprobante": "FACTURA",
      "version": "09.0002.12567",
      "rutaInstalacion": "C:\\PROGRAM FILES (X86)\\ZOO LOGIC\\DRAGONFISH COLOR Y TALLE\\",
      "puertoConfigurado": 8008
    }
  ],
  "nombreProceso": "dragonfish_core",
  "hora": "01-08-2019 11:37:44",
  "informacionEntorno": [
    {
      "memoria": "17046343680",
      "puertoHabilitado": true
    }
  ],
  "idProceso": 16692,
  "registro": []
}