<?xml version="1.0" encoding="UTF-8"?>

<mule xmlns:schedulers="http://www.mulesoft.org/schema/mule/schedulers" xmlns:validation="http://www.mulesoft.org/schema/mule/validation"
	xmlns:acquait-metrics="http://www.mulesoft.org/schema/mule/acquait-metrics"
	xmlns:http="http://www.mulesoft.org/schema/mule/http" xmlns:mule-ss="http://www.mulesoft.org/schema/mule/spring-security"
	xmlns:dragonfish="http://www.mulesoft.org/schema/mule/dragonfish" 
	xmlns:json="http://www.mulesoft.org/schema/mule/json" xmlns:tracking="http://www.mulesoft.org/schema/mule/ee/tracking"
	xmlns="http://www.mulesoft.org/schema/mule/core" xmlns:doc="http://www.mulesoft.org/schema/mule/documentation"
	xmlns:spring="http://www.springframework.org/schema/beans" xmlns:xsi="http://www.w3.org/2001/XMLSchema-instance"
	xsi:schemaLocation="http://www.mulesoft.org/schema/mule/validation http://www.mulesoft.org/schema/mule/validation/current/mule-validation.xsd
http://www.mulesoft.org/schema/mule/acquait-metrics http://www.mulesoft.org/schema/mule/acquait-metrics/current/mule-acquait-metrics.xsd
http://www.mulesoft.org/schema/mule/http http://www.mulesoft.org/schema/mule/http/current/mule-http.xsd
http://www.mulesoft.org/schema/mule/spring-security http://www.mulesoft.org/schema/mule/spring-security/current/mule-spring-security.xsd
http://www.mulesoft.org/schema/mule/dragonfish http://www.mulesoft.org/schema/mule/dragonfish/current/mule-dragonfish.xsd
http://www.mulesoft.org/schema/mule/json http://www.mulesoft.org/schema/mule/json/current/mule-json.xsd
http://www.springframework.org/schema/beans http://www.springframework.org/schema/beans/spring-beans-current.xsd
http://www.mulesoft.org/schema/mule/core http://www.mulesoft.org/schema/mule/core/current/mule.xsd
http://www.mulesoft.org/schema/mule/ee/tracking http://www.mulesoft.org/schema/mule/ee/tracking/current/mule-tracking-ee.xsd
http://www.mulesoft.org/schema/mule/schedulers http://www.mulesoft.org/schema/mule/schedulers/current/mule-schedulers.xsd">
       
    <flow name="poll-clean-process-flow" processingStrategy="synchronous" initialState="started">
        <poll doc:name="Poll">
            <schedulers:cron-scheduler expression="${cron_clean}"/>
            <logger message="#[&quot;-----------------------------------------------------------------------------------------&quot;]" level="INFO" category="com.acqua.utils.ConsolaStatus" doc:name="Logger CONSOLA INICIO"/>
        </poll>
        <flow-ref name="poll-clean-process-main-flow" doc:name="Flow Reference"/>
        
    </flow>
    <flow name="poll-clean-process-main-flow">
        <set-payload value="Se ha iniciado limpieza de Archivos" doc:name="Set Payload"/>
        <flow-ref name="common-send-notification-flow" doc:name="common-send-notification-flow"/>
    </flow>

	
</mule>
