<?xml version="1.0" encoding="UTF-8"?>

<mule xmlns:filters="http://www.mulesoft.org/schema/mule/filters" xmlns:mulerequester="http://www.mulesoft.org/schema/mule/mulerequester"
	xmlns:file="http://www.mulesoft.org/schema/mule/file" xmlns:jms="http://www.mulesoft.org/schema/mule/jms" xmlns:schedulers="http://www.mulesoft.org/schema/mule/schedulers" xmlns:tracking="http://www.mulesoft.org/schema/mule/ee/tracking" xmlns:acquait-metrics="http://www.mulesoft.org/schema/mule/acquait-metrics" xmlns:metrics="http://www.mulesoft.org/schema/mule/metrics" xmlns:mule-ss="http://www.mulesoft.org/schema/mule/spring-security"
	xmlns:validation="http://www.mulesoft.org/schema/mule/validation" xmlns:json="http://www.mulesoft.org/schema/mule/json" xmlns:http="http://www.mulesoft.org/schema/mule/http" xmlns="http://www.mulesoft.org/schema/mule/core" xmlns:doc="http://www.mulesoft.org/schema/mule/documentation"
	xmlns:spring="http://www.springframework.org/schema/beans" 
	xmlns:xsi="http://www.w3.org/2001/XMLSchema-instance"
	xmlns:ss="http://www.springframework.org/schema/security"  
	xsi:schemaLocation="http://www.mulesoft.org/schema/mule/mulerequester http://www.mulesoft.org/schema/mule/mulerequester/current/mule-mulerequester.xsd
http://www.mulesoft.org/schema/mule/spring-security http://www.mulesoft.org/schema/mule/spring-security/current/mule-spring-security.xsd
http://www.springframework.org/schema/beans http://www.springframework.org/schema/beans/spring-beans-current.xsd
http://www.mulesoft.org/schema/mule/core http://www.mulesoft.org/schema/mule/core/current/mule.xsd
http://www.mulesoft.org/schema/mule/json http://www.mulesoft.org/schema/mule/json/current/mule-json.xsd
http://www.mulesoft.org/schema/mule/http http://www.mulesoft.org/schema/mule/http/current/mule-http.xsd
http://www.mulesoft.org/schema/mule/validation http://www.mulesoft.org/schema/mule/validation/current/mule-validation.xsd
http://www.springframework.org/schema/security http://www.springframework.org/schema/security/spring-security-3.1.xsd
http://www.mulesoft.org/schema/mule/metrics http://www.mulesoft.org/schema/mule/metrics/current/mule-metrics.xsd
http://www.mulesoft.org/schema/mule/acquait-metrics http://www.mulesoft.org/schema/mule/acquait-metrics/current/mule-acquait-metrics.xsd
http://www.mulesoft.org/schema/mule/ee/tracking http://www.mulesoft.org/schema/mule/ee/tracking/current/mule-tracking-ee.xsd
http://www.mulesoft.org/schema/mule/schedulers http://www.mulesoft.org/schema/mule/schedulers/current/mule-schedulers.xsd
http://www.mulesoft.org/schema/mule/jms http://www.mulesoft.org/schema/mule/jms/current/mule-jms.xsd
http://www.mulesoft.org/schema/mule/file http://www.mulesoft.org/schema/mule/file/current/mule-file.xsd">
      
    <flow name="dragon-articulos-poll-flow" initialState="started">
        <poll doc:name="Poll">
            <schedulers:cron-scheduler expression="${cron_articulos}"/>
            <logger message="Procesando cambios de articulos..." level="INFO" category="com.acqua.base.ProcessLayer" doc:name="Logger"/>
        </poll>
        <set-variable variableName="activar" value="${cron_articulos_activar}" doc:name="Set Activar"/>
        <set-variable variableName="currentTime" value="#[server.dateTime.format('HH:mm:ss')]" doc:name="Set Current Time"/>
        <filter ref="Bean" doc:name="Filter Reference"/>

        <expression-component doc:name="Set Transaction ID"><![CDATA[flowVars.transacionIDGen=server.dateTime.format('yyyyMMddHHmmss');]]></expression-component>
        <choice doc:name="Choice">
            <when expression="#[flowVars.activar == 'Y']">
                <set-variable variableName="fromDate" value="" doc:name="Variable - Set From Date"/>
                <logger message="#[&quot;-----------------------------------------------------------------------------------------&quot;]" level="INFO" category="com.acqua.utils.ConsolaDragon" doc:name="Logger CONSOLA INICIO"/>
                <logger message="PROCESS LAYER - INICIO - Verificando Articulos Modificados en Dragon. Transaccion ID: #[flowVars.transacionIDGen]" level="INFO" category="com.acqua.utils.ConsolaDragon" doc:name="Logger CONSOLA INICIO"/>
                <expression-component doc:name="Set Init Expressions"><![CDATA[flowVars.flowName=flow.name;
flowVars.apiName='POLL-Articulos-Dragon';
flowVars.errorCode=server.dateTime.format('yyyyMMddHHmmssSSS');
flowVars.metricCategory='POLL-Articulos-Dragon'; 
flowVars.generarCSV='N';
flowVars.queueArticulos='${activemq.queue.articulos}';
flowVars.sendMail=true;]]></expression-component>
                <flow-ref name="dragon-articulos-SyncToEcommers-flow" doc:name="dragon-articulos-SyncToEcommers-flow"/>
 
            </when>
            <otherwise>
                <logger message="Control de Articulos automaticos desactivado" level="INFO" category="com.acqua.base.ProcessLayer" doc:name="Logger"/>
            </otherwise>
        </choice>

    
        <exception-strategy ref="Process_Layer_Generic_Exception_Strategy" doc:name="Reference Exception Strategy"/>
   
    </flow>
    
    <flow name="dragon-articulos-process-http-request-flow">
        <expression-component doc:name="Set Transaction ID"><![CDATA[flowVars.transacionIDGen=server.dateTime.format('yyyyMMddHHmmss');]]></expression-component>
        <flow-ref name="dragon-articulos-start-flow" doc:name="dragon-articulos-start-flow"/>

        <set-payload value="{&quot;Transaccion&quot;:#[flowVars.transacionIDGen]}" encoding="UTF-8" mimeType="application/json" doc:name="Set Payload"/>
        <set-property propertyName="http.status" value="#[200]" doc:name="Set http.status"/>
    </flow>
  
    <flow name="dragon-refresh-articulos-http-request-flow">
    
        <expression-component doc:name="Set Transaction ID"><![CDATA[flowVars.transacionIDGen=server.dateTime.format('yyyyMMddHHmmss');]]></expression-component>
    
        <flow-ref name="dragon-refresh-articulos-start-flow" doc:name="dragon-refresh-articulos-start-flow"/>
    
        <set-payload value="{&quot;Transaccion&quot;:#[flowVars.transacionIDGen]}" encoding="UTF-8" mimeType="application/json" doc:name="Set Payload"/>
    
        <set-property propertyName="http.status" value="#[200]" doc:name="Set http.status"/>
    
    </flow>
    
    <flow name="dragon-articulos-start-flow" processingStrategy="synchronous">
        <expression-component doc:name="Set Init Expressions"><![CDATA[flowVars.flowName=flow.name;
flowVars.apiName=message.inboundProperties.'http.request.uri';
flowVars.errorCode=flowVars.transacionIDGen;
flowVars.fromDate=(message.inboundProperties.'http.uri.params'.FechaUltimaModificacion == null? "":message.inboundProperties.'http.uri.params'.FechaUltimaModificacion);
flowVars.generarCSV=(message.inboundProperties.'http.uri.params'.GeneraCSV_YN == null? "N":message.inboundProperties.'http.uri.params'.GeneraCSV_YN);
flowVars.metricCategory=(flowVars.generarCSV == 'N'  ? 'Shopify-Sincronizacion' : 'Shopify-Gen-CSV');
flowVars.queueArticulos=(flowVars.generarCSV == 'N'  ? '${activemq.queue.articulos}' : '${activemq.queue.articulos.csv}');
flowVars.sendMail=true;
flowVars.refreshArticulo=false;
flowVars.eCommerceAProcesar = "all";
 ]]></expression-component>
       
		<http:basic-security-filter realm="mule-realm"/> 
		
        <mule-ss:authorization-filter requiredAuthorities="ROLE_USER"/>

        <async doc:name="Async">
            <flow-ref name="dragon-articulos-SyncToEcommers-flow" doc:name="dragon-articulos-SyncToEcommers-flow"/>
        </async>

        <exception-strategy ref="Process_Layer_Generic_Exception_Strategy" doc:name="Reference Exception Strategy"/>
    
    </flow>
    
    <flow name="dragon-refresh-articulos-start-flow" processingStrategy="synchronous">
        <expression-component doc:name="Set Init Expressions"><![CDATA[flowVars.flowName=flow.name;
flowVars.apiName=message.inboundProperties.'http.request.uri';
flowVars.errorCode=flowVars.transacionIDGen;
flowVars.fromDate=(message.inboundProperties.'http.uri.params'.FechaUltimaModificacion == null? "":message.inboundProperties.'http.uri.params'.FechaUltimaModificacion);
flowVars.generarCSV=(message.inboundProperties.'http.uri.params'.GeneraCSV_YN == null? "N":message.inboundProperties.'http.uri.params'.GeneraCSV_YN);
flowVars.metricCategory=(flowVars.generarCSV == 'N'  ? 'Shopify-Sincronizacion' : 'Shopify-Gen-CSV');
flowVars.queueArticulos=(flowVars.generarCSV == 'N'  ? '${activemq.queue.articulos}' : '${activemq.queue.articulos.csv}');
flowVars.sendMail=true;
flowVars.refreshArticulo=true;
flowVars.eCommerceAProcesar = message.inboundProperties.'http.uri.params'.Ecommerce;
 ]]></expression-component>
       
		<http:basic-security-filter realm="mule-realm"/> 
		
        <mule-ss:authorization-filter requiredAuthorities="ROLE_USER"/>

        <async doc:name="Async">
            <flow-ref name="dragon-articulos-SyncToEcommers-flow" doc:name="dragon-articulos-SyncToEcommers-flow"/>
        </async>
        
        <exception-strategy ref="Process_Layer_Generic_Exception_Strategy" doc:name="Reference Exception Strategy"/>
    
    </flow>
    
    <flow name="dragon-articulos-SyncToEcommers-flow" processingStrategy="queued-asynchronous">
        <logger message="Verificar si Dragon esta Activo Antes de Iniciar el proceso" level="INFO" category="com.acqua.base.ProcessLayer" doc:name="Logger"/>
        <enricher doc:name="Message Enricher - Get Dragon Status">
            <flow-ref name="status-get-dragon-status-flow" doc:name="status-get-dragon-status-flow"/>
            <enrich source="#[payload.flagDragonOK]" target="#[flowVars.dragonStatus]"/>
        </enricher>
        <choice doc:name="Choice">
            <when expression="#[flowVars.dragonStatus]">
                <logger message="Reprocesing Pending WebHooks" level="INFO" category="com.acqua.base.ProcessLayer" doc:name="Logger"/>
                <flow-ref name="dragonfish-webhooks-reprocess-main-flow" doc:name="dragonfish-webhooks-reprocess-main-flow"/>
            </when>
            <otherwise>
                <logger message="No se pudo procesar la sincronizacion. Error en Conexion con Dragon." level="INFO" category="com.acqua.base.ProcessLayer" doc:name="Logger"/>
                <set-variable variableName="errorMessage" value="No se pudo procesar la sincronizacion. Error en Conexion con Dragon." doc:name="Variable"/>
                <validation:custom-validator config-ref="Validation_Configuration" message="No se pudo procesar la sincronizacion. Error en Conexion con Dragon." class="com.acqua.common.pl.validator.PLCommonValidator" doc:name="Validation"/>
            </otherwise>
        </choice>


        <acquait-metrics:inc-count config-ref="AcquaIT_Metrics__AcquaIT_Metric_Connector_Configuration" category="#[flowVars.metricCategory]-Begin" doc:name="Metrics Count Request">
            <acquait-metrics:metric-keys>
                <acquait-metrics:metric-key>Shopify-Sincronizacion-Articulo-Request</acquait-metrics:metric-key>

            </acquait-metrics:metric-keys>
        </acquait-metrics:inc-count>

        <acquait-metrics:snap-time config-ref="AcquaIT_Metrics__AcquaIT_Metric_Connector_Configuration" snapTimeKey="Shopify-Sincronizacion_Begin" doc:name="Metrics Begin Snap"/>

        
        <enricher target="#[flowVars.ecommerces]" doc:name="Message Enricher">
            <invoke object-ref="DragonCommonPrjUtil" method="getEcommerces" doc:name="Get E-commerces"/>
        </enricher>
        <foreach collection="#[flowVars.ecommerces]" doc:name="For Each ECommerce - Begin Process">
            <processor-chain doc:name="Processor Chain">
                <set-variable variableName="currentEcommerce" value="#[payload]" doc:name="Variable Set Current Ecommerce"/>
                <expression-component doc:name="Set Message"><![CDATA[payload = new java.util.HashMap();
payload.put("time",flowVars.transacionIDGen); 
payload.put("action","BEGIN");  ]]></expression-component>
                <set-property propertyName="batchID" value="#[flowVars.transacionIDGen]" doc:name="Set Batch ID"/>
                <set-property propertyName="refreshArticulo" value="#[flowVars.refreshArticulo]" doc:name="Set Refresh Articulo"/>
                <json:object-to-json-transformer doc:name="Object to JSON"/>
                <jms:outbound-endpoint queue="#[flowVars.queueArticulos]-#[flowVars.currentEcommerce]" connector-ref="Active_MQ" doc:name="JMS"/>
            </processor-chain>
        </foreach>

        
        <flow-ref name="dragon-articulos-SyncToEcommerce-main-process-flow" doc:name="dragon-articulos-SyncToEcommerce-main-process-flow"/>
        
        <acquait-metrics:snap-time config-ref="AcquaIT_Metrics__AcquaIT_Metric_Connector_Configuration" snapTimeKey="Shopify-Sincronizacion_End" doc:name="Metrics End Snap"/>
        
        <acquait-metrics:time config-ref="AcquaIT_Metrics__AcquaIT_Metric_Connector_Configuration" beginSnapKey="Shopify-Sincronizacion_Begin" category="#[flowVars.metricCategory]-Time" endSnapKey="Shopify-Sincronizacion_End" metricKey="#[(message.outboundProperties[&quot;http.status&quot;]!=200?((message.outboundProperties[&quot;http.status&quot;]==510)?flowVars.metricCategory +&quot;-Time-Error-Response&quot;:((message.outboundProperties[&quot;http.status&quot;]==401)?flowVars.metricCategory +&quot;-Time-Unauthorized&quot;:flowVars.metricCategory +&quot;-Time-Invalid-Response&quot;)):flowVars.metricCategory +&quot;-Time-Valid-Response&quot;)]" doc:name="Metrics Record Full Request"/>
        
        <logger message="#[payload]" level="INFO" doc:name="Logger" category="com.acqua.base.ProcessLayer"/>
        <foreach collection="#[flowVars.ecommerces]" doc:name="For Each ECommerce - End Process">
            <processor-chain doc:name="Processor Chain">
                <set-variable variableName="currentEcommerce" value="#[payload]" doc:name="Variable Set Current Ecommerce"/>
                <expression-component doc:name="Set Message"><![CDATA[payload = new java.util.HashMap();
payload.put("time",flowVars.transacionIDGen); 
payload.put("action","END"); ]]></expression-component>
                <set-property propertyName="batchID" value="#[flowVars.transacionIDGen]" doc:name="Set Batch ID"/>
                <set-property propertyName="refreshArticulo" value="#[flowVars.refreshArticulo]" doc:name="Set Refresh Articulo"/>
                <json:object-to-json-transformer doc:name="Object to JSON"/>
                <jms:outbound-endpoint queue="#[flowVars.queueArticulos]-#[flowVars.currentEcommerce]" connector-ref="Active_MQ" doc:name="JMS"/>
            </processor-chain>
        </foreach>

        
        <acquait-metrics:inc-count config-ref="AcquaIT_Metrics__AcquaIT_Metric_Connector_Configuration" category="#[flowVars.metricCategory]-End" doc:name="Metrics Count Request">
            <acquait-metrics:metric-keys>
                <acquait-metrics:metric-key>Shopify-Sincronizacion-Articulo-Request</acquait-metrics:metric-key>
            </acquait-metrics:metric-keys>
        </acquait-metrics:inc-count>
        <expression-component doc:name="Expression"><![CDATA[flowVars.refreshArticulo = flowVars.refreshArticulo != null?flowVars.refreshArticulo:false;]]></expression-component>
        
        <choice doc:name="Choice">
            <when expression="#[flowVars.registrosProcesados &gt; 0]">
                <set-payload value="{ &quot;flow&quot;:&quot;Dragon-Articulos&quot;, &quot;subject&quot;:&quot;#[flowVars.refreshArticulo?&quot;Refresh de Articulos Finalizada&quot;:&quot;Captura de Articulos Finalizada&quot;]&quot;,&quot;layer&quot;:&quot;layer-detail-msg-report&quot;} " doc:name="Set Dragon-Articulos Msg to Jobs" mimeType="application/json"/>

                <jms:outbound-endpoint doc:name="JMS - Send Process Job" connector-ref="Active_MQ" queue="${activemq.queue.jobs_pending}" encoding="UTF-8" mimeType="text/plain">  
				</jms:outbound-endpoint>

            </when>
            <otherwise>
                <logger message="No se procesaron registros" level="INFO" category="com.acqua.base.ProcessLayer" doc:name="Logger"/>
            </otherwise>
        </choice>

        <set-property propertyName="http.status" value="#[200]" doc:name="Set http.status"/>
		
		<exception-strategy ref="Process_Layer_Generic_Exception_Strategy" doc:name="Reference Exception Strategy"/>
    
    </flow>

    
    <flow name="dragon-articulos-SyncToEcommerce-main-process-flow" processingStrategy="synchronous">
        <logger message="Procesando sincronizacion...." level="INFO" category="com.acqua.base.ProcessLayer" doc:name="Logger"/>
       
        <set-payload value="#[&quot;&quot;]" doc:name="Set Payload"/>
        <set-variable variableName="registrosProcesados" value="#[0]" doc:name="Set registros Procesados"/>
        <set-variable variableName="registrosProcesadosConError" value="#[0]" doc:name="Set registros Procesados Con Error"/>
      
        <set-variable variableName="lastDate" value="" doc:name="Save Last Date"/>
       
        <choice doc:name="Choice - Si se Informa Fecha">
            <when expression="#[flowVars.fromDate != &quot;&quot; &amp;&amp; !flowVars.refreshArticulo]">
                <logger message="PROCESS LAYER - Desde la Fecha: #[flowVars.fromDate]" level="INFO" category="com.acqua.utils.ConsolaDragon" doc:name="Logger CONSOLA"/>
                <http:request config-ref="DragonSL_Request_Configuration" path="obtener-articulos-modificados-desde/#[flowVars.fromDate]" method="GET" doc:name="HTTP Obtener Productos Modificados Desde">
                    <http:success-status-code-validator values="200..599"/>
                </http:request>
            </when>
            <when expression="#[flowVars.refreshArticulo]">
                <http:request config-ref="DragonSL_Request_Configuration" path="obtener-articulos-publicados/#[flowVars.eCommerceAProcesar]/false" method="GET" doc:name="HTTP Obtener Productos Modificados Todos">
                    <http:success-status-code-validator values="200..599"/>
                </http:request>
            </when>
            <otherwise>
                <http:request config-ref="DragonSL_Request_Configuration" path="obtener-articulos-modificados" method="GET" doc:name="HTTP Obtener Productos Modificados Todos">
                    <http:success-status-code-validator values="200..599"/>
                </http:request>
            </otherwise>
        </choice>

        <set-variable variableName="validationErrorMessage" value="No se pudo obtener codigos modificados de DragonFish" doc:name="Set Error Message"/>
        <logger message="PROCESS LAYER - Estado de la Respuesta: #[message.inboundProperties[&quot;http.status&quot;]] Articulos Modificados en Dragon posterior a la fecha indicada #[&quot;\n&quot;]#[message.payloadAs(java.lang.String)]" level="INFO" category="com.acqua.utils.ConsolaDragon" doc:name="Logger CONSOLA"/>
      	
      	<validation:custom-validator config-ref="Validation_Configuration" message="#[flowVars.validationErrorMessage]" class="com.acqua.common.pl.validator.PLExternalRestfulValidator" doc:name="Validation"/>
      	
        <json:json-to-object-transformer returnClass="java.util.ArrayList" doc:name="JSON to Object"/>
 
        <foreach collection="#[payload]" doc:name="For Each - Articulo Modificado en Dragon">
            <set-variable variableName="ProductoASincronizar" value="#[payload]" doc:name="Set Producto A Sincronizar"/>
            <acquait-metrics:inc-count config-ref="AcquaIT_Metrics__AcquaIT_Metric_Connector_Configuration" category="Shopify-Sincronizacion-Articulo-Count" doc:name="AcquaIT Metrics">
                <acquait-metrics:metric-keys>
                    <acquait-metrics:metric-key>Shopify-Sincronizacion</acquait-metrics:metric-key>
                </acquait-metrics:metric-keys>
            </acquait-metrics:inc-count>
            <acquait-metrics:snap-time config-ref="AcquaIT_Metrics__AcquaIT_Metric_Connector_Configuration" snapTimeKey="Shopify_Sincronizacion_Begin" doc:name="AcquaIT Metrics"/>
            <set-variable variableName="articuloProcesado" value="#[false]" doc:name="Set Articulo Procesado"/>

            <set-variable variableName="actualizado" value="#[false]" doc:name="Set Actualizado"/>
            <logger message="PROCESS LAYER - Procesando Articulo: #[payload]" level="INFO" category="com.acqua.utils.ConsolaDragon" doc:name="Logger CONSOLA"/>

            <flow-ref name="dragon-articulos-main-articulo-flow" doc:name="dragon-articulos-main-articulo-flow"/>
            
            <acquait-metrics:snap-time config-ref="AcquaIT_Metrics__AcquaIT_Metric_Connector_Configuration" snapTimeKey="Shopify_Sincronizacion_End" doc:name="AcquaIT Metrics"/>
            <acquait-metrics:time config-ref="AcquaIT_Metrics__AcquaIT_Metric_Connector_Configuration" beginSnapKey="Shopify_Sincronizacion_Begin" category="Shopify-Sincronizacion-Articulo-Time" endSnapKey="Shopify_Sincronizacion_End" metricKey="Shopify-Sincronizacion-Articulo" doc:name="AcquaIT Metrics"/>
            <expression-component doc:name="Expression Save Message"><![CDATA[flowVars.responseValue = new java.util.HashMap();
flowVars.responseValue .put("time",server.dateTime.format('yyyy/MM/dd HH:mm:ss:SSS'));
flowVars.responseValue .put("articuloDragon",flowVars.ProductoASincronizar);
flowVars.responseValue .put("descripcionArticulo","");
flowVars.responseValue .put("articuloShopify","");
flowVars.responseValue .put("estado",flowVars.ArticuloStatusCode);
flowVars.responseValue .put("descripcionEstado",flowVars.ArticuloStatus);]]></expression-component>
            <set-payload value="#[flowVars.responseValue]" doc:name="Set Payload"/>
            <json:object-to-json-transformer doc:name="Object to JSON"/>
			<message-properties-transformer doc:name="Message Properties">
                <add-message-property key="Header" value="Shopify-Articulos"/>
            </message-properties-transformer>
            <expression-component doc:name="Sleep Prop Seconds"><![CDATA[Thread.sleep(${Dragon_Sleep_Btw_products_milliseconds});]]></expression-component>

            
			<jms:outbound-endpoint queue="${activemq.queue.mensajes.articulos.dragon}"
				connector-ref="Active_MQ" doc:name="JMS - Save Message">
			</jms:outbound-endpoint>
        
        </foreach>
        <choice doc:name="Choice - Si se Proceso Registro">
            <when expression="#[flowVars.registrosProcesados &gt; 0]">

                <flow-ref name="dragon-articulos-actualizar-reg-control-flow" doc:name="dragon-articulos-actualizar-reg-control-flow"/>
            </when>
            <otherwise>
                <logger message="No se procesaron registros" level="INFO" category="com.acqua.base.ProcessLayer" doc:name="Logger"/>
                <set-property propertyName="http.status" value="#[200]" doc:name="http.status"/>

            </otherwise>
        </choice>
       
        <exception-strategy ref="Process_Layer_Generic_Exception_Strategy" doc:name="Reference Exception Strategy"/>
 
    </flow>
    
    <flow name="dragon-articulos-main-articulo-flow" >

      
        <set-variable variableName="ArticuloStatus" value="Se publicara" doc:name="Set Status Description"/>
        <set-variable variableName="ArticuloStatusCode" value="#[200]" doc:name="Set Status Code"/>
        <set-variable variableName="registrosProcesados" value="#[flowVars.registrosProcesados + 1]" doc:name="Set registros Procesados"/>
     
        <flow-ref name="dragon-articulos-SyncToShopify-articulo-process-flow" doc:name="dragon-articulos-SyncToShopify-articulo-process-flow"/>
     
        <logger message="Sincronizando Producto #[payload]" level="INFO" category="com.acqua.base.ProcessLayer" doc:name="Logger"/>
     
        <catch-exception-strategy doc:name="Catch Exception Strategy">
            <logger message="PROCESS LAYER - ERROR procesando articulo #[flowVars.ProductoASincronizar]" level="INFO" category="com.acqua.utils.ConsolaDragon" doc:name="Logger CONSOLA"/>
            <set-variable variableName="ArticuloStatusCode" value="#[message.inboundProperties[&quot;http.status&quot;]]" doc:name="Set Status Code"/>

            <set-variable variableName="ArticuloStatus" value="#[exception.message]" doc:name="Set Status Invalid"/>
            <set-variable variableName="registrosProcesadosConError" value="#[flowVars.registrosProcesadosConError + 1]" doc:name="Set registros Procesados Con Error"/>
        </catch-exception-strategy>
   
    </flow>
     
    <flow name="dragon-articulos-SyncToShopify-articulo-process-flow" processingStrategy="synchronous">
        <set-variable variableName="originalPayload" value="#[payload]" doc:name="Save Payload"/>
        <logger message="PROCESS LAYER - Obteniendo Informacion del Articulo Modificado: #[message.payloadAs(java.lang.String)]" level="INFO" category="com.acqua.utils.ConsolaDragon" doc:name="Logger CONSOLA"/>
        <http:request config-ref="DragonSL_Request_Configuration" path="producto/#[payload]" method="GET" doc:name="HTTP Obtener Producto Modificado Dragon">
            <http:success-status-code-validator values="200..599"/>
        </http:request>
        <set-variable variableName="validationErrorMessage" value="No se pudo obtener Articulo de DragonFish #[flowVars.ProductoASincronizar]" doc:name="Set Error Message"/>
        <logger message="PROCESS LAYER - Estado de la Respuesta: #[message.inboundProperties[&quot;http.status&quot;]] Informacion del Articulo Modificado: #[&quot;\n&quot;] #[message.payloadAs(java.lang.String)]" level="INFO" category="com.acqua.utils.ConsolaDragon" doc:name="Logger CONSOLA"/>
        <validation:custom-validator config-ref="Validation_Configuration" message="#[flowVars.validationErrorMessage]" class="com.acqua.common.pl.validator.PLExternalRestfulValidator" doc:name="Validation"/>
        <json:json-to-object-transformer returnClass="java.util.HashMap" doc:name="JSON to Object"/>
        <custom-transformer mimeType="application/json" class="com.acqua.transformer.ShopifyValidacionProductoTransformer" doc:name="Shopify Validacion Adicional - Verifica que tenga Stock y Precio"/>
        <set-variable variableName="articuloModificado" value="#[payload]" doc:name="Save Articulo Modificado"/>
        <set-payload value="#[flowVars.originalPayload]" doc:name="Set Payload"/>


       
        <flow-ref name="dragon-articulos-save-last-date-flow" doc:name="dragon-articulos-save-last-date-flow"/>

		<foreach collection="#[flowVars.ecommerces]" doc:name="For Each ECommerce">
		
			<processor-chain doc:name="Processor Chain">
				<set-variable variableName="originalECommerce" value="#[payload]"
					doc:name="Variable" />
				<expression-component doc:name="Set Payload"><![CDATA[payload = flowVars.articuloModificado;
	payload.put("action","ROW"); 
	payload.put("time",flowVars.transacionIDGen);]]></expression-component>
				<json:object-to-json-transformer
					encoding="UTF-8" doc:name="Object to JSON" />
				<set-property propertyName="batchID" value="#[flowVars.transacionIDGen]"
					doc:name="Set Batch ID" />
				<set-property propertyName="refreshArticulo" value="#[flowVars.refreshArticulo]"
					doc:name="Set Refresh Articulo" />
                <choice doc:name="Choice">
                    <when expression="#[flowVars.originalECommerce.equals(&quot;woo&quot;)]">
                        <set-variable variableName="amqDelay" value="${activemq.queue.jobs_pending.woo.delay}" doc:name="Variable Set Delay"/>
                    </when>
                    <otherwise>
                        <set-variable variableName="amqDelay" value="${activemq.queue.jobs_pending.shopify.delay}" doc:name="Variable Set Delay Shopify"/>
                    </otherwise>
                </choice>
                <choice doc:name="Choice">
                    <when expression="#[flowVars.amqDelay&gt;0]">
                        <set-property propertyName="AMQ_SCHEDULED_DELAY" value="#[flowVars.amqDelay]" doc:name="Property"/>
                    </when>
                    <otherwise>
                        <logger message="No delay" level="INFO" category="com.acqua.utils.ConsolaDragon" doc:name="Logger CONSOLA"/>
                    </otherwise>
                </choice>
				<jms:outbound-endpoint
					queue="#[flowVars.queueArticulos]-#[flowVars.originalECommerce]"
					connector-ref="Active_MQ" doc:name="JMS" />
			</processor-chain>

	</foreach>

	<set-variable variableName="ArticuloStatus"
		value="#[flowVars.articuloModificado.articulo.noPublicarEnEcommerce?&quot;No-Publicar&quot;:&quot;Se-Publica&quot;]"
		doc:name="Set ArticuloStatus" />

	<logger
		message="PROCESS LAYER - Articulo enviado a Procesamiento #[&quot;\n&quot;] #[payload]"
		level="INFO" category="com.acqua.utils.ConsolaDragon" doc:name="Logger CONSOLA" />


        <set-variable variableName="articuloProcesado" value="#[true]" doc:name="Set Articulo Procesado"/>
 
    </flow>

    <flow name="dragon-articulos-save-last-date-flow" processingStrategy="synchronous">

        <logger message="Ultima Fecha: #[flowVars.lastDate]" level="INFO" category="com.acqua.base.ProcessLayer" doc:name="Logger"/>

        <logger message="Articulo modificado el dia/hora: #[(flowVars.currentLastDateUpdated != null?flowVars.currentLastDateUpdated:&quot;&quot;)]" level="INFO" category="com.acqua.base.ProcessLayer" doc:name="Logger"/>

        <expression-component doc:name="Expression - Set Last Date"><![CDATA[flowVars.currentLastDateUpdated = flowVars.articuloModificado.articulo.informacionAdicional[0].fechaModificacionFW.concat("T").concat(flowVars.articuloModificado.articulo.informacionAdicional[0].horaModificacionFW);]]></expression-component>

        <expression-component doc:name="Expression - Save Last Date"><![CDATA[flowVars.lastDate = ((flowVars.lastDate > flowVars.currentLastDateUpdated)?flowVars.lastDate:flowVars.currentLastDateUpdated);]]></expression-component>

        <logger message="PROCESS LAYER - Nueva ultima Fecha de Actualizacion a marcar en el registro de control: #[flowVars.lastDate]" level="INFO" category="com.acqua.utils.ConsolaDragon" doc:name="Logger CONSOLA"/>

        <logger message="PROCESS LAYER - Estado de la Respuesta: #[message.inboundProperties[&quot;http.status&quot;]] Informacion del Articulo Modificado: #[&quot;\n&quot;] #[message.payloadAs(java.lang.String)]" level="INFO" category="com.acqua.utils.ConsolaDragon" doc:name="Logger CONSOLA"/>

    </flow>

    
    <flow name="dragon-articulos-actualizar-reg-control-flow">

        <choice doc:name="Choice">
            <when expression="#[flowVars.lastDate != &quot;&quot; ]">
                <enricher target="#[flowVars.regCtrol]" doc:name="Message Enricher">
                    <processor-chain doc:name="Processor Chain">

                        <expression-component doc:name="Expression - Prepare Request"><![CDATA[payload = new java.util.HashMap();
payload.put("codigoDragon","${Dragon_Articulo_Control}"); 
payload.put("codigoShopify","${Dragon_Articulo_Control}"); 
payload.put("observacion","FechaUltimaActualizacion=" + flowVars.lastDate.replace('-','').replace('T','').replace(':','') ); ]]></expression-component>
                        <json:object-to-json-transformer doc:name="Object to JSON"/>
                        <logger message="PROCESS LAYER - Actualizando Registro de Control con la fecha #[flowVars.lastDate]#[&quot;\n&quot;] #[payload]" level="INFO" category="com.acqua.utils.ConsolaDragon" doc:name="Logger CONSOLE"/>
                        <http:request config-ref="DragonSL_Request_Configuration" path="equivalencia" method="PUT" doc:name="HTTP Alta de Registro Control">
                            <http:success-status-code-validator values="200..599"/>
                        </http:request>
                        <logger message="PROCESS LAYER - Estado del Respuesta de la actualizacion del registro de control #[message.inboundProperties[&quot;http.status&quot;]]#[&quot;\n&quot;] #[message.payloadAs(java.lang.String)]" level="INFO" category="com.acqua.utils.ConsolaDragon" doc:name="Logger CONSOLE"/>
                        <set-variable variableName="validationErrorMessage" value="No se pudo obtener actualizar el registro de control" doc:name="Set Error Message"/>
                        <validation:custom-validator config-ref="Validation_Configuration" message="#[flowVars.validationErrorMessage]" class="com.acqua.common.pl.validator.PLExternalRestfulValidator" doc:name="Validation"/>
                        <json:json-to-object-transformer doc:name="JSON to Object"/>
                    </processor-chain>
                </enricher>
            </when>
            <otherwise>
                <logger message="No existe fecha para actualizar registro de control" level="INFO" category="com.acqua.base.ProcessLayer" doc:name="Logger"/>
            </otherwise>
        </choice>

     </flow>   
     
     <flow name="dragon-resfresh-articulo-flow" processingStrategy="synchronous">
        <logger message="#[&quot;-----------------------------------------------------------------------------------------&quot;]" level="INFO" category="com.acqua.utils.ConsolaStatus" doc:name="Logger CONSOLA INICIO"/>
		<expression-component doc:name="Set Init Expressions"><![CDATA[flowVars.flowName=flow.name;
flowVars.apiName=message.inboundProperties.'http.request.uri';
flowVars.errorCode=server.dateTime.format('yyyyMMddHHmmssSSS');
flowVars.metricCategory=com.acqua.util.DragonProcessUtil.crearCategoriaDeMetrics(message.inboundProperties); 
flowVars.sendMail=true;]]></expression-component>

		<http:basic-security-filter realm="mule-realm" />

		<mule-ss:authorization-filter
			requiredAuthorities="ROLE_USER" />
 
		<flow-ref name="dragon-resfresh-articulo--process-flow" doc:name="dragon-resfresh-articulo--process-flow" />

		<set-payload value="{&quot;status&quot;:&quot;done&quot;}" mimeType="application/json"
			doc:name="Set Payload" />
 
		<exception-strategy ref="Process_Layer_Generic_Exception_Strategy"
			doc:name="Reference Exception Strategy" />

	</flow>
	
	<flow name="dragon-resfresh-articulo--process-flow" processingStrategy="synchronous">
    
        <processor-chain doc:name="Processor Chain">
           
            <expression-component doc:name="Expression"><![CDATA[flowVars.codigo=(message.inboundProperties.'http.uri.params'.Codigo == null? "":message.inboundProperties.'http.uri.params'.Codigo);]]></expression-component>
         
            <logger message="PROCESS LAYER - Reprocessing Articulo: #[flowVars.codigo]" level="INFO" category="com.acqua.utils.ConsolaStatus" doc:name="Logger CONSOLA"/>
            <set-payload value="{}" mimeType="application/json" doc:name="Set Payload"/>
    
            <http:request config-ref="SystemLayer_Request_Configuration" path="/dragon/producto/#[flowVars.codigo]" method="POST" doc:name="HTTP Mark Product">
                <http:success-status-code-validator values="200..599"/>
            </http:request>
    
            <logger message="PROCESS LAYER - Articulo Reprosado  #[message.inboundProperties[&quot;http.status&quot;]]#[&quot;\n&quot;] #[message.payloadAs(java.lang.String)]" level="INFO" category="com.acqua.utils.ConsolaStatus" doc:name="Logger CONSOLA"/>
    
            <set-variable variableName="validationErrorMessage" value="No se pudo marcar el producto" doc:name="Set Error Message"/>
    
            <validation:custom-validator config-ref="Validation_Configuration" message="#[flowVars.validationErrorMessage]" class="com.acqua.common.pl.validator.PLExternalRestfulValidator" doc:name="Validation"/>
    
        </processor-chain>

    
        <exception-strategy ref="Process_Layer_Generic_Exception_Strategy" doc:name="Reference Exception Strategy"/>
    
    </flow>
 
</mule>
