<?xml version="1.0" encoding="UTF-8"?>

<mule xmlns:validation="http://www.mulesoft.org/schema/mule/validation"
	xmlns:json="http://www.mulesoft.org/schema/mule/json"
	xmlns:http="http://www.mulesoft.org/schema/mule/http"
	xmlns="http://www.mulesoft.org/schema/mule/core" xmlns:doc="http://www.mulesoft.org/schema/mule/documentation"
	xmlns:spring="http://www.springframework.org/schema/beans" 
	xmlns:xsi="http://www.w3.org/2001/XMLSchema-instance"
	xsi:schemaLocation="http://www.mulesoft.org/schema/mule/validation http://www.mulesoft.org/schema/mule/validation/current/mule-validation.xsd
http://www.mulesoft.org/schema/mule/json http://www.mulesoft.org/schema/mule/json/current/mule-json.xsd
http://www.mulesoft.org/schema/mule/http http://www.mulesoft.org/schema/mule/http/current/mule-http.xsd
http://www.springframework.org/schema/beans http://www.springframework.org/schema/beans/spring-beans-current.xsd
http://www.mulesoft.org/schema/mule/core http://www.mulesoft.org/schema/mule/core/current/mule.xsd">

<flow name="shopify-get-status-flow" processingStrategy="synchronous">

	<processor-chain doc:name="Processor Chain">
		<logger message="PROCESS LAYER - Obteniendo estado de Shopify..."
			level="INFO" category="com.acqua.utils.ConsolaStatus" doc:name="Logger CONSOLA" />
		<http:request config-ref="ShopifySL_Request_Configuration"
			path="status" method="GET" doc:name="HTTP Get Status">
			<http:success-status-code-validator
				values="200..599" />
		</http:request>
		<logger
			message="PROCESS LAYER - Respuesta recibida de Shopify: Status #[message.inboundProperties[&quot;http.status&quot;]]#[&quot;\n&quot;] #[message.payloadAs(java.lang.String)]"
			level="INFO" category="com.acqua.utils.ConsolaStatus" doc:name="Logger CONSOLA" />
		<set-variable variableName="validationErrorMessage"
			value="No se pudo obtener el estado de Dragon" doc:name="Set Error Message" />
		<validation:custom-validator config-ref="Validation_Configuration"
			message="#[flowVars.validationErrorMessage]" class="com.acqua.common.pl.validator.PLExternalRestfulValidator"
			doc:name="Validation" />
		<json:json-to-object-transformer
			returnClass="java.util.HashMap" doc:name="JSON to Object" />


	</processor-chain>

	<expression-component doc:name="Set flagShopifyOK"><![CDATA[payload.put("flagOK",true);]]></expression-component>

	<exception-strategy ref="Process_Layer_Generic_Exception_Strategy"
		doc:name="Reference Exception Strategy" />

</flow>

</mule>
