<?xml version="1.0" encoding="UTF-8"?>

<mule xmlns:jms="http://www.mulesoft.org/schema/mule/jms"
	xmlns:validation="http://www.mulesoft.org/schema/mule/validation"
	xmlns:json="http://www.mulesoft.org/schema/mule/json"
	xmlns:http="http://www.mulesoft.org/schema/mule/http"
	xmlns:mule-ss="http://www.mulesoft.org/schema/mule/spring-security"
	xmlns="http://www.mulesoft.org/schema/mule/core" xmlns:doc="http://www.mulesoft.org/schema/mule/documentation"
	xmlns:spring="http://www.springframework.org/schema/beans" 
	xmlns:xsi="http://www.w3.org/2001/XMLSchema-instance"
	xsi:schemaLocation="http://www.mulesoft.org/schema/mule/jms http://www.mulesoft.org/schema/mule/jms/current/mule-jms.xsd
http://www.mulesoft.org/schema/mule/validation http://www.mulesoft.org/schema/mule/validation/current/mule-validation.xsd
http://www.mulesoft.org/schema/mule/json http://www.mulesoft.org/schema/mule/json/current/mule-json.xsd
http://www.mulesoft.org/schema/mule/http http://www.mulesoft.org/schema/mule/http/current/mule-http.xsd
http://www.mulesoft.org/schema/mule/spring-security http://www.mulesoft.org/schema/mule/spring-security/current/mule-spring-security.xsd
http://www.springframework.org/schema/beans http://www.springframework.org/schema/beans/spring-beans-current.xsd
http://www.mulesoft.org/schema/mule/core http://www.mulesoft.org/schema/mule/core/current/mule.xsd">

	<flow name="shopify-reprocess-order-flow" processingStrategy="synchronous">
        <logger message="#[&quot;-----------------------------------------------------------------------------------------&quot;]" level="INFO" category="com.acqua.utils.ConsolaStatus" doc:name="Logger CONSOLA INICIO"/>
		<expression-component doc:name="Set Init Expressions"><![CDATA[flowVars.flowName=flow.name;
flowVars.apiName=message.inboundProperties.'http.request.uri';
flowVars.errorCode=server.dateTime.format('yyyyMMddHHmmssSSS');
flowVars.metricCategory=com.acqua.util.DragonProcessUtil.crearCategoriaDeMetrics(message.inboundProperties); 
flowVars.sendMail=true;]]></expression-component>

		<http:basic-security-filter realm="mule-realm" />

		<mule-ss:authorization-filter
			requiredAuthorities="ROLE_USER" />


		<flow-ref name="shopify-reprocess-order-process-flow" doc:name="shopify-reprocess-order-process-flow" />

		<set-payload value="{&quot;status&quot;:&quot;done&quot;}" mimeType="application/json"
			doc:name="Set Payload" />
 
		<exception-strategy ref="Process_Layer_Generic_Exception_Strategy"
			doc:name="Reference Exception Strategy" />

	</flow>
	
	<flow name="shopify-reprocess-order-process-flow" processingStrategy="synchronous">
    
        <processor-chain doc:name="Processor Chain">
            <expression-component doc:name="Expression"><![CDATA[flowVars.orderid=(message.inboundProperties.'http.uri.params'.OrderId == null? "":message.inboundProperties.'http.uri.params'.OrderId);]]></expression-component>
            <logger message="PROCESS LAYER - Reprocessing Order: #[flowVars.orderid]" level="INFO" category="com.acqua.utils.ConsolaStatus" doc:name="Logger CONSOLA"/>
    
            <http:request config-ref="SystemLayer_Request_Configuration" path="/shopify/order/#[flowVars.orderid]" method="GET" doc:name="HTTP Get Order">
                <http:success-status-code-validator values="200..599"/>
            </http:request>
    
            <logger message="PROCESS LAYER -Order #[message.inboundProperties[&quot;http.status&quot;]]#[&quot;\n&quot;] #[message.payloadAs(java.lang.String)]" level="INFO" category="com.acqua.utils.ConsolaStatus" doc:name="Logger CONSOLA"/>
    
            <set-variable variableName="validationErrorMessage" value="No se pudo obtener Orden" doc:name="Set Error Message"/>
    
            <validation:custom-validator config-ref="Validation_Configuration" message="#[flowVars.validationErrorMessage]" class="com.acqua.common.pl.validator.PLExternalRestfulValidator" doc:name="Validation"/>
    
        </processor-chain>
        
        <message-properties-transformer
					overwrite="true" doc:name="Message Properties">
					<add-message-property key="entidad" value="orders" />
					<add-message-property key="accion" value="create" />
		            <add-message-property key="ecommerce" value="shopify"/>
				</message-properties-transformer>
				<jms:outbound-endpoint queue="${activemq.queue.webhook}-shopify"
					connector-ref="Active_MQ" doc:name="JMS" encoding="ISO-8859-1" mimeType="application/json"/>
    
        <exception-strategy ref="Process_Layer_Generic_Exception_Strategy" doc:name="Reference Exception Strategy"/>
    
    </flow>
 
</mule>
