<?xml version="1.0" encoding="UTF-8"?>

<mule xmlns:json="http://www.mulesoft.org/schema/mule/json"
	xmlns:mulerequester="http://www.mulesoft.org/schema/mule/mulerequester"
	xmlns:tracking="http://www.mulesoft.org/schema/mule/ee/tracking"
	xmlns:jms="http://www.mulesoft.org/schema/mule/jms" xmlns="http://www.mulesoft.org/schema/mule/core"
	xmlns:doc="http://www.mulesoft.org/schema/mule/documentation"
	xmlns:spring="http://www.springframework.org/schema/beans" xmlns:xsi="http://www.w3.org/2001/XMLSchema-instance"
	xsi:schemaLocation="http://www.springframework.org/schema/beans http://www.springframework.org/schema/beans/spring-beans-current.xsd
http://www.mulesoft.org/schema/mule/core http://www.mulesoft.org/schema/mule/core/current/mule.xsd
http://www.mulesoft.org/schema/mule/jms http://www.mulesoft.org/schema/mule/jms/current/mule-jms.xsd
http://www.mulesoft.org/schema/mule/ee/tracking http://www.mulesoft.org/schema/mule/ee/tracking/current/mule-tracking-ee.xsd
http://www.mulesoft.org/schema/mule/json http://www.mulesoft.org/schema/mule/json/current/mule-json.xsd
http://www.mulesoft.org/schema/mule/mulerequester http://www.mulesoft.org/schema/mule/mulerequester/current/mule-mulerequester.xsd">
	
	<flow name="process-pending-shopify-msg-flow" processingStrategy="synchronous">
		<jms:inbound-endpoint queue="${activemq.queue.jobs_pending.shopify}"
			connector-ref="Active_MQ" doc:name="JMS" />
        <enricher target="#[flowVars.messageToProcess]" doc:name="Message Enricher">
            <json:json-to-object-transformer returnClass="java.util.HashMap" doc:name="JSON to Object"/>
        </enricher>
		<expression-component doc:name="Expression"><![CDATA[flowVars.messagesReturnValue = new java.util.ArrayList();
flowVars.mensajesProcesadosConError=0;
flowVars.mensajesProcesados=0;
]]></expression-component>
		<flow-ref name="process-read-message-queue-#[flowVars.messageToProcess.flow]-flow"
			doc:name="process-read-message-queue-flow" />
		<choice doc:name="Choice">
			<when expression="#[flowVars.mensajesProcesados&gt;0]">
				<expression-component doc:name="Prepare Email"><![CDATA[payload=flowVars.messagesReturnValue;
flowVars.subject=(flowVars.mensajesProcesadosConError>0? flowVars.messageToProcess.subject + " con Error":flowVars.messageToProcess.subject);
flowVars.HandlebarsTemplate=flowVars.messageToProcess.layer;
flowVars.attachLogs=(flowVars.mensajesProcesadosConError>0?true:false);
]]></expression-component>
				<flow-ref name="common-new-send-notification-w-attach-flow"
					doc:name="common-new-send-notification-w-attach-flow" />
			</when>
			<otherwise>
				<logger message="No hay mensajes" level="INFO"
					category="com.acqua.base.ProcessLayer" doc:name="Logger" />
			</otherwise>
		</choice>
        <exception-strategy ref="Process_Layer_Generic_Exception_Strategy" doc:name="Reference Exception Strategy"/>
	</flow>
	
	<flow name="process-read-message-queue-Shopify-Articulos-flow"
		initialState="started" processingStrategy="synchronous">
		
		<mulerequester:request-collection
			resource="jms://${activemq.queue.mensajes.articulos.shopify}"
			doc:name="Mule Requester - Get JMS" />
		
		<foreach doc:name="For Each">
			
			<expression-component doc:name="Set Init Expressions"><![CDATA[flowVars.flowName=flow.name;
flowVars.apiName='Shopify-Process-Message-Queue';
flowVars.errorCode=server.dateTime.format('yyyyMMddHHmmssSSS');
flowVars.metricCategory='Shopify-Send-Message';]]></expression-component>
			
			<json:json-to-object-transformer
				returnClass="java.util.HashMap" doc:name="JSON to Object" />
			
			<set-variable variableName="mensajesProcesados"
				value="#[flowVars.mensajesProcesados + 1]" doc:name="Add Mensajes Procesados" />
		
			<set-variable variableName="mensajesProcesadosConError"
				value="#[flowVars.mensajesProcesadosConError + (payload.estado != 200?1:0)]"
				doc:name="Add Mensajes Errors" />
			
			<expression-component doc:name="Expression"><![CDATA[flowVars.messagesReturnValue .add(payload);]]></expression-component>
		</foreach>
		
	</flow>
	
	<flow name="process-read-message-queue-Shopify-Articulos-CSV-flow"
		initialState="started" processingStrategy="synchronous">
		
		<mulerequester:request-collection
			resource="jms://${activemq.queue.mensajes.articulos.shopify.csv}"
			doc:name="Mule Requester - Get JMS" />
		
		<expression-component doc:name="Set Transaction ID"><![CDATA[flowVars.transacionIDGen=server.dateTime.format('yyyyMMddHHmmss');]]></expression-component>
		
		<foreach doc:name="For Each">
			<expression-component doc:name="Set Init Expressions"><![CDATA[flowVars.flowName=flow.name;
flowVars.apiName='Shopify-Process-Message-Queue';
flowVars.errorCode=server.dateTime.format('yyyyMMddHHmmssSSS');
flowVars.metricCategory='Shopify-Send-Message';]]></expression-component>
			
			<json:json-to-object-transformer
				returnClass="java.util.HashMap" doc:name="JSON to Object" />
		
			<set-variable variableName="mensajesProcesados"
				value="#[flowVars.mensajesProcesados + 1]" doc:name="Add Mensajes Procesados" />
          
            <flow-ref name="process-read-message-queue-Shopify-Articulos-CSV-process-rec-flow" doc:name="process-read-message-queue-Shopify-Articulos-CSV-process-rec-flow"/>
         
            <set-variable variableName="mensajesProcesadosConError" value="#[flowVars.mensajesProcesadosConError + (flowVars.responseValue.estado != 200?1:0)]" doc:name="Add Mensajes Errors"/>
        
            <expression-component doc:name="Expression"><![CDATA[flowVars.messagesReturnValue .add(flowVars.responseValue);]]></expression-component>
	
		</foreach>
     
        <expression-component doc:name="Expression"><![CDATA[flowVars.adjunto="${shopify_generar_csv_file_name}" + flowVars.transacionIDGen + ".csv";]]></expression-component>
	</flow>
	
    <flow name="process-read-message-queue-Shopify-Articulos-CSV-process-rec-flow" processingStrategy="synchronous">
        <expression-component doc:name="Expression - Set Detail"><![CDATA[flowVars.responseValue = new java.util.HashMap();
flowVars.responseValue .put("time",server.dateTime.format('yyyy/MM/dd HH:mm:ss:SSS'));
flowVars.responseValue .put("articuloDragon",payload.articuloDragon);
flowVars.responseValue .put("descripcionArticulo",payload.descripcionArticulo);
flowVars.responseValue .put("articuloShopify",payload.id);
flowVars.responseValue .put("estado",payload.estado);
flowVars.responseValue .put("descripcionEstado",payload.descripcionEstado);]]></expression-component>
        
        <custom-transformer mimeType="application/json" class="com.acqua.transformer.ShopifyGenCSVTransformer" doc:name="Shopify SCV Transformer"/>
        
        <catch-exception-strategy doc:name="Catch Exception Strategy">
                        <expression-component doc:name="Expression - Get Error Detail"><![CDATA[flowVars.responseValue = new java.util.HashMap();
flowVars.responseValue .put("time",server.dateTime.format('yyyy/MM/dd HH:mm:ss:SSS'));
flowVars.responseValue .put("articuloDragon",payload.dragonID);
flowVars.responseValue .put("descripcionArticulo",payload.title);
flowVars.responseValue .put("articuloShopify",payload.id);
flowVars.responseValue .put("estado",430);
flowVars.responseValue .put("descripcionEstado",exception);]]></expression-component>
        </catch-exception-strategy>
        
    </flow>

</mule>
