<?xml version="1.0" encoding="UTF-8"?>

<mule xmlns:mulerequester="http://www.mulesoft.org/schema/mule/mulerequester"
	xmlns:jms="http://www.mulesoft.org/schema/mule/jms"
	xmlns:validation="http://www.mulesoft.org/schema/mule/validation"
	xmlns:acquait-metrics="http://www.mulesoft.org/schema/mule/acquait-metrics"
	xmlns:json="http://www.mulesoft.org/schema/mule/json" xmlns:tracking="http://www.mulesoft.org/schema/mule/ee/tracking"
	xmlns:tls="http://www.mulesoft.org/schema/mule/tls" xmlns:http="http://www.mulesoft.org/schema/mule/http"
	xmlns="http://www.mulesoft.org/schema/mule/core" xmlns:doc="http://www.mulesoft.org/schema/mule/documentation"
	xmlns:spring="http://www.springframework.org/schema/beans" xmlns:xsi="http://www.w3.org/2001/XMLSchema-instance"
	xsi:schemaLocation="http://www.mulesoft.org/schema/mule/mulerequester http://www.mulesoft.org/schema/mule/mulerequester/current/mule-mulerequester.xsd
http://www.mulesoft.org/schema/mule/validation http://www.mulesoft.org/schema/mule/validation/current/mule-validation.xsd
http://www.mulesoft.org/schema/mule/acquait-metrics http://www.mulesoft.org/schema/mule/acquait-metrics/current/mule-acquait-metrics.xsd
http://www.mulesoft.org/schema/mule/tls http://www.mulesoft.org/schema/mule/tls/current/mule-tls.xsd
http://www.springframework.org/schema/beans http://www.springframework.org/schema/beans/spring-beans-current.xsd
http://www.mulesoft.org/schema/mule/core http://www.mulesoft.org/schema/mule/core/current/mule.xsd
http://www.mulesoft.org/schema/mule/http http://www.mulesoft.org/schema/mule/http/current/mule-http.xsd
http://www.mulesoft.org/schema/mule/json http://www.mulesoft.org/schema/mule/json/current/mule-json.xsd
http://www.mulesoft.org/schema/mule/ee/tracking http://www.mulesoft.org/schema/mule/ee/tracking/current/mule-tracking-ee.xsd
http://www.mulesoft.org/schema/mule/jms http://www.mulesoft.org/schema/mule/jms/current/mule-jms.xsd">
   
	<flow name="dragonfish-webhooks-activemq-flow">
		<expression-component doc:name="Set Init Expressions"><![CDATA[flowVars.flowName=flow.name;
flowVars.apiName='WebHooks Shopify';
flowVars.errorCode=server.dateTime.format('yyyyMMddHHmmssSSS');
flowVars.metricCategory='Shopify-WebHooks';
flowVars.sendMail=true;]]></expression-component>
		<acquait-metrics:inc-count
			config-ref="AcquaIT_Metrics__AcquaIT_Metric_Connector_Configuration"
			category="#[flowVars.metricCategory]" doc:name="Metrics Count Request">
			<acquait-metrics:metric-keys>
                <acquait-metrics:metric-key>#[flowVars.metricCategory]-Request</acquait-metrics:metric-key>

			</acquait-metrics:metric-keys>
		</acquait-metrics:inc-count>
		<expression-component doc:name="Expression - Get Entidad/Accion"><![CDATA[flowVars.ecommerce=(message.inboundProperties.'http.uri.params'.ecommerce == null? "":message.inboundProperties.'http.uri.params'.ecommerce);
flowVars.entidad=(message.inboundProperties.'http.uri.params'.entidad == null? "":message.inboundProperties.'http.uri.params'.entidad);
flowVars.accion=(message.inboundProperties.'http.uri.params'.accion == null? "":message.inboundProperties.'http.uri.params'.accion);]]></expression-component>
		<byte-array-to-string-transformer
			doc:name="Byte Array to String" encoding="UTF-8" mimeType="application/json"/>
		<logger message="Webhook recibido #[payload]" level="INFO"
			category="com.acqua.base.ProcessLayer" doc:name="Logger" />
		<message-properties-transformer
			overwrite="true" doc:name="Message Properties">
			<add-message-property key="entidad" value="#[flowVars.entidad]" />
			<add-message-property key="accion" value="#[flowVars.accion]" />
            <add-message-property key="ecommerce" value="#[flowVars.ecommerce]"/>
		</message-properties-transformer>
		<jms:outbound-endpoint queue="${activemq.queue.webhook}"
			connector-ref="Active_MQ" doc:name="JMS" encoding="ISO-8859-1" mimeType="application/json"/>
		<exception-strategy ref="Process_Layer_Generic_Exception_Strategy"
			doc:name="Reference Exception Strategy" />
	</flow>
	
	<flow name="dragonfish-webhooks-process-activemq-flow" initialState="started" processingStrategy="synchronous">
	
		<jms:inbound-endpoint  connector-ref="Active_MQ" doc:name="JMS" queue="${activemq.queue.webhook}">
            <jms:transaction action="ALWAYS_BEGIN"/>
        </jms:inbound-endpoint>
 
		<copy-properties propertyName="*" doc:name="Property"/>
		
        <expression-component doc:name="Set Init Expressions"><![CDATA[flowVars.flowName=flow.name;
flowVars.apiName='WebHooks Shopify';
flowVars.errorCode=server.dateTime.format('yyyyMMddHHmmssSSS');
flowVars.metricCategory='WebHooks-Queue';
flowVars.sendMail=true;]]></expression-component>
        <logger level="INFO" doc:name="Logger CONSOLA" category="com.acqua.utils.ConsolaWebHooks" message="#[&quot;-----------------------------------------------------------------------------------------&quot;]"/>
        <logger message="PROCESS LAYER - INICIO - WebHook Recibido#[&quot;\n&quot;] #[message.payloadAs(java.lang.String)]" level="INFO" category="com.acqua.utils.ConsolaWebHooks" doc:name="Logger CONSOLA"/>
        <json:json-to-object-transformer returnClass="java.util.HashMap" doc:name="JSON to Object"/>
        
		<acquait-metrics:inc-count
			config-ref="AcquaIT_Metrics__AcquaIT_Metric_Connector_Configuration"
			category="#[flowVars.metricCategory]" doc:name="Metrics Count Request">
			<acquait-metrics:metric-keys>
				<acquait-metrics:metric-key>#[flowVars.metricCategory]-Request</acquait-metrics:metric-key>
			</acquait-metrics:metric-keys>
		</acquait-metrics:inc-count>
		
        <acquait-metrics:snap-time config-ref="AcquaIT_Metrics__AcquaIT_Metric_Connector_Configuration" snapTimeKey="Shopify_WebHooks_Queue_Begin" doc:name="Metrics Begin Snap"/>
		
		<expression-component doc:name="Expression - Get Entidad/Accion"><![CDATA[flowVars.ecommerce=(message.inboundProperties.'ecommerce' == null? "":message.inboundProperties.'ecommerce');
flowVars.entidad=(message.inboundProperties.'entidad' == null? "":message.inboundProperties.'entidad');
flowVars.accion=(message.inboundProperties.'accion' == null? "":message.inboundProperties.'accion');
]]></expression-component>
        <logger message="PROCESS LAYER - INICIO - Procesando ECommerce: #[flowVars.ecommerce] Entidad: #[flowVars.entidad] Accion: #[flowVars.accion]" level="INFO" category="com.acqua.utils.ConsolaWebHooks" doc:name="Logger CONSOLA"/>
		
		<flow-ref name="#[flowVars.ecommerce]-process-webhook-#[flowVars.entidad]-flow"
			doc:name="ECOMMERCE-process-webhook-ENTIDAD-flow" />
		
		<acquait-metrics:snap-time
			config-ref="AcquaIT_Metrics__AcquaIT_Metric_Connector_Configuration"
			snapTimeKey="Shopify_WebHooks_Queue_End" doc:name="Metrics End Snap" />
		
		<acquait-metrics:time
			config-ref="AcquaIT_Metrics__AcquaIT_Metric_Connector_Configuration"
			beginSnapKey="Shopify_WebHooks_Queue_Begin" category="#[flowVars.metricCategory]"
			endSnapKey="Shopify_WebHooks_Queue_End"
			metricKey="#[flowVars.metricCategory + (message.outboundProperties[&quot;http.status&quot;]!=200?((message.outboundProperties[&quot;http.status&quot;]==510)?&quot;-Error-Response&quot;:((message.outboundProperties[&quot;http.status&quot;]==401)?&quot;-Unauthorized&quot;:&quot;-Invalid-Response&quot;)):&quot;-Valid-Response&quot;)]"
			doc:name="Metrics Record Full Request" />

		<set-payload value="{ &quot;flow&quot;:&quot;Shopify-Webhook-Order&quot;, &quot;subject&quot;:&quot;Pedido de #[flowVars.ecommerce] Ingresado&quot;,&quot;layer&quot;:&quot;layer-order-msg-report&quot;} " doc:name="Set Shopify-Articulos Msg to Jobs" mimeType="application/json"/>
		
		<jms:outbound-endpoint doc:name="JMS - Send Process Job"
			connector-ref="Active_MQ" queue="${activemq.queue.jobs_pending}"
			encoding="ISO-8859-1" mimeType="text/plain">
		</jms:outbound-endpoint>
  		
        <rollback-exception-strategy doc:name="Rollback Exception Strategy"
			maxRedeliveryAttempts="${activemq.queue.maximumRedeliveries}"
			enableNotifications="false" logException="false">
			<logger message="Transaction Rollbacked" level="INFO"
				category="com.acqua.base.ProcessLayer" doc:name="Logger" />
			<logger doc:name="Rollback transaction" level="INFO"
				message="Entered rollback exception strategy. The message rolls back to its original state for reprocessing." />
			<on-redelivery-attempts-exceeded>
				<logger message="Transaction Exhausted" level="INFO"
					category="com.acqua.base.ProcessLayer" doc:name="Logger" />
			</on-redelivery-attempts-exceeded>
		</rollback-exception-strategy>
		

	</flow>
 

</mule>
