<?xml version="1.0" encoding="UTF-8"?>

<mule xmlns:smtp="http://www.mulesoft.org/schema/mule/smtp" xmlns:mulerequester="http://www.mulesoft.org/schema/mule/mulerequester" xmlns:scripting="http://www.mulesoft.org/schema/mule/scripting" xmlns:acquait-metrics="http://www.mulesoft.org/schema/mule/acquait-metrics" xmlns:tracking="http://www.mulesoft.org/schema/mule/ee/tracking" xmlns:json="http://www.mulesoft.org/schema/mule/json" xmlns:http="http://www.mulesoft.org/schema/mule/http" xmlns:validation="http://www.mulesoft.org/schema/mule/validation" xmlns:jms="http://www.mulesoft.org/schema/mule/jms" xmlns="http://www.mulesoft.org/schema/mule/core" xmlns:doc="http://www.mulesoft.org/schema/mule/documentation"
	xmlns:spring="http://www.springframework.org/schema/beans" 
	xmlns:xsi="http://www.w3.org/2001/XMLSchema-instance"
	xsi:schemaLocation="http://www.springframework.org/schema/beans http://www.springframework.org/schema/beans/spring-beans-current.xsd
http://www.mulesoft.org/schema/mule/core http://www.mulesoft.org/schema/mule/core/current/mule.xsd
http://www.mulesoft.org/schema/mule/jms http://www.mulesoft.org/schema/mule/jms/current/mule-jms.xsd
http://www.mulesoft.org/schema/mule/json http://www.mulesoft.org/schema/mule/json/current/mule-json.xsd
http://www.mulesoft.org/schema/mule/http http://www.mulesoft.org/schema/mule/http/current/mule-http.xsd
http://www.mulesoft.org/schema/mule/validation http://www.mulesoft.org/schema/mule/validation/current/mule-validation.xsd
http://www.mulesoft.org/schema/mule/ee/tracking http://www.mulesoft.org/schema/mule/ee/tracking/current/mule-tracking-ee.xsd
http://www.mulesoft.org/schema/mule/acquait-metrics http://www.mulesoft.org/schema/mule/acquait-metrics/current/mule-acquait-metrics.xsd
http://www.mulesoft.org/schema/mule/scripting http://www.mulesoft.org/schema/mule/scripting/current/mule-scripting.xsd
http://www.mulesoft.org/schema/mule/mulerequester http://www.mulesoft.org/schema/mule/mulerequester/current/mule-mulerequester.xsd
http://www.mulesoft.org/schema/mule/smtp http://www.mulesoft.org/schema/mule/smtp/current/mule-smtp.xsd">
    
      
    <flow name="woo-articulos-main-articulo-flow" processingStrategy="synchronous">
        <enricher target="#[flowVars.articuloModificado]" doc:name="Message Enricher">
            <json:json-to-object-transformer returnClass="java.util.HashMap" doc:name="JSON to Object"/>
        </enricher>
        <choice doc:name="Choice">
            <when expression="#[flowVars.articuloModificado.action == &quot;BEGIN&quot;]">
                <flow-ref name="woo-articulos-begin-flow" doc:name="woo-articulos-begin-flow"/>
            </when>
            <when expression="#[flowVars.articuloModificado.action == &quot;END&quot;]">
                <flow-ref name="woo-articulos-end-flow" doc:name="woo-articulos-end-flow"/>
            </when>
            <otherwise>
                <flow-ref name="woo-articulos-process-flow" doc:name="woo-articulos-process-flow"/>

            </otherwise>
        </choice>
    </flow> 
    
    <flow name="woo-articulos-process-flow" processingStrategy="synchronous">
        <expression-component doc:name="Expression - Set Return Value"><![CDATA[flowVars.returnValue = new java.util.ArrayList();]]></expression-component>
        <acquait-metrics:inc-count config-ref="AcquaIT_Metrics__AcquaIT_Metric_Connector_Configuration" category="#[flowVars.metricCategory]" doc:name="Metrics Count Request">
            <acquait-metrics:metric-keys>
                <acquait-metrics:metric-key>#[flowVars.metricCategory]-Request</acquait-metrics:metric-key>
            </acquait-metrics:metric-keys>
        </acquait-metrics:inc-count>
        <acquait-metrics:snap-time config-ref="AcquaIT_Metrics__AcquaIT_Metric_Connector_Configuration" snapTimeKey="#[flowVars.metricCategory]_begin_snap" doc:name="Metrics Begin Snap"/>
        <flow-ref name="woo-articulos-main-flow" doc:name="woo-articulos-main-flow"/>
        <acquait-metrics:snap-time config-ref="AcquaIT_Metrics__AcquaIT_Metric_Connector_Configuration" snapTimeKey="#[flowVars.metricCategory]_end_snap" doc:name="Metrics End Snap"/>
        <acquait-metrics:time config-ref="AcquaIT_Metrics__AcquaIT_Metric_Connector_Configuration" beginSnapKey="#[flowVars.metricCategory]_begin_snap" category="#[flowVars.metricCategory]" endSnapKey="#[flowVars.metricCategory]_end_snap" metricKey="#[flowVars.metricCategory + '-' + flowVars.ArticuloStatus]" doc:name="Metrics Record Full Request"/>

        <exception-strategy ref="Process_Layer_Generic_Exception_Strategy" doc:name="Reference Exception Strategy"/>
    </flow>
    <flow name="woo-articulos-main-flow">
        <flow-ref name="woo-articulos-submain-flow" doc:name="woo-articulos-submain-flow"/>
        <choice doc:name="Choice">
            <when expression="#[flowVars.generarCSV]">
                <logger message="PROCESS LAYER - Enviando Notificacion a Message Queue: ${activemq.queue.mensajes.articulos.woo.csv} #[payload]" level="INFO" category="com.acqua.utils.ConsolaWoo" doc:name="Logger CONSOLA"/>
                <jms:outbound-endpoint queue="${activemq.queue.mensajes.articulos.woo.csv}" connector-ref="Active_MQ" doc:name="JMS - Save Message"/>
            </when>
            <otherwise>
                <logger message="PROCESS LAYER - Enviando Notificacion a Message Queue: ${activemq.queue.mensajes.articulos.woo} #[payload]" level="INFO" category="com.acqua.utils.ConsolaWoo" doc:name="Logger CONSOLA"/>
                <jms:outbound-endpoint queue="${activemq.queue.mensajes.articulos.woo}" responseTimeout="60000" connector-ref="Active_MQ" doc:name="JMS - Save Message"/>
            </otherwise>
        </choice>
        <logger message="Producto Sincronizado #[payload]" level="INFO" category="com.acqua.base.ProcessLayer" doc:name="Logger"/>
    </flow>
    <flow name="woo-articulos-submain-flow" processingStrategy="synchronous">
        <set-variable variableName="ArticuloStatus" value="Publicado" doc:name="Set Status Valid"/>
        <set-variable variableName="registrosProcesados" value="#[flowVars.registrosProcesados + 1]" doc:name="Set registros Procesados"/>
        <logger message="#[&quot;-----------------------------------------------------------------------------------------&quot;]" level="INFO" category="com.acqua.utils.ConsolaWoo" doc:name="Logger CONSOLA INICIO"/>
        <logger message="PROCESS LAYER - INICIO - Enviando Articulo a Woo #[payload]" level="INFO" category="com.acqua.utils.ConsolaWoo" doc:name="Logger CONSOLA INICIO"/>
        <choice doc:name="Choice">
            <when expression="#[flowVars.generarCSV]">
                <flow-ref name="woo-articulos-gen-csv-flow" doc:name="woo-articulos-gen-csv-flow"/>

            </when>
            <otherwise>
                <flow-ref name="woo-articulo-process-flow" doc:name="woo-articulo-process-flow"/>

            </otherwise>
        </choice>
		
        <choice-exception-strategy doc:name="Choice Exception Strategy">
	        <catch-exception-strategy doc:name="Catch Exception Strategy - PLException" when="#[exception.causedBy(com.acqua.common.pl.exceptions.PLException)]">
	             
	            <expression-component doc:name="Expression - Get Error Detail"><![CDATA[flowVars.circularException = exception.getCause(); 
	flowVars.ProcessLayerResponseError = flowVars.circularException.getProcessLayerResponseError();
	flowVars.responseValue = new java.util.HashMap();
	flowVars.responseValue .put("time",server.dateTime.format('yyyy/MM/dd HH:mm:ss:SSS'));
	flowVars.responseValue .put("articuloDragon",flowVars.articuloModificado.articulo.codigo);
	flowVars.responseValue .put("descripcionArticulo",flowVars.articuloModificado.articulo.descripcion);
	flowVars.responseValue .put("articuloShopify",flowVars.articuloModificado['id-shopify']);
	flowVars.responseValue .put("estado",flowVars.ProcessLayerResponseError.getErrors().getHttpStatus());
	flowVars.responseValue .put("descripcionEstado",flowVars.ProcessLayerResponseError.getErrors().getErrorMessage());
    flowVars.responseValue .put("descripcionDetail",exception.getCause().getInfo().get("Payload"));]]></expression-component>
	            <set-payload value="#[flowVars.responseValue]" doc:name="Set Payload"/>
	            <json:object-to-json-transformer mimeType="application/json" doc:name="Object to JSON"/>
	            <logger message="PROCESS LAYER - ERROR - Error procesando articulo #[flowVars.responseValue.get(&quot;articuloDragon&quot;)] en Shopify. Error: #[flowVars.responseValue.get(&quot;estado&quot;) + &quot; - &quot; + flowVars.responseValue.get(&quot;descripcionEstado&quot;)] #[&quot;\n&quot;] #[payload]" level="INFO" category="com.acqua.utils.ConsolaShopify" doc:name="Logger CONSOLA"/>
	
	            <set-variable variableName="ArticuloStatus" value="Error" doc:name="Set Status Invalid"/>
	            <set-variable variableName="registrosProcesadosConError" value="#[flowVars.registrosProcesadosConError + 1]" doc:name="Set registros Procesados Con Error"/>
	            <set-property propertyName="http.status" value="#[flowVars.responseValue .get(&quot;estado&quot;)]" doc:name="http.status"/>
	        </catch-exception-strategy>
	        <catch-exception-strategy doc:name="Catch Exception Strategy - PLException">
	             
	            <expression-component doc:name="Expression - Get Error Detail"><![CDATA[	flowVars.circularException = exception.getCause(); 
	flowVars.responseValue = new java.util.HashMap();
	flowVars.responseValue .put("time",server.dateTime.format('yyyy/MM/dd HH:mm:ss:SSS'));
	flowVars.responseValue .put("articuloDragon",flowVars.articuloModificado.articulo.codigo);
	flowVars.responseValue .put("descripcionArticulo",flowVars.articuloModificado.articulo.descripcion);
	flowVars.responseValue .put("articuloShopify",flowVars.articuloModificado['id-shopify']);
	flowVars.responseValue .put("estado",400);
	flowVars.responseValue .put("descripcionEstado",	flowVars.circularException.getMessage());
    flowVars.responseValue .put("descripcionDetail",exception.getCause().getInfo().get("Payload"));]]></expression-component>
	            <set-payload value="#[flowVars.responseValue]" doc:name="Set Payload"/>
	            <json:object-to-json-transformer mimeType="application/json" doc:name="Object to JSON"/>
	            <logger message="PROCESS LAYER - ERROR - Error procesando articulo #[flowVars.responseValue.get(&quot;articuloDragon&quot;)] en Shopify. Error: #[flowVars.responseValue.get(&quot;estado&quot;) + &quot; - &quot; + flowVars.responseValue.get(&quot;descripcionEstado&quot;)] #[&quot;\n&quot;] #[payload]" level="INFO" category="com.acqua.utils.ConsolaShopify" doc:name="Logger CONSOLA"/>
	
	            <set-variable variableName="ArticuloStatus" value="Error" doc:name="Set Status Invalid"/>
	            <set-variable variableName="registrosProcesadosConError" value="#[flowVars.registrosProcesadosConError + 1]" doc:name="Set registros Procesados Con Error"/>
	            <set-property propertyName="http.status" value="#[flowVars.responseValue .get(&quot;estado&quot;)]" doc:name="http.status"/>
	        </catch-exception-strategy>
        </choice-exception-strategy>
    </flow>
    
    <flow name="woo-articulo-process-flow" processingStrategy="synchronous">
        <choice doc:name="Choice">
            <when expression="#[(flowVars.articuloModificado['id-woo']==null || flowVars.articuloModificado['id-woo']==0)  &amp;&amp; flowVars.articuloModificado.articulo.noPublicarEnEcommerce]">
                <set-variable variableName="actualizado" value="#[false]" doc:name="Set NO Actualizado"/>
                <expression-component doc:name="Expression Save Message"><![CDATA[flowVars.responseValue = new java.util.HashMap();
flowVars.responseValue .put("time",server.dateTime.format('yyyy/MM/dd HH:mm:ss:SSS'));
flowVars.responseValue .put("articuloDragon",flowVars.articuloModificado.articulo.codigo);
flowVars.responseValue .put("descripcionArticulo",flowVars.articuloModificado.articulo.descripcion);
flowVars.responseValue .put("articuloWoo",0);
flowVars.responseValue .put("estado",200);
flowVars.responseValue .put("descripcionEstado","No Publicado");]]></expression-component>
            </when>
            <otherwise>
                <processor-chain doc:name="Processor Chain - Actualiza Producto en Woo">
                    <set-payload value="#[flowVars.articuloModificado]" doc:name="Set Payload"/>
                    <set-variable variableName="errorMessage" value="#[&quot;&quot;]" doc:name="Clean Message"/>
                    <flow-ref name="woo-articulo-transform-flow" doc:name="woo-articulo-transform-flow"/>
					<validation:custom-validator
							config-ref="Validation_Configuration" message="#[flowVars.errorMessage]"
							class="com.acqua.common.pl.validator.PLCommonValidator" doc:name="Validation Transform" />
                    <json:object-to-json-transformer doc:name="Object to JSON"/>
                    <logger message="PROCESS LAYER - Requerimiento enviado a SYSTEM LAYER  - para articulo: #[flowVars.articuloModificado.articulo.codigo] #[&quot;\n&quot;] #[payload]" level="INFO" category="com.acqua.utils.ConsolaWoo" doc:name="Logger CONSOLA"/>
                    <enricher target="#[flowVars.wooProduct]" doc:name="Message Enricher">
                        <processor-chain doc:name="Processor Chain">
                            <http:request config-ref="SystemLayer_Request_Configuration" path="/woo/put-articulo" method="PUT" doc:name="HTTP Actualizar Producto Woo">
                                <http:request-builder>
                                    <http:header headerName="content-type" value="application/json;charset=UTF-8"/>


                                </http:request-builder>
                                <http:success-status-code-validator values="200..599"/>
                            </http:request>
                            <set-variable variableName="validationErrorMessage" value="No se pudo actualizar Producto en Woo" doc:name="Set Error Message"/>
                            <logger message="PROCESS LAYER - FIN. Respuesta recibida De Woo para el articulo #[flowVars.articuloModificado.articulo.codigo] Status #[message.inboundProperties[&quot;http.status&quot;]]#[&quot;\n&quot;] #[message.payloadAs(java.lang.String)]" level="INFO" category="com.acqua.utils.ConsolaWoo" doc:name="Logger CONSOLA"/>
                            <validation:custom-validator config-ref="Validation_Configuration" message="#[flowVars.validationErrorMessage]" class="com.acqua.common.pl.validator.PLExternalRestfulValidator" doc:name="Validation"/>

                            <json:json-to-object-transformer returnClass="java.util.HashMap" doc:name="JSON to Object"/>
                        </processor-chain>
                    </enricher>

                    <expression-component doc:name="Expression Save Message"><![CDATA[flowVars.responseValue = new java.util.HashMap();
flowVars.responseValue .put("time",server.dateTime.format('yyyy/MM/dd HH:mm:ss:SSS'));
flowVars.responseValue .put("articuloDragon",flowVars.articuloModificado.articulo.codigo);
flowVars.responseValue .put("descripcionArticulo",flowVars.articuloModificado.articulo.descripcion);
flowVars.responseValue .put("articuloShopify",flowVars.wooProduct.product.id);
flowVars.responseValue .put("estado",200);
flowVars.responseValue .put("descripcionEstado","Procesado");]]></expression-component>


                </processor-chain>

            </otherwise>
        </choice>
        
        <set-payload value="#[flowVars.responseValue]" doc:name="Set Payload"/>
        
        <json:object-to-json-transformer doc:name="Object to JSON"/>
 
    </flow>
    
    <flow name="woo-articulo-transform-flow" processingStrategy="synchronous">
        <custom-transformer mimeType="application/json" class="com.acqua.transformer.WooPutProductoTransformer" doc:name="Woo Alta Producto Transformer">
            <spring:property name="tableLookup" ref="TableLookup"/>
            <spring:property name="wooTableLookup" ref="WooTableLookup"/>
        </custom-transformer>

        <catch-exception-strategy doc:name="Catch Exception Strategy">
            <logger message="PROCESS LAYER - Error: #[exception.message]" level="ERROR" category="com.acqua.base.ProcessLayer" doc:name="Logger CONSOLA"/>
            <set-variable variableName="errorMessage" value="#[exception.getCause().getMessage()]" doc:name="Set Error Message"/>
        </catch-exception-strategy>
    </flow>
    
     <flow name="woo-articulos-gen-csv-flow" processingStrategy="synchronous">
       
       <enricher target="#[flowVars.articuloModificado]" doc:name="Message Enricher">
            <json:json-to-object-transformer returnClass="java.util.HashMap" doc:name="JSON to Object"/>
        </enricher>
     
        <choice doc:name="Choice">
            <when expression="#[(flowVars.articuloModificado['id-woo']==null || flowVars.articuloModificado['id-woo']=='')  &amp;&amp; flowVars.articuloModificado.articulo.noPublicarEnEcommerce]">
                <logger message="Articulo No Actualizado" level="INFO" category="com.acqua.base.ProcessLayer" doc:name="Logger No Actualizado"/>
            </when>
            <otherwise>
                <set-payload value="#[flowVars.articuloModificado]" doc:name="Set Payload"/>
                <set-variable variableName="errorMessage" value="#[&quot;&quot;]" doc:name="Clean Message"/>
                    <flow-ref name="woo-articulo-transform-flow" doc:name="woo-articulo-transform-flow"/>
					<validation:custom-validator
							config-ref="Validation_Configuration" message="#[flowVars.errorMessage]"
							class="com.acqua.common.pl.validator.PLCommonValidator" doc:name="Validation Transform" />
                <json:object-to-json-transformer encoding="UTF-8" doc:name="Object to JSON"/>

                <logger message="Actualizado" level="INFO" category="com.acqua.base.ProcessLayers" doc:name="Articulo Actualizado"/>
            </otherwise>
        </choice>
    </flow>
    
    <flow name="woo-articulos-begin-flow" processingStrategy="synchronous">
    	<acquait-metrics:inc-count config-ref="AcquaIT_Metrics__AcquaIT_Metric_Connector_Configuration" category="#[flowVars.metricCategory]-Begin" doc:name="Metrics Count Request">
            <acquait-metrics:metric-keys>
                <acquait-metrics:metric-key>Woo-Sincronizacion-Articulo-Request</acquait-metrics:metric-key>

            </acquait-metrics:metric-keys>
        </acquait-metrics:inc-count>

        <set-variable variableName="registrosProcesados" value="#[0]" doc:name="Set registros Procesados"/>
        <set-variable variableName="registrosProcesadosConError" value="#[0]" doc:name="Set registros Procesados Con Error"/>
        <logger message="#[&quot;-----------------------------------------------------------------------------------------&quot;]" level="INFO" category="com.acqua.utils.ConsolaWoo" doc:name="Logger CONSOLA"/>
        <logger message="PROCESS LAYER - Inicio Transaction ID: #[flowVars.transactionIDShopi]" level="INFO" category="com.acqua.utils.ConsolaWoo" doc:name="Logger CONSOLA"/>


    </flow>
    
    <flow name="woo-articulos-end-flow" processingStrategy="synchronous">
        <choice doc:name="Choice">
            <when expression="#[flowVars.transactionIDShopi != null]">
                <logger message="PROCESS LAYER - WOO Fin Transaction ID: #[flowVars.transactionIDShopi]" level="INFO" category="com.acqua.utils.ConsolaWoo" doc:name="Logger CONSOLA"/>
                <flow-ref name="woo-articulos-end-metrics-flow" doc:name="woo-articulos-end-metrics-flow"/>
                <choice doc:name="Choice - Si No se Proceso Registro">
                    <when expression="#[flowVars.?registrosProcesados== 0]">
                        <expression-component doc:name="Expression Return Value"><![CDATA[payload = new java.util.HashMap();
payload.put("codigoDragon","N/A"); 
payload.put("status",""); 
payload.put("transactionID",flowVars.transacionIDGen);]]></expression-component>
                        <custom-transformer mimeType="application/json" class="com.acqua.transformer.WooGenInformeCSVTransformer" doc:name="Woo Informe Transformer"/>
                    </when>
                    <otherwise>
                        <logger message="PROCESS LAYER - Se procesaron #[flowVars.registrosProcesados] registros" level="INFO" category="com.acqua.utils.ConsolaWoo" doc:name="Logger"/>
                    </otherwise>
                </choice>
                <choice doc:name="Choice Genera CSV">
                    <when expression="#[flowVars.generarCSV]">
                        <set-payload value="{ &quot;flow&quot;:&quot;Woo-Articulos-CSV&quot;, &quot;subject&quot;:&quot;Generacion CSV de Woo Finalizada&quot;,&quot;layer&quot;:&quot;layer-detail-msg-report&quot;} " mimeType="application/json" doc:name="Set Woo-Articulos Msg to Jobs"/>
                    </when>
                    <when expression="#[flowVars.refreshArticulo]">
                        <set-payload value="{ &quot;flow&quot;:&quot;Woo-Articulos&quot;, &quot;subject&quot;:&quot;Refresh Woo Finalizado&quot;,&quot;layer&quot;:&quot;layer-detail-msg-report&quot;} " mimeType="application/json" doc:name="Set Woo-Articulos Msg to Jobs"/>
                    </when>
                    <otherwise>
                        <set-payload value="{ &quot;flow&quot;:&quot;Woo-Articulos&quot;, &quot;subject&quot;:&quot;Actualizacion Woo Finalizada&quot;,&quot;layer&quot;:&quot;layer-detail-msg-report&quot;} " mimeType="application/json" doc:name="Set Woo-Articulos Msg to Jobs"/>
                    </otherwise>
                </choice>
                <logger message="PROCESS LAYER - WOO Sending Payload  to ActiveMQ: #[payload]" level="INFO" category="com.acqua.utils.ConsolaWoo" doc:name="Logger"/>
                 <jms:outbound-endpoint queue="${activemq.queue.jobs_pending.woo}" responseTimeout="60000" connector-ref="Active_MQ" mimeType="text/plain" encoding="UTF-8" doc:name="JMS - Send Process Job"/>
                
            </when>
            <otherwise>
                <logger message="PROCESS LAYER - WOO Fin Transaction. Sin ID. Se ignora" level="INFO" category="com.acqua.utils.ConsolaWoo" doc:name="Logger"/>
            </otherwise>
        </choice>

       
    </flow>
    
    <flow name="woo-articulos-end-metrics-flow" processingStrategy="synchronous">

        <acquait-metrics:inc-count config-ref="AcquaIT_Metrics__AcquaIT_Metric_Connector_Configuration" category="#[flowVars.metricCategory]-End" doc:name="Metrics Count Request">
            <acquait-metrics:metric-keys>
                <acquait-metrics:metric-key>Woo-Sincronizacion-Articulo-Request</acquait-metrics:metric-key>
            </acquait-metrics:metric-keys>
        </acquait-metrics:inc-count>
        <catch-exception-strategy doc:name="Catch Exception Strategy">
            <logger message="Error procesando articulo End" level="INFO" category="com.acqua.base.ProcessLayer" doc:name="Logger Error"/>
        </catch-exception-strategy>
    </flow>
 
    
</mule>


