<?xml version="1.0" encoding="UTF-8"?>

<mule xmlns:tracking="http://www.mulesoft.org/schema/mule/ee/tracking" xmlns:validation="http://www.mulesoft.org/schema/mule/validation"
	xmlns:http="http://www.mulesoft.org/schema/mule/http" xmlns:json="http://www.mulesoft.org/schema/mule/json"
	xmlns:jms="http://www.mulesoft.org/schema/mule/jms" xmlns="http://www.mulesoft.org/schema/mule/core"
	xmlns:doc="http://www.mulesoft.org/schema/mule/documentation"
	xmlns:spring="http://www.springframework.org/schema/beans" 
	xmlns:xsi="http://www.w3.org/2001/XMLSchema-instance"
	xsi:schemaLocation="http://www.mulesoft.org/schema/mule/validation http://www.mulesoft.org/schema/mule/validation/current/mule-validation.xsd
http://www.mulesoft.org/schema/mule/http http://www.mulesoft.org/schema/mule/http/current/mule-http.xsd
http://www.mulesoft.org/schema/mule/json http://www.mulesoft.org/schema/mule/json/current/mule-json.xsd
http://www.mulesoft.org/schema/mule/jms http://www.mulesoft.org/schema/mule/jms/current/mule-jms.xsd
http://www.springframework.org/schema/beans http://www.springframework.org/schema/beans/spring-beans-current.xsd
http://www.mulesoft.org/schema/mule/core http://www.mulesoft.org/schema/mule/core/current/mule.xsd
http://www.mulesoft.org/schema/mule/ee/tracking http://www.mulesoft.org/schema/mule/ee/tracking/current/mule-tracking-ee.xsd">

	<flow name="woo-process-webhook-orders-flow"
		processingStrategy="synchronous">
		<set-variable variableName="currentPayload" value="#[payload]"
			doc:name="Save Payload" />
		<enricher target="#[flowVars.regCtrol]" doc:name="Message Enricher">
			<processor-chain
				doc:name="Processor Chain - Alta/Baja/Eliminacion de Order ECommerce">
				<set-variable variableName="orderId" value=" #[payload.name]"
					doc:name="Save Order ID" />
				<flow-ref name="woo-process-webhook-customer-flow"
					doc:name="woo-process-webhook-customer-flow" />
				<set-variable variableName="currentCustomer" value="#[payload]"
					doc:name="Save Current Customer" />
				<set-payload value="#[flowVars.currentPayload]"
					doc:name="Set Payload" />

				<choice doc:name="Choice">
					<when expression="#[flowVars.accion=='create']">

						<flow-ref name="woo-process-order-create-request-flow"
							doc:name="woo-process-order-create-request-flow" />
						<set-payload value="#[flowVars.request]" doc:name="Set Payload" />
						<json:object-to-json-transformer
							doc:name="Object to JSON" encoding="UTF-8" mimeType="application/json" />
						<logger
							message="PROCESS LAYER - Request.  Dando de Alta del Pedido en Dragon:#[&quot;\n&quot;] #[message.payloadAs(java.lang.String)]"
							level="INFO" category="com.acqua.utils.ConsolaWebHooks" doc:name="Logger CONSOLA" />

						<http:request config-ref="DragonSL_Request_Configuration"
							path="create-order" method="POST" doc:name="HTTP Add/Upd/Del Order">
							<http:request-builder>
								<http:header headerName="content-type"
									value="application/json;charset=UTF-8" />
							</http:request-builder>
							<http:success-status-code-validator
								values="200..599" />
						</http:request>
						<logger
							message="PROCESS LAYER - Response.  Alta de Pedido.  Status #[message.inboundProperties[&quot;http.status&quot;]]:#[&quot;\n&quot;] #[message.payloadAs(java.lang.String)]"
							level="INFO" category="com.acqua.utils.ConsolaWebHooks" doc:name="Logger CONSOLA" />

						<validation:custom-validator
							config-ref="Validation_Configuration" message="#[flowVars.validationErrorMessage]"
							class="com.acqua.common.pl.validator.PLExternalRestfulValidator"
							doc:name="Validation" />
						<expression-component doc:name="Expression Save Message"><![CDATA[flowVars.responseValue = new java.util.HashMap();
flowVars.responseValue .put("time",server.dateTime.format('yyyy/MM/dd HH:mm:ss:SSS'));
flowVars.responseValue .put("Orden",currentPayload.order_number);
flowVars.responseValue .put("IdOrden",currentPayload.id);
flowVars.responseValue .put("estado",200);
flowVars.responseValue .put("descripcionEstado","Orden Generada en Dragon: " + payload);]]></expression-component>
						<set-payload value="#[flowVars.responseValue]"
							doc:name="Set Payload" />
						<json:object-to-json-transformer
							doc:name="Object to JSON" encoding="ISO-8859-1" />
						<set-property propertyName="http.status" value="#[200]"
							doc:name="Set http.status" />
						<message-properties-transformer
							doc:name="Message Properties">
							<add-message-property key="Header"
								value="Woo-Webhook-Order" />
						</message-properties-transformer>
						<jms:outbound-endpoint
							queue="${activemq.queue.mensajes.articulos.webhook}"
							connector-ref="Active_MQ" doc:name="JMS - Save Message" encoding="ISO-8859-1" />
					</when>
					<otherwise>

						<set-variable variableName="errorMessage"
							value="Accion #[flowVars.accion] invalida procesando order id: #[flowVars.orderId]"
							doc:name="Set Error Msg" />
						<logger message="PROCESS LAYER - Accion Invalida #[flowVars.errorMessage]"
							level="INFO" category="com.acqua.utils.ConsolaWebHooks" doc:name="Logger CONSOLA" />
						<validation:custom-validator
							config-ref="Validation_Configuration" message="Error Procesando WebHook de Creando Ordenes"
							class="com.acqua.common.pl.validator.PLCommonValidator" doc:name="Validation" />
					</otherwise>
				</choice>

			</processor-chain>
		</enricher>

		<catch-exception-strategy doc:name="Catch Exception Strategy">
			<expression-component doc:name="Expression - Get Error Detail"><![CDATA[flowVars.circularException = exception.getCause(); 
flowVars.ProcessLayerResponseError = flowVars.circularException.getProcessLayerResponseError();
flowVars.responseValue = new java.util.HashMap();
flowVars.responseValue .put("time",server.dateTime.format('yyyy/MM/dd HH:mm:ss:SSS'));
flowVars.responseValue .put("Orden",flowVars.currentPayload.order_number);
flowVars.responseValue .put("IdOrden",flowVars.currentPayload.id);
flowVars.responseValue .put("estado",flowVars.ProcessLayerResponseError.getErrors().getHttpStatus());
flowVars.responseValue .put("descripcionEstado",flowVars.ProcessLayerResponseError.getErrors().getErrorMessage());]]></expression-component>
			<set-payload value="#[flowVars.responseValue]" doc:name="Set Payload" />
			<json:object-to-json-transformer
				mimeType="application/json" doc:name="Object to JSON" />
			<logger
				message="PROCESS LAYER - ERROR - Error procesando Orden  flowVars.currentPayload.order_number en Woo. Error: #[flowVars.responseValue.get(&quot;estado&quot;) + &quot; - &quot; + flowVars.responseValue.get(&quot;descripcionEstado&quot;)] #[&quot;\n&quot;] #[payload]"
				level="INFO" category="com.acqua.utils.ConsolaWebHooks" doc:name="Logger CONSOLA" />
			<set-property propertyName="http.status"
				value="#[flowVars.responseValue .get(&quot;estado&quot;)]" doc:name="http.status" />
			<message-properties-transformer
				doc:name="Message Properties">
				<add-message-property key="Header"
					value="Woo-Webhook-Order" />
			</message-properties-transformer>
			<jms:outbound-endpoint queue="${activemq.queue.mensajes.articulos.webhook}"
				connector-ref="Active_MQ" doc:name="JMS (Message Queue)" encoding="ISO-8859-1">
				<jms:transaction action="NONE" />
			</jms:outbound-endpoint>
			<set-property propertyName="http.status"
				value="#[flowVars.responseValue .get(&quot;estado&quot;)&lt;500?200:flowVars.responseValue .get(&quot;estado&quot;)]"
				doc:name="Set http.status" />
		</catch-exception-strategy>

	</flow>

	<flow name="woo-process-order-create-request-flow"
		processingStrategy="synchronous">
		<expression-component doc:name="Expression - Prepare Request Header"><![CDATA[flowVars.request = new java.util.HashMap();
flowVars.request.put("action",flowVars.accion);
flowVars.request.put("codigoPlataforma","${Dragon_ECommerce}"); 
flowVars.request.put("numeroOrden",payload.order_number); 
flowVars.request.put("clienteEcommerceDragon",org.apache.commons.lang3.StringUtils.substring(payload.customer.id,(org.apache.commons.lang.StringUtils.length(payload.customer.id) - 10))); 
flowVars.request.put("datosEnvio",payload.shipping_lines[0].title); 
flowVars.request.put("datosPago",payload.gateway); 
flowVars.request.put("pagado",false);  
flowVars.request.put("idOperacion",Long.toString(payload.id));
flowVars.request.put("fechaOperacion",payload.updated_at); 
flowVars.request.put("observacion",payload.order_status_url); 
flowVars.request.put("total",Double.parseDouble(payload.total_price));
flowVars.requestLine = new java.util.ArrayList();
flowVars.request.LineSeq = 0;
]]></expression-component>
		<foreach collection="#[payload.line_items]" doc:name="For Each - Line">
			<expression-component doc:name="Expression - Prepare Request Line"><![CDATA[flowVars.request.LineSeq=flowVars.request.LineSeq+1;
flowVars.requestDetailLine = new java.util.HashMap();
flowVars.requestDetailLine.put("idLinea",Long.toString(payload.id)); 
flowVars.requestDetailLine.put("idProducto",Long.toString(payload.variant_id)); 
flowVars.requestDetailLine.put("descripcionProductoEcommerce",payload.title); 
flowVars.requestDetailLine.put("idArticuloDragon",payload.sku); 
flowVars.requestDetailLine.put("descripcionProducto",payload.name); 
flowVars.requestDetailLine.put("codigoColor",""); 
flowVars.requestDetailLine.put("descripcionColor",""); 
flowVars.requestDetailLine.put("codigoTalle",""); 
flowVars.requestDetailLine.put("cantidadSolicitada",payload.quantity); 
flowVars.requestDetailLine.put("precioProducto",Double.parseDouble(payload.price)); 
flowVars.requestDetailLine.put("montoTotalLinea",((java.lang.Double.parseDouble(payload.price) + java.lang.Double.parseDouble(payload.tax_lines[0].price)) * java.lang.Integer.parseInt(payload.quantity)) - java.lang.Double.parseDouble(payload.total_discount)); 
flowVars.requestDetailLine.put("nroDeLinea",flowVars.request.LineSeq); 
flowVars.requestLine.add(flowVars.requestDetailLine);]]></expression-component>
		</foreach>
		<expression-component doc:name="Expression - Add Details to Request"><![CDATA[flowVars.request.put("detalleDeLaOrden",flowVars.requestLine);]]></expression-component>
	</flow>
	
	<flow name="woo-process-webhook-customer-flow"
		processingStrategy="synchronous">

		<expression-component doc:name="Expression - Create Request"><![CDATA[flowVars.request= new java.util.HashMap();
flowVars.request.put("action",'create');
flowVars.request.put("nombre",payload.customer.first_name); 
flowVars.request.put("apellido",payload.customer.last_name); 
flowVars.request.put("mail",(payload.customer.email!=null?payload.customer.email:"")); 
flowVars.request.put("observacion",Long.toString(flowVars.currentPayload.id)); 
flowVars.request.put("telefono",payload.customer.phone==null?"":payload.customer.phone); 
flowVars.request.put("tipoDoc",""); 
flowVars.request.put("nroDoc",""); 
flowVars.request.put("codigo",Long.toString(payload.customer.id)); 
flowVars.request.put("clienteDragon",""); 
flowVars.request.put("clienteEcommerce",payload.customer.first_name + " " + payload.customer.last_name); 
flowVars.request.put("cuentaEcommerce","${Dragon_ECommerce}");]]></expression-component>
		<set-payload value="#[flowVars.request]" doc:name="Set Payload" />
		<json:object-to-json-transformer
			doc:name="Object to JSON" encoding="UTF-8" mimeType="application/json" />
		<logger
			message="PROCESS LAYER - Request.  Dando de Alta del Cliente en Dragon:#[&quot;\n&quot;] #[message.payloadAs(java.lang.String)]"
			level="INFO" category="com.acqua.utils.ConsolaWebHooks" doc:name="Logger CONSOLA" />

		<http:request config-ref="DragonSL_Request_Configuration"
			path="put-customerecommerce" method="PUT"
			doc:name="HTTP Add/Upd/Del Cliente ECommerce">
			<http:request-builder>
				<http:header headerName="content-type" value="application/json;charset=UTF-8" />
			</http:request-builder>
			<http:success-status-code-validator
				values="200..599" />
		</http:request>
		<logger
			message="PROCESS LAYER - Response.  Alta de Cliente.  Status #[message.inboundProperties[&quot;http.status&quot;]]:#[&quot;\n&quot;] #[message.payloadAs(java.lang.String)]"
			level="INFO" category="com.acqua.utils.ConsolaWebHooks" doc:name="Logger CONSOLA" />

		<validation:custom-validator config-ref="Validation_Configuration"
			message="#[flowVars.validationErrorMessage]" class="com.acqua.common.pl.validator.PLExternalRestfulValidator"
			doc:name="Validation" />
		<json:json-to-object-transformer
			doc:name="JSON to Object" />
	</flow>

</mule>
