<?xml version="1.0" encoding="UTF-8"?>

<mule xmlns:mulerequester="http://www.mulesoft.org/schema/mule/mulerequester"
	xmlns:acquait-metrics="http://www.mulesoft.org/schema/mule/acquait-metrics"
	xmlns:tracking="http://www.mulesoft.org/schema/mule/ee/tracking"
	xmlns:validation="http://www.mulesoft.org/schema/mule/validation"
	xmlns:http="http://www.mulesoft.org/schema/mule/http" xmlns:json="http://www.mulesoft.org/schema/mule/json"
	xmlns:jms="http://www.mulesoft.org/schema/mule/jms" xmlns="http://www.mulesoft.org/schema/mule/core"
	xmlns:doc="http://www.mulesoft.org/schema/mule/documentation"
	xmlns:spring="http://www.springframework.org/schema/beans" xmlns:xsi="http://www.w3.org/2001/XMLSchema-instance"
	xsi:schemaLocation="
http://www.mulesoft.org/schema/mule/mulerequester http://www.mulesoft.org/schema/mule/mulerequester/current/mule-mulerequester.xsd http://www.mulesoft.org/schema/mule/acquait-metrics http://www.mulesoft.org/schema/mule/acquait-metrics/current/mule-acquait-metrics.xsd
http://www.mulesoft.org/schema/mule/validation http://www.mulesoft.org/schema/mule/validation/current/mule-validation.xsd
http://www.mulesoft.org/schema/mule/http http://www.mulesoft.org/schema/mule/http/current/mule-http.xsd
http://www.mulesoft.org/schema/mule/json http://www.mulesoft.org/schema/mule/json/current/mule-json.xsd
http://www.mulesoft.org/schema/mule/jms http://www.mulesoft.org/schema/mule/jms/current/mule-jms.xsd
http://www.springframework.org/schema/beans http://www.springframework.org/schema/beans/spring-beans-current.xsd
http://www.mulesoft.org/schema/mule/core http://www.mulesoft.org/schema/mule/core/current/mule.xsd
http://www.mulesoft.org/schema/mule/ee/tracking http://www.mulesoft.org/schema/mule/ee/tracking/current/mule-tracking-ee.xsd">

	<flow name="woo-webhooks-process-activemq-flow"
		
		initialState="started" processingStrategy="synchronous">

		<jms:inbound-endpoint connector-ref="Active_MQ"
			doc:name="JMS" queue="${activemq.queue.webhook}-woo">
			<jms:transaction action="ALWAYS_BEGIN" />
		</jms:inbound-endpoint>

		<copy-properties propertyName="*" doc:name="Property" />

		<expression-component doc:name="Set Init Expressions"><![CDATA[flowVars.flowName=flow.name;
flowVars.apiName='WebHooks Shopify';
flowVars.errorCode=server.dateTime.format('yyyyMMddHHmmssSSS');
flowVars.metricCategory='WebHooks-Queue';
flowVars.sendMail=true;]]></expression-component>
		<logger level="INFO" doc:name="Logger CONSOLA" category="com.acqua.utils.ConsolaWebHooks"
			message="#[&quot;-----------------------------------------------------------------------------------------&quot;]" />
		<logger
			message="PROCESS LAYER - INICIO - WebHook Recibido#[&quot;\n&quot;] #[message.payloadAs(java.lang.String)]"
			level="INFO" category="com.acqua.utils.ConsolaWebHooks" doc:name="Logger CONSOLA" />
		<json:json-to-object-transformer
			returnClass="java.util.HashMap" doc:name="JSON to Object" />

		<acquait-metrics:inc-count
			config-ref="AcquaIT_Metrics__AcquaIT_Metric_Connector_Configuration"
			category="#[flowVars.metricCategory]" doc:name="Metrics Count Request">
			<acquait-metrics:metric-keys>
				<acquait-metrics:metric-key>#[flowVars.metricCategory]-Request</acquait-metrics:metric-key>
			</acquait-metrics:metric-keys>
		</acquait-metrics:inc-count>

		<acquait-metrics:snap-time
			config-ref="AcquaIT_Metrics__AcquaIT_Metric_Connector_Configuration"
			snapTimeKey="Shopify_WebHooks_Queue_Begin" doc:name="Metrics Begin Snap" />

		<expression-component doc:name="Expression - Get Entidad/Accion"><![CDATA[flowVars.ecommerce=(message.inboundProperties.'ecommerce' == null? "":message.inboundProperties.'ecommerce');
flowVars.entidad=(message.inboundProperties.'entidad' == null? "":message.inboundProperties.'entidad');
flowVars.accion=(message.inboundProperties.'accion' == null? "":message.inboundProperties.'accion');
]]></expression-component>
		<logger
			message="PROCESS LAYER - INICIO - Procesando ECommerce: #[flowVars.ecommerce] Entidad: #[flowVars.entidad] Accion: #[flowVars.accion]"
			level="INFO" category="com.acqua.utils.ConsolaWebHooks" doc:name="Logger CONSOLA" />

		<flow-ref
			name="woo-process-webhook-#[flowVars.entidad]-#[flowVars.accion]-flow"
			doc:name="woo-process-webhook-ENTIDAD-flow" />

		<acquait-metrics:snap-time
			config-ref="AcquaIT_Metrics__AcquaIT_Metric_Connector_Configuration"
			snapTimeKey="Shopify_WebHooks_Queue_End" doc:name="Metrics End Snap" />

		<acquait-metrics:time
			config-ref="AcquaIT_Metrics__AcquaIT_Metric_Connector_Configuration"
			beginSnapKey="Shopify_WebHooks_Queue_Begin" category="#[flowVars.metricCategory]"
			endSnapKey="Shopify_WebHooks_Queue_End"
			metricKey="#[flowVars.metricCategory + (message.outboundProperties[&quot;http.status&quot;]!=200?((message.outboundProperties[&quot;http.status&quot;]==510)?&quot;-Error-Response&quot;:((message.outboundProperties[&quot;http.status&quot;]==401)?&quot;-Unauthorized&quot;:&quot;-Invalid-Response&quot;)):&quot;-Valid-Response&quot;)]"
			doc:name="Metrics Record Full Request" />

		<set-payload
			value="{ &quot;flow&quot;:&quot;Shopify-Webhook-Order&quot;, &quot;subject&quot;:&quot;Pedido de #[flowVars.ecommerce] Ingresado&quot;,&quot;layer&quot;:&quot;layer-order-msg-report&quot;} "
			doc:name="Set Shopify-Articulos Msg to Jobs" mimeType="application/json" />

		<jms:outbound-endpoint doc:name="JMS - Send Process Job"
			connector-ref="Active_MQ" queue="${activemq.queue.jobs_pending}"
      responseTimeout="60000"
			encoding="ISO-8859-1" mimeType="text/plain">
		</jms:outbound-endpoint>

		<rollback-exception-strategy doc:name="Rollback Exception Strategy"
			maxRedeliveryAttempts="${activemq.queue.maximumRedeliveries}"
			enableNotifications="false" logException="false">
			<logger message="Transaction Rollbacked" level="INFO"
				category="com.acqua.base.ProcessLayer" doc:name="Logger" />
			<logger doc:name="Rollback transaction" level="INFO"
				message="Entered rollback exception strategy. The message rolls back to its original state for reprocessing." />
			<on-redelivery-attempts-exceeded>
				<logger message="Transaction Exhausted" level="INFO"
					category="com.acqua.base.ProcessLayer" doc:name="Logger" />
			</on-redelivery-attempts-exceeded>
		</rollback-exception-strategy>


	</flow>


	<flow name="woo-process-webhook-order-created-flow" processingStrategy="synchronous">

		<set-variable variableName="currentPayload" value="#[payload]"
			doc:name="Save Payload" />

		<enricher target="#[flowVars.regCtrol]" doc:name="Message Enricher">

			<processor-chain
				doc:name="Processor Chain - Alta/Baja/Eliminacion de Order ECommerce">

				<set-variable variableName="orderId" value=" #[payload.id]"
					doc:name="Save Order ID" />

				<enricher target="#[flowVars.request]" doc:name="Message Enricher - Order">
					<custom-transformer mimeType="application/json"
						class="com.acqua.transformer.WooOrderTransformer" doc:name="Dragon Orden Transformer" />
				</enricher>
				<enricher target="#[flowVars.currentCustomer]" doc:name="Message Enricher - Customer">
					<flow-ref name="woo-process-webhook-customer-flow"
						doc:name="woo-process-webhook-customer-flow" />
				</enricher>

				<choice doc:name="Choice">

					<when expression="#[flowVars.accion=='created']">

						<set-payload value="#[flowVars.request.get(&quot;order&quot;)]"
							doc:name="Set Payload" />

						<json:object-to-json-transformer
							doc:name="Object to JSON" encoding="UTF-8" mimeType="application/json" />

						<logger
							message="PROCESS LAYER - Request.  Dando de Alta del Pedido en Dragon:#[&quot;\n&quot;] #[message.payloadAs(java.lang.String)]"
							level="INFO" category="com.acqua.utils.ConsolaWebHooks" doc:name="Logger CONSOLA" />

						<http:request config-ref="DragonSL_Request_Configuration"
							path="order" method="PUT" doc:name="HTTP Add/Upd/Del Order">
							<http:request-builder>
								<http:header headerName="content-type"
									value="application/json;charset=UTF-8" />
							</http:request-builder>
							<http:success-status-code-validator
								values="200..599" />
						</http:request>

						<logger
							message="PROCESS LAYER - Response.  Alta de Pedido.  Status #[message.inboundProperties[&quot;http.status&quot;]]:#[&quot;\n&quot;] #[message.payloadAs(java.lang.String)]"
							level="INFO" category="com.acqua.utils.ConsolaWebHooks" doc:name="Logger CONSOLA" />

						<validation:custom-validator
							config-ref="Validation_Configuration" message="#[flowVars.validationErrorMessage]"
							class="com.acqua.common.pl.validator.PLExternalRestfulValidator"
							doc:name="Validation" />

						<expression-component doc:name="Expression Save Message"><![CDATA[flowVars.responseValue = new java.util.HashMap();
flowVars.responseValue .put("time",server.dateTime.format('yyyy/MM/dd HH:mm:ss:SSS'));
flowVars.responseValue .put("Orden",currentPayload.order_number);
flowVars.responseValue .put("IdOrden",currentPayload.id);
flowVars.responseValue .put("estado",200);
flowVars.responseValue .put("descripcionEstado","Orden Generada en Dragon: " + payload);]]></expression-component>

						<set-payload value="#[flowVars.responseValue]"
							doc:name="Set Payload" />

						<json:object-to-json-transformer
							doc:name="Object to JSON" encoding="ISO-8859-1" />

						<set-property propertyName="http.status" value="#[200]"
							doc:name="Set http.status" />

						<message-properties-transformer
							doc:name="Message Properties">
							<add-message-property key="Header"
								value="Woo-Webhook-Order" />
						</message-properties-transformer>

						<jms:outbound-endpoint
							queue="${activemq.queue.mensajes.articulos.webhook}"
              responseTimeout="60000"
							connector-ref="Active_MQ" doc:name="JMS - Save Message" encoding="ISO-8859-1" />
					</when>

					<otherwise>

						<set-variable variableName="errorMessage"
							value="Accion #[flowVars.accion] invalida procesando order id: #[flowVars.orderId]"
							doc:name="Set Error Msg" />

						<logger message="PROCESS LAYER - Accion Invalida #[flowVars.errorMessage]"
							level="INFO" category="com.acqua.utils.ConsolaWebHooks" doc:name="Logger CONSOLA" />

						<validation:custom-validator
							config-ref="Validation_Configuration" message="Error Procesando WebHook de Creando Ordenes"
							class="com.acqua.common.pl.validator.PLCommonValidator" doc:name="Validation" />
					</otherwise>

				</choice>

			</processor-chain>

		</enricher>

		<catch-exception-strategy doc:name="Catch Exception Strategy">
			<expression-component doc:name="Expression - Get Error Detail"><![CDATA[flowVars.circularException = exception.getCause(); 
flowVars.ProcessLayerResponseError = flowVars.circularException.getProcessLayerResponseError();
flowVars.responseValue = new java.util.HashMap();
flowVars.responseValue .put("time",server.dateTime.format('yyyy/MM/dd HH:mm:ss:SSS'));
flowVars.responseValue .put("Orden",flowVars.currentPayload.order_number);
flowVars.responseValue .put("IdOrden",flowVars.currentPayload.id);
flowVars.responseValue .put("estado",flowVars.ProcessLayerResponseError.getErrors().getHttpStatus());
flowVars.responseValue .put("descripcionEstado",flowVars.ProcessLayerResponseError.getErrors().getErrorMessage());]]></expression-component>
			<set-payload value="#[flowVars.responseValue]" doc:name="Set Payload" />
			<json:object-to-json-transformer
				mimeType="application/json" doc:name="Object to JSON" />
			<logger
				message="PROCESS LAYER - ERROR - Error procesando Orden  flowVars.currentPayload.order_number en Woo. Error: #[flowVars.responseValue.get(&quot;estado&quot;) + &quot; - &quot; + flowVars.responseValue.get(&quot;descripcionEstado&quot;)] #[&quot;\n&quot;] #[payload]"
				level="INFO" category="com.acqua.utils.ConsolaWebHooks" doc:name="Logger CONSOLA" />
			<set-property propertyName="http.status"
				value="#[flowVars.responseValue .get(&quot;estado&quot;)]" doc:name="http.status" />
			<message-properties-transformer
				doc:name="Message Properties">
				<add-message-property key="Header" value="Woo-Webhook-Order" />
			</message-properties-transformer>
			<jms:outbound-endpoint queue="${activemq.queue.mensajes.articulos.webhook}"
				connector-ref="Active_MQ" responseTimeout="60000" doc:name="JMS (Message Queue)" encoding="ISO-8859-1">
				<jms:transaction action="NONE" />
			</jms:outbound-endpoint>
			<set-property propertyName="http.status"
				value="#[flowVars.responseValue .get(&quot;estado&quot;)&lt;500?200:flowVars.responseValue .get(&quot;estado&quot;)]"
				doc:name="Set http.status" />
		</catch-exception-strategy>

	</flow>

	<flow name="woo-process-webhook-customer-flow" processingStrategy="synchronous">
		<set-payload value="#[flowVars.request.get(&quot;customer&quot;)]"
			doc:name="Set Payload" />

		<json:object-to-json-transformer
			doc:name="Object to JSON" encoding="UTF-8" mimeType="application/json" />

		<logger
			message="PROCESS LAYER - Request.  Dando de Alta del Cliente en Dragon:#[&quot;\n&quot;] #[message.payloadAs(java.lang.String)]"
			level="INFO" category="com.acqua.utils.ConsolaWebHooks" doc:name="Logger CONSOLA" />

		<http:request config-ref="DragonSL_Request_Configuration"
			path="put-customerecommerce" method="PUT"
			doc:name="HTTP Add/Upd/Del Cliente ECommerce">
			<http:request-builder>
				<http:header headerName="content-type" value="application/json;charset=UTF-8" />
			</http:request-builder>
			<http:success-status-code-validator
				values="200..599" />
		</http:request>

		<logger
			message="PROCESS LAYER - Response.  Alta de Cliente.  Status #[message.inboundProperties[&quot;http.status&quot;]]:#[&quot;\n&quot;] #[message.payloadAs(java.lang.String)]"
			level="INFO" category="com.acqua.utils.ConsolaWebHooks" doc:name="Logger CONSOLA" />

		<validation:custom-validator config-ref="Validation_Configuration"
			message="#[flowVars.validationErrorMessage]" class="com.acqua.common.pl.validator.PLExternalRestfulValidator"
			doc:name="Validation" />

		<json:json-to-object-transformer
			doc:name="JSON to Object" />

	</flow>
	
	<flow name="woo-webhooks-start-re-process-activemq-flow" processingStrategy="synchronous">
       
        <logger message="Reprocessing Webhooks" level="INFO" category="com.acqua.base.ProcessLayer" doc:name="Logger"/>
        
        <mulerequester:request-collection
			resource="jms://${activemq.queue.webhook}-woo-pending"
			doc:name="Mule Requester - Get JMS" />
			
		<foreach doc:name="For Each">
		
			<copy-properties propertyName="*" doc:name="Property" />
			
			<expression-component doc:name="Expression - Set Properties"><![CDATA[flowVars.ecommerce=(message.inboundProperties.'ecommerce' == null? "":message.inboundProperties.'ecommerce');
flowVars.entidad=(message.inboundProperties.'entidad' == null? "":message.inboundProperties.'entidad');
flowVars.accion=(message.inboundProperties.'accion' == null? "":message.inboundProperties.'accion');
]]></expression-component>
        <logger message="Reprocessing:  #[flowVars.ecommerce]  #[flowVars.entidad]  #[flowVars.accion] " level="INFO" category="com.acqua.base.ProcessLayer" doc:name="Logger"/>
				<message-properties-transformer
					overwrite="true" doc:name="Message Properties">
					<add-message-property key="entidad" value="#[flowVars.entidad]" />
					<add-message-property key="accion" value="#[flowVars.accion]" />
		            <add-message-property key="ecommerce" value="#[flowVars.ecommerce]"/>
				</message-properties-transformer>
				<jms:outbound-endpoint queue="${activemq.queue.webhook}-woo"
					connector-ref="Active_MQ" responseTimeout="60000" doc:name="JMS" encoding="ISO-8859-1" mimeType="application/json"/>
					
		</foreach>
       			
        <logger message="Reprocessing Webhooks DONE" level="INFO" category="com.acqua.base.ProcessLayer" doc:name="Logger"/>
        
    </flow>

</mule>
