<?xml version="1.0" encoding="UTF-8"?>

<mule xmlns:smtp="http://www.mulesoft.org/schema/mule/smtp"
	xmlns:mulerequester="http://www.mulesoft.org/schema/mule/mulerequester"
	xmlns:scripting="http://www.mulesoft.org/schema/mule/scripting"
	xmlns:acquait-metrics="http://www.mulesoft.org/schema/mule/acquait-metrics"
	xmlns:tracking="http://www.mulesoft.org/schema/mule/ee/tracking"
	xmlns:json="http://www.mulesoft.org/schema/mule/json" xmlns:http="http://www.mulesoft.org/schema/mule/http"
	xmlns:validation="http://www.mulesoft.org/schema/mule/validation"
	xmlns:jms="http://www.mulesoft.org/schema/mule/jms" xmlns="http://www.mulesoft.org/schema/mule/core"
	xmlns:doc="http://www.mulesoft.org/schema/mule/documentation"
	xmlns:spring="http://www.springframework.org/schema/beans" xmlns:xsi="http://www.w3.org/2001/XMLSchema-instance"
	xsi:schemaLocation="http://www.springframework.org/schema/beans http://www.springframework.org/schema/beans/spring-beans-current.xsd
http://www.mulesoft.org/schema/mule/core http://www.mulesoft.org/schema/mule/core/current/mule.xsd
http://www.mulesoft.org/schema/mule/jms http://www.mulesoft.org/schema/mule/jms/current/mule-jms.xsd
http://www.mulesoft.org/schema/mule/json http://www.mulesoft.org/schema/mule/json/current/mule-json.xsd
http://www.mulesoft.org/schema/mule/http http://www.mulesoft.org/schema/mule/http/current/mule-http.xsd
http://www.mulesoft.org/schema/mule/validation http://www.mulesoft.org/schema/mule/validation/current/mule-validation.xsd
http://www.mulesoft.org/schema/mule/ee/tracking http://www.mulesoft.org/schema/mule/ee/tracking/current/mule-tracking-ee.xsd
http://www.mulesoft.org/schema/mule/acquait-metrics http://www.mulesoft.org/schema/mule/acquait-metrics/current/mule-acquait-metrics.xsd
http://www.mulesoft.org/schema/mule/scripting http://www.mulesoft.org/schema/mule/scripting/current/mule-scripting.xsd
http://www.mulesoft.org/schema/mule/mulerequester http://www.mulesoft.org/schema/mule/mulerequester/current/mule-mulerequester.xsd
http://www.mulesoft.org/schema/mule/smtp http://www.mulesoft.org/schema/mule/smtp/current/mule-smtp.xsd">

	<flow name="poll-woo-articulos-read-articulo-queue-flow" initialState="started"
		processingStrategy="synchronous">

		<jms:inbound-endpoint connector-ref="Active_MQ"
			doc:name="JMS" queue="${activemq.queue.articulos.woo}">
			<jms:transaction action="ALWAYS_BEGIN" />
		</jms:inbound-endpoint>

		<copy-properties propertyName="*" doc:name="Property" />

		<expression-component doc:name="Set Init Expressions"><![CDATA[flowVars.flowName=flow.name;
flowVars.apiName='Shopify-Process-Articulo';
flowVars.errorCode=server.dateTime.format('yyyyMMddHHmmssSSS');
flowVars.metricCategory='Shopify-Process-Articulo';
flowVars.generarCSV=false;
flowVars.sendMail=true;
flowVars.transactionIDShopi=message.inboundProperties['batchID']+'_0';
flowVars.refreshArticulo=message.inboundProperties['refreshArticulo'];
flowVars.eCommerce='woo';]]></expression-component>

		<logger
			message="PROCESS LAYER - JMS Transaccion Batch ID recibida #[flowVars.transactionIDShopi]"
			level="INFO" category="com.acqua.utils.ConsolaShopify" doc:name="Logger CONSOLA" />
        <flow-ref name="woo-articulos-main-articulo-flow" doc:name="woo-articulos-main-articulo-flow"/>


		<validation:custom-validator config-ref="Validation_Configuration_Transaction"
			message="ROLLBACK" class="com.acqua.common.pl.validator.PLTransactionValidator"
			doc:name="Validation Commit/Rollback" />

		<logger message="Transaccion Batch ID procada #[flowVars.transactionIDShopi]"
			level="INFO" category="com.acqua.base.ProcessLayer" doc:name="Logger" />

		<rollback-exception-strategy doc:name="Rollback Exception Strategy"
			maxRedeliveryAttempts="${activemq.queue.maximumRedeliveries}"
			enableNotifications="false" logException="false">
			
			<logger message="PROCESS LAYER - JMS Transaction Rollbacked"
				level="INFO" category="com.acqua.utils.ConsolaShopify" doc:name="Logger CONSOLA" />
			
			<logger doc:name="Rollback transaction" level="INFO"
				message="Entered rollback exception strategy. The message rolls back to its original state for reprocessing." />

			<jms:outbound-endpoint queue="${activemq.queue.mensajes.articulos.shopify}"
				responseTimeout="60000" connector-ref="Active_MQ" doc:name="JMS (Message Queue)">
				<jms:transaction action="NONE" />
			</jms:outbound-endpoint>
		
			<on-redelivery-attempts-exceeded>
				<logger message="PROCESS LAYER - JMS Transaction Exhausted"
					level="INFO" category="com.acqua.utils.ConsolaShopify" doc:name="Logger" />
			</on-redelivery-attempts-exceeded>
		
		</rollback-exception-strategy>

	</flow>


</mule>


