<?xml version="1.0" encoding="UTF-8"?>

<mule xmlns:dragonfish="http://www.mulesoft.org/schema/mule/dragonfish" xmlns:json="http://www.mulesoft.org/schema/mule/json" xmlns:tracking="http://www.mulesoft.org/schema/mule/ee/tracking" xmlns="http://www.mulesoft.org/schema/mule/core" xmlns:doc="http://www.mulesoft.org/schema/mule/documentation"
	xmlns:spring="http://www.springframework.org/schema/beans" 
	xmlns:xsi="http://www.w3.org/2001/XMLSchema-instance"
	xsi:schemaLocation="http://www.springframework.org/schema/beans http://www.springframework.org/schema/beans/spring-beans-current.xsd
http://www.mulesoft.org/schema/mule/core http://www.mulesoft.org/schema/mule/core/current/mule.xsd
http://www.mulesoft.org/schema/mule/json http://www.mulesoft.org/schema/mule/json/current/mule-json.xsd
http://www.mulesoft.org/schema/mule/dragonfish http://www.mulesoft.org/schema/mule/dragonfish/current/mule-dragonfish.xsd
http://www.mulesoft.org/schema/mule/ee/tracking http://www.mulesoft.org/schema/mule/ee/tracking/current/mule-tracking-ee.xsd">
    
    <flow name="dragon-table-lookup-table-familia-flow">
    	<expression-component doc:name="Expression - Init Return Value"><![CDATA[flowVars.flowName=flow.name;
flowVars.metricCategory=message.inboundProperties.'http.request.path';
flowVars.apiName=message.inboundProperties.'http.request.uri';
flowVars.errorCode="";
flowVars.rerturnValue = new java.util.ArrayList();
payload = new java.util.HashMap();]]></expression-component>

        <dragonfish:servicio config-ref="Dragonfish__Configuration" entityType="Familia_familiaGet" doc:name="Dragonfish"/>
        <foreach collection="#[payload.resultados]" doc:name="For Each">
            <expression-component doc:name="Expression"><![CDATA[flowVars.codigo = new java.util.HashMap();
flowVars.codigo .put(payload.codigo, payload.descripcion); 
flowVars.rerturnValue.add(flowVars.codigo);]]></expression-component>
        </foreach>
        <set-payload value="#[flowVars.rerturnValue]" doc:name="Set Payload"/>
        <json:object-to-json-transformer doc:name="Object to JSON"/>
    </flow>
    
    <flow name="dragon-table-lookup-table-materiales-flow">
        <expression-component doc:name="Expression - Init Return Value"><![CDATA[flowVars.flowName=flow.name;
flowVars.metricCategory=message.inboundProperties.'http.request.path';
flowVars.apiName=message.inboundProperties.'http.request.uri';
flowVars.errorCode="";
flowVars.rerturnValue = new java.util.ArrayList();
payload = new java.util.HashMap();]]></expression-component>
        <dragonfish:servicio config-ref="Dragonfish__Configuration" entityType="Material_materialGet" doc:name="Dragonfish"/>
        <foreach collection="#[payload.resultados]" doc:name="For Each">
            <expression-component doc:name="Expression"><![CDATA[flowVars.codigo = new java.util.HashMap();
flowVars.codigo .put(payload.codigo, payload.descripcion); 
flowVars.rerturnValue.add(flowVars.codigo);]]></expression-component>

        </foreach>
        <set-payload value="#[flowVars.rerturnValue]" doc:name="Set Payload"/>
        <json:object-to-json-transformer doc:name="Object to JSON"/>
    </flow>
    
    <flow name="dragon-table-lookup-table-proveedores-flow">
        <expression-component doc:name="Expression - Init Return Value"><![CDATA[flowVars.flowName=flow.name;
flowVars.metricCategory=message.inboundProperties.'http.request.path';
flowVars.apiName=message.inboundProperties.'http.request.uri';
flowVars.errorCode="";
flowVars.rerturnValue = new java.util.ArrayList();
payload = new java.util.HashMap();]]></expression-component>
        <dragonfish:servicio config-ref="Dragonfish__Configuration" entityType="Proveedor_proveedorGet" doc:name="Dragonfish"/>
        <foreach collection="#[payload.resultados]" doc:name="For Each">
            <expression-component doc:name="Expression"><![CDATA[flowVars.codigo = new java.util.HashMap();
flowVars.codigo .put(payload.codigo, payload.nombre); 
flowVars.rerturnValue.add(flowVars.codigo);]]></expression-component>
        </foreach>
        <set-payload value="#[flowVars.rerturnValue]" doc:name="Set Payload"/>
        <json:object-to-json-transformer doc:name="Object to JSON"/>
    </flow>
    
    <flow name="dragon-table-lookup-table-tiposarticulo-flow">
        <expression-component doc:name="Expression - Init Return Value"><![CDATA[flowVars.flowName=flow.name;
flowVars.metricCategory=message.inboundProperties.'http.request.path';
flowVars.apiName=message.inboundProperties.'http.request.uri';
flowVars.errorCode="";
flowVars.rerturnValue = new java.util.ArrayList();
payload = new java.util.HashMap();]]></expression-component>
        <dragonfish:servicio config-ref="Dragonfish__Configuration" entityType="Tipodearticulo_tipodearticuloGet" doc:name="Dragonfish"/>
        <foreach collection="#[payload.resultados]" doc:name="For Each">
            <expression-component doc:name="Expression"><![CDATA[flowVars.codigo = new java.util.HashMap();
flowVars.codigo .put(payload.codigo, payload.descripcion); 
flowVars.rerturnValue.add(flowVars.codigo);]]></expression-component>
        </foreach>
        <set-payload value="#[flowVars.rerturnValue]" doc:name="Set Payload"/>
        <json:object-to-json-transformer doc:name="Object to JSON"/>
    </flow>
    
    <flow name="dragon-table-lookup-table-categoriasarticulo-flow">
        <expression-component doc:name="Expression - Init Return Value"><![CDATA[flowVars.flowName=flow.name;
flowVars.metricCategory=message.inboundProperties.'http.request.path';
flowVars.apiName=message.inboundProperties.'http.request.uri';
flowVars.errorCode="";
flowVars.rerturnValue = new java.util.ArrayList();
payload = new java.util.HashMap();]]></expression-component>
        <dragonfish:servicio config-ref="Dragonfish__Configuration" entityType="Categoriadearticulo_categoriadearticuloGet" doc:name="Dragonfish"/>
        <foreach collection="#[payload.resultados]" doc:name="For Each">
            <expression-component doc:name="Expression"><![CDATA[flowVars.codigo = new java.util.HashMap();
flowVars.codigo .put(payload.codigo, payload.descripcion); 
flowVars.rerturnValue.add(flowVars.codigo);]]></expression-component>
        </foreach>
        <set-payload value="#[flowVars.rerturnValue]" doc:name="Set Payload"/>
        <json:object-to-json-transformer doc:name="Object to JSON"/>
    </flow>
    
    <flow name="dragon-table-lookup-table-colores-flow">
        <expression-component doc:name="Expression - Init Return Value"><![CDATA[flowVars.flowName=flow.name;
flowVars.metricCategory=message.inboundProperties.'http.request.path';
flowVars.apiName=message.inboundProperties.'http.request.uri';
flowVars.errorCode="";
flowVars.rerturnValue = new java.util.ArrayList();
payload = new java.util.HashMap();]]></expression-component>
        <dragonfish:servicio config-ref="Dragonfish__Configuration" entityType="Color_colorGet" doc:name="Dragonfish"/>
        <foreach collection="#[payload.resultados]" doc:name="For Each">
            <expression-component doc:name="Expression"><![CDATA[flowVars.codigo = new java.util.HashMap();
flowVars.codigo .put(payload.codigo, payload.descripcion); 
flowVars.rerturnValue.add(flowVars.codigo);]]></expression-component>
        </foreach>
        <set-payload value="#[flowVars.rerturnValue]" doc:name="Set Payload"/>
        <json:object-to-json-transformer doc:name="Object to JSON"/>
    </flow>
    
    <flow name="dragon-table-lookup-table-talles-flow">
        <expression-component doc:name="Expression - Init Return Value"><![CDATA[flowVars.flowName=flow.name;
flowVars.metricCategory=message.inboundProperties.'http.request.path';
flowVars.apiName=message.inboundProperties.'http.request.uri';
flowVars.errorCode="";
flowVars.rerturnValue = new java.util.ArrayList();
payload = new java.util.HashMap();]]></expression-component>
        <dragonfish:servicio config-ref="Dragonfish__Configuration" entityType="Talle_talleGet" doc:name="Dragonfish"/>
        <foreach collection="#[payload.resultados]" doc:name="For Each">
            <expression-component doc:name="Expression"><![CDATA[flowVars.codigo = new java.util.HashMap();
flowVars.codigo .put(payload.codigo, payload.descripcion); 
flowVars.rerturnValue.add(flowVars.codigo);]]></expression-component>
        </foreach>
        <set-payload value="#[flowVars.rerturnValue]" doc:name="Set Payload"/>
        <json:object-to-json-transformer doc:name="Object to JSON"/>
    </flow>
    
    
    <flow name="dragon-table-lookup-table-lineas-flow">
        <expression-component doc:name="Expression - Init Return Value"><![CDATA[flowVars.flowName=flow.name;
flowVars.metricCategory=message.inboundProperties.'http.request.path';
flowVars.apiName=message.inboundProperties.'http.request.uri';
flowVars.errorCode="";
flowVars.rerturnValue = new java.util.ArrayList();
payload = new java.util.HashMap();]]></expression-component>
        <dragonfish:servicio config-ref="Dragonfish__Configuration" entityType="Linea_lineaGet" doc:name="Dragonfish"/>
        <foreach collection="#[payload.resultados]" doc:name="For Each">
            <expression-component doc:name="Expression"><![CDATA[flowVars.codigo = new java.util.HashMap();
flowVars.codigo .put(payload.codigo, payload.descripcion); 
flowVars.rerturnValue.add(flowVars.codigo);]]></expression-component>
        </foreach>
        <set-payload value="#[flowVars.rerturnValue]" doc:name="Set Payload"/>
        <json:object-to-json-transformer doc:name="Object to JSON"/>
    </flow>
    
    
</mule>
