<?xml version="1.0" encoding="UTF-8"?>

<mule xmlns:validation="http://www.mulesoft.org/schema/mule/validation"
	xmlns:http="http://www.mulesoft.org/schema/mule/http" xmlns:tls="http://www.mulesoft.org/schema/mule/tls"
	xmlns:cdata-shopify="http://www.mulesoft.org/schema/mule/cdata-shopify"
	xmlns:tracking="http://www.mulesoft.org/schema/mule/ee/tracking"
	xmlns:scripting="http://www.mulesoft.org/schema/mule/scripting" 
	xmlns:dw="http://www.mulesoft.org/schema/mule/ee/dw" xmlns:dragonfish="http://www.mulesoft.org/schema/mule/dragonfish"
	xmlns:json="http://www.mulesoft.org/schema/mule/json" xmlns="http://www.mulesoft.org/schema/mule/core"
	xmlns:doc="http://www.mulesoft.org/schema/mule/documentation"
	xmlns:spring="http://www.springframework.org/schema/beans" xmlns:xsi="http://www.w3.org/2001/XMLSchema-instance"
	xsi:schemaLocation="http://www.springframework.org/schema/beans http://www.springframework.org/schema/beans/spring-beans-current.xsd
http://www.mulesoft.org/schema/mule/core http://www.mulesoft.org/schema/mule/core/current/mule.xsd
http://www.mulesoft.org/schema/mule/dragonfish http://www.mulesoft.org/schema/mule/dragonfish/current/mule-dragonfish.xsd
http://www.mulesoft.org/schema/mule/json http://www.mulesoft.org/schema/mule/json/current/mule-json.xsd
http://www.mulesoft.org/schema/mule/ee/dw http://www.mulesoft.org/schema/mule/ee/dw/current/dw.xsd
http://www.mulesoft.org/schema/mule/scripting http://www.mulesoft.org/schema/mule/scripting/current/mule-scripting.xsd
http://www.mulesoft.org/schema/mule/ee/tracking http://www.mulesoft.org/schema/mule/ee/tracking/current/mule-tracking-ee.xsd
http://www.mulesoft.org/schema/mule/cdata-shopify http://www.mulesoft.org/schema/mule/cdata-shopify/current/mule-cdata-shopify.xsd
http://www.mulesoft.org/schema/mule/http http://www.mulesoft.org/schema/mule/http/current/mule-http.xsd
http://www.mulesoft.org/schema/mule/tls http://www.mulesoft.org/schema/mule/tls/current/mule-tls.xsd
http://www.mulesoft.org/schema/mule/validation http://www.mulesoft.org/schema/mule/validation/current/mule-validation.xsd">
 
	<flow name="dragon-get-articulo-flow" processingStrategy="synchronous">

		<logger
			message="Leyendo Articulo: #[message.inboundProperties.'http.uri.params'.Codigo]"
			category="com.acqua.utils.SystemLayer" level="INFO" doc:name="Logger" />

		<expression-component doc:name="Set Control Vars"><![CDATA[flowVars.flowName=flow.name;
flowVars.metricCategory=message.inboundProperties.'http.request.path';
flowVars.apiName=message.inboundProperties.'http.request.uri';
flowVars.errorCode="";
flowVars .parameterCodigo=message.inboundProperties.'http.uri.params'.Codigo;
flowVars .parameterInformacion=message.inboundProperties.'http.uri.params'.Informacion;]]></expression-component>
		<expression-component doc:name="Prepare Request"><![CDATA[payload = new java.util.HashMap();
payload .put("id", flowVars .parameterCodigo);]]></expression-component>
        <enricher target="#[flowVars.dragonArticulo]" doc:name="Message Enricher">
            <dragonfish:servicio config-ref="Dragonfish__Configuration" entityType="ArticuloById_articuloByIdGet" doc:name="Dragonfish - Consulta de Articulos"/>
        </enricher>
        <enricher target="#[flowVars.dragonArticuloPrecioStock]" doc:name="Message Enricher">
            <flow-ref name="dragon-producto-obtener-precio-stock-flow" doc:name="dragon-producto-obtener-precio-stock-flow"/>
        </enricher>
        <enricher target="#[flowVars.shopifyID]" doc:name="Message Enricher" >
        	<processor-chain doc:name="Processor Chain">
        		<set-variable variableName="articuloDragonKey" value="#[flowVars.dragonArticulo.codigo]" doc:name="Set Articulo Dragon"/>
           	 <flow-ref name="dragon-producto-obtener-shopifyID-flow" doc:name="dragon-producto-obtener-shopifyID-flow"/>
            </processor-chain>
        </enricher>
        <enricher target="#[flowVars.barecode]" doc:name="Message Enricher">
            <processor-chain doc:name="Processor Chain">
                <expression-component doc:name="Set Parametros"><![CDATA[flowVars.articuloDragonKey=flowVars.dragonArticulo.codigo;
flowVars.articuloDragonColor="";
flowVars.articuloDragonTalle="";

 ]]></expression-component>
                <flow-ref name="dragon-producto-obtener-barcode-flow" doc:name="dragon-producto-obtener-barcode-flow"/>
            </processor-chain>
        </enricher>

        <choice doc:name="Choice">
            <when expression="#[flowVars .parameterInformacion == &quot;imagen&quot; &amp;&amp; flowVars.dragonArticulo.imagen != &quot;&quot;]">
                <expression-component doc:name="Prepare Request"><![CDATA[payload = new java.util.HashMap();
payload .put("ruta", flowVars.dragonArticulo.imagen);]]></expression-component>
                <dragonfish:servicio config-ref="Dragonfish__Configuration" entityType="ObtenerImagen_obtenerImagenGet" doc:name="Dragonfish - Get Image"/>
                <set-payload value="#[payload]" mimeType="image/png" doc:name="Set Payload"/>
            </when>
            <when expression="#[flowVars .parameterInformacion == &quot;imagen_base64&quot; &amp;&amp; flowVars.dragonArticulo.imagen != &quot;&quot;]">
                <flow-ref name="dragon-producto-obtencion-lista-imagenes-primera-flow" doc:name="dragon-producto-obtencion-lista-imagenes-primera-flow"/>

                <expression-component doc:name="Set Payload"><![CDATA[payload = new java.util.HashMap();
payload .put("articulo", flowVars.dragonArticulo);
payload .put("image", flowVars.images);
payload.put("shopifyid",flowVars.shopifyID);
payload.put("precioStock",flowVars.dragonArticuloPrecioStock);
payload.put("barecode",flowVars.barecode);]]></expression-component>
            </when>
            <otherwise>
                <expression-component doc:name="Set Payload"><![CDATA[payload = new java.util.HashMap();
payload .put("articulo", flowVars.dragonArticulo);
payload.put("shopifyid",flowVars.shopifyID);
payload .put("image", "");
payload.put("precioStock",flowVars.dragonArticuloPrecioStock);
payload.put("barecode",flowVars.barecode);]]></expression-component>
            </otherwise>
        </choice>
        <invoke object-ref="JsonTransform" method="generarJSON" methodArguments="#[payload]" doc:name="Invoke - JSON Transform"/>
        <set-payload value="#[payload]" encoding="ISO-8859-1" mimeType="application/json" doc:name="Set Payload"/>


		<exception-strategy ref="System_Layer_Generic_Exception_Strategy"
			doc:name="Reference Exception Strategy" />

	</flow>
    <flow name="dragon-producto-obtencion-lista-imagenes-primera-flow">
        <set-variable variableName="secuencia" value="#[0]" doc:name="Variable"/>
        <expression-component doc:name="Prepare Variable"><![CDATA[flowVars.images = new java.util.ArrayList();
flowVars.existeListaImagenes = app.registry.DragonUtil.existeListaDeImagenes(flowVars.dragonArticulo.imagen);]]></expression-component>
        <enricher target="#[flowVars.dragonArticuloImage]" doc:name="Message Enricher">
            <processor-chain doc:name="Processor Chain">
                <logger message="Ruta de la Imagen: #[flowVars.dragonArticulo.imagen]" level="INFO" category="com.acqua.utils.SystemLayer" doc:name="Logger"/>
                <expression-component doc:name="Prepare Request"><![CDATA[payload = new java.util.HashMap();
payload .put("ruta", flowVars.dragonArticulo.imagen);]]></expression-component>
                <dragonfish:servicio config-ref="Dragonfish__Configuration" entityType="ObtenerImagen_obtenerImagenGet" doc:name="Dragonfish - Get Image"/>
                <invoke object-ref="DragonUtil" method="getImageAsBase64" methodArguments="#[payload]" doc:name="Invoke - Encode Img 64"/>
            </processor-chain>
        </enricher>
        <expression-component doc:name="Expression"><![CDATA[flowVars.images.add(flowVars.dragonArticuloImage);]]></expression-component>
        <choice doc:name="Choice">
            <when expression="#[flowVars.existeListaImagenes]">
                <flow-ref name="dragon-producto-obtencion-lista-imagenes-siguiente-flow" doc:name="dragon-producto-obtencion-lista-imagenes-siguiente-flow"/>
            </when>
            <otherwise>
                <logger message="No existen listas de imagenes" level="INFO" category="com.acqua.utils.SystemLayer" doc:name="Logger"/>
            </otherwise>
        </choice>
    </flow>
    <flow name="dragon-producto-obtencion-lista-imagenes-siguiente-flow">
        <set-variable variableName="secuencia" value="#[flowVars.secuencia  + 1]" doc:name="Variable"/>
        <enricher target="#[flowVars.dragonArticuloImage]" doc:name="Message Enricher">
            <processor-chain doc:name="Processor Chain">
                <expression-component doc:name="Prepare Request"><![CDATA[payload = new java.util.HashMap();
payload .put("ruta", app.registry.DragonUtil.obtenerImagenPorSecuencia(flowVars.dragonArticulo.imagen, flowVars.secuencia));]]></expression-component>
                <dragonfish:servicio config-ref="Dragonfish__Configuration" entityType="ObtenerImagen_obtenerImagenGet" doc:name="Dragonfish - Get Image"/>
                <invoke object-ref="DragonUtil" method="getImageAsBase64" methodArguments="#[payload]" doc:name="Invoke - Encode Img 64"/>
            </processor-chain>
        </enricher>
        <expression-component doc:name="Expression"><![CDATA[flowVars.images.add(flowVars.dragonArticuloImage);]]></expression-component>
        <flow-ref name="dragon-producto-obtencion-lista-imagenes-siguiente-flow" doc:name="dragon-producto-obtencion-lista-imagenes-siguiente-flow"/>
        <catch-exception-strategy enableNotifications="false" doc:name="Catch Exception Strategy">
            <logger message="Errror" level="INFO" doc:name="Logger"/>
            <set-variable variableName="existeImagenArticulo" value="#[false]" doc:name="Variable"/>
        </catch-exception-strategy>
    </flow>
    <flow name="dragon-get-articulo-image-flow">
        <logger message="Leyendo Articulo: #[message.inboundProperties.'http.uri.params'.Codigo]" category="com.acqua.utils.SystemLayer" level="INFO" doc:name="Logger"/>
        <expression-component doc:name="Set Control Vars"><![CDATA[flowVars.flowName=flow.name;
flowVars.metricCategory=message.inboundProperties.'http.request.path';
flowVars.apiName=message.inboundProperties.'http.request.uri'; 
flowVars.errorCode="";]]></expression-component>
        <expression-component doc:name="Prepare Request"><![CDATA[payload = new java.util.HashMap();
payload .put("id", message.inboundProperties.'http.uri.params'.Codigo);]]></expression-component>
        <dragonfish:servicio config-ref="Dragonfish__Configuration" entityType="ArticuloById_articuloByIdGet" doc:name="Dragonfish"/>
        <logger message="#[payload]" level="INFO" doc:name="Logger" category="com.acqua.utils.SystemLayer"/>
    </flow>

	<flow name="dragon-obtener-productos-modificados-flow" processingStrategy="synchronous">
        <expression-component doc:name="Set Control Vars"><![CDATA[flowVars.flowName=flow.name;
flowVars.metricCategory=message.inboundProperties.'http.request.path';
flowVars.apiName=message.inboundProperties.'http.request.uri';
flowVars.errorCode="";]]></expression-component>

		<logger
			message="Leyendo Productos Modificados posgterior a Fecha: #[message.inboundProperties.'http.uri.params'.FechaModificacion]"
			category="com.acqua.utils.SystemLayer" level="INFO" doc:name="Logger" />
        <choice doc:name="Choice">
            <when expression="#[message.inboundProperties.'http.uri.params'.FechaModificacion == null]">
                <set-variable variableName="articuloDragonKey" value="${Dragon_Articulo_Control}" doc:name="Set Articulo Dragon"/>

                <enricher target="#[flowVars.FechaModificacion]" doc:name="Message Enricher">
                    <flow-ref name="dragon-producto-obtener-articulo-control-flow" doc:name="dragon-producto-obtener-articulo-control-flow"/>

                </enricher>
            </when>
            <otherwise>
                <set-variable variableName="FechaModificacion" value="#[message.inboundProperties.'http.uri.params'.FechaModificacion]" doc:name="Set Fecha Modificacion"/>
            </otherwise>
        </choice>

		<expression-component doc:name="Set Control Vars"><![CDATA[flowVars.flowName="dragon-obtener-productos-modificados-flow";
flowVars.metricCategory="Dragon-Product";
flowVars.apiName="Listado de Articulos";
flowVars.errorCode="";
flowVars.page=1;
flowVars.returnValue = new java.util.ArrayList();]]></expression-component>
        <flow-ref name="dragon-producto-process-request-while-flow" doc:name="dragon-producto-process-request-while-flow"/>
        <set-payload value="#[flowVars.returnValue]" doc:name="Set Payload"/>
        <invoke object-ref="DragonUtil" method="invertirLista" methodArguments="#[payload]" doc:name="Invoke - Reverse ArrayList"/>

        <json:object-to-json-transformer doc:name="Object to JSON"/>


		<exception-strategy ref="System_Layer_Generic_Exception_Strategy"
			doc:name="Reference Exception Strategy" />
	</flow>
    <flow name="dragon-producto-process-request-while-flow" processingStrategy="synchronous">
        <expression-component doc:name="Prepare Request"><![CDATA[payload = new java.util.HashMap();
payload .put("limit", 10);
payload .put("page", flowVars.page);
payload .put("sort", "-informacionAdicional.FechaModificacionFW,-informacionAdicional.HoraModificacionFW");

]]></expression-component>

        <dragonfish:servicio config-ref="Dragonfish__Configuration" entityType="Articulo_articuloGet" doc:name="Dragonfish"/>
        <choice doc:name="Choice">
            <when expression="#[payload.totalRegistros &gt; 0]">
                <enricher target="#[flowVars.procesarPrimerRegistro]" doc:name="Message Enricher">
                    <invoke object-ref="DragonUtil" method="seDebeProcesarRegistro" methodArguments="#[payload.resultados[0].codigo], #[payload.resultados[0].informacionAdicional[0].fechaModificacionFW],#[payload.resultados[0].informacionAdicional[0].horaModificacionFW],#[flowVars.FechaModificacion]" doc:name="Invoke - Si se debe Procesar Primer Registro"/>
                </enricher>
            </when>
            <otherwise>
                <set-variable variableName="procesarPrimerRegistro" value="#[false]" doc:name="Set Procesar Registros"/>
            </otherwise>
        </choice>
        <choice doc:name="Choice - Hay Registros a Procesar?">
            <when expression="#[payload.totalRegistros &gt; 0 &amp;&amp; flowVars.procesarPrimerRegistro]">
                <enricher target="#[flowVars.page]" doc:name="Message Enricher">
                    <invoke object-ref="DragonUtil" method="obtenerPagina" methodArguments="#[payload.siguiente!=null?payload.siguiente:&quot;NULL&quot;]" doc:name="Invoke - Obtener Pagina"/>
                </enricher>

                <foreach collection="#[payload.resultados]" doc:name="For Each">
                    <enricher target="#[flowVars.seDebeProcesarRegistro]" doc:name="Message Enricher">
                        <invoke object-ref="DragonUtil" method="seDebeProcesarRegistro" methodArguments="#[payload.codigo], #[payload.informacionAdicional[0].fechaModificacionFW!=null?payload.informacionAdicional[0].fechaModificacionFW:&quot;NULL&quot;],#[payload.informacionAdicional[0].horaModificacionFW!=null?payload.informacionAdicional[0].horaModificacionFW:&quot;NULL&quot;],#[flowVars.FechaModificacion]" doc:name="Invoke - Si se debe Procesar"/>
                    </enricher>

                    <choice doc:name="Choice - Procesar?">
                        <when expression="#[flowVars.seDebeProcesarRegistro &amp;&amp; !(payload.codigo.equals('${Dragon_Articulo_Control}'))]">
                            <logger message="Codigo modificado: #[payload.codigo] Fecha Modificado: #[payload.informacionAdicional[0].fechaModificacionFW] Hora: Fecha Modificado: #[payload.informacionAdicional[0].horaModificacionFW]" category="com.acqua.utils.SystemLayer" level="INFO" doc:name="Logger"/>
                            <expression-component doc:name="Preparing Response"><![CDATA[flowVars.returnValue.add(payload.codigo);]]></expression-component>
                        </when>
                        <otherwise>
                            <logger message="Codigo NO modificado: #[payload.codigo] Fecha Modificado: #[payload.informacionAdicional.fechaModificacionFW] Hora: Fecha Modificado: #[payload.informacionAdicional.horaModificacionFW]" category="com.acqua.utils.SystemLayer" level="INFO" doc:name="Logger"/>
                        </otherwise>
                    </choice>
                </foreach>

            </when>
            <otherwise>
                <logger message="No hay registros a Procesar" category="com.acqua.utils.SystemLayer" level="INFO" doc:name="Logger"/>
                <set-variable variableName="page" value="#[0]" doc:name="Set Page to 0"/>

            </otherwise>
        </choice>
        <choice doc:name="Choice - Hay mas Paginas Pendientes?">
            <when expression="#[flowVars.page&gt;0]">
                <flow-ref name="dragon-producto-process-request-while-flow" doc:name="dragon-producto-process-request-while-flow"/>
            </when>
            <otherwise>
                <logger message="No hay mas paginas pendientes" category="com.acqua.utils.SystemLayer" level="INFO" doc:name="Logger"/>
            </otherwise>
        </choice>
			
    </flow>
    <flow name="dragon-producto-actualizar-producto-flow">
        <expression-component doc:name="Set Control Vars"><![CDATA[flowVars.flowName=flow.name;
flowVars.metricCategory=message.inboundProperties.'http.request.path';
flowVars.apiName=message.inboundProperties.'http.request.uri';
flowVars.errorCode="";]]></expression-component>
        <byte-array-to-string-transformer doc:name="Byte Array to String"/>
        <json:json-to-object-transformer returnClass="java.util.HashMap" doc:name="JSON to Object"/>
        <expression-component doc:name="Expression"><![CDATA[flowVars.tmpRoot = new java.util.HashMap();
flowVars.tmpRoot .put("id", payload.codigo);
flowVars.tmpA = new java.util.HashMap();
flowVars.tmpA .put("codigo", payload.codigo);
flowVars.tmpA .put("observacion",payload.observacion);
flowVars.tmpA .put("noComercializable",new Date(2000, 1, 1));
flowVars.tmpA .put("noPublicarEnEcommerce",true);
flowVars.tmpRoot .put("request", flowVars.tmpA);
payload = flowVars.tmpRoot;
]]></expression-component>
        <dragonfish:servicio config-ref="Dragonfish__Configuration" entityType="ArticuloById_articuloByIdPut" doc:name="Dragonfish"/>
        <json:object-to-json-transformer doc:name="Object to JSON"/>
    
	    <exception-strategy ref="System_Layer_Generic_Exception_Strategy"
				doc:name="Reference Exception Strategy" />
	    
    </flow>
    
    <flow name="dragon-producto-obtener-shopifyID-flow" processingStrategy="synchronous">
        <expression-component doc:name="Expression - Prepare Request"><![CDATA[payload = new java.util.HashMap();
payload .put("articulo",flowVars.articuloDragonKey); 
payload .put("color",""); 
payload .put("talle",""); ]]></expression-component>
        <dragonfish:servicio config-ref="Dragonfish__Configuration" entityType="Equivalencia_equivalenciaGet" doc:name="Dragonfish"/>

		<invoke object-ref="DragonUtil" method="obtenerShopifyID" methodArguments="#[payload.resultados[0].observacion]" doc:name="Invoke - Obtener ShopifyID"/>
		 
        <choice-exception-strategy doc:name="Choice Exception Strategy">
            <catch-exception-strategy when="exception.causedBy(org.mule.modules.connector.exceptions.ExternalConnectorException) &amp;&amp; (exception.cause.message.equals(&quot;INTERNAL: Not Found&quot;))" doc:name="Catch Exception Strategy" enableNotifications="false" logException="false">
                <logger message="No existe el producto en Shopify" level="INFO" doc:name="Logger" category="com.acqua.utils.SystemLayer"/>
                <set-payload value="#[&quot;&quot;]" doc:name="Set Payload"/>


            </catch-exception-strategy>
        </choice-exception-strategy>

    </flow>
    
    <flow name="dragon-producto-obtener-barcode-flow" processingStrategy="synchronous">
        <expression-component doc:name="Expression - Prepare Request"><![CDATA[payload = new java.util.HashMap();
payload .put("articulo",flowVars.articuloDragonKey); 
payload .put("color",flowVars.articuloDragonColor); 
payload .put("talle",flowVars.articuloDragonTalle); ]]></expression-component>
        <dragonfish:servicio config-ref="Dragonfish__Configuration" entityType="Equivalencia_equivalenciaGet" doc:name="Dragonfish"/>
        <set-payload value="#[payload.resultados[0].codigo]" doc:name="Set Payload"/>

		 
        <choice-exception-strategy doc:name="Choice Exception Strategy">
            <catch-exception-strategy when="exception.causedBy(org.mule.modules.connector.exceptions.ExternalConnectorException) &amp;&amp; (exception.cause.message.equals(&quot;INTERNAL: Not Found&quot;))" doc:name="Catch Exception Strategy" enableNotifications="false" logException="false">
                <logger message="No existe el producto en Shopify" level="INFO" doc:name="Logger" category="com.acqua.utils.SystemLayer"/>
                <set-payload value="#[&quot;&quot;]" doc:name="Set Payload"/>


            </catch-exception-strategy>
        </choice-exception-strategy>

    </flow>
    
    <flow name="dragon-producto-obtener-articulo-control-flow" processingStrategy="synchronous">
        <expression-component doc:name="Expression - Prepare Request"><![CDATA[payload = new java.util.HashMap();
payload .put("articulo",flowVars.articuloDragonKey); 
payload .put("color",""); 
payload .put("talle",""); ]]></expression-component>
        <dragonfish:servicio config-ref="Dragonfish__Configuration" entityType="Equivalencia_equivalenciaGet" doc:name="Dragonfish"/>

		<invoke object-ref="DragonUtil" method="obtenerFechaModifiacion" methodArguments="#[payload.resultados[0].observacion]" doc:name="Invoke - Obtener Fecha Modificacion"/>
		 
        <choice-exception-strategy doc:name="Choice Exception Strategy">
            <catch-exception-strategy when="exception.causedBy(org.mule.modules.connector.exceptions.ExternalConnectorException) &amp;&amp; (exception.cause.message.equals(&quot;INTERNAL: Not Found&quot;))" doc:name="Catch Exception Strategy" enableNotifications="false" logException="false">
                <logger message="No existe el producto en Shopify" level="INFO" doc:name="Logger" category="com.acqua.utils.SystemLayer"/>
                <set-payload value="${Dragon_FechaUltimaActualizacion}" doc:name="Set Payload"/>


            </catch-exception-strategy>
        </choice-exception-strategy>

    </flow>

	    <flow name="dragon-producto-agregar-equivalencia-flow" processingStrategy="synchronous">
        <expression-component doc:name="Set Control Vars"><![CDATA[flowVars.flowName=flow.name;
flowVars.metricCategory=message.inboundProperties.'http.request.path';
flowVars.apiName=message.inboundProperties.'http.request.uri';
flowVars.errorCode="";]]></expression-component>
        <byte-array-to-string-transformer doc:name="Byte Array to String"/>
        <json:json-to-object-transformer doc:name="JSON to Object" returnClass="java.util.HashMap"/>
        <expression-component doc:name="Expression - Prepare Request"><![CDATA[flowVars.tmpA = new java.util.HashMap();
flowVars .tmpA.put("articulo",payload.codigoDragon); 
flowVars .tmpA.put("color",""); 
flowVars .tmpA.put("talle",""); 
flowVars .tmpA.put("codigo",payload.codigoShopify); 
flowVars .tmpA.put("observacion",payload.observacion); 
payload = new java.util.HashMap();
payload.put("id",flowVars.tmpA.codigo); 
payload.put("request",flowVars.tmpA); 
]]></expression-component>
        <dragonfish:servicio config-ref="Dragonfish__Configuration" entityType="EquivalenciaById_equivalenciaByIdPut" doc:name="Dragonfish"/>

        <set-payload value="#[payload]" doc:name="Set Payload"/>
        <exception-strategy ref="System_Layer_Generic_Exception_Strategy"
			doc:name="Reference Exception Strategy" />
    </flow>
    
    <flow name="dragon-producto-obtener-precio-stock-flow"
	processingStrategy="synchronous">
	<expression-component doc:name="Expression"><![CDATA[payload = new java.util.HashMap();
payload .put("lista","${Dragon_Lista_De_Precios}"); 
payload .put("query",flowVars.dragonArticulo.codigo); 
payload .put("stockcero",true);]]></expression-component>
	<dragonfish:servicio config-ref="Dragonfish__Configuration"
		entityType="ConsultaStockYPrecios_consultaStockYPreciosGet" doc:name="Dragonfish" />
        <foreach collection="#[payload.resultados]" doc:name="For Each">
            <expression-component doc:name="Expression"><![CDATA[if ( payload.articulo != flowVars.dragonArticulo.codigo){
rootMessage.payload.resultados.remove(payload);
}]]></expression-component>
        </foreach>
        <logger message="Lista de Precio Recuperada" level="INFO" category="com.acqua.utils.SystemLayer" doc:name="Logger"/>

	        <choice-exception-strategy doc:name="Choice Exception Strategy">
            <catch-exception-strategy when="exception.causedBy(org.mule.modules.connector.exceptions.ExternalConnectorException) &amp;&amp; (exception.cause.message.equals(&quot;INTERNAL: Not Found&quot;))" doc:name="Catch Exception Strategy" enableNotifications="false" logException="false">
                <logger message="No existe el producto en Shopify" level="INFO" doc:name="Logger" category="com.acqua.utils.SystemLayer"/>
                <expression-component doc:name="Expression"><![CDATA[payload = new java.util.HashMap();]]></expression-component>

            </catch-exception-strategy>
        </choice-exception-strategy>
        
</flow>

</mule>
