<?xml version="1.0" encoding="UTF-8"?>

<mule xmlns:json="http://www.mulesoft.org/schema/mule/json"
	xmlns:validation="http://www.mulesoft.org/schema/mule/validation"
	xmlns:http="http://www.mulesoft.org/schema/mule/http" xmlns:tracking="http://www.mulesoft.org/schema/mule/ee/tracking"
	xmlns="http://www.mulesoft.org/schema/mule/core" xmlns:doc="http://www.mulesoft.org/schema/mule/documentation"
	xmlns:spring="http://www.springframework.org/schema/beans" xmlns:xsi="http://www.w3.org/2001/XMLSchema-instance"
	xsi:schemaLocation="http://www.mulesoft.org/schema/mule/json http://www.mulesoft.org/schema/mule/json/current/mule-json.xsd
http://www.mulesoft.org/schema/mule/validation http://www.mulesoft.org/schema/mule/validation/current/mule-validation.xsd
http://www.springframework.org/schema/beans http://www.springframework.org/schema/beans/spring-beans-current.xsd
http://www.mulesoft.org/schema/mule/core http://www.mulesoft.org/schema/mule/core/current/mule.xsd
http://www.mulesoft.org/schema/mule/ee/tracking http://www.mulesoft.org/schema/mule/ee/tracking/current/mule-tracking-ee.xsd
http://www.mulesoft.org/schema/mule/http http://www.mulesoft.org/schema/mule/http/current/mule-http.xsd">


	<flow name="shopify-producto_actualizar_flow">
		
		<expression-component doc:name="Set Control Vars"><![CDATA[flowVars.flowName=flow.name;
flowVars.metricCategory=message.inboundProperties.'http.request.path';
flowVars.apiName=message.inboundProperties.'http.request.uri';
flowVars.errorCode="";]]></expression-component>

		<byte-array-to-string-transformer doc:name="Byte Array to String"/>
        <logger message="Payload recibido #[payload]" level="INFO" category="com.acqua.utils.SystemLayer" doc:name="Logger"/>
        
        <json:json-to-object-transformer returnClass="java.util.HashMap" doc:name="JSON to Object"/>
        
		<enricher target="#[flowVars.shopifyParms]" doc:name="Message Enricher">
            <invoke object-ref="ShopifyUtil" method="generateURL" methodArguments="${Shopify_API_Key}, ${Shopify_API_Password}, &quot;/products/#[payload.id].json&quot;" doc:name="Invoke - Genera Path de la URL"/>
		</enricher>
        <choice doc:name="Choice">
            <when expression="#[payload.id != &quot;0&quot;]">
                <enricher target="#[payload.id]" doc:name="Message Enricher">
                    <processor-chain doc:name="Processor Chain - Verificar Existencia de Producto">
                        <flow-ref name="shopify-producto_validate_id_flow" doc:name="shopify-producto_validate_id_flow"/>
                        <validation:custom-validator config-ref="Validation_Configuration" message="SHOPIFY API ha retornado un error" class="com.acqua.common.sl.validator.SLExternalRestfulValidator" doc:name="Validation HTTP Response"/>
                    </processor-chain>
                </enricher>
			
            </when>
            <otherwise>
                <logger message="Es un alta de producto" level="INFO" category="com.acqua.utils.SystemLayer" doc:name="Logger"/>
            </otherwise>
        </choice>
        <enricher target="#[flowVars.request]" doc:name="Message Enricher">
            <processor-chain doc:name="Processor Chain - Preparar Request Para Alta/Actualizacion Producto">
                <custom-transformer mimeType="application/json" class="com.acqua.transformer.ShopifyAltaProductoTransformer" doc:name="Shopify Alta Producto Transformer"/>
                <json:object-to-json-transformer doc:name="Object to JSON"/>
                <logger message="Request #[payload]" level="INFO" category="com.acqua.utils.SystemLayer" doc:name="Logger"/>
            </processor-chain>
        </enricher>

        <choice doc:name="Choice - Se informa ID?">
            <when expression="#[payload.id == &quot;0&quot;]">

                <http:request config-ref="HTTP_Request_Configuration_Shopify" path="/products.json" method="POST" doc:name="HTTP - Alta Producto" source="#[flowVars.request]">
                    <http:request-builder>
                        <http:header headerName="authorization" value="#[flowVars.shopifyParms['ShopifyBaseAuth']]"/>

                    </http:request-builder>
                    <http:success-status-code-validator values="200..599"/>
                </http:request>
            </when>
            <otherwise>
                <set-variable variableName="shopifyID" value="#[payload.id]" doc:name="Set ShopifyID"/>


                <http:request config-ref="HTTP_Request_Configuration_Shopify" path="/products/#[flowVars.shopifyID].json" method="PUT" doc:name="HTTP - Actualizacion Producto" source="#[flowVars.request]">
                    <http:request-builder>
                        <http:header headerName="authorization" value="#[flowVars.shopifyParms['ShopifyBaseAuth']]"/>

                    </http:request-builder>
                    <http:success-status-code-validator values="200..599"/>
                </http:request>
            </otherwise>
        </choice>

		<validation:custom-validator config-ref="Validation_Configuration"
			message="SHOPIFY API ha retornado un error" class="com.acqua.common.sl.validator.SLExternalRestfulValidator"
			doc:name="Validation HTTP Response" />

		<logger message="#[payload]" level="INFO" doc:name="Logger" category="com.acqua.utils.SystemLayer"/>

		<exception-strategy ref="System_Layer_Generic_Exception_Strategy"
				doc:name="Reference Exception Strategy" />
				
	</flow>
    <flow name="shopify-producto_validate_id_flow">
        <logger message="Validating Shopify ID #[payload.id]" level="INFO" category="com.acqua.utils.SystemLayer" doc:name="Logger"/>
        <http:request config-ref="HTTP_Request_Configuration_Shopify" path="/products/#[payload.id].json?fields=id" method="GET" source="#[flowVars.request]" doc:name="HTTP - Validate Shopify ID">
            <http:request-builder>
                <http:header headerName="authorization" value="#[flowVars.shopifyParms['ShopifyBaseAuth']]"/>
            </http:request-builder>
        </http:request>
        <json:json-to-object-transformer returnClass="java.util.HashMap" doc:name="JSON to Object"/>
        <set-payload value="#[Long.toString(payload.product.id)]" mimeType="text/plain" doc:name="Set Payload"/>
        <choice-exception-strategy doc:name="Choice Exception Strategy">
            <catch-exception-strategy when="#[exception.causeMatches('org.mule.module.http.internal.request.ResponseValidatorException') &amp;&amp; message.payloadAs(String).equals('{&quot;errors&quot;:&quot;Not Found&quot;}')]" doc:name="Catch Exception Strategy" enableNotifications="false" logException="false">
                <logger message="No existe el producto en Shopify" level="INFO" doc:name="Logger" category="com.acqua.utils.SystemLayer"/>
                <set-payload value="#[&quot;0&quot;]" doc:name="Set Payload"/>
                <set-property propertyName="new.http.status" value="#[200]" doc:name="Set new.http.status 200" />
            </catch-exception-strategy>
        </choice-exception-strategy>
    </flow>

</mule>
