<?xml version="1.0" encoding="UTF-8"?>

<mule xmlns:json="http://www.mulesoft.org/schema/mule/json"
	xmlns:validation="http://www.mulesoft.org/schema/mule/validation"
	xmlns:http="http://www.mulesoft.org/schema/mule/http" xmlns:tracking="http://www.mulesoft.org/schema/mule/ee/tracking"
	xmlns="http://www.mulesoft.org/schema/mule/core" xmlns:doc="http://www.mulesoft.org/schema/mule/documentation"
	xmlns:spring="http://www.springframework.org/schema/beans" xmlns:xsi="http://www.w3.org/2001/XMLSchema-instance"
	xsi:schemaLocation="http://www.mulesoft.org/schema/mule/json http://www.mulesoft.org/schema/mule/json/current/mule-json.xsd
http://www.mulesoft.org/schema/mule/validation http://www.mulesoft.org/schema/mule/validation/current/mule-validation.xsd
http://www.springframework.org/schema/beans http://www.springframework.org/schema/beans/spring-beans-current.xsd
http://www.mulesoft.org/schema/mule/core http://www.mulesoft.org/schema/mule/core/current/mule.xsd
http://www.mulesoft.org/schema/mule/ee/tracking http://www.mulesoft.org/schema/mule/ee/tracking/current/mule-tracking-ee.xsd
http://www.mulesoft.org/schema/mule/http http://www.mulesoft.org/schema/mule/http/current/mule-http.xsd">
   
	<flow name="status-get-activemq-status-flow" processingStrategy="synchronous" initialState="started">
		
		<expression-component doc:name="Set Control Vars"><![CDATA[flowVars.flowName=flow.name;
flowVars.metricCategory=message.inboundProperties.'http.request.path';
flowVars.apiName=message.inboundProperties.'http.request.uri';
flowVars.errorCode="";]]></expression-component>
        <set-payload value="{}" mimeType="application/json" doc:name="Set Payload"/>
        <http:request config-ref="HTTP_Request_Configuration_ActiveMQ_API" path="${activemq_api_jolokia_BasePath}" method="GET"  doc:name="HTTP - Get Shop Status">
            <http:success-status-code-validator values="200..599"/>
        </http:request>
        <byte-array-to-string-transformer doc:name="Byte Array to String"/>
        <json:object-to-json-transformer doc:name="Object to JSON"/>
        <set-variable variableName="validationErrorMessage" value="ActiveMQ jolokia API ha retornado un error" doc:name="Variable Set Error Message"/>
        <validation:custom-validator config-ref="Validation_Configuration" message="ActiveMQ jolokia API ha retornado un error" class="com.acqua.common.pl.validator.PLExternalRestfulValidator" doc:name="Validation HTTP Response"/>


		<logger message="#[payload]" level="INFO" doc:name="Logger" category="com.acqua.utils.SystemLayer"/>
        <json:json-to-object-transformer returnClass="java.util.HashMap" doc:name="JSON to Object"/>
        <expression-component doc:name="Set Flag OK"><![CDATA[payload.put("flagActiveMQOK",true);]]></expression-component>

		<exception-strategy ref="Process_Layer_Generic_Exception_Strategy"
				doc:name="Reference Exception Strategy" />
				
	</flow>
	
	<flow name="status-get-activemq-get-pending-count-msg-flow" processingStrategy="synchronous" initialState="started">
		
		<expression-component doc:name="Set Control Vars"><![CDATA[flowVars.flowName=flow.name;
flowVars.metricCategory=message.inboundProperties.'http.request.path';
flowVars.apiName=message.inboundProperties.'http.request.uri';
flowVars.errorCode="";]]></expression-component>
        <logger message="Checking Pending recors in ${activemq.queue.art_pending} " level="INFO" category="com.acqua.base.ProcessLayer" doc:name="Logger"/>
        <http:request config-ref="HTTP_Request_Configuration_ActiveMQ_API" path="#[payload]" method="GET" source="#[]" doc:name="HTTP - Get Pending Msg">
            <http:success-status-code-validator values="200..599"/>
        </http:request>
        <byte-array-to-string-transformer doc:name="Byte Array to String"/>
        <json:object-to-json-transformer doc:name="Object to JSON"/>
        <set-variable variableName="validationErrorMessage" value="ActiveMQ jolokia API ha retornado un error" doc:name="Variable Set Error Message"/>
        <validation:custom-validator config-ref="Validation_Configuration" message="ActiveMQ jolokia API ha retornado un error" class="com.acqua.common.pl.validator.PLExternalRestfulValidator" doc:name="Validation HTTP Response"/>


		<logger message="#[payload]" level="INFO" doc:name="Logger" category="com.acqua.utils.SystemLayer"/>
        <json:json-to-object-transformer returnClass="java.util.HashMap" doc:name="JSON to Object"/>
        <set-payload value="#[payload.status==404?0:payload.value.QueueSize]" doc:name="Set Payload"/>

		<exception-strategy ref="Process_Layer_Generic_Exception_Strategy"
				doc:name="Reference Exception Strategy" />
				
	</flow>

</mule>
