<?xml version="1.0" encoding="UTF-8"?>
<mule  
	xmlns:tracking="http://www.mulesoft.org/schema/mule/ee/tracking" xmlns:tls="http://www.mulesoft.org/schema/mule/tls"
	xmlns:doc="http://www.mulesoft.org/schema/mule/documentation" xmlns="http://www.mulesoft.org/schema/mule/core" 
	xmlns:apikit="http://www.mulesoft.org/schema/mule/apikit" 
	xmlns:http="http://www.mulesoft.org/schema/mule/http" 
	xmlns:spring="http://www.springframework.org/schema/beans" 
	xmlns:xsi="http://www.w3.org/2001/XMLSchema-instance" 
	xsi:schemaLocation="http://www.mulesoft.org/schema/mule/tls http://www.mulesoft.org/schema/mule/tls/current/mule-tls.xsd
http://www.mulesoft.org/schema/mule/core http://www.mulesoft.org/schema/mule/core/current/mule.xsd
http://www.mulesoft.org/schema/mule/http http://www.mulesoft.org/schema/mule/http/current/mule-http.xsd
http://www.mulesoft.org/schema/mule/apikit http://www.mulesoft.org/schema/mule/apikit/current/mule-apikit.xsd
http://www.springframework.org/schema/beans http://www.springframework.org/schema/beans/spring-beans-3.1.xsd
http://www.mulesoft.org/schema/mule/ee/tracking http://www.mulesoft.org/schema/mule/ee/tracking/current/mule-tracking-ee.xsd">
 
    <http:listener-config name="api-httpListenerConfigHTTPS"  host="0.0.0.0" port="${process_layer_port_https}" doc:name="HTTP Listener Configuration" protocol="HTTPS">
        <tls:context> 
            <tls:key-store type="jks" path="keystore.jks" alias="mule" keyPassword="circular2019" password="circular2019"/>
        </tls:context>
    </http:listener-config> 
    
    <http:listener-config name="api-httpListenerConfigHTTP"  host="0.0.0.0" port="${process_layer_port_http}"  doc:name="HTTP Listener Configuration" >
    </http:listener-config>
 
    <apikit:config name="api-config" raml="api.raml" consoleEnabled="false" doc:name="Router" keepRamlBaseUri="false"/>
       
    <flow name="api-main-https">
        <http:listener config-ref="api-httpListenerConfigHTTPS" path="/api/*" doc:name="HTTP"/>
        <choice doc:name="Choice">
            <when expression="#[message.inboundProperties['http.method']=='OPTIONS']"> 
	        	<message-properties-transformer doc:name="Message Properties">
		            <add-message-property key="Access-Control-Allow-Origin" value="*"/>
		            <add-message-property key="Access-Control-Allow-Headers" value="*"/>
		            <add-message-property key="Access-Control-Allow-Methods" value="*"/>
		            <add-message-property key="Access-Control-Allow-Credentials" value="true"/>
	        	</message-properties-transformer>
            </when>
            <otherwise>
                <apikit:router config-ref="api-config" doc:name="APIkit Router"/>
            </otherwise>
        </choice>
 
        <exception-strategy ref="api-apiKitGlobalExceptionMapping-Common" doc:name="Reference Exception Strategy"/>
        
    </flow>
 
    <flow name="api-console-https">
        <http:listener config-ref="api-httpListenerConfigHTTPS" path="/console/*" doc:name="HTTP"/>
        <apikit:console config-ref="api-config" doc:name="APIkit Console"/>
    </flow>
    
	<flow name="api-main-http">
        <http:listener config-ref="api-httpListenerConfigHTTP" path="/apiweb/*" doc:name="HTTP" allowedMethods="OPTIONS,GET,PUT,POST"/>

        <copy-properties propertyName="*" doc:name="Property" />

        <expression-component doc:name="Expression"><![CDATA[flowVars.uri=(message.inboundProperties.'http.request.uri').replace("/apiweb",""); 
if(message.inboundProperties.'access-control-request-method' != null)
{
	flowVars.method=message.inboundProperties.'access-control-request-method';
} else
{
	flowVars.method=message.inboundProperties.'http.method';
}]]></expression-component>
        <logger message="Request Received  #[flowVars.method]:#[flowVars.uri]" level="INFO" category="com.acqua.base.ProcessLayer" doc:name="Logger"/>
        <remove-property propertyName="authorization" doc:name="Property"/>
        <http:request config-ref="ProcessLayer_Request_Configuration" path="#[flowVars.uri]" method="#[flowVars.method]" doc:name="HTTP"/>
        <logger message="Response #[message.payloadAs(java.lang.String)]" level="INFO" category="com.acqua.base.ProcessLayer" doc:name="Logger"/>
        <copy-properties propertyName="*" doc:name="Property"/>
        <exception-strategy ref="api-apiKitGlobalExceptionMapping-Common" doc:name="Reference Exception Strategy"/>
    </flow>

  
    <flow name="put:/dragon/start-articulo-sync-desde/{FechaUltimaModificacion}:api-config">
        <flow-ref name="dragon-articulos-start-flow" doc:name="dragon-articulos-start-flow"/>
    </flow>
    
    <flow name="put:/dragon/start-articulo-sync:api-config">
        <flow-ref name="dragon-articulos-start-flow" doc:name="dragon-articulos-start-flow"/>
    </flow>
    
    <flow name="put:/dragon/start-stock-sync:api-config">
        <flow-ref name="dragon-stock-start-flow" doc:name="dragon-stock-start-flow"/>
    </flow>
    
    <flow name="put:/dragon/start-stock-sync/{FechaUltimaModificacion}:api-config">
        <flow-ref name="dragon-stock-start-flow" doc:name="dragon-stock-start-flow"/>
    </flow>
    
    <flow name="put:/dragon/start-remito-sync:api-config">
        <flow-ref name="dragon-remito-process-http-request-flow" doc:name="dragon-remito-process-http-request-flow"/>
    </flow>
    
    <flow name="put:/dragon/start-remito-sync/{FechaUltimaModificacion}:api-config">
        <flow-ref name="dragon-remito-process-http-request-flow" doc:name="dragon-remito-process-http-request-flow"/>
    </flow>
    
    <flow name="put:/dragon/refresh-articulos/{Ecommerce}:api-config">
        <flow-ref name="dragon-refresh-articulos-start-flow" doc:name="dragon-refresh-articulos-start-flow"/>
   </flow>
   
   <flow name="put:/dragon/refresh-stock-price/{Ecommerce}/{ProcesarSoloCambios}:api-config">
        <flow-ref name="dragon-refresh-stock-start-flow" doc:name="dragon-refresh-stock-start-flow"/>
   </flow>
    
    <flow name="post:/dragon/refresh-articulo:api-config">
        <flow-ref name="dragon-resfresh-articulo-flow" doc:name="dragon-resfresh-articulo-flow"/>
    </flow> 
    
     <flow name="post:/dragon/webhook/{ecommerce}/{entidad}/{accion}:api-config">
        <flow-ref name="dragonfish-webhooks-activemq-flow" doc:name="dragonfish-webhooks-activemq-flow"/>
    </flow>
     
    <flow name="get:/system/status/{modo}:api-config">
        <flow-ref name="status-flow" doc:name="status-flow"/>
    </flow>
    
    <flow name="put:/dragon/reprocess-webhook:api-config">
        <flow-ref name="dragonfish-webhooks-reprocess-flow" doc:name="dragonfish-webhooks-reprocess-flow"/>
    </flow>
    
    <flow name="post:/shopify/reprocess-orders/{FechaModificacion}:api-config">
        <flow-ref name="shopify-reprocess-order-flow" doc:name="shopify-reprocess-order-flow"/>
    </flow>
    
    <flow name="post:/woo/reprocess-orders/{FechaModificacion}:api-config">
        <flow-ref name="woo-reprocess-order-flow" doc:name="woo-reprocess-order-flow"/>
    </flow>
    
    <flow name="post:/woo/refresh-tables:api-config">
        <flow-ref name="woo-refresh-tables-flow" doc:name="woo-refresh-tables-flow"/>
    </flow> 
    
    <flow name="delete:/woo/product/{SKU}:api-config">
        <flow-ref name="woo-delete-product-flow" doc:name="woo-delete-product-flow"/>
    </flow>
    
    <flow name="put:/system/start:api-config">
        <set-variable variableName="mode" value="START" doc:name="Variable"/>
        <flow-ref name="dragon-system-start-stop-flow" doc:name="dragon-system-start-stop-flow"/>
    </flow>
    
    <flow name="put:/system/stop:api-config">
        <set-variable variableName="mode" value="STOP" doc:name="Variable"/>
        <flow-ref name="dragon-system-start-stop-flow" doc:name="dragon-system-start-stop-flow"/>
    </flow>
    
    <flow name="get:/system/clean-logs:api-config">
        <flow-ref name="poll-clean-process-main-flow" doc:name="poll-clean-process-main-flow"/>
    </flow>
 
    <flow name="get:/dragon/articulo/{SKU}:api-config">
        <flow-ref name="dragon-consulta-articulo-flow" doc:name="dragon-consulta-articulo-flow"/>
    </flow>
    
     <flow name="get:/woo/order/{OrderId}:api-config">
        <flow-ref name="woo-consulta-order-flow" doc:name="woo-consulta-order-flow"/>
    </flow>
    
    <flow name="get:/system/login:api-config">
        <flow-ref name="login-flow" doc:name="login-flow"/>
    </flow>
    
    <flow name="put:/woo/categorizar-articulos:api-config">
        <flow-ref name="woo-categorizacion-start-flow" doc:name="woo-categorizacion-start-flow"/>
    </flow>
	
</mule>
