<?xml version="1.0" encoding="UTF-8"?>

<mule xmlns:jms="http://www.mulesoft.org/schema/mule/jms" xmlns:http="http://www.mulesoft.org/schema/mule/http" xmlns:json="http://www.mulesoft.org/schema/mule/json"
	xmlns:dragonfish="http://www.mulesoft.org/schema/mule/dragonfish" xmlns:tracking="http://www.mulesoft.org/schema/mule/ee/tracking" xmlns="http://www.mulesoft.org/schema/mule/core" xmlns:doc="http://www.mulesoft.org/schema/mule/documentation"
	xmlns:spring="http://www.springframework.org/schema/beans" 
	xmlns:xsi="http://www.w3.org/2001/XMLSchema-instance"
	xsi:schemaLocation="http://www.mulesoft.org/schema/mule/json http://www.mulesoft.org/schema/mule/json/current/mule-json.xsd
http://www.springframework.org/schema/beans http://www.springframework.org/schema/beans/spring-beans-current.xsd
http://www.mulesoft.org/schema/mule/core http://www.mulesoft.org/schema/mule/core/current/mule.xsd
http://www.mulesoft.org/schema/mule/ee/tracking http://www.mulesoft.org/schema/mule/ee/tracking/current/mule-tracking-ee.xsd
http://www.mulesoft.org/schema/mule/dragonfish http://www.mulesoft.org/schema/mule/dragonfish/current/mule-dragonfish.xsd
http://www.mulesoft.org/schema/mule/http http://www.mulesoft.org/schema/mule/http/current/mule-http.xsd
http://www.mulesoft.org/schema/mule/jms http://www.mulesoft.org/schema/mule/jms/current/mule-jms.xsd">
    
    <flow name="start-flow">
        <logger message="Inicializacion de la Aplicacion" level="INFO" doc:name="Logger" category="com.acqua.utils.ProcessLayer"/>
        <expression-component doc:name="Prepare Email"><![CDATA[payload = new java.util.HashMap();
payload.put('source','startup');        
payload.put('persistir',true);          
payload.put('endpoint','mirrit-process');
payload.put('time',server.dateTime.format('yyyy/MM/dd HH:mm:ss:SSS'));
payload.put('status','ON');

]]></expression-component>
        <flow-ref name="message-send-msg-to-topic-flow" doc:name="message-send-msg-to-topic-flow"/>
<!--         <invoke object-ref="graphiteChannel" method="connect" doc:name="Start Graphite Channel"/> -->
<!--         <invoke object-ref="graphiteChannel" method="sendData" doc:name="Send Data to Graphite" methodArguments="#[&quot;mir.Producto.OK.alfa&quot;],#[&quot;2&quot;]"/> -->
<!--         <invoke object-ref="graphiteChannel" method="sendData" doc:name="Send Data to Graphite" methodArguments="#[&quot;mir.Producto.ERROR2.data&quot;],#[&quot;entries,2011-07-28 01:53:28,1.0&quot;]"/> -->
    </flow>
    
    <flow name="stop-flow" processingStrategy="synchronous">
        <logger message="Finalizando de la Aplicacion" level="INFO" category="com.acqua.utils.ProcessLayer" doc:name="Logger"/>
        <expression-component doc:name="Expression"><![CDATA[payload = new java.util.HashMap();
payload.put('source','startup');    
payload.put('persistir',true);              
payload.put('endpoint','mirrit-process');
payload.put('time',server.dateTime.format('yyyy/MM/dd HH:mm:ss:SSS'));
payload.put('status','OFF');]]></expression-component>
        <flow-ref name="message-send-msg-to-topic-flow" doc:name="message-send-msg-to-topic-flow"/>
    </flow>


</mule>
