<?xml version="1.0" encoding="UTF-8"?>

<mule xmlns:schedulers="http://www.mulesoft.org/schema/mule/schedulers" xmlns:validation="http://www.mulesoft.org/schema/mule/validation"
	
	xmlns:http="http://www.mulesoft.org/schema/mule/http" xmlns:mule-ss="http://www.mulesoft.org/schema/mule/spring-security"
	xmlns:dragonfish="http://www.mulesoft.org/schema/mule/dragonfish" 
	xmlns:json="http://www.mulesoft.org/schema/mule/json" xmlns:tracking="http://www.mulesoft.org/schema/mule/ee/tracking"
	xmlns="http://www.mulesoft.org/schema/mule/core" xmlns:doc="http://www.mulesoft.org/schema/mule/documentation"
	xmlns:spring="http://www.springframework.org/schema/beans" xmlns:xsi="http://www.w3.org/2001/XMLSchema-instance"
	xsi:schemaLocation="http://www.mulesoft.org/schema/mule/validation http://www.mulesoft.org/schema/mule/validation/current/mule-validation.xsd
 
http://www.mulesoft.org/schema/mule/http http://www.mulesoft.org/schema/mule/http/current/mule-http.xsd
http://www.mulesoft.org/schema/mule/spring-security http://www.mulesoft.org/schema/mule/spring-security/current/mule-spring-security.xsd
http://www.mulesoft.org/schema/mule/dragonfish http://www.mulesoft.org/schema/mule/dragonfish/current/mule-dragonfish.xsd
http://www.mulesoft.org/schema/mule/json http://www.mulesoft.org/schema/mule/json/current/mule-json.xsd
http://www.springframework.org/schema/beans http://www.springframework.org/schema/beans/spring-beans-current.xsd
http://www.mulesoft.org/schema/mule/core http://www.mulesoft.org/schema/mule/core/current/mule.xsd
http://www.mulesoft.org/schema/mule/ee/tracking http://www.mulesoft.org/schema/mule/ee/tracking/current/mule-tracking-ee.xsd
http://www.mulesoft.org/schema/mule/schedulers http://www.mulesoft.org/schema/mule/schedulers/current/mule-schedulers.xsd">
       
    <spring:beans> 
         <spring:bean id="NewCleanTempZipFiles" name="CleanTempZipFiles" class="com.acqua.common.utils.CleanTempZipFiles"/>
    </spring:beans>
    
    <flow name="poll-clean-process-flow" processingStrategy="synchronous" initialState="started">
        <poll doc:name="Poll">
            <schedulers:cron-scheduler expression="${cron_clean}"/>
            <logger message="#[&quot;-----------------------------------------------------------------------------------------&quot;]" level="INFO" category="com.acqua.utils.ConsolaStatus" doc:name="Logger CONSOLA INICIO"/>
        </poll>
        <flow-ref name="poll-clean-process-main-flow" doc:name="poll-clean-process-main-flow"/>
        
    </flow>
    <flow name="poll-clean-process-main-flow">
        <expression-component doc:name="Expression"><![CDATA[flowVars.transacionIDGen=server.dateTime.format('yyyyMMddHHmmss');
flowVars.metricCategory='Limpieza-Logs';
flowVars.sendMail=true;]]></expression-component>
        <enricher target="#[flowVars.statusQueue]" doc:name="Message Enricher - Status">
            <processor-chain doc:name="Processor Chain">
                <expression-component doc:name="Expression"><![CDATA[payload = new java.util.HashMap();
payload.put('source','process'); 
payload.put('persistir',true);    
payload.put('thread',Thread.currentThread().getId());                     
payload.put('process',flowVars.metricCategory);
payload.put('time',server.dateTime.format('yyyy/MM/dd HH:mm:ss:SSS'));
payload.put('transactionId',flowVars.transacionIDGen);
payload.put('status','0');
payload.put('qtyRecords',0);
payload.put('recordNo',0);
payload.put('error','');
payload.put('errorPayload','');
]]></expression-component>
                <flow-ref name="message-send-msg-to-topic-flow" doc:name="message-send-msg-to-topic-flow"/>
            </processor-chain>
        </enricher>
        <set-payload value="Done" mimeType="text/plain" doc:name="Set Payload"/>
        <enricher target="#[flowVars.response]" doc:name="Message Enricher">
            <component doc:name="Clean Zips">
                <spring-object bean="NewCleanTempZipFiles"/>
            </component>
        </enricher>
        <enricher target="#[flowVars.statusQueue]" doc:name="Message Enricher - Status">
            <processor-chain doc:name="Processor Chain">
                <expression-component doc:name="Expression"><![CDATA[payload = new java.util.HashMap();
payload.put('source','process'); 
payload.put('persistir',true);    
payload.put('thread',Thread.currentThread().getId());                     
payload.put('process',flowVars.metricCategory);
payload.put('time',server.dateTime.format('yyyy/MM/dd HH:mm:ss:SSS'));
payload.put('transactionId',flowVars.transacionIDGen);
payload.put('status','200');
payload.put('qtyRecords',0);
payload.put('recordNo',0);
payload.put('error','');
payload.put('errorPayload',flowVars.response);
]]></expression-component>
                <flow-ref name="message-send-msg-to-topic-flow" doc:name="message-send-msg-to-topic-flow"/>
            </processor-chain>
        </enricher>
        <exception-strategy ref="Process_Layer_Exception_Strategy" doc:name="Reference Exception Strategy"/>
    </flow>

	
</mule>
