<?xml version="1.0" encoding="UTF-8"?>

<mule xmlns:json="http://www.mulesoft.org/schema/mule/json" xmlns:objectstore="http://www.mulesoft.org/schema/mule/objectstore" xmlns:db="http://www.mulesoft.org/schema/mule/db" xmlns:tracking="http://www.mulesoft.org/schema/mule/ee/tracking" xmlns="http://www.mulesoft.org/schema/mule/core" xmlns:doc="http://www.mulesoft.org/schema/mule/documentation"
	xmlns:spring="http://www.springframework.org/schema/beans" 
	xmlns:xsi="http://www.w3.org/2001/XMLSchema-instance"
	xsi:schemaLocation="http://www.springframework.org/schema/beans http://www.springframework.org/schema/beans/spring-beans-current.xsd
http://www.mulesoft.org/schema/mule/core http://www.mulesoft.org/schema/mule/core/current/mule.xsd
http://www.mulesoft.org/schema/mule/ee/tracking http://www.mulesoft.org/schema/mule/ee/tracking/current/mule-tracking-ee.xsd
http://www.mulesoft.org/schema/mule/db http://www.mulesoft.org/schema/mule/db/current/mule-db.xsd
http://www.mulesoft.org/schema/mule/objectstore http://www.mulesoft.org/schema/mule/objectstore/current/mule-objectstore.xsd
http://www.mulesoft.org/schema/mule/json http://www.mulesoft.org/schema/mule/json/current/mule-json.xsd">
    <db:mysql-config name="MySQL_Configuration" host="${database_host}" port="${database_port}" user="${database_user}" password="${database_pass}" database="${database_name}" doc:name="MySQL Configuration"/>
    
    <flow name="datastore-save-flow" processingStrategy="synchronous">
        <logger message="Persistiendo Object Store...." level="INFO" category="com.acqua.utils.SystemLayer" doc:name="Logger"/>
        <set-variable variableName="qty" value="#[0]" doc:name="Variable Set QTY"/>
        <db:delete config-ref="MySQL_Configuration" doc:name="Database - Drop Table">
            <db:parameterized-query><![CDATA[DELETE FROM ${database_name}.${authentication_user_name};]]></db:parameterized-query>
        </db:delete>
        <objectstore:all-keys config-ref="ObjectStore" doc:name="ObjectStore"/>
        <foreach collection="#[payload]" doc:name="For Each">
            <set-variable variableName="qty" value="#[flowVars.qty + 1]" doc:name="Variable ADD QTY"/>
            <set-variable variableName="key" value="#[payload]" doc:name="Variable"/>
            <objectstore:retrieve config-ref="ObjectStore" key="#[payload]" doc:name="ObjectStore"/>
            <json:object-to-json-transformer doc:name="Object to JSON"/>
            <db:insert config-ref="MySQL_Configuration" doc:name="Database">
                <db:parameterized-query><![CDATA[INSERT INTO ${database_name}.${authentication_user_name}(id,k,v) VALUES (#[flowVars.qty],#[flowVars.key],#[payload]);]]></db:parameterized-query>
            </db:insert>
        </foreach>
        <logger message="Persistiendo Object Store Done. #[flowVars.qty] registros persistidos" level="INFO" category="com.acqua.utils.SystemLayer" doc:name="Logger"/>
    </flow>
    <flow name="datastore-load-flow" processingStrategy="synchronous">
        <logger message="Loading Object Store...." level="INFO" category="com.acqua.utils.SystemLayer" doc:name="Logger"/>
        <set-variable variableName="qty" value="#[0]" doc:name="Variable Set QTY"/>
        <flow-ref name="datastore-clean-flow" doc:name="datastore-clean-flow"/>
        <db:select config-ref="MySQL_Configuration" queryTimeout="480000" doc:name="Database">
            <db:parameterized-query><![CDATA[SELECT k,v FROM ${database_name}.${authentication_user_name};]]></db:parameterized-query>
        </db:select>
        <foreach collection="#[payload]" doc:name="For Each">
            <set-variable variableName="key" value="#[payload.k]" doc:name="Variable"/>
            <set-payload value="#[payload.v]" doc:name="Set Payload"/>
            <json:json-to-object-transformer returnClass="java.util.HashMap" doc:name="JSON to Object"/>
            <set-variable variableName="qty" value="#[flowVars.qty + 1]" doc:name="Variable ADD QTY"/>
            <objectstore:store config-ref="ObjectStore" key="#[flowVars.key]" value-ref="#[payload.v]" doc:name="ObjectStore"/>
        </foreach>
        <logger message="Loading Object Store Done. #[flowVars.qty] records loaded" level="INFO" category="com.acqua.utils.SystemLayer" doc:name="Logger"/>
    </flow>
    <flow name="datastore-clean-flow" processingStrategy="synchronous">
        <objectstore:all-keys config-ref="ObjectStore" doc:name="ObjectStore"/>
        <foreach collection="#[payload]" doc:name="For Each">
            <objectstore:remove config-ref="ObjectStore" key="#[payload]" ignoreNotExists="true" doc:name="ObjectStore - Delete"/>
        </foreach>
    </flow>
</mule>
