<?xml version="1.0" encoding="UTF-8"?>

<mule xmlns:filters="http://www.mulesoft.org/schema/mule/filters" xmlns:mulerequester="http://www.mulesoft.org/schema/mule/mulerequester"
	xmlns:file="http://www.mulesoft.org/schema/mule/file" xmlns:jms="http://www.mulesoft.org/schema/mule/jms" xmlns:schedulers="http://www.mulesoft.org/schema/mule/schedulers" xmlns:tracking="http://www.mulesoft.org/schema/mule/ee/tracking"  xmlns:metrics="http://www.mulesoft.org/schema/mule/metrics" xmlns:mule-ss="http://www.mulesoft.org/schema/mule/spring-security"
	xmlns:validation="http://www.mulesoft.org/schema/mule/validation" xmlns:json="http://www.mulesoft.org/schema/mule/json" xmlns:http="http://www.mulesoft.org/schema/mule/http" xmlns="http://www.mulesoft.org/schema/mule/core" xmlns:doc="http://www.mulesoft.org/schema/mule/documentation"
	xmlns:spring="http://www.springframework.org/schema/beans" 
	xmlns:xsi="http://www.w3.org/2001/XMLSchema-instance"
	xmlns:ss="http://www.springframework.org/schema/security"  
	xsi:schemaLocation="http://www.mulesoft.org/schema/mule/mulerequester http://www.mulesoft.org/schema/mule/mulerequester/current/mule-mulerequester.xsd
http://www.mulesoft.org/schema/mule/spring-security http://www.mulesoft.org/schema/mule/spring-security/current/mule-spring-security.xsd
http://www.springframework.org/schema/beans http://www.springframework.org/schema/beans/spring-beans-current.xsd
http://www.mulesoft.org/schema/mule/core http://www.mulesoft.org/schema/mule/core/current/mule.xsd
http://www.mulesoft.org/schema/mule/json http://www.mulesoft.org/schema/mule/json/current/mule-json.xsd
http://www.mulesoft.org/schema/mule/http http://www.mulesoft.org/schema/mule/http/current/mule-http.xsd
http://www.mulesoft.org/schema/mule/validation http://www.mulesoft.org/schema/mule/validation/current/mule-validation.xsd
http://www.springframework.org/schema/security http://www.springframework.org/schema/security/spring-security-3.1.xsd
http://www.mulesoft.org/schema/mule/metrics http://www.mulesoft.org/schema/mule/metrics/current/mule-metrics.xsd
 
http://www.mulesoft.org/schema/mule/ee/tracking http://www.mulesoft.org/schema/mule/ee/tracking/current/mule-tracking-ee.xsd
http://www.mulesoft.org/schema/mule/schedulers http://www.mulesoft.org/schema/mule/schedulers/current/mule-schedulers.xsd
http://www.mulesoft.org/schema/mule/jms http://www.mulesoft.org/schema/mule/jms/current/mule-jms.xsd
http://www.mulesoft.org/schema/mule/file http://www.mulesoft.org/schema/mule/file/current/mule-file.xsd">
     
    <asynchronous-processing-strategy name="Asynchronous_Processing_Strategy_Rem_Pending" maxThreads="${thread_dragon_remito_max}" minThreads="${thread_dragon_remito_min}" threadTTL="0" threadWaitTimeout="-1" maxBufferSize="20000" doc:name="Asynchronous Processing Strategy"/>
     
    <flow name="dragon-remito-poll-flow" initialState="started" processingStrategy="synchronous">
        <poll doc:name="Poll">
            <schedulers:cron-scheduler expression="${cron_remito}"/>
            <logger message="Procesando cambios de Remitos..." level="INFO" category="com.acqua.base.ProcessLayer" doc:name="Logger"/>
        </poll>
        <set-variable variableName="activar" value="${cron_remito_activar}" doc:name="Set Activar"/>
        <set-variable variableName="currentTime" value="#[server.dateTime.format('HH:mm:ss')]" doc:name="Set Current Time"/>
        <filter ref="BeanCheckPollTime" doc:name="Filter Reference"/>
		<enricher doc:name="Message Enricher - Get Dragon Status">
            <flow-ref name="status-get-dragon-status-flow" doc:name="status-get-dragon-status-flow"/>
            <enrich source="#[payload.flagDragonOK]" target="#[flowVars.dragonStatus]"/>
        </enricher>
        <expression-component doc:name="Set Transaction ID"><![CDATA[flowVars.transacionIDGen=server.dateTime.format('yyyyMMddHHmmss');
flowVars.eCommerceAProcesar = "all";]]></expression-component>
        <choice doc:name="Choice">
            <when expression="#[flowVars.activar == 'Y' &amp;&amp;  flowVars.dragonStatus != null &amp;&amp; flowVars.dragonStatus]">
                <set-variable variableName="fromDate" value="" doc:name="Variable - Set From Date"/>
                <logger message="#[&quot;-----------------------------------------------------------------------------------------&quot;]" level="INFO" category="com.acqua.utils.ConsolaDragon" doc:name="Logger CONSOLA INICIO"/>
                <logger message="PROCESS LAYER - INICIO - Verificando Remitos Modificados en Dragon. Transaccion ID: #[flowVars.transacionIDGen]" level="INFO" category="com.acqua.utils.ConsolaDragon" doc:name="Logger CONSOLA INICIO"/>
                <expression-component doc:name="Set Init Expressions"><![CDATA[flowVars.flowName=flow.name;
flowVars.apiName='poll-Articulos-Dragon';
flowVars.errorCode=server.dateTime.format('yyyyMMddHHmmssSSS');
flowVars.metricCategory='poll-Articulos-Dragon'; 
flowVars.queueArticulos='${activemq.queue.remito}';
flowVars.sendMail=true;
flowVars.refreshArticulo=false;]]></expression-component>
                <flow-ref name="dragon-remito-SyncToEcommers-flow" doc:name="dragon-remito-SyncToEcommers-flow"/>
 
            </when>
            <otherwise>
                <logger message="Control de Remitos automaticos desactivado o Proceso Pendiente" level="INFO" category="com.acqua.base.ProcessLayer" doc:name="Logger"/>
            </otherwise>
        </choice>

    
        <exception-strategy ref="Process_Layer_Generic_Exception_Strategy" doc:name="Reference Exception Strategy"/>
   
    </flow>
    
    <flow name="dragon-remito-process-http-request-flow">
        <expression-component doc:name="Set Transaction ID"><![CDATA[flowVars.transacionIDGen=server.dateTime.format('yyyyMMddHHmmss');]]></expression-component>
        <flow-ref name="dragon-remito-start-flow" doc:name="dragon-remito-start-flow"/>

        <set-payload value="{&quot;Transaccion&quot;:#[flowVars.transacionIDGen]}" encoding="UTF-8" mimeType="application/json" doc:name="Set Payload"/>
        <set-property propertyName="http.status" value="#[200]" doc:name="Set http.status"/>
    </flow>
    
    <flow name="dragon-refresh-remito-http-request-flow">
    
        <expression-component doc:name="Set Transaction ID"><![CDATA[flowVars.transacionIDGen=server.dateTime.format('yyyyMMddHHmmss');]]></expression-component>
    
        <flow-ref name="dragon-refresh-remito-start-flow" doc:name="dragon-refresh-remito-start-flow"/>
    
        <set-payload value="{&quot;Transaccion&quot;:#[flowVars.transacionIDGen]}" encoding="UTF-8" mimeType="application/json" doc:name="Set Payload"/>
    
        <set-property propertyName="http.status" value="#[200]" doc:name="Set http.status"/>
    
    </flow>
   
    <flow name="dragon-remito-start-flow" processingStrategy="synchronous">
        <expression-component doc:name="Set Init Expressions"><![CDATA[flowVars.flowName=flow.name;
flowVars.apiName=message.inboundProperties.'http.request.uri';
flowVars.errorCode=flowVars.transacionIDGen;
flowVars.fromDate=(message.inboundProperties.'http.uri.params'.FechaUltimaModificacion == null? "":message.inboundProperties.'http.uri.params'.FechaUltimaModificacion);
flowVars.metricCategory='Dragon-Remito-Sincronizacion';
flowVars.queueArticulos='${activemq.queue.remito}';
flowVars.sendMail=true;
flowVars.refreshArticulo=false;
flowVars.eCommerceAProcesar = "all";
 ]]></expression-component>
       
		<http:basic-security-filter realm="mule-realm"/> 
		
        <mule-ss:authorization-filter requiredAuthorities="ROLE_USER"/>
        <flow-ref name="dragon-remito-SyncToEcommers-flow" doc:name="dragon-remito-SyncToEcommers-flow"/>


        <exception-strategy ref="Process_Layer_Generic_Exception_Strategy" doc:name="Reference Exception Strategy"/>
    
    </flow>
    
    <flow name="dragon-refresh-remito-start-flow" processingStrategy="synchronous">
        <expression-component doc:name="Set Init Expressions"><![CDATA[flowVars.flowName=flow.name;
flowVars.apiName=message.inboundProperties.'http.request.uri';
flowVars.errorCode=flowVars.transacionIDGen;
flowVars.fromDate=(message.inboundProperties.'http.uri.params'.FechaUltimaModificacion == null? "":message.inboundProperties.'http.uri.params'.FechaUltimaModificacion);
flowVars.metricCategory='Dragon-Refresh-Remito';
flowVars.queueArticulos='${activemq.queue.remito}';
flowVars.sendMail=true;
flowVars.refreshArticulo=true;
flowVars.eCommerceAProcesar = message.inboundProperties.'http.uri.params'.Ecommerce;
 ]]></expression-component>
       
		<http:basic-security-filter realm="mule-realm"/> 
		
        <mule-ss:authorization-filter requiredAuthorities="ROLE_USER"/>
        <flow-ref name="dragon-remito-SyncToEcommers-flow" doc:name="dragon-remito-SyncToEcommers-flow"/>

        
        <exception-strategy ref="Process_Layer_Generic_Exception_Strategy" doc:name="Reference Exception Strategy"/>
    
    </flow>
    
	<flow name="dragon-remito-SyncToEcommers-flow"
		processingStrategy="synchronous">
		
		<logger message="Status is OK" level="INFO"
			category="com.acqua.base.ProcessLayer" doc:name="Logger" />
     
        <enricher target="#[flowVars.remitoPending]" doc:name="Message Enricher">
            <processor-chain doc:name="Processor Chain">
                <set-payload value="${activemq_api_jolokia_PendingRemitoMsg}" doc:name="Set Payload"/>
                <flow-ref name="status-get-activemq-get-pending-count-msg-flow" doc:name="status-get-activemq-get-pending-count-msg-flow"/>
            </processor-chain>
        </enricher>
  
        <enricher target="#[flowVars.ArtPending]" doc:name="Message Enricher">
            <processor-chain doc:name="Processor Chain">
                <set-payload value="${activemq_api_jolokia_PendingArticuloMsg}" doc:name="Set Payload"/>
                <flow-ref name="status-get-activemq-get-pending-count-msg-flow" doc:name="status-get-activemq-get-pending-count-msg-flow"/>
            </processor-chain>
   
        </enricher>
   
        <set-variable variableName="pendingMsg" value="#[flowVars.remitoPending + flowVars.ArtPending]" doc:name="Variable - Get Pending Message"/>

		<choice doc:name="Choice">
			<when expression="#[flowVars.pendingMsg==0]">

				<set-property propertyName="HDR_DUPLICATE_DETECTION_ID"
					value="1" doc:name="Property" />
				<expression-component doc:name="Expression"><![CDATA[payload = new java.util.HashMap();
payload.put("apiName",flowVars.apiName); 
payload.put("errorCode",flowVars.errorCode); 
payload.put("fromDate",flowVars.fromDate); 
payload.put("metricCategory",flowVars.metricCategory); 
payload.put("queueArticulos",flowVars.queueArticulos); 
payload.put("sendMail",flowVars.sendMail); 
payload.put("refreshArticulo",flowVars.refreshArticulo); 
payload.put("eCommerceAProcesar",flowVars.eCommerceAProcesar);]]></expression-component>
				<json:object-to-json-transformer
					doc:name="Object to JSON" />
				<jms:outbound-endpoint queue="${activemq.queue.sync_remito_pending}"
					connector-ref="Active_MQ" doc:name="JMS" />
                <processor-chain doc:name="Processor Chain">
                    <expression-component doc:name="Expression"><![CDATA[payload = new java.util.HashMap();]]></expression-component>
                    <json:object-to-json-transformer doc:name="Object to JSON"/>
                    <jms:outbound-endpoint queue="${activemq.queue.sync_remito_pending}" connector-ref="Active_MQ" doc:name="JMS"/>
                </processor-chain>
			</when>
			<otherwise>
				<logger level="INFO" doc:name="Logger" category="com.acqua.base.ProcessLayer" message="There is process Pending"/>
				<set-variable variableName="transacionIDGen" value="There is process Pending"
					doc:name="Variable" />
			</otherwise>
		</choice>

		<catch-exception-strategy doc:name="Catch Exception Strategy">
			<logger
				message="${activemq.queue.sync_pending} There is pending processError processing sync"
				level="INFO" category="com.acqua.utils.ConsolaDragon" doc:name="CONSOLA INICIO" />
		</catch-exception-strategy>

	</flow>
    
    <flow name="dragon-remito-jms-flow" initialState="started">
        <jms:inbound-endpoint queue="${activemq.queue.sync_remito_pending}" connector-ref="Active_MQ" doc:name="JMS">
            <idempotent-redelivery-policy maxRedeliveryCount="0"/>
            <jms:transaction action="ALWAYS_BEGIN" timeout="${activemq.queue.timeout}"/>
        </jms:inbound-endpoint>
        <json:json-to-object-transformer returnClass="java.util.HashMap" doc:name="JSON to Object"/>
        <filter ref="ValidPayload" doc:name="Filter Reference"/>
        <expression-component doc:name="Expression"><![CDATA[flowVars.apiName = payload.apiName;
flowVars.errorCode = payload.errorCode;
flowVars.fromDate = payload.fromDate;
flowVars.metricCategory = payload.metricCategory;
flowVars.queueArticulos = payload.queueArticulos;
flowVars.sendMail = payload.sendMail;
flowVars.refreshArticulo = payload.refreshArticulo;
flowVars.eCommerceAProcesar = payload.eCommerceAProcesar;]]></expression-component>
        <flow-ref name="dragon-remito-process-SyncToEcommers-flow" doc:name="dragon-remito-process-SyncToEcommers-flow"/>
        <catch-exception-strategy doc:name="Catch Exception Strategy">
            <logger message="${activemq.queue.sync_remito_pending} Error processing sync" level="INFO" category="com.acqua.utils.ConsolaDragon" doc:name="CONSOLA INICIO"/>
        </catch-exception-strategy>

    </flow>
    
    <flow name="dragon-remito-process-SyncToEcommers-flow" processingStrategy="synchronous">
        <logger message="Inicio de Sincronizacion de Remito" level="INFO" category="com.acqua.base.ProcessLayer" doc:name="Logger"/> 
 
        <enricher target="#[flowVars.ecommerces]" doc:name="Message Enricher">
            <invoke object-ref="DragonCommonPrjUtil" method="getEcommerces" doc:name="Get E-commerces"/>
        </enricher>
        <choice doc:name="Choice">
            <when expression="#[flowVars.refreshArticulo]">
                <flow-ref name="dragon-remito-SyncToEcommerce-refresh-process-flow" doc:name="dragon-remito-SyncToEcommerce-refresh-process-flow"/>
            </when>
            <otherwise>
                <flow-ref name="dragon-remito-SyncToEcommerce-get-pending-process-flow" doc:name="dragon-remito-SyncToEcommerce-get-pending-process-flow"/>
            </otherwise>
        </choice>
 
        <logger message="#[payload]" level="INFO" doc:name="Logger" category="com.acqua.base.ProcessLayer"/>
          
        <set-property propertyName="http.status" value="#[200]" doc:name="Set http.status"/>
		
		<exception-strategy ref="Process_Layer_Generic_Exception_Strategy" doc:name="Reference Exception Strategy"/>
    
    </flow>
    <flow name="dragon-remito-SyncToEcommerce-get-pending-process-flow" processingStrategy="synchronous">
        <logger message="Iniciando Sincronizacion de Remito" level="INFO" category="com.acqua.utils.ConsolaRemitoUpdates" doc:name="Logger - Process Update"/>
        <set-variable variableName="articulosProcesados" value="#[0]" doc:name="Set registros Procesados"/>

       
        <choice doc:name="Choice - Si se Informa Fecha">
            <when expression="#[flowVars.fromDate != &quot;&quot; &amp;&amp; !flowVars.refreshArticulo]">
                <logger message="PROCESS LAYER - Desde la Fecha: #[flowVars.fromDate]" level="INFO" category="com.acqua.utils.ConsolaDragon" doc:name="Logger CONSOLA"/>
                <http:request config-ref="DragonSL_Request_Configuration" path="obtener-remitos-modificados/#[flowVars.fromDate]" method="GET" doc:name="HTTP Obtener Remitos Modificados Desde">
                    <http:success-status-code-validator values="200..599"/>
                </http:request>
            </when>


            <otherwise>
                <http:request config-ref="DragonSL_Request_Configuration" path="obtener-remitos-modificados" method="GET" doc:name="HTTP Obtener Remitos Modificados Todos">
                    <http:success-status-code-validator values="200..599"/>
                </http:request>

            </otherwise>
        </choice>
        <set-variable variableName="lastDate" value="#[server.dateTime.format(&quot;yyyy-MM-dd'|'HH:mm:ss&quot;)]" doc:name="Save Last Date"/>

        <set-variable variableName="validationErrorMessage" value="No se pudo obtener codigos modificados de DragonFish" doc:name="Set Error Message"/>
        <logger message="DRAGON: Remitos Afectado|#[message.inboundProperties[&quot;http.status&quot;]]|#[message.payloadAs(java.lang.String)]" level="INFO" category="com.acqua.utils.ConsolaRemitoUpdates" doc:name="Logger CONSOLA"/>
      	
      	<validation:custom-validator config-ref="Validation_Configuration" message="#[flowVars.validationErrorMessage]" class="com.acqua.common.pl.validator.PLExternalRestfulValidator" doc:name="Validation"/>
      	
        <json:json-to-object-transformer returnClass="java.util.ArrayList" doc:name="JSON to Object"/>
 
        <foreach collection="#[payload]" doc:name="For Each - Articulo Remito en Dragon">
            <expression-component doc:name="Expression - Count"><![CDATA[flowVars.articulosProcesados = flowVars.articulosProcesados + 1;]]></expression-component>
            <json:object-to-json-transformer doc:name="Object to JSON"/>
            <set-variable variableName="originalPayload" value="#[payload]" doc:name="Variable"/>
            <foreach collection="#[flowVars.ecommerces]" doc:name="For Each - Ecommerce">
                <set-variable variableName="originalECommerce" value="#[payload]" doc:name="Set ECommerce"/>
                <set-payload value="#[flowVars.originalPayload]" doc:name="Set Payload"/>
				<choice doc:name="Choice">
					<when expression="#[flowVars.originalECommerce.equals(&quot;woo&quot;)]">
						<set-variable variableName="amqDelay"
							value="${activemq.queue.jobs_pending.woo.delay}" doc:name="Variable Set Delay" />
					</when>
					<otherwise>
						<set-variable variableName="amqDelay"
							value="${activemq.queue.jobs_pending.shopify.delay}" doc:name="Variable Set Delay Shopify" />
					</otherwise>
				</choice>
				<choice doc:name="Choice">
					<when expression="#[flowVars.amqDelay&gt;0]">
						<set-property propertyName="AMQ_SCHEDULED_DELAY" value="#[flowVars.amqDelay]"
							doc:name="Property" />
						<message-properties-transformer
							doc:name="Message Properties">
							<add-message-property key="AMQ_SCHEDULED_DELAY"
								value="#[flowVars.amqDelay]" />
							<add-message-property key="TYPE_PROCESS" value="REMITO" />
						</message-properties-transformer>
					</when>
					<otherwise>
						<logger message="No delay" level="INFO"
							category="com.acqua.utils.ConsolaDragon" doc:name="Logger CONSOLA" />
						<message-properties-transformer
							doc:name="Message Properties">
							<add-message-property key="TYPE_PROCESS" value="STOCK" />
						</message-properties-transformer>
					</otherwise>
				</choice>
                <jms:outbound-endpoint queue="${activemq.queue.remito}-#[flowVars.originalECommerce]" connector-ref="Active_MQ" responseTimeout="60000" doc:name="JMS - Send Cod to Process"/>
            </foreach>

		
			<logger message="DRAGON: Remito Enviado a Procesar|#[payload]|" level="INFO" category="com.acqua.utils.ConsolaRemitoUpdates" doc:name="Logger - Process Update"/>
    		 
        </foreach>
        
        <choice doc:name="Choice - Si se Proceso Registro">
            <when expression="#[flowVars.articulosProcesados&gt;0 &amp;&amp; flowVars.refreshArticulo != null &amp;&amp; !flowVars.refreshArticulo]">
                <logger message="DRAGON: Remito Procesados|#[flowVars.articulosProcesados]" level="INFO" category="com.acqua.utils.ConsolaRemitoUpdates" doc:name="Logger - Process Update"/>

                <flow-ref name="dragon-remito-actualizar-reg-control-flow" doc:name="dragon-remito-actualizar-reg-control-flow"/>
            </when>
            <otherwise>
                <logger message="No se procesaron Remitos" level="INFO" category="com.acqua.base.ProcessLayer" doc:name="Logger"/>
                <set-property propertyName="http.status" value="#[200]" doc:name="http.status"/>

            </otherwise>
        </choice>
       
        <exception-strategy ref="Process_Layer_Generic_Exception_Strategy" doc:name="Reference Exception Strategy"/>
    </flow>
    <flow name="dragon-remito-SyncToEcommerce-refresh-process-flow" processingStrategy="synchronous">
        <logger message="Iniciando Refresh de Remito" level="INFO" category="com.acqua.utils.ConsolaRemitoUpdates" doc:name="Logger - Process Update"/>
        <http:request config-ref="DragonSL_Request_Configuration" path="obtener-varianzas-publicados/#[flowVars.eCommerceAProcesar]/false" method="GET" requestStreamingMode="ALWAYS" doc:name="HTTP Actualizar Varianzas">
            <http:request-builder>
                <http:header headerName="transactionId" value="#[0]"/>
                <http:header headerName="process" value="#['']"/>
            </http:request-builder>
            <http:success-status-code-validator values="200..599"/>
        </http:request>
        <set-variable variableName="validationErrorMessage" value="No se pudo obtener actualizar stock/precio" doc:name="Set Error Message"/>
        <validation:custom-validator config-ref="Validation_Configuration" message="#[flowVars.validationErrorMessage]" class="com.acqua.common.pl.validator.PLExternalRestfulValidator" doc:name="Validation"/>
        <set-property propertyName="http.status" value="#[200]" doc:name="http.status"/>
    </flow>
 
    
    <flow name="dragon-remito-actualizar-reg-control-flow">

        <choice doc:name="Choice">
            <when expression="#[flowVars.lastDate != &quot;&quot; ]">
                <enricher target="#[flowVars.regCtrol]" doc:name="Message Enricher">
                    <processor-chain doc:name="Processor Chain">

                        <expression-component doc:name="Expression - Prepare Request"><![CDATA[payload = new java.util.HashMap();
payload.put("codigoDragon","${Dragon_Articulo_Remito_Control}"); 
payload.put("codigoShopify","${Dragon_Articulo_Remito_Control}"); 
payload.put("observacion","FechaUltimaActualizacion=" + flowVars.lastDate.replace('-','').replace('|','').replace(':','') ); ]]></expression-component>
                        <json:object-to-json-transformer doc:name="Object to JSON"/>
                        <logger message="PROCESS LAYER - Actualizando Registro de Control de Remitos con la fecha #[flowVars.lastDate]#[&quot;\n&quot;] #[payload]" level="INFO" category="com.acqua.utils.ConsolaDragon" doc:name="Logger CONSOLE"/>
                        <http:request config-ref="DragonSL_Request_Configuration" path="equivalencia" method="PUT" doc:name="HTTP Alta de Registro Control">
                            <http:success-status-code-validator values="200..599"/>
                        </http:request>
                        <logger message="PROCESS LAYER - Estado del Respuesta de la actualizacion del registro de control #[message.inboundProperties[&quot;http.status&quot;]]#[&quot;\n&quot;] #[message.payloadAs(java.lang.String)]" level="INFO" category="com.acqua.utils.ConsolaDragon" doc:name="Logger CONSOLE"/>
                        <set-variable variableName="validationErrorMessage" value="No se pudo obtener actualizar el registro de control" doc:name="Set Error Message"/>
                        <validation:custom-validator config-ref="Validation_Configuration" message="#[flowVars.validationErrorMessage]" class="com.acqua.common.pl.validator.PLExternalRestfulValidator" doc:name="Validation"/>
                        <json:json-to-object-transformer doc:name="JSON to Object"/>
                    </processor-chain>
                </enricher>
            </when>
            <otherwise>
                <logger message="No existe fecha para actualizar registro de control" level="INFO" category="com.acqua.base.ProcessLayer" doc:name="Logger"/>
            </otherwise>
        </choice>

     </flow>   
      
</mule>
