<?xml version="1.0" encoding="UTF-8"?>

<mule xmlns:tracking="http://www.mulesoft.org/schema/mule/ee/tracking" xmlns:jms="http://www.mulesoft.org/schema/mule/jms" xmlns="http://www.mulesoft.org/schema/mule/core" xmlns:doc="http://www.mulesoft.org/schema/mule/documentation"
	xmlns:spring="http://www.springframework.org/schema/beans" 
	xmlns:xsi="http://www.w3.org/2001/XMLSchema-instance"
	xsi:schemaLocation="http://www.springframework.org/schema/beans http://www.springframework.org/schema/beans/spring-beans-current.xsd
http://www.mulesoft.org/schema/mule/core http://www.mulesoft.org/schema/mule/core/current/mule.xsd
http://www.mulesoft.org/schema/mule/jms http://www.mulesoft.org/schema/mule/jms/current/mule-jms.xsd
http://www.mulesoft.org/schema/mule/ee/tracking http://www.mulesoft.org/schema/mule/ee/tracking/current/mule-tracking-ee.xsd">
    <flow name="dragon-semaphore-flow" initialState="started">
        <jms:inbound-endpoint queue="${activemq.queue.semaphore}" connector-ref="Active_MQ" doc:name="JMS">
            <idempotent-redelivery-policy maxRedeliveryCount="0"/>
        </jms:inbound-endpoint>
        <copy-properties propertyName="*" doc:name="Property"/>
        <invoke object-ref="dragonSemaphore" method="releaseLock" doc:name="Dragon Semaphore OFF"/>
        <enricher target="#[flowVars.statusQueue]" doc:name="Message Enricher - Status">
            <processor-chain doc:name="Processor Chain">
                <expression-component doc:name="Expression"><![CDATA[payload = new java.util.HashMap();
payload.put('source','process');         
payload.put('persistir',true);                  
payload.put('process',message.inboundProperties['process']);
payload.put('thread',Thread.currentThread().getId());
payload.put('time',server.dateTime.format('yyyy/MM/dd HH:mm:ss:SSS'));
payload.put('transactionId',message.inboundProperties['transactionId']);
payload.put('status',message.inboundProperties['status']);
payload.put('qtyRecords',message.inboundProperties['qtyRecords']);
payload.put('recordNo',message.inboundProperties['recordNo']);
payload.put('error',message.inboundProperties['error']);
payload.put('errorPayload','');
]]></expression-component>
                <flow-ref name="message-send-msg-to-topic-flow" doc:name="message-send-msg-to-topic-flow"/>
            </processor-chain>
        </enricher>
        <catch-exception-strategy doc:name="Catch Exception Strategy">
            <logger message="${activemq.queue.sync_pending} Error processing sync" level="INFO" category="com.acqua.utils.ConsolaDragon" doc:name="CONSOLA INICIO"/>
        </catch-exception-strategy>
    </flow>
</mule>
