<?xml version="1.0" encoding="UTF-8"?>

<mule xmlns:filters="http://www.mulesoft.org/schema/mule/filters" xmlns:mulerequester="http://www.mulesoft.org/schema/mule/mulerequester"
	xmlns:file="http://www.mulesoft.org/schema/mule/file" xmlns:jms="http://www.mulesoft.org/schema/mule/jms" xmlns:schedulers="http://www.mulesoft.org/schema/mule/schedulers" xmlns:tracking="http://www.mulesoft.org/schema/mule/ee/tracking" xmlns:acquait-metrics="http://www.mulesoft.org/schema/mule/acquait-metrics" xmlns:metrics="http://www.mulesoft.org/schema/mule/metrics" xmlns:mule-ss="http://www.mulesoft.org/schema/mule/spring-security"
	xmlns:validation="http://www.mulesoft.org/schema/mule/validation" xmlns:json="http://www.mulesoft.org/schema/mule/json" xmlns:http="http://www.mulesoft.org/schema/mule/http" xmlns="http://www.mulesoft.org/schema/mule/core" xmlns:doc="http://www.mulesoft.org/schema/mule/documentation"
	xmlns:spring="http://www.springframework.org/schema/beans" 
	xmlns:xsi="http://www.w3.org/2001/XMLSchema-instance"
	xmlns:ss="http://www.springframework.org/schema/security"  
	xsi:schemaLocation="http://www.mulesoft.org/schema/mule/mulerequester http://www.mulesoft.org/schema/mule/mulerequester/current/mule-mulerequester.xsd
http://www.mulesoft.org/schema/mule/spring-security http://www.mulesoft.org/schema/mule/spring-security/current/mule-spring-security.xsd
http://www.springframework.org/schema/beans http://www.springframework.org/schema/beans/spring-beans-current.xsd
http://www.mulesoft.org/schema/mule/core http://www.mulesoft.org/schema/mule/core/current/mule.xsd
http://www.mulesoft.org/schema/mule/json http://www.mulesoft.org/schema/mule/json/current/mule-json.xsd
http://www.mulesoft.org/schema/mule/http http://www.mulesoft.org/schema/mule/http/current/mule-http.xsd
http://www.mulesoft.org/schema/mule/validation http://www.mulesoft.org/schema/mule/validation/current/mule-validation.xsd
http://www.springframework.org/schema/security http://www.springframework.org/schema/security/spring-security-3.1.xsd
http://www.mulesoft.org/schema/mule/metrics http://www.mulesoft.org/schema/mule/metrics/current/mule-metrics.xsd
http://www.mulesoft.org/schema/mule/acquait-metrics http://www.mulesoft.org/schema/mule/acquait-metrics/current/mule-acquait-metrics.xsd
http://www.mulesoft.org/schema/mule/ee/tracking http://www.mulesoft.org/schema/mule/ee/tracking/current/mule-tracking-ee.xsd
http://www.mulesoft.org/schema/mule/schedulers http://www.mulesoft.org/schema/mule/schedulers/current/mule-schedulers.xsd
http://www.mulesoft.org/schema/mule/jms http://www.mulesoft.org/schema/mule/jms/current/mule-jms.xsd
http://www.mulesoft.org/schema/mule/file http://www.mulesoft.org/schema/mule/file/current/mule-file.xsd">
     
    <asynchronous-processing-strategy name="Asynchronous_Processing_Strategy_Sto_Pending" maxThreads="${thread_dragon_stock_max}" minThreads="${thread_dragon_stock_min}" threadTTL="0" threadWaitTimeout="-1" maxBufferSize="20000" doc:name="Asynchronous Processing Strategy"/>
    
      
    <flow name="dragon-stock-poll-flow" initialState="started" processingStrategy="synchronous">
        <poll doc:name="Poll">
            <schedulers:cron-scheduler expression="${cron_stock}"/>
            <logger message="Procesando cambios de articulos..." level="INFO" category="com.acqua.base.ProcessLayer" doc:name="Logger"/>
        </poll>
        <set-variable variableName="activar" value="${cron_stock_activar}" doc:name="Set Activar"/>
        <set-variable variableName="currentTime" value="#[server.dateTime.format('HH:mm:ss')]" doc:name="Set Current Time"/>
        <filter ref="BeanCheckPollTime" doc:name="Filter Reference"/>
		<enricher doc:name="Message Enricher - Get Dragon Status">
            <flow-ref name="status-get-dragon-status-flow" doc:name="status-get-dragon-status-flow"/>
            <enrich source="#[payload.flagDragonOK]" target="#[flowVars.dragonStatus]"/>
        </enricher>
        <expression-component doc:name="Set Transaction ID"><![CDATA[flowVars.transacionIDGen=server.dateTime.format('yyyyMMddHHmmss');
flowVars.eCommerceAProcesar = "all";]]></expression-component>
        <choice doc:name="Choice">
            <when expression="#[flowVars.activar == 'Y' &amp;&amp;  flowVars.dragonStatus != null &amp;&amp; flowVars.dragonStatus]">
                <set-variable variableName="fromDate" value="" doc:name="Variable - Set From Date"/>
                <logger message="#[&quot;-----------------------------------------------------------------------------------------&quot;]" level="INFO" category="com.acqua.utils.ConsolaDragon" doc:name="Logger CONSOLA INICIO"/>
                <logger message="PROCESS LAYER - INICIO - Verificando Articulos Modificados en Dragon. Transaccion ID: #[flowVars.transacionIDGen]" level="INFO" category="com.acqua.utils.ConsolaDragon" doc:name="Logger CONSOLA INICIO"/>
                <expression-component doc:name="Set Init Expressions"><![CDATA[flowVars.flowName=flow.name;
flowVars.apiName='POLL-Articulos-Dragon';
flowVars.errorCode=server.dateTime.format('yyyyMMddHHmmssSSS');
flowVars.metricCategory='POLL-Articulos-Dragon'; 
flowVars.queueArticulos='${activemq.queue.stock}';
flowVars.sendMail=true;
flowVars.refreshArticulo=false;
flowVars.procesarSoloCambios=false;]]></expression-component>
                <flow-ref name="dragon-stock-SyncToEcommers-flow" doc:name="dragon-stock-SyncToEcommers-flow"/>
 
            </when>
            <otherwise>
                <logger message="Control de Articulos automaticos desactivado o Proceso Pendiente" level="INFO" category="com.acqua.base.ProcessLayer" doc:name="Logger"/>
            </otherwise>
        </choice>

    
        <exception-strategy ref="Process_Layer_Generic_Exception_Strategy" doc:name="Reference Exception Strategy"/>
   
    </flow>

   
    <flow name="dragon-stock-start-flow" processingStrategy="synchronous">
        <expression-component doc:name="Set Init Expressions"><![CDATA[flowVars.transacionIDGen=server.dateTime.format('yyyyMMddHHmmss');
flowVars.flowName=flow.name;
flowVars.apiName=message.inboundProperties.'http.request.uri';
flowVars.errorCode=flowVars.transacionIDGen;
flowVars.fromDate=(message.inboundProperties.'http.uri.params'.FechaUltimaModificacion == null? "":message.inboundProperties.'http.uri.params'.FechaUltimaModificacion);
flowVars.metricCategory='Dragon-Stock-Sincronizacion';
flowVars.queueArticulos='${activemq.queue.stock}';
flowVars.sendMail=true;
flowVars.refreshArticulo=false;
flowVars.eCommerceAProcesar = "all";
flowVars.procesarSoloCambios=false;
 ]]></expression-component>
       
		<http:basic-security-filter realm="mule-realm"/> 
		
        <mule-ss:authorization-filter requiredAuthorities="ROLE_USER"/>
        <flow-ref name="dragon-stock-SyncToEcommers-flow" doc:name="dragon-stock-SyncToEcommers-flow"/>
        <set-payload value="{&quot;Transaccion&quot;:#[flowVars.transacionIDGen]}" encoding="UTF-8" mimeType="application/json" doc:name="Set Payload"/>
        <set-property propertyName="http.status" value="#[200]" doc:name="Set http.status"/>


        <exception-strategy ref="Process_Layer_Generic_Exception_Strategy" doc:name="Reference Exception Strategy"/>
    
    </flow>
    
    <flow name="dragon-refresh-stock-start-flow" processingStrategy="synchronous">
        <expression-component doc:name="Set Init Expressions"><![CDATA[flowVars.transacionIDGen=server.dateTime.format('yyyyMMddHHmmss');
flowVars.flowName=flow.name;
flowVars.apiName=message.inboundProperties.'http.request.uri';
flowVars.errorCode=flowVars.transacionIDGen;
flowVars.fromDate=(message.inboundProperties.'http.uri.params'.FechaUltimaModificacion == null? "":message.inboundProperties.'http.uri.params'.FechaUltimaModificacion);
flowVars.metricCategory='Dragon-Refresh-Stock';
flowVars.queueArticulos='${activemq.queue.stock}';
flowVars.sendMail=true;
flowVars.refreshArticulo=true;
flowVars.eCommerceAProcesar = message.inboundProperties.'http.uri.params'.Ecommerce;
flowVars.procesarSoloCambios=(message.inboundProperties.'http.uri.params'.ProcesarSoloCambios).equals("true");

 ]]></expression-component>
       
		<http:basic-security-filter realm="mule-realm"/> 
		
        <mule-ss:authorization-filter requiredAuthorities="ROLE_USER"/>
        <flow-ref name="dragon-stock-SyncToEcommers-flow" doc:name="dragon-stock-SyncToEcommers-flow"/>
        <set-payload value="{&quot;Transaccion&quot;:#[flowVars.transacionIDGen]}" encoding="UTF-8" mimeType="application/json" doc:name="Set Payload"/>
        <set-property propertyName="http.status" value="#[200]" doc:name="Set http.status"/>

        
        <exception-strategy ref="Process_Layer_Generic_Exception_Strategy" doc:name="Reference Exception Strategy"/>
    
    </flow>
    
	<flow name="dragon-stock-SyncToEcommers-flow"
		processingStrategy="synchronous">
		
		<logger message="Status is OK" level="INFO"
			category="com.acqua.base.ProcessLayer" doc:name="Logger" />
        <enricher target="#[flowVars.dragonReleased]" doc:name="Message Enricher">
            <invoke object-ref="dragonSemaphore" method="getLock" doc:name="Dragon Semaphore ON"/>
        </enricher>


		<choice doc:name="Choice">
			<when expression="#[flowVars.dragonReleased]">
                <enricher target="#[flowVars.statusQueue]" doc:name="Message Enricher">
                    <processor-chain doc:name="Processor Chain">
                        <expression-component doc:name="Expression"><![CDATA[payload = new java.util.HashMap();  
payload.put('source','process');  
payload.put('process',flowVars.refreshArticulo?'dragon-refresh-stock':'dragon-stock');
payload.put('thread',Thread.currentThread().getId());
payload.put('time',server.dateTime.format('yyyy/MM/dd HH:mm:ss:SSS'));
payload.put('status','ON');
payload.put('qtyRecords',0);
payload.put('recordNo',0);]]></expression-component>
                        <flow-ref name="dragon-send-msg-process-to-queue-flow" doc:name="dragon-send-msg-process-to-queue-flow"/>
                    </processor-chain>
                </enricher>
                <enricher target="#[flowVars.ecommerces]" doc:name="Message Enricher">
                    <invoke object-ref="DragonCommonPrjUtil" method="getEcommerces" doc:name="Get E-commerces"/>
                </enricher>
                <choice doc:name="Choice">
                    <when expression="#[flowVars.refreshArticulo]">
                        <flow-ref name="dragon-stock-SyncToEcommerce-refresh-process-flow" doc:name="dragon-stock-SyncToEcommerce-refresh-process-flow"/>
                        <enricher source="#[payload.size()]" target="#[flowVars.articulosProcesados]" doc:name="Message Enricher - Get Articulos Procesados">
                            <json:json-to-object-transformer returnClass="java.util.ArrayList" doc:name="JSON to Object"/>
                        </enricher>
                    </when>
                    <otherwise>
                        <flow-ref name="dragon-stock-SyncToEcommerce-get-pending-process-flow" doc:name="dragon-stock-SyncToEcommerce-get-pending-process-flow"/>
                    </otherwise>
                </choice>
                <set-property propertyName="http.status" value="#[200]" doc:name="Set http.status"/>
                <enricher target="#[flowVars.dragonReleased]" doc:name="Message Enricher">
                    <processor-chain doc:name="Processor Chain">
                        <invoke object-ref="dragonSemaphore" method="releaseLock" doc:name="Dragon Semaphore OFF"/>
                        <expression-component doc:name="Expression"><![CDATA[payload = new java.util.HashMap();
payload.put('source','process');                         
payload.put('process',flowVars.refreshArticulo?'dragon-refresh-stock':'dragon-stock');
payload.put('thread',Thread.currentThread().getId());
payload.put('time',server.dateTime.format('yyyy/MM/dd HH:mm:ss:SSS'));
payload.put('status','OFF');
payload.put('qtyRecords',flowVars.articulosProcesados);
payload.put('recordNo',0);
]]></expression-component>
                        <flow-ref name="dragon-send-msg-process-to-queue-flow" doc:name="dragon-send-msg-process-to-queue-flow"/>
                    </processor-chain>
                </enricher>

			</when>
			<otherwise>

				<set-variable variableName="transacionIDGen" value="There is process Pending"
					doc:name="Variable" />
                <set-property propertyName="http.status" value="#[200]" doc:name="Set http.status 200"/>
			</otherwise>
		</choice>

		<catch-exception-strategy doc:name="Catch Exception Strategy">
			<logger
				message="${activemq.queue.sync_pending} There is pending processError processing sync"
				level="INFO" category="com.acqua.utils.ConsolaDragon" doc:name="CONSOLA INICIO" />
		</catch-exception-strategy>

	</flow>
    <flow name="dragon-stock-SyncToEcommerce-get-pending-process-flow" processingStrategy="synchronous">
        <logger message="Iniciando Sincronizacion de Stock" level="INFO" category="com.acqua.utils.ConsolaStockUpdates" doc:name="Logger - Process Update"/>
        <acquait-metrics:inc-count config-ref="AcquaIT_Metrics__AcquaIT_Metric_Connector_Configuration" category="sincronizacion.stock" doc:name="AcquaIT Metrics">
            <acquait-metrics:metric-keys>
                <acquait-metrics:metric-key>INICIO</acquait-metrics:metric-key>
            </acquait-metrics:metric-keys>
        </acquait-metrics:inc-count>
        <set-variable variableName="articulosProcesados" value="#[0]" doc:name="Set registros Procesados"/>
        <choice doc:name="Choice - Si se Informa Fecha">
            <when expression="#[flowVars.fromDate != &quot;&quot; &amp;&amp; !flowVars.refreshArticulo]">
                <logger message="PROCESS LAYER - Desde la Fecha: #[flowVars.fromDate]" level="INFO" category="com.acqua.utils.ConsolaDragon" doc:name="Logger CONSOLA"/>
                <http:request config-ref="DragonSL_Request_Configuration" path="obtener-articulos-afectados-por-stock/#[flowVars.fromDate]" method="GET" doc:name="HTTP Obtener SKU Afectados por Stock Desde">
                    <http:success-status-code-validator values="200..599"/>
                </http:request>
            </when>
            <otherwise>
                <http:request config-ref="DragonSL_Request_Configuration" path="obtener-articulos-afectados-por-stock" method="GET" doc:name="HTTP Obtener SKU Afectados por Stock Desde Ultima Fecha">
                    <http:success-status-code-validator values="200..599"/>
                </http:request>
            </otherwise>
        </choice>
        <set-variable variableName="lastDate" value="#[server.dateTime.format(&quot;yyyy-MM-dd'|'HH:mm:ss&quot;)]" doc:name="Save Last Date"/>
        <set-variable variableName="validationErrorMessage" value="No se pudo obtener codigos modificados de DragonFish" doc:name="Set Error Message"/>
        <logger message="DRAGON: Stocks Afectados|#[message.inboundProperties[&quot;http.status&quot;]]|#[message.payloadAs(java.lang.String)]" level="INFO" category="com.acqua.utils.ConsolaStockUpdates" doc:name="Logger CONSOLA"/>
        <validation:custom-validator config-ref="Validation_Configuration" message="#[flowVars.validationErrorMessage]" class="com.acqua.common.pl.validator.PLExternalRestfulValidator" doc:name="Validation"/>
        <json:json-to-object-transformer returnClass="java.util.ArrayList" doc:name="JSON to Object"/>
        <set-variable variableName="qtyRecords" value="#[payload.size()]" doc:name="Variable Set Qty"/>
        <foreach collection="#[payload]" doc:name="For Each - Articulo Modificado en Dragon">
            <expression-component doc:name="Expression - Count"><![CDATA[flowVars.articulosProcesados = flowVars.articulosProcesados + 1;]]></expression-component>
            <json:object-to-json-transformer doc:name="Object to JSON"/>
            <set-variable variableName="originalPayload" value="#[payload]" doc:name="Variable"/>
            <foreach collection="#[flowVars.ecommerces]" doc:name="For Each - Ecommerce">
                <set-variable variableName="originalECommerce" value="#[payload]" doc:name="Set ECommerce"/>
                <set-payload value="#[flowVars.originalPayload]" doc:name="Set Payload"/>
                <choice doc:name="Choice">
                    <when expression="#[flowVars.originalECommerce.equals(&quot;woo&quot;)]">
                        <set-variable variableName="amqDelay" value="${activemq.queue.jobs_pending.woo.delay}" doc:name="Variable Set Delay"/>
                    </when>
                    <otherwise>
                        <set-variable variableName="amqDelay" value="${activemq.queue.jobs_pending.shopify.delay}" doc:name="Variable Set Delay Shopify"/>
                    </otherwise>
                </choice>
                <choice doc:name="Choice">
                    <when expression="#[flowVars.amqDelay&gt;0]">
                        <set-property propertyName="AMQ_SCHEDULED_DELAY" value="#[flowVars.amqDelay]" doc:name="Property"/>
                        <message-properties-transformer doc:name="Message Properties">
                            <add-message-property key="AMQ_SCHEDULED_DELAY" value="#[flowVars.amqDelay]"/>
                            <add-message-property key="TYPE_PROCESS" value="STOCK"/>
                        </message-properties-transformer>
                    </when>
                    <otherwise>
                        <logger message="No delay" level="INFO" category="com.acqua.utils.ConsolaDragon" doc:name="Logger CONSOLA"/>
                        <message-properties-transformer doc:name="Message Properties">
                            <add-message-property key="TYPE_PROCESS" value="STOCK"/>
                        </message-properties-transformer>
                    </otherwise>
                </choice>
                <set-property propertyName="qtyRecords" value="#[flowVars.qtyRecords]" doc:name="Property Qty Records"/>
                <set-property propertyName="recordNo" value="#[flowVars.articulosProcesados]" doc:name="Property Record No"/>
                <jms:outbound-endpoint queue="${activemq.queue.stock}-#[flowVars.originalECommerce]" connector-ref="Active_MQ" responseTimeout="60000" doc:name="JMS - Send Cod to Process"/>
            </foreach>
            <logger message="DRAGON: Stock Enviado a Procesar|#[payload]|" level="INFO" category="com.acqua.utils.ConsolaStockUpdates" doc:name="Logger - Process Update"/>
        </foreach>
        <choice doc:name="Choice - Si se Proceso Registro">
            <when expression="#[flowVars.articulosProcesados&gt;0 &amp;&amp; flowVars.refreshArticulo != null &amp;&amp; !flowVars.refreshArticulo]">
                <logger message="DRAGON: Stock Procesados|#[flowVars.articulosProcesados]" level="INFO" category="com.acqua.utils.ConsolaStockUpdates" doc:name="Logger - Process Update"/>
                <flow-ref name="dragon-stock-actualizar-reg-control-flow" doc:name="dragon-stock-actualizar-reg-control-flow"/>
            </when>
            <otherwise>
                <logger message="No se procesaron registros" level="INFO" category="com.acqua.base.ProcessLayer" doc:name="Logger"/>
                <set-property propertyName="http.status" value="#[200]" doc:name="http.status"/>
            </otherwise>
        </choice>
        <acquait-metrics:inc-count config-ref="AcquaIT_Metrics__AcquaIT_Metric_Connector_Configuration" category="sincronizacion.stock" delta="#[flowVars.articulosProcesados]" doc:name="AcquaIT Metrics">
            <acquait-metrics:metric-keys>
                <acquait-metrics:metric-key>FIN</acquait-metrics:metric-key>
            </acquait-metrics:metric-keys>
        </acquait-metrics:inc-count>
        <exception-strategy ref="Process_Layer_Generic_Exception_Strategy" doc:name="Reference Exception Strategy"/>
    </flow>

    <flow name="dragon-stock-SyncToEcommerce-refresh-process-flow" processingStrategy="synchronous">
        <logger message="Iniciando Refresh de Stock" level="INFO" category="com.acqua.utils.ConsolaStockUpdates" doc:name="Logger - Process Update"/>
        <http:request config-ref="DragonSL_Request_Configuration" path="obtener-varianzas-publicados/#[flowVars.eCommerceAProcesar]/#[flowVars.procesarSoloCambios]" method="GET" requestStreamingMode="ALWAYS" doc:name="HTTP Get Varianzas Publicadas">
            <http:success-status-code-validator values="200..599"/>
        </http:request>
        <set-variable variableName="validationErrorMessage" value="No se pudo obtener actualizar stock/precio" doc:name="Set Error Message"/>
        <validation:custom-validator config-ref="Validation_Configuration" message="#[flowVars.validationErrorMessage]" class="com.acqua.common.pl.validator.PLExternalRestfulValidator" doc:name="Validation"/>
        <set-property propertyName="http.status" value="#[200]" doc:name="http.status"/>
    </flow>



    
    <flow name="dragon-stock-actualizar-reg-control-flow">

        <choice doc:name="Choice">
            <when expression="#[flowVars.lastDate != &quot;&quot; ]">
                <enricher target="#[flowVars.regCtrol]" doc:name="Message Enricher">
                    <processor-chain doc:name="Processor Chain">

                        <expression-component doc:name="Expression - Prepare Request"><![CDATA[payload = new java.util.HashMap();
payload.put("codigoDragon","${Dragon_Articulo_Stock_Control}"); 
payload.put("codigoShopify","${Dragon_Articulo_Stock_Control}"); 
payload.put("observacion","FechaUltimaActualizacion=" + flowVars.lastDate.replace('-','').replace('|','').replace(':','') ); ]]></expression-component>
                        <json:object-to-json-transformer doc:name="Object to JSON"/>
                        <logger message="PROCESS LAYER - Actualizando Registro de Control con la fecha #[flowVars.lastDate]#[&quot;\n&quot;] #[payload]" level="INFO" category="com.acqua.utils.ConsolaDragon" doc:name="Logger CONSOLE"/>
                        <http:request config-ref="DragonSL_Request_Configuration" path="equivalencia" method="PUT" doc:name="HTTP Alta de Registro Control">
                            <http:success-status-code-validator values="200..599"/>
                        </http:request>
                        <logger message="PROCESS LAYER - Estado del Respuesta de la actualizacion del registro de control #[message.inboundProperties[&quot;http.status&quot;]]#[&quot;\n&quot;] #[message.payloadAs(java.lang.String)]" level="INFO" category="com.acqua.utils.ConsolaDragon" doc:name="Logger CONSOLE"/>
                        <set-variable variableName="validationErrorMessage" value="No se pudo obtener actualizar el registro de control" doc:name="Set Error Message"/>
                        <validation:custom-validator config-ref="Validation_Configuration" message="#[flowVars.validationErrorMessage]" class="com.acqua.common.pl.validator.PLExternalRestfulValidator" doc:name="Validation"/>
                        <json:json-to-object-transformer doc:name="JSON to Object"/>
                    </processor-chain>
                </enricher>
            </when>
            <otherwise>
                <logger message="No existe fecha para actualizar registro de control" level="INFO" category="com.acqua.base.ProcessLayer" doc:name="Logger"/>
            </otherwise>
        </choice>

     </flow>   
      
</mule>
