<?xml version="1.0" encoding="UTF-8"?>

<mule xmlns:objectstore="http://www.mulesoft.org/schema/mule/objectstore" xmlns:json="http://www.mulesoft.org/schema/mule/json"
	xmlns:validation="http://www.mulesoft.org/schema/mule/validation"
	xmlns:http="http://www.mulesoft.org/schema/mule/http" xmlns:mule-ss="http://www.mulesoft.org/schema/mule/spring-security"
	xmlns:tracking="http://www.mulesoft.org/schema/mule/ee/tracking" xmlns="http://www.mulesoft.org/schema/mule/core"
	xmlns:doc="http://www.mulesoft.org/schema/mule/documentation"
	xmlns:spring="http://www.springframework.org/schema/beans" xmlns:xsi="http://www.w3.org/2001/XMLSchema-instance"
	xsi:schemaLocation="http://www.mulesoft.org/schema/mule/validation http://www.mulesoft.org/schema/mule/validation/current/mule-validation.xsd
http://www.mulesoft.org/schema/mule/http http://www.mulesoft.org/schema/mule/http/current/mule-http.xsd
http://www.mulesoft.org/schema/mule/spring-security http://www.mulesoft.org/schema/mule/spring-security/current/mule-spring-security.xsd
http://www.springframework.org/schema/beans http://www.springframework.org/schema/beans/spring-beans-current.xsd
http://www.mulesoft.org/schema/mule/core http://www.mulesoft.org/schema/mule/core/current/mule.xsd
http://www.mulesoft.org/schema/mule/ee/tracking http://www.mulesoft.org/schema/mule/ee/tracking/current/mule-tracking-ee.xsd
http://www.mulesoft.org/schema/mule/json http://www.mulesoft.org/schema/mule/json/current/mule-json.xsd
http://www.mulesoft.org/schema/mule/objectstore http://www.mulesoft.org/schema/mule/objectstore/current/mule-objectstore.xsd">

	<flow name="dragon-consulta-estado-flow" processingStrategy="synchronous">
		<expression-component doc:name="Set Init Expressions"><![CDATA[flowVars.flowName=flow.name;
flowVars.apiName=message.inboundProperties.'http.request.uri';
flowVars.errorCode="";
flowVars.metricCategory='Dragon-Sincronizacion';
flowVars.sendMail=false;
flowVars.activateObjectStore =${activateObjectStore};
flowVars .format=message.inboundProperties.accept != null?message.inboundProperties.accept:"";

]]></expression-component>


		<http:basic-security-filter realm="mule-realm" />

		<mule-ss:authorization-filter
			requiredAuthorities="ROLE_USER" />
        <choice doc:name="Choice">
            <when expression="#[flowVars.activateObjectStore]">
                <flow-ref name="dragon-consulta-estado-process-flow" doc:name="dragon-consulta-estado-process-flow"/>
            </when>
            <otherwise>
                <set-payload value="{&quot;status&quot;:&quot;Gestion de Monitoreo No Activo&quot;}" mimeType="application/json" doc:name="Set Payload"/>
            </otherwise>
        </choice>



		<exception-strategy ref="Process_Layer_Generic_Exception_Strategy"
			doc:name="Reference Exception Strategy" />

	</flow>

	<flow name="dragon-consulta-estado-process-flow"
		processingStrategy="synchronous">
		<logger message="PROCESS LAYER - Getting Estado..."
			level="INFO" category="com.acqua.utils.ConsolaStatus" doc:name="Logger CONSOLA" />
		<enricher target="#[flowVars.ecommerces]" doc:name="Message Enricher">
            <invoke object-ref="DragonCommonPrjUtil" method="getEcommerces" doc:name="Get E-commerces"/>
        </enricher>
        <expression-component doc:name="Expression"><![CDATA[flowVars.lista = new java.util.ArrayList();
]]></expression-component>
        <objectstore:all-keys config-ref="ObjectStore" doc:name="ObjectStore"/>
        <foreach collection="#[payload]" doc:name="For Each">
            <set-variable variableName="key" value="#[payload]" doc:name="Variable"/>
            <objectstore:retrieve config-ref="ObjectStore" key="#[payload]" doc:name="ObjectStore"/>
            <expression-component doc:name="Expression"><![CDATA[payload.put("codigo",flowVars.key);
if(payload.get("ultima-actividad-status") >= 400)
{
	payload.put("dragonError",true);
}
if(payload.get("woo-ultima-actividad-status") >= 400)
{
	payload.put("wooError",true);
}
if(payload.get("shopify-ultima-actividad-status") >= 400)
{
	payload.put("shopifyError",true);
}
if(flowVars.ecommerces.contains("woo"))
{
	payload.put("wooActivo",true);
}
if(flowVars.ecommerces.contains("shopify"))
{
	payload.put("shopifyActivo",true);
}
flowVars.lista.add(payload);]]></expression-component>
        </foreach>
        
        <choice doc:name="Choice">
			<when expression="#[flowVars .format ==&quot;text/html&quot;]">
                <set-payload value="#[flowVars.lista]" doc:name="Set Payload"/>
				<custom-transformer mimeType="text/html"
					class="com.acqua.transformer.DragonFormatMonitorTransformer"
					doc:name="Format HTML">

				</custom-transformer>
                <set-payload value="#[payload]" encoding="ISO-8859-1" mimeType="text/html" doc:name="Set Payload"/>
			</when>
			<otherwise>
				<logger message="Retorna Valor Original" level="INFO" category="com.acqua.utils.ConsolaStatus"
					doc:name="Logger" />
                <set-payload value="#[flowVars.lista]" doc:name="Set Payload"/>
                <json:object-to-json-transformer doc:name="Object to JSON"/>
			</otherwise>
		</choice>


	</flow>
</mule>
