<?xml version="1.0" encoding="UTF-8"?>

<mule xmlns:objectstore="http://www.mulesoft.org/schema/mule/objectstore" xmlns:filters="http://www.mulesoft.org/schema/mule/filters" xmlns:mulerequester="http://www.mulesoft.org/schema/mule/mulerequester"
	xmlns:file="http://www.mulesoft.org/schema/mule/file" xmlns:jms="http://www.mulesoft.org/schema/mule/jms" xmlns:schedulers="http://www.mulesoft.org/schema/mule/schedulers" xmlns:tracking="http://www.mulesoft.org/schema/mule/ee/tracking" xmlns:acquait-metrics="http://www.mulesoft.org/schema/mule/acquait-metrics" xmlns:metrics="http://www.mulesoft.org/schema/mule/metrics" xmlns:mule-ss="http://www.mulesoft.org/schema/mule/spring-security"
	xmlns:validation="http://www.mulesoft.org/schema/mule/validation" xmlns:json="http://www.mulesoft.org/schema/mule/json" xmlns:http="http://www.mulesoft.org/schema/mule/http" xmlns="http://www.mulesoft.org/schema/mule/core" xmlns:doc="http://www.mulesoft.org/schema/mule/documentation"
	xmlns:spring="http://www.springframework.org/schema/beans" 
	xmlns:xsi="http://www.w3.org/2001/XMLSchema-instance"
	xmlns:ss="http://www.springframework.org/schema/security"  
	xsi:schemaLocation="http://www.mulesoft.org/schema/mule/mulerequester http://www.mulesoft.org/schema/mule/mulerequester/current/mule-mulerequester.xsd
http://www.mulesoft.org/schema/mule/spring-security http://www.mulesoft.org/schema/mule/spring-security/current/mule-spring-security.xsd
http://www.springframework.org/schema/beans http://www.springframework.org/schema/beans/spring-beans-current.xsd
http://www.mulesoft.org/schema/mule/core http://www.mulesoft.org/schema/mule/core/current/mule.xsd
http://www.mulesoft.org/schema/mule/json http://www.mulesoft.org/schema/mule/json/current/mule-json.xsd
http://www.mulesoft.org/schema/mule/http http://www.mulesoft.org/schema/mule/http/current/mule-http.xsd
http://www.mulesoft.org/schema/mule/validation http://www.mulesoft.org/schema/mule/validation/current/mule-validation.xsd
http://www.springframework.org/schema/security http://www.springframework.org/schema/security/spring-security-3.1.xsd
http://www.mulesoft.org/schema/mule/metrics http://www.mulesoft.org/schema/mule/metrics/current/mule-metrics.xsd
http://www.mulesoft.org/schema/mule/acquait-metrics http://www.mulesoft.org/schema/mule/acquait-metrics/current/mule-acquait-metrics.xsd
http://www.mulesoft.org/schema/mule/ee/tracking http://www.mulesoft.org/schema/mule/ee/tracking/current/mule-tracking-ee.xsd
http://www.mulesoft.org/schema/mule/schedulers http://www.mulesoft.org/schema/mule/schedulers/current/mule-schedulers.xsd
http://www.mulesoft.org/schema/mule/jms http://www.mulesoft.org/schema/mule/jms/current/mule-jms.xsd
http://www.mulesoft.org/schema/mule/file http://www.mulesoft.org/schema/mule/file/current/mule-file.xsd
http://www.mulesoft.org/schema/mule/objectstore http://www.mulesoft.org/schema/mule/objectstore/current/mule-objectstore.xsd">
     
    <asynchronous-processing-strategy name="Asynchronous_Processing_Strategy_Art_Pending" maxThreads="${thread_dragon_product_max}" minThreads="${thread_dragon_product_min}" threadTTL="0" threadWaitTimeout="-1" maxBufferSize="20000" doc:name="Asynchronous Processing Strategy"/>
      
    <flow name="dragon-articulos-poll-flow" initialState="started" processingStrategy="synchronous">
        <poll doc:name="Poll">
            <schedulers:cron-scheduler expression="${cron_articulos}"/>
            <logger message="Procesando cambios de articulos..." level="INFO" category="com.acqua.base.ProcessLayer" doc:name="Logger"/>
        </poll>
        <set-variable variableName="activar" value="${cron_articulos_activar}" doc:name="Set Activar"/>
        <set-variable variableName="currentTime" value="#[server.dateTime.format('HH:mm:ss')]" doc:name="Set Current Time"/>
        <filter ref="BeanCheckPollTime" doc:name="Filter Reference"/>
		<enricher doc:name="Message Enricher - Get Dragon Status">
            <flow-ref name="status-get-dragon-status-flow" doc:name="status-get-dragon-status-flow"/>
            <enrich source="#[payload.flagDragonOK]" target="#[flowVars.dragonStatus]"/>
        </enricher>
        <expression-component doc:name="Set Transaction ID"><![CDATA[flowVars.transacionIDGen=server.dateTime.format('yyyyMMddHHmmss');
flowVars.eCommerceAProcesar="all";]]></expression-component>
        <choice doc:name="Choice">
            <when expression="#[flowVars.activar == 'Y' &amp;&amp;  flowVars.dragonStatus != null &amp;&amp; flowVars.dragonStatus]">
                <set-variable variableName="fromDate" value="" doc:name="Variable - Set From Date"/>
                <logger message="#[&quot;-----------------------------------------------------------------------------------------&quot;]" level="INFO" category="com.acqua.utils.ConsolaDragon" doc:name="Logger CONSOLA INICIO"/>
                <logger message="PROCESS LAYER - INICIO - Verificando Articulos Modificados en Dragon. Transaccion ID: #[flowVars.transacionIDGen]" level="INFO" category="com.acqua.utils.ConsolaDragon" doc:name="Logger CONSOLA INICIO"/>
                <expression-component doc:name="Set Init Expressions"><![CDATA[flowVars.flowName=flow.name;
flowVars.apiName='POLL-Articulos-Dragon';
flowVars.errorCode=server.dateTime.format('yyyyMMddHHmmssSSS');
flowVars.metricCategory='POLL-Articulos-Dragon'; 
flowVars.queueArticulos='${activemq.queue.articulos}';
flowVars.sendMail=true;]]></expression-component>
                <flow-ref name="dragon-articulos-SyncToEcommers-flow" doc:name="dragon-articulos-SyncToEcommers-flow"/>
 
            </when>
            <otherwise>
                <logger message="Control de Articulos automaticos desactivado o Proceso Pendiente" level="INFO" category="com.acqua.base.ProcessLayer" doc:name="Logger"/>
            </otherwise>
        </choice>

    
        <exception-strategy ref="Process_Layer_Generic_Exception_Strategy" doc:name="Reference Exception Strategy"/>
   
    </flow>
    
    <flow name="dragon-articulos-process-http-request-flow" processingStrategy="synchronous">
        <expression-component doc:name="Set Transaction ID"><![CDATA[flowVars.transacionIDGen=server.dateTime.format('yyyyMMddHHmmss');]]></expression-component>
        <flow-ref name="dragon-articulos-start-flow" doc:name="dragon-articulos-start-flow"/>

        <set-payload value="{&quot;Transaccion&quot;:#[flowVars.transacionIDGen]}" encoding="UTF-8" mimeType="application/json" doc:name="Set Payload"/>
        <set-property propertyName="http.status" value="#[200]" doc:name="Set http.status"/>
    </flow>
  
    <flow name="dragon-refresh-articulos-http-request-flow" >
    
        <expression-component doc:name="Set Transaction ID"><![CDATA[flowVars.transacionIDGen=server.dateTime.format('yyyyMMddHHmmss');]]></expression-component>
    
        <flow-ref name="dragon-refresh-articulos-start-flow" doc:name="dragon-refresh-articulos-start-flow"/>
    
        <set-payload value="{&quot;Transaccion&quot;:#[flowVars.transacionIDGen]}" encoding="UTF-8" mimeType="application/json" doc:name="Set Payload"/>
    
        <set-property propertyName="http.status" value="#[200]" doc:name="Set http.status"/>
    
    </flow>
    
    <flow name="dragon-articulos-start-flow" processingStrategy="synchronous">
        <expression-component doc:name="Set Init Expressions"><![CDATA[flowVars.flowName=flow.name;
flowVars.apiName=message.inboundProperties.'http.request.uri';
flowVars.errorCode=flowVars.transacionIDGen;
flowVars.fromDate=(message.inboundProperties.'http.uri.params'.FechaUltimaModificacion == null? "":message.inboundProperties.'http.uri.params'.FechaUltimaModificacion);
flowVars.metricCategory='Dragon-Sincronizacion';
flowVars.queueArticulos='${activemq.queue.articulos}';
flowVars.sendMail=true;
flowVars.refreshArticulo=false;
flowVars.eCommerceAProcesar = "all";
 ]]></expression-component>
       
		<http:basic-security-filter realm="mule-realm"/> 
		
        <mule-ss:authorization-filter requiredAuthorities="ROLE_USER"/>
        <flow-ref name="dragon-articulos-SyncToEcommers-flow" doc:name="dragon-articulos-SyncToEcommers-flow"/>


        <exception-strategy ref="Process_Layer_Generic_Exception_Strategy" doc:name="Reference Exception Strategy"/>
    
    </flow>
    
    <flow name="dragon-refresh-articulos-start-flow" processingStrategy="synchronous">
        <expression-component doc:name="Set Init Expressions"><![CDATA[flowVars.flowName=flow.name;
flowVars.apiName=message.inboundProperties.'http.request.uri';
flowVars.errorCode=flowVars.transacionIDGen;
flowVars.fromDate=(message.inboundProperties.'http.uri.params'.FechaUltimaModificacion == null? "":message.inboundProperties.'http.uri.params'.FechaUltimaModificacion);
flowVars.metricCategory='Dragon-Refresh';
flowVars.queueArticulos='${activemq.queue.articulos}';
flowVars.sendMail=true;
flowVars.refreshArticulo=true;
flowVars.eCommerceAProcesar = message.inboundProperties.'http.uri.params'.Ecommerce;
 ]]></expression-component>
       
		<http:basic-security-filter realm="mule-realm"/> 
		
        <mule-ss:authorization-filter requiredAuthorities="ROLE_USER"/>
        <flow-ref name="dragon-articulos-SyncToEcommers-flow" doc:name="dragon-articulos-SyncToEcommers-flow"/>

        
        <exception-strategy ref="Process_Layer_Generic_Exception_Strategy" doc:name="Reference Exception Strategy"/>
    
    </flow>
    
	<flow name="dragon-articulos-SyncToEcommers-flow"
		processingStrategy="synchronous">
		
		<logger message="Status is OK" level="INFO"
			category="com.acqua.base.ProcessLayer" doc:name="Logger" />
			
		<enricher target="#[flowVars.stockPending]" doc:name="Message Enricher">
            <processor-chain doc:name="Processor Chain">
                <set-payload value="${activemq_api_jolokia_PendingStockMsg}" doc:name="Set Payload"/>
                <flow-ref name="status-get-activemq-get-pending-count-msg-flow" doc:name="status-get-activemq-get-pending-count-msg-flow"/>
            </processor-chain>
        </enricher>
        
        <enricher target="#[flowVars.ArtPending]" doc:name="Message Enricher">
            <processor-chain doc:name="Processor Chain">
                <set-payload value="${activemq_api_jolokia_PendingArticuloMsg}" doc:name="Set Payload"/>
                <flow-ref name="status-get-activemq-get-pending-count-msg-flow" doc:name="status-get-activemq-get-pending-count-msg-flow"/>
            </processor-chain>
        </enricher>
  
        <set-variable variableName="pendingMsg" value="#[flowVars.stockPending + flowVars.ArtPending]" doc:name="Variable - Get Pending Message"/>

		<choice doc:name="Choice">
			<when expression="#[flowVars.pendingMsg==0]">
				<flow-ref name="dragonfish-webhooks-reprocess-main-flow"
					doc:name="dragonfish-webhooks-reprocess-main-flow" />
				<set-property propertyName="HDR_DUPLICATE_DETECTION_ID"
					value="1" doc:name="Property" />
				<expression-component doc:name="Expression"><![CDATA[payload = new java.util.HashMap();
payload.put("apiName",flowVars.apiName); 
payload.put("errorCode",flowVars.errorCode); 
payload.put("fromDate",flowVars.fromDate); 
payload.put("metricCategory",flowVars.metricCategory); 
payload.put("queueArticulos",flowVars.queueArticulos); 
payload.put("sendMail",flowVars.sendMail); 
payload.put("refreshArticulo",flowVars.refreshArticulo); 
payload.put("eCommerceAProcesar",flowVars.eCommerceAProcesar);]]></expression-component>
				<json:object-to-json-transformer
					doc:name="Object to JSON" />
                <logger message="DRAGON: Orden de Proceso Enviado|#[flowVars.errorCode]|" level="INFO" category="com.acqua.utils.ConsolaUpdates" doc:name="Logger - Process Update"/>
				<jms:outbound-endpoint queue="${activemq.queue.sync_pending}"
					connector-ref="Active_MQ" doc:name="JMS" />
                <processor-chain doc:name="Processor Chain">
                    <expression-component doc:name="Expression"><![CDATA[payload = new java.util.HashMap();]]></expression-component>
                    <json:object-to-json-transformer doc:name="Object to JSON"/>
                    <logger message="DRAGON: Registro de Lockeo Enviado|" level="INFO" category="com.acqua.utils.ConsolaUpdates" doc:name="Logger - Process Update"/>
                    <jms:outbound-endpoint queue="${activemq.queue.sync_pending}" connector-ref="Active_MQ" doc:name="JMS"/>
                </processor-chain>

			</when>
			<otherwise>
				<logger level="INFO" doc:name="Logger" />
				<set-variable variableName="transacionIDGen" value="There is process Pending"
					doc:name="Variable" />
			</otherwise>
		</choice>

		<catch-exception-strategy doc:name="Catch Exception Strategy">
			<logger
				message="${activemq.queue.sync_pending} There is pending processError processing sync"
				level="INFO" category="com.acqua.utils.ConsolaDragon" doc:name="CONSOLA INICIO" />
		</catch-exception-strategy>

	</flow>
    
    <flow name="dragon-articulos-jms-flow" initialState="started" >
        <jms:inbound-endpoint queue="${activemq.queue.sync_pending}" connector-ref="Active_MQ" doc:name="JMS">
            <idempotent-redelivery-policy maxRedeliveryCount="0"/>
            <jms:transaction action="ALWAYS_BEGIN"/>
        </jms:inbound-endpoint>
        <json:json-to-object-transformer returnClass="java.util.HashMap" doc:name="JSON to Object"/>
        <logger message="DRAGON: Orden de Proceso Recibido|#[payload]|" level="INFO" category="com.acqua.utils.ConsolaUpdates" doc:name="Logger - Process Update"/>
        <filter ref="ValidPayload" doc:name="Filter Reference"/>
        <expression-component doc:name="Expression"><![CDATA[flowVars.apiName = payload.apiName;
flowVars.errorCode = payload.errorCode;
flowVars.fromDate = payload.fromDate;
flowVars.metricCategory = payload.metricCategory;
flowVars.queueArticulos = payload.queueArticulos;
flowVars.sendMail = payload.sendMail;
flowVars.refreshArticulo = payload.refreshArticulo;
flowVars.eCommerceAProcesar = payload.eCommerceAProcesar;]]></expression-component>
        <flow-ref name="dragon-articulos-process-SyncToEcommers-flow" doc:name="dragon-articulos-process-SyncToEcommers-flow"/>
        <catch-exception-strategy doc:name="Catch Exception Strategy">
            <logger message="${activemq.queue.sync_pending} Error processing sync" level="INFO" category="com.acqua.utils.ConsolaDragon" doc:name="CONSOLA INICIO"/>
        </catch-exception-strategy>
    </flow>
    
    <flow name="dragon-articulos-process-SyncToEcommers-flow" processingStrategy="synchronous">
        <logger message="Verificar si Dragon esta Activo Antes de Iniciar el proceso" level="INFO" category="com.acqua.base.ProcessLayer" doc:name="Logger"/>



        <acquait-metrics:inc-count config-ref="AcquaIT_Metrics__AcquaIT_Metric_Connector_Configuration" category="#[flowVars.metricCategory]-Begin" doc:name="Metrics Count Request">
            <acquait-metrics:metric-keys>
                <acquait-metrics:metric-key>Shopify-Sincronizacion-Articulo-Request</acquait-metrics:metric-key>

            </acquait-metrics:metric-keys>
        </acquait-metrics:inc-count>

        <acquait-metrics:snap-time config-ref="AcquaIT_Metrics__AcquaIT_Metric_Connector_Configuration" snapTimeKey="Shopify-Sincronizacion_Begin" doc:name="Metrics Begin Snap"/>

        
        <enricher target="#[flowVars.ecommerces]" doc:name="Message Enricher">
            <invoke object-ref="DragonCommonPrjUtil" method="getEcommerces" doc:name="Get E-commerces"/>
        </enricher>


        
        <flow-ref name="dragon-articulos-SyncToEcommerce-get-pending-process-flow" doc:name="dragon-articulos-SyncToEcommerce-get-pending-process-flow"/>
        
        <acquait-metrics:snap-time config-ref="AcquaIT_Metrics__AcquaIT_Metric_Connector_Configuration" snapTimeKey="Shopify-Sincronizacion_End" doc:name="Metrics End Snap"/>
        
        <acquait-metrics:time config-ref="AcquaIT_Metrics__AcquaIT_Metric_Connector_Configuration" beginSnapKey="Shopify-Sincronizacion_Begin" category="#[flowVars.metricCategory]-Time" endSnapKey="Shopify-Sincronizacion_End" metricKey="#[(message.outboundProperties[&quot;http.status&quot;]!=200?((message.outboundProperties[&quot;http.status&quot;]==510)?flowVars.metricCategory +&quot;-Time-Error-Response&quot;:((message.outboundProperties[&quot;http.status&quot;]==401)?flowVars.metricCategory +&quot;-Time-Unauthorized&quot;:flowVars.metricCategory +&quot;-Time-Invalid-Response&quot;)):flowVars.metricCategory +&quot;-Time-Valid-Response&quot;)]" doc:name="Metrics Record Full Request"/>
        
        <logger message="#[payload]" level="INFO" doc:name="Logger" category="com.acqua.base.ProcessLayer"/>
 
        <acquait-metrics:inc-count config-ref="AcquaIT_Metrics__AcquaIT_Metric_Connector_Configuration" category="#[flowVars.metricCategory]-End" doc:name="Metrics Count Request">
            <acquait-metrics:metric-keys>
                <acquait-metrics:metric-key>Shopify-Sincronizacion-Articulo-Request</acquait-metrics:metric-key>
            </acquait-metrics:metric-keys>
        </acquait-metrics:inc-count>
         
        <set-property propertyName="http.status" value="#[200]" doc:name="Set http.status"/>
		
		<exception-strategy ref="Process_Layer_Generic_Exception_Strategy" doc:name="Reference Exception Strategy"/>
    
    </flow>
    <flow name="dragon-articulos-SyncToEcommerce-get-pending-process-flow" processingStrategy="synchronous">
        <logger message="Procesando sincronizacion..." level="INFO" category="com.acqua.base.ProcessLayer" doc:name="Logger"/>
        <set-variable variableName="articulosProcesados" value="#[0]" doc:name="Set registros Procesados"/>

      
        <set-variable variableName="lastDate" value="" doc:name="Save Last Date"/>
       
        <choice doc:name="Choice - Si se Informa Fecha">
            <when expression="#[flowVars.fromDate != &quot;&quot; &amp;&amp; !flowVars.refreshArticulo]">
                <logger message="PROCESS LAYER - Desde la Fecha: #[flowVars.fromDate]" level="INFO" category="com.acqua.utils.ConsolaDragon" doc:name="Logger CONSOLA"/>
                <http:request config-ref="DragonSL_Request_Configuration" path="obtener-articulos-modificados-desde/#[flowVars.fromDate]" method="GET" doc:name="HTTP Obtener Productos Modificados Desde">
                    <http:success-status-code-validator values="200..599"/>
                </http:request>
            </when>
            <when expression="#[flowVars.refreshArticulo]">
                <http:request config-ref="DragonSL_Request_Configuration" path="obtener-articulos-publicados/#[flowVars.eCommerceAProcesar]/false" method="GET" doc:name="HTTP Obtener Productos Publicados">
                    <http:success-status-code-validator values="200..599"/>
                </http:request>
            </when>
            <otherwise>
                <http:request config-ref="DragonSL_Request_Configuration" path="obtener-articulos-modificados" method="GET" doc:name="HTTP Obtener Productos Modificados Todos">
                    <http:success-status-code-validator values="200..599"/>
                </http:request>
            </otherwise>
        </choice>

        <set-variable variableName="validationErrorMessage" value="No se pudo obtener codigos modificados de DragonFish" doc:name="Set Error Message"/>
        <logger message="PROCESS LAYER - Estado de la Respuesta: #[message.inboundProperties[&quot;http.status&quot;]] Articulos Modificados en Dragon posterior a la fecha indicada #[&quot;\n&quot;]#[message.payloadAs(java.lang.String)]" level="INFO" category="com.acqua.utils.ConsolaDragon" doc:name="Logger CONSOLA"/>
      	
      	<validation:custom-validator config-ref="Validation_Configuration" message="#[flowVars.validationErrorMessage]" class="com.acqua.common.pl.validator.PLExternalRestfulValidator" doc:name="Validation"/>
      	
        <json:json-to-object-transformer returnClass="java.util.ArrayList" doc:name="JSON to Object"/>
 
        <foreach collection="#[payload]" doc:name="For Each - Articulo Modificado en Dragon">
            <expression-component doc:name="Expression - Save Last Date"><![CDATA[flowVars.lastDate = payload.modificacion;
payload = payload.codigo;
flowVars.articulosProcesados = flowVars.articulosProcesados + 1;]]></expression-component>

	
            
    		<message-properties-transformer
				 doc:name="Message Properties">

						<add-message-property key="eCommerceAProcesar" value="#[flowVars.eCommerceAProcesar]" />

			</message-properties-transformer>
    
            <jms:outbound-endpoint queue="${activemq.queue.art_pending}" connector-ref="Active_MQ" responseTimeout="60000" doc:name="JMS - Send Cod to Process"/>
		
			<logger message="DRAGON: Articulo Enviado a Procesar|#[payload]|" level="INFO" category="com.acqua.utils.ConsolaUpdates" doc:name="Logger - Process Update"/>
            <processor-chain doc:name="Processor Chain - Object Store">
                <expression-component doc:name="Expression Object Store"><![CDATA[flowVars.objectStore=${activateObjectStore};
flowVars.objectStoreKey=payload;
flowVars.objectStoreKeyDesc="";
flowVars.objectStoreActividadFecha=server.dateTime.format('yyyy/MM/dd HH:mm:ss:SSS');
flowVars.objectStoreActividadEstado="Procesando";
flowVars.objectStoreActividadStatus=200;
flowVars.objectStoreIDCaptura=flowVars.errorCode;

]]></expression-component>
                <choice doc:name="Choice">
                    <when expression="#[flowVars.objectStore]">
                        <enricher target="#[flowVars.currentObjStr]" doc:name="Message Enricher">
                            <processor-chain doc:name="Processor Chain">
                                <objectstore:contains config-ref="ObjectStore" key="#[flowVars.objectStoreKey]" doc:name="ObjectStore"/>
                                <choice doc:name="Choice">
                                    <when expression="#[payload]">
                                        <objectstore:retrieve config-ref="ObjectStore" key="#[flowVars.objectStoreKey]" doc:name="ObjectStore"/>
                                        <expression-component doc:name="Expression"><![CDATA[flowVars.currentObjStr=payload;
flowVars.currentObjStr.replace("description",flowVars.objectStoreKeyDesc);
flowVars.currentObjStr.replace("ultima-actividad-fecha",flowVars.objectStoreActividadFecha);
flowVars.currentObjStr.replace("ultima-actividad-estado",flowVars.objectStoreActividadEstado);
flowVars.currentObjStr.replace("ultima-actividad-status",flowVars.objectStoreActividadStatus);
flowVars.currentObjStr.replace("id-captura",flowVars.objectStoreIDCaptura);]]></expression-component>
                                    </when>
                                    <otherwise>
                                        <expression-component doc:name="Expression"><![CDATA[flowVars.currentObjStr=new java.util.HashMap();
flowVars.currentObjStr.put("description",flowVars.objectStoreKeyDesc);
flowVars.currentObjStr.put("ultima-actividad-fecha",flowVars.objectStoreActividadFecha);
flowVars.currentObjStr.put("ultima-actividad-estado",flowVars.objectStoreActividadEstado);
flowVars.currentObjStr.put("ultima-actividad-status",flowVars.objectStoreActividadStatus);
flowVars.currentObjStr.put("id-captura",flowVars.objectStoreIDCaptura);
flowVars.currentObjStr.put("woo-ultima-actividad-fecha",0);
flowVars.currentObjStr.put("woo-ultima-actividad-estado","");
flowVars.currentObjStr.put("woo-ultima-actividad-status",0);
flowVars.currentObjStr.put("shopify-ultima-actividad-fecha",0);
flowVars.currentObjStr.put("shopify-ultima-actividad-estado","");
flowVars.currentObjStr.put("shopify-ultima-actividad-status",0);]]></expression-component>
                                    </otherwise>
                                </choice>
                                <objectstore:store config-ref="ObjectStore" key="#[flowVars.objectStoreKey]" value-ref="#[flowVars.currentObjStr]" overwrite="true" doc:name="ObjectStore"/>
                            </processor-chain>
                        </enricher>
                    </when>
                    <otherwise>
                        <logger message="No Object Store" level="INFO" category="com.acqua.utils.ConsolaDragon" doc:name="Logger"/>
                    </otherwise>
                </choice>
            </processor-chain>

    		 
        </foreach>
        
        <choice doc:name="Choice - Si se Proceso Registro">
            <when expression="#[flowVars.articulosProcesados&gt;0 &amp;&amp; (flowVars.refreshArticulo == null?true:!flowVars.refreshArticulo)]">
                <logger message="DRAGON: Articulos Procesados|#[flowVars.articulosProcesados]" level="INFO" category="com.acqua.utils.ConsolaUpdates" doc:name="Logger - Process Update"/>


                <flow-ref name="dragon-articulos-actualizar-reg-control-flow" doc:name="dragon-articulos-actualizar-reg-control-flow"/>
            </when>
            <otherwise>
                <logger message="DRAGON: Articulos Procesados|#[flowVars.articulosProcesados]" level="INFO" category="com.acqua.utils.ConsolaUpdates" doc:name="Logger - Process Update"/>
                <set-property propertyName="http.status" value="#[200]" doc:name="http.status"/>

            </otherwise>
        </choice>
       
        <exception-strategy ref="Process_Layer_Generic_Exception_Strategy" doc:name="Reference Exception Strategy"/>
    </flow> 
    
    <flow name="dragon-articulos-read-art-pending-flow" initialState="started">
        <jms:inbound-endpoint queue="${activemq.queue.art_pending}" connector-ref="Active_MQ" doc:name="JMS">
            <idempotent-redelivery-policy maxRedeliveryCount="0"/>
        </jms:inbound-endpoint>
        
        <copy-properties propertyName="*" doc:name="Property" />
        
        <expression-component doc:name="Set Init Expressions"><![CDATA[flowVars.eCommerceAProcesar=message.inboundProperties['eCommerceAProcesar'];]]></expression-component>

        <flow-ref name="dragon-articulos-SyncToEcommerce-main-process-flow" doc:name="dragon-articulos-SyncToEcommerce-main-process-flow"/>
        <catch-exception-strategy doc:name="Catch Exception Strategy">
            <logger message="${activemq.queue.sync_pending} Error processing sync" level="INFO" category="com.acqua.utils.ConsolaDragon" doc:name="CONSOLA INICIO"/>
        </catch-exception-strategy>
    </flow>

    
    <flow name="dragon-articulos-SyncToEcommerce-main-process-flow" processingStrategy="Asynchronous_Processing_Strategy_Art_Pending">
        <expression-component doc:name="Expression"><![CDATA[flowVars.flowName=flow.name;
flowVars.apiName=flow.name;
flowVars.transacionIDGen=server.dateTime.format('yyyyMMddHHmmss');
flowVars.metricCategory='Dragon-Sincronizacion';
flowVars.sendMail=true; ]]></expression-component>
        <logger message="Procesando sincronizacion del articulo #[payload]" level="INFO" category="com.acqua.base.ProcessLayer" doc:name="Logger"/>
        <enricher target="#[flowVars.ecommerces]" doc:name="Message Enricher">
            <invoke object-ref="DragonCommonPrjUtil" method="getEcommerces" doc:name="Get E-commerces"/>
        </enricher>

 
             <set-variable variableName="ProductoASincronizar" value="#[payload]" doc:name="Set Producto A Sincronizar"/>
            <set-variable variableName="idTransaction" value="#[server.dateTime.format('yyyy/MM/dd HH:mm:ss:SSS')]" doc:name="Variable  - idTransaction"/>
            <logger message="DRAGON: Inicio Articulo |#[payload]|#[flowVars.idTransaction]" level="INFO" category="com.acqua.utils.ConsolaUpdates" doc:name="Logger - Process Update"/>
            <acquait-metrics:inc-count config-ref="AcquaIT_Metrics__AcquaIT_Metric_Connector_Configuration" category="#[flowVars.metricCategory]-Articulo-Count" doc:name="AcquaIT Metrics">
                <acquait-metrics:metric-keys>
                    <acquait-metrics:metric-key>Shopify-Sincronizacion</acquait-metrics:metric-key>
                </acquait-metrics:metric-keys>
            </acquait-metrics:inc-count>
            <acquait-metrics:snap-time config-ref="AcquaIT_Metrics__AcquaIT_Metric_Connector_Configuration" snapTimeKey="Shopify_Sincronizacion_Begin" doc:name="AcquaIT Metrics"/>
            <set-variable variableName="articuloProcesado" value="#[false]" doc:name="Set Articulo Procesado"/>

            <set-variable variableName="actualizado" value="#[false]" doc:name="Set Actualizado"/>
            <logger message="PROCESS LAYER - Procesando Articulo: #[payload]" level="INFO" category="com.acqua.utils.ConsolaDragon" doc:name="Logger CONSOLA"/>

            <flow-ref name="dragon-articulos-main-articulo-flow" doc:name="dragon-articulos-main-articulo-flow"/>
            
            <acquait-metrics:snap-time config-ref="AcquaIT_Metrics__AcquaIT_Metric_Connector_Configuration" snapTimeKey="Shopify_Sincronizacion_End" doc:name="AcquaIT Metrics"/>
            <acquait-metrics:time config-ref="AcquaIT_Metrics__AcquaIT_Metric_Connector_Configuration" beginSnapKey="Shopify_Sincronizacion_Begin" category="#[flowVars.metricCategory]-Articulo-Time" endSnapKey="Shopify_Sincronizacion_End" metricKey="Shopify-Sincronizacion-Articulo" doc:name="AcquaIT Metrics"/>
            <logger message="DRAGON: Fin Articulo |#[flowVars.ProductoASincronizar]|#[flowVars.idTransaction]|#[flowVars.ArticuloStatusCode]|#[flowVars.ArticuloStatus]" level="INFO" category="com.acqua.utils.ConsolaUpdates" doc:name="Logger - Process Update"/>
            <processor-chain doc:name="Processor Chain - Object Store">
                <expression-component doc:name="Expression Object Store"><![CDATA[flowVars.objectStore=${activateObjectStore};
flowVars.objectStoreKey=flowVars.ProductoASincronizar;
flowVars.objectStoreKeyDesc=flowVars.articuloModificado == null?"":flowVars.articuloModificado.articulo.descripcion;
flowVars.objectStoreActividadFecha=server.dateTime.format('yyyy/MM/dd HH:mm:ss:SSS');
flowVars.objectStoreActividadEstado=flowVars.ArticuloStatus;
flowVars.objectStoreActividadStatus=flowVars.ArticuloStatusCode;
]]></expression-component>
                <choice doc:name="Choice">
                    <when expression="#[flowVars.objectStore]">
                        <enricher target="#[flowVars.currentObjStr]" doc:name="Message Enricher">
                            <processor-chain doc:name="Processor Chain">
                                <objectstore:contains config-ref="ObjectStore" key="#[flowVars.objectStoreKey]" doc:name="ObjectStore"/>
                                <choice doc:name="Choice">
                                    <when expression="#[payload]">
                                        <objectstore:retrieve config-ref="ObjectStore" key="#[flowVars.objectStoreKey]" doc:name="ObjectStore"/>
                                        <expression-component doc:name="Expression"><![CDATA[flowVars.currentObjStr=payload;
flowVars.currentObjStr.replace("description",flowVars.objectStoreKeyDesc);
flowVars.currentObjStr.replace("ultima-actividad-fecha",flowVars.objectStoreActividadFecha);
flowVars.currentObjStr.replace("ultima-actividad-estado",flowVars.objectStoreActividadEstado);
flowVars.currentObjStr.replace("ultima-actividad-status",flowVars.objectStoreActividadStatus);]]></expression-component>
                                    </when>
                                    <otherwise>
                                        <expression-component doc:name="Expression"><![CDATA[flowVars.currentObjStr=new java.util.HashMap();
flowVars.currentObjStr.put("description",flowVars.objectStoreKeyDesc);
flowVars.currentObjStr.put("ultima-actividad-fecha",flowVars.objectStoreActividadFecha);
flowVars.currentObjStr.put("ultima-actividad-estado",flowVars.objectStoreActividadEstado);
flowVars.currentObjStr..put("ultima-actividad-status",flowVars.objectStoreActividadStatus);
flowVars.currentObjStr.put("id-captura",0);
flowVars.currentObjStr.put("woo-ultima-actividad-fecha",0);
flowVars.currentObjStr.put("woo-ultima-actividad-estado","");
flowVars.currentObjStr.put("woo-ultima-actividad-status",0);
flowVars.currentObjStr.put("shopify-ultima-actividad-fecha",0);
flowVars.currentObjStr.put("shopify-ultima-actividad-estado","");
flowVars.currentObjStr.put("shopify-ultima-actividad-status",0);]]></expression-component>
                                    </otherwise>
                                </choice>
                                <objectstore:store config-ref="ObjectStore" key="#[flowVars.objectStoreKey]" value-ref="#[flowVars.currentObjStr]" overwrite="true" doc:name="ObjectStore"/>
                            </processor-chain>
                        </enricher>
                    </when>
                    <otherwise>
                        <logger message="No Object Store" level="INFO" category="com.acqua.utils.ConsolaDragon" doc:name="Logger"/>
                    </otherwise>
                </choice>
            </processor-chain>

        <exception-strategy ref="Process_Layer_Generic_Exception_Strategy" doc:name="Reference Exception Strategy"/>
 
    </flow>

    
    <flow name="dragon-articulos-main-articulo-flow" processingStrategy="synchronous">

      
        <set-variable variableName="ArticuloStatus" value="Se publicara" doc:name="Set Status Description"/>
        <set-variable variableName="ArticuloStatusCode" value="#[200]" doc:name="Set Status Code"/>
        <set-variable variableName="registrosProcesados" value="#[flowVars.registrosProcesados + 1]" doc:name="Set registros Procesados"/>
     
        <flow-ref name="dragon-articulos-SyncToShopify-articulo-process-flow" doc:name="dragon-articulos-SyncToShopify-articulo-process-flow"/>
     
        <logger message="Sincronizando Producto #[payload]" level="INFO" category="com.acqua.base.ProcessLayer" doc:name="Logger"/>
     
        <catch-exception-strategy doc:name="Catch Exception Strategy">
            <logger message="PROCESS LAYER - ERROR procesando articulo #[flowVars.originalPayload]" level="INFO" category="com.acqua.utils.ConsolaDragon" doc:name="Logger CONSOLA"/>
            <set-variable variableName="ArticuloStatusCode" value="#[message.inboundProperties[&quot;http.status&quot;]]" doc:name="Set Status Code"/>

            <set-variable variableName="ArticuloStatus" value="#[exception.message]" doc:name="Set Status Invalid"/>
            <set-variable variableName="registrosProcesadosConError" value="#[flowVars.registrosProcesadosConError + 1]" doc:name="Set registros Procesados Con Error"/>
            <logger message="DRAGON: Error Procesando Articulo |#[flowVars.originalPayload]|#[exception.message]" level="INFO" category="com.acqua.utils.ConsolaUpdates" doc:name="Logger - Process Update"/>
        </catch-exception-strategy>
   
    </flow>
     
    <flow name="dragon-articulos-SyncToShopify-articulo-process-flow" processingStrategy="synchronous">
        <set-variable variableName="originalPayload" value="#[payload]" doc:name="Save Payload"/>
        <logger message="PROCESS LAYER - Obteniendo Informacion del Articulo Modificado: #[payload]" level="INFO" category="com.acqua.utils.ConsolaDragon" doc:name="Logger CONSOLA"/>
        <http:request config-ref="DragonSL_Request_Configuration" path="producto/#[payload]" method="GET" doc:name="HTTP Obtener Producto Modificado Dragon">
            <http:success-status-code-validator values="200..599"/>
        </http:request>
        <set-variable variableName="validationErrorMessage" value="No se pudo obtener Articulo de DragonFish #[flowVars.ProductoASincronizar]" doc:name="Set Error Message"/>
        <logger message="PROCESS LAYER - Estado de la Respuesta: #[message.inboundProperties[&quot;http.status&quot;]] Informacion del Articulo Modificado: #[&quot;\n&quot;] #[message.payloadAs(java.lang.String)]" level="INFO" category="com.acqua.utils.ConsolaDragon" doc:name="Logger CONSOLA"/>
        <validation:custom-validator config-ref="Validation_Configuration" message="#[flowVars.validationErrorMessage]" class="com.acqua.common.pl.validator.PLExternalRestfulValidator" doc:name="Validation"/>
        <json:json-to-object-transformer returnClass="java.util.HashMap" doc:name="JSON to Object"/>
        <custom-transformer mimeType="application/json" class="com.acqua.transformer.ShopifyValidacionProductoTransformer" doc:name="Shopify Validacion Adicional - Verifica que tenga Stock y Precio"/>
        <set-variable variableName="articuloModificado" value="#[payload]" doc:name="Save Articulo Modificado"/>
        <set-payload value="#[flowVars.originalPayload]" doc:name="Set Payload"/>
        <set-variable variableName="ArticuloStatus" value="#[flowVars.articuloModificado.articulo.noPublicarEnEcommerce?&quot;No-Publicar&quot;:&quot;Se-Publica&quot;]" doc:name="Set ArticuloStatus"/>
        <choice doc:name="Choice">
            <when expression="#[!flowVars.articuloModificado.articulo.noPublicarEnEcommerce]">
                <foreach collection="#[flowVars.ecommerces]" doc:name="For Each ECommerce">
                    <choice doc:name="Choice">
                        <when expression="#[flowVars.eCommerceAProcesar == 'all' || payload == flowVars.eCommerceAProcesar]">
                            <processor-chain doc:name="Processor Chain">
                                <set-variable variableName="originalECommerce" value="#[payload]" doc:name="Variable"/>
                                <expression-component doc:name="Set Payload"><![CDATA[payload = flowVars.articuloModificado;
	payload.put("action","ROW"); 
	payload.put("time",flowVars.transacionIDGen);]]></expression-component>
                                <json:object-to-json-transformer encoding="UTF-8" doc:name="Object to JSON"/>
                                <set-property propertyName="batchID" value="#[flowVars.transacionIDGen]" doc:name="Set Batch ID"/>
                                <set-property propertyName="refreshArticulo" value="#[flowVars.refreshArticulo]" doc:name="Set Refresh Articulo"/>
                                <choice doc:name="Choice">
                                    <when expression="#[flowVars.originalECommerce.equals(&quot;woo&quot;)]">
                                        <set-variable variableName="amqDelay" value="${activemq.queue.jobs_pending.woo.delay}" doc:name="Variable Set Delay"/>
                                    </when>
                                    <otherwise>
                                        <set-variable variableName="amqDelay" value="${activemq.queue.jobs_pending.shopify.delay}" doc:name="Variable Set Delay Shopify"/>
                                    </otherwise>
                                </choice>
                                <choice doc:name="Choice">
                                    <when expression="#[flowVars.amqDelay&gt;0]">
                                        <set-property propertyName="AMQ_SCHEDULED_DELAY" value="#[flowVars.amqDelay]" doc:name="Property"/>
                                        <message-properties-transformer doc:name="Message Properties">
                                            <add-message-property key="AMQ_SCHEDULED_DELAY" value="#[flowVars.amqDelay]"/>
                                            <add-message-property key="TYPE_PROCESS" value="ARTICULO"/>
                                        </message-properties-transformer>
                                    </when>
                                    <otherwise>
                                        <logger message="No delay" level="INFO" category="com.acqua.utils.ConsolaDragon" doc:name="Logger CONSOLA"/>
                                        <message-properties-transformer doc:name="Message Properties">
                                            <add-message-property key="TYPE_PROCESS" value="ARTICULO"/>
                                        </message-properties-transformer>
                                    </otherwise>
                                </choice>
                                <expression-component doc:name="Expression"><![CDATA[flowVars.queueArticulos='${activemq.queue.articulos}';]]></expression-component>
                                <logger message="DRAGON: Articulo Enviado |#[flowVars.ProductoASincronizar] a #[flowVars.queueArticulos]-#[flowVars.originalECommerce]" level="INFO" doc:name="Logger Articulo Enviado" category="com.acqua.utils.ConsolaDragon"/>
                                <jms:outbound-endpoint queue="#[flowVars.queueArticulos]-#[flowVars.originalECommerce]" connector-ref="Active_MQ" responseTimeout="60000" doc:name="JMS"/>
                                <logger message="DRAGON: Articulo Enviado |#[flowVars.ProductoASincronizar]|#[flowVars.idTransaction]|#[flowVars.queueArticulos]-#[flowVars.originalECommerce]" level="INFO" category="com.acqua.utils.ConsolaUpdates" doc:name="Logger - Process Update"/>

                            </processor-chain>
                        </when>
                        <otherwise>
                            <logger message="ECommerce #[payload] no se procesa" level="INFO" category="com.acqua.utils.ConsolaDragon" doc:name="Logger"/>
                        </otherwise>
                    </choice>

                </foreach>
            </when>
            <otherwise>
                <logger message="DRAGON: Articulo No Enviado.|#[flowVars.ProductoASincronizar]|#[flowVars.idTransaction]" level="INFO" category="com.acqua.utils.ConsolaUpdates" doc:name="Logger - Process Update"/>
            </otherwise>
        </choice>


	<logger
		message="PROCESS LAYER - Articulo enviado a Procesamiento #[&quot;\n&quot;] #[payload]"
		level="INFO" category="com.acqua.utils.ConsolaDragon" doc:name="Logger CONSOLA" />


        <set-variable variableName="articuloProcesado" value="#[true]" doc:name="Set Articulo Procesado"/>
 
    </flow>


    
    <flow name="dragon-articulos-actualizar-reg-control-flow" >

        <choice doc:name="Choice">
            <when expression="#[flowVars.lastDate != &quot;&quot; ]">
                <enricher target="#[flowVars.regCtrol]" doc:name="Message Enricher">
                    <processor-chain doc:name="Processor Chain">

                        <expression-component doc:name="Expression - Prepare Request"><![CDATA[payload = new java.util.HashMap();
payload.put("codigoDragon","${Dragon_Articulo_Control}"); 
payload.put("codigoShopify","${Dragon_Articulo_Control}"); 
payload.put("observacion","FechaUltimaActualizacion=" + flowVars.lastDate.replace('-','').replace('|','').replace(':','') ); ]]></expression-component>
                        <json:object-to-json-transformer doc:name="Object to JSON"/>
                        <logger message="PROCESS LAYER - Actualizando Registro de Control con la fecha #[flowVars.lastDate]#[&quot;\n&quot;] #[payload]" level="INFO" category="com.acqua.utils.ConsolaDragon" doc:name="Logger CONSOLE"/>
                        <http:request config-ref="DragonSL_Request_Configuration" path="equivalencia" method="PUT" doc:name="HTTP Alta de Registro Control">
                            <http:success-status-code-validator values="200..599"/>
                        </http:request>
                        <logger message="PROCESS LAYER - Estado del Respuesta de la actualizacion del registro de control #[message.inboundProperties[&quot;http.status&quot;]]#[&quot;\n&quot;] #[message.payloadAs(java.lang.String)]" level="INFO" category="com.acqua.utils.ConsolaDragon" doc:name="Logger CONSOLE"/>
                        <set-variable variableName="validationErrorMessage" value="No se pudo actualizar el registro de control" doc:name="Set Error Message"/>
                        <validation:custom-validator config-ref="Validation_Configuration" message="#[flowVars.validationErrorMessage]" class="com.acqua.common.pl.validator.PLExternalRestfulValidator" doc:name="Validation"/>
                        <json:json-to-object-transformer doc:name="JSON to Object"/>
                    </processor-chain>
                </enricher>
            </when>
            <otherwise>
                <logger message="No existe fecha para actualizar registro de control" level="INFO" category="com.acqua.base.ProcessLayer" doc:name="Logger"/>
            </otherwise>
        </choice>

     </flow>   
     
     <flow name="dragon-resfresh-articulo-flow" processingStrategy="synchronous">
        <logger message="#[&quot;-----------------------------------------------------------------------------------------&quot;]" level="INFO" category="com.acqua.utils.ConsolaStatus" doc:name="Logger CONSOLA INICIO"/>
		<expression-component doc:name="Set Init Expressions"><![CDATA[flowVars.flowName=flow.name;
flowVars.apiName=message.inboundProperties.'http.request.uri';
flowVars.errorCode=server.dateTime.format('yyyyMMddHHmmssSSS');
flowVars.metricCategory=com.acqua.util.DragonProcessUtil.crearCategoriaDeMetrics(message.inboundProperties); 
flowVars.sendMail=true;]]></expression-component>

		<http:basic-security-filter realm="mule-realm" />

		<mule-ss:authorization-filter
			requiredAuthorities="ROLE_USER" />
 
		<flow-ref name="dragon-resfresh-articulo--process-flow" doc:name="dragon-resfresh-articulo--process-flow" />

 
		<exception-strategy ref="Process_Layer_Generic_Exception_Strategy"
			doc:name="Reference Exception Strategy" />

	</flow>
	
	<flow name="dragon-resfresh-articulo--process-flow" processingStrategy="synchronous">
    
        <processor-chain doc:name="Processor Chain">
           
            <expression-component doc:name="Expression"><![CDATA[payload=(message.inboundProperties.'http.uri.params'.Codigo == null? "":message.inboundProperties.'http.uri.params'.Codigo);]]></expression-component>
         
            <logger message="PROCESS LAYER - Reprocessing Articulo: #[payload]" level="INFO" category="com.acqua.utils.ConsolaStatus" doc:name="Logger CONSOLA"/>
            <message-properties-transformer doc:name="Message Properties">
                <add-message-property key="eCommerceAProcesar" value="#[&quot;all&quot;]"/>
            </message-properties-transformer>
            <jms:outbound-endpoint queue="${activemq.queue.art_pending}" connector-ref="Active_MQ" responseTimeout="60000" doc:name="JMS - Send Cod to Process"/>
            <logger message="DRAGON: Articulo Enviado a Procesar|#[payload]|" level="INFO" category="com.acqua.utils.ConsolaUpdates" doc:name="Logger - Process Update"/>
            <set-payload value="{&quot;status&quot;:&quot;#[payload] Enviado a Procesamiento&quot;}" encoding="UTF-8" mimeType="application/json" doc:name="Set Payload"/>

    
        </processor-chain>

    
    </flow>
 
</mule>
