<?xml version="1.0" encoding="UTF-8"?>

<mule xmlns:json="http://www.mulesoft.org/schema/mule/json"
	xmlns:validation="http://www.mulesoft.org/schema/mule/validation"
	xmlns:http="http://www.mulesoft.org/schema/mule/http" xmlns:mule-ss="http://www.mulesoft.org/schema/mule/spring-security"
	xmlns:tracking="http://www.mulesoft.org/schema/mule/ee/tracking" xmlns="http://www.mulesoft.org/schema/mule/core"
	xmlns:doc="http://www.mulesoft.org/schema/mule/documentation"
	xmlns:spring="http://www.springframework.org/schema/beans" xmlns:xsi="http://www.w3.org/2001/XMLSchema-instance"
	xsi:schemaLocation="http://www.mulesoft.org/schema/mule/validation http://www.mulesoft.org/schema/mule/validation/current/mule-validation.xsd
http://www.mulesoft.org/schema/mule/http http://www.mulesoft.org/schema/mule/http/current/mule-http.xsd
http://www.mulesoft.org/schema/mule/spring-security http://www.mulesoft.org/schema/mule/spring-security/current/mule-spring-security.xsd
http://www.springframework.org/schema/beans http://www.springframework.org/schema/beans/spring-beans-current.xsd
http://www.mulesoft.org/schema/mule/core http://www.mulesoft.org/schema/mule/core/current/mule.xsd
http://www.mulesoft.org/schema/mule/ee/tracking http://www.mulesoft.org/schema/mule/ee/tracking/current/mule-tracking-ee.xsd
http://www.mulesoft.org/schema/mule/json http://www.mulesoft.org/schema/mule/json/current/mule-json.xsd">

	<flow name="dragon-consulta-articulo-flow" processingStrategy="synchronous">
		<expression-component doc:name="Set Init Expressions"><![CDATA[flowVars.flowName=flow.name;
flowVars.apiName=message.inboundProperties.'http.request.uri';
flowVars.errorCode="";
flowVars.metricCategory='Dragon-Sincronizacion';
flowVars.sendMail=false;
flowVars.skuOriginal = message.inboundProperties.'http.uri.params'.SKU;
]]></expression-component>
        <expression-component doc:name="Expression"><![CDATA[flowVars.exact = 'N';
flowVars.sku = new com.acqua.pojo.Sku(flowVars.skuOriginal,"${Paleta_Colores_Separador}","${SKU_Separador}");
flowVars .format=message.inboundProperties.accept != null?message.inboundProperties.accept:"";

]]></expression-component>

		<http:basic-security-filter realm="mule-realm" />

		<mule-ss:authorization-filter
			requiredAuthorities="ROLE_USER" />
		<flow-ref name="dragon-consulta-articulo-process-flow"
			doc:name="dragon-consulta-articulo-process-flow" />


		<exception-strategy ref="Process_Layer_Generic_Exception_Strategy"
			doc:name="Reference Exception Strategy" />

	</flow>

	<flow name="dragon-consulta-articulo-process-flow"
		processingStrategy="synchronous">
		<logger message="PROCESS LAYER - Getting Articulo: #[flowVars.sku]"
			level="INFO" category="com.acqua.utils.ConsolaStatus" doc:name="Logger CONSOLA" />
		<set-payload value="{}" mimeType="application/json"
			doc:name="Set Payload" />
		<set-variable variableName="validationErrorMessage"
			value="No se pudo recuperar el producto" doc:name="Set Error Message" />
		<http:request config-ref="SystemLayer_Request_Configuration"
			path="/dragon/producto/#[flowVars.sku.getCodigoDragon()]" method="GET" doc:name="HTTP Get Product">
			<http:success-status-code-validator
				values="200..599" />
		</http:request>
		<validation:custom-validator config-ref="Validation_Configuration"
			message="#[flowVars.validationErrorMessage]" class="com.acqua.common.pl.validator.PLExternalRestfulValidator"
			doc:name="Validation Get" />
		<choice doc:name="Choice">
			<when expression="#[flowVars .format ==&quot;text/html&quot;]">
				<json:json-to-object-transformer
					returnClass="java.util.HashMap" doc:name="JSON to Object" />
                <expression-component doc:name="Expression"><![CDATA[if(payload.articulo.curvadetalles.isEmpty() && payload.articulo.paletadecolores.isEmpty())
{
	flowVars.exact = 'Y'
} else
{
	if(flowVars.sku.isSpecial())
	{ 
		if(flowVars.sku.getTalle().isEmpty())
		{
			flowVars.exact = 'N'
		} else
		{
			flowVars.exact = 'Y'
		}
	} else
	{
		if(flowVars.sku.getColor().isEmpty() && flowVars.sku.getTalle().isEmpty() )
		{
			flowVars.exact = 'N'
		} else
		{
			flowVars.exact = 'Y'
		}
	}
}]]></expression-component>
				<custom-transformer mimeType="text/html"
					class="com.acqua.transformer.DragonFormatArticuloTransformer"
					doc:name="Format HTML">
					<spring:property name="wooListaPrecioBase" value="${woo_lista_precio_base}" />
					<spring:property name="wooListaPrecioDescuento"	value="${woo_lista_precio_descuento}" />
                    <spring:property name="convertirAHTML" value="true"/>

				</custom-transformer>
                <set-payload value="#[payload]" encoding="ISO-8859-1" mimeType="text/html" doc:name="Set Payload"/>
			</when>
            <when expression="#[flowVars .format ==&quot;application/json&quot;]">
                <json:json-to-object-transformer returnClass="java.util.HashMap" doc:name="JSON to Object"/>
                <expression-component doc:name="Expression"><![CDATA[if(payload.articulo.curvadetalles.isEmpty() && payload.articulo.paletadecolores.isEmpty())
{
	flowVars.exact = 'Y'
} else
{
	if(flowVars.sku.isSpecial())
	{ 
		if(flowVars.sku.getTalle().isEmpty())
		{
			flowVars.exact = 'N'
		} else
		{
			flowVars.exact = 'Y'
		}
	} else
	{
		if(flowVars.sku.getColor().isEmpty() && flowVars.sku.getTalle().isEmpty() )
		{
			flowVars.exact = 'N'
		} else
		{
			flowVars.exact = 'Y'
		}
	}
}]]></expression-component>
                <custom-transformer mimeType="application/json" class="com.acqua.transformer.DragonFormatArticuloTransformer" doc:name="Format HTML">
                    <spring:property name="wooListaPrecioBase" value="${woo_lista_precio_base}"/>
                    <spring:property name="wooListaPrecioDescuento" value="${woo_lista_precio_descuento}"/>
                    <spring:property name="convertirAHTML" value="false"/>

                </custom-transformer>
                <json:object-to-json-transformer doc:name="Object to JSON"/>
                <set-payload value="#[payload]" encoding="UTF-8" mimeType="application/json" doc:name="Set Payload"/>
            </when>
			<otherwise>
				<logger message="Retorna Valor Original" level="INFO" category="com.acqua.utils.ConsolaStatus"
					doc:name="Logger" />
                <set-payload value="#[payload]" encoding="UTF-8" mimeType="application/json" doc:name="Set Payload"/>
			</otherwise>
		</choice>
	</flow>
</mule>
