<?xml version="1.0" encoding="UTF-8"?>

<mule xmlns:tracking="http://www.mulesoft.org/schema/mule/ee/tracking" xmlns:http="http://www.mulesoft.org/schema/mule/http"
	xmlns:mule-ss="http://www.mulesoft.org/schema/mule/spring-security"
	xmlns="http://www.mulesoft.org/schema/mule/core" xmlns:doc="http://www.mulesoft.org/schema/mule/documentation"
	xmlns:spring="http://www.springframework.org/schema/beans" 
	xmlns:xsi="http://www.w3.org/2001/XMLSchema-instance"
	xsi:schemaLocation="http://www.mulesoft.org/schema/mule/http http://www.mulesoft.org/schema/mule/http/current/mule-http.xsd
http://www.mulesoft.org/schema/mule/spring-security http://www.mulesoft.org/schema/mule/spring-security/current/mule-spring-security.xsd
http://www.springframework.org/schema/beans http://www.springframework.org/schema/beans/spring-beans-current.xsd
http://www.mulesoft.org/schema/mule/core http://www.mulesoft.org/schema/mule/core/current/mule.xsd
http://www.mulesoft.org/schema/mule/ee/tracking http://www.mulesoft.org/schema/mule/ee/tracking/current/mule-tracking-ee.xsd">

	<flow name="dragon-system-start-stop-flow" processingStrategy="synchronous">
		<expression-component doc:name="Set Init Expressions"><![CDATA[flowVars.flowName=flow.name;
flowVars.apiName=message.inboundProperties.'http.request.uri';
flowVars.errorCode="";
flowVars.metricCategory='system-start-stop';
flowVars.sendMail=false;]]></expression-component>
        <logger message="PROCESS LAYER - BEGIN Proceso de Start/Stop en modo: #[flowVars.mode]" level="INFO" category="com.acqua.utils.ConsolaStatus" doc:name="Logger"/>

		<http:basic-security-filter realm="mule-realm" />

		<mule-ss:authorization-filter
			requiredAuthorities="ROLE_USER" />
        <choice doc:name="Choice">
            <when expression="#[flowVars.mode=='START']">
                <flow-ref name="status-start-flows-with-crons-flow" doc:name="status-start-flows-with-crons-flow"/>
                <set-payload value="{&quot;status&quot;:&quot;Done&quot;}" encoding="UTF-8" mimeType="application/json" doc:name="Set Payload"/>
            </when>
            <otherwise>
                <flow-ref name="status-stop-flows-with-crons-flow" doc:name="status-stop-flows-with-crons-flow"/>
                <set-payload value="{&quot;status&quot;:&quot;Done&quot;}" encoding="UTF-8" mimeType="application/json" doc:name="Set Payload"/>
            </otherwise>
        </choice>
        <logger message="PROCESS LAYER - END Proceso de Start/Stop en modo: #[flowVars.mode] Done" level="INFO" category="com.acqua.utils.ConsolaStatus" doc:name="Logger"/>


		<exception-strategy ref="Process_Layer_Generic_Exception_Strategy"
			doc:name="Reference Exception Strategy" />

	</flow>

</mule>
