<?xml version="1.0" encoding="UTF-8"?>

<mule xmlns:file="http://www.mulesoft.org/schema/mule/file"
	xmlns:validation="http://www.mulesoft.org/schema/mule/validation"
	xmlns:jms="http://www.mulesoft.org/schema/mule/jms" xmlns:tls="http://www.mulesoft.org/schema/mule/tls"
	xmlns:acquait-metrics="http://www.mulesoft.org/schema/mule/acquait-metrics"
	xmlns:metrics="http://www.mulesoft.org/schema/mule/metrics"
	xmlns:context="http://www.springframework.org/schema/context"
	xmlns:http="http://www.mulesoft.org/schema/mule/http" xmlns="http://www.mulesoft.org/schema/mule/core"
	xmlns:doc="http://www.mulesoft.org/schema/mule/documentation"
	xmlns:spring="http://www.springframework.org/schema/beans" xmlns:xsi="http://www.w3.org/2001/XMLSchema-instance"
	xmlns:util="http://www.springframework.org/schema/util"
	xsi:schemaLocation="http://www.mulesoft.org/schema/mule/file http://www.mulesoft.org/schema/mule/file/current/mule-file.xsd
http://www.mulesoft.org/schema/mule/validation http://www.mulesoft.org/schema/mule/validation/current/mule-validation.xsd
http://www.mulesoft.org/schema/mule/jms http://www.mulesoft.org/schema/mule/jms/current/mule-jms.xsd
http://www.springframework.org/schema/context http://www.springframework.org/schema/context/spring-context-current.xsd
http://www.springframework.org/schema/beans http://www.springframework.org/schema/beans/spring-beans-current.xsd
http://www.springframework.org/schema/util http://www.springframework.org/schema/util/spring-util-4.1.xsd
http://www.mulesoft.org/schema/mule/core http://www.mulesoft.org/schema/mule/core/current/mule.xsd
http://www.mulesoft.org/schema/mule/http http://www.mulesoft.org/schema/mule/http/current/mule-http.xsd
http://www.mulesoft.org/schema/mule/metrics http://www.mulesoft.org/schema/mule/metrics/current/mule-metrics.xsd
http://www.mulesoft.org/schema/mule/acquait-metrics http://www.mulesoft.org/schema/mule/acquait-metrics/current/mule-acquait-metrics.xsd
http://www.mulesoft.org/schema/mule/tls http://www.mulesoft.org/schema/mule/tls/current/mule-tls.xsd">

	<http:request-config name="DragonSL_Request_Configuration"
		host="${system_layer_ip}" port="${system_layer_port}" basePath="${system.dragon.basePath}"
		doc:name="HTTP Request Configuration" connectionIdleTimeout="${system.dragon.timeout}"
		responseTimeout="${system.dragon.timeout}" />
 
	<http:request-config name="SystemLayer_Request_Configuration"
		host="${system_layer_ip}" port="${system_layer_port}" basePath="/api"
		doc:name="HTTP Request Configuration" connectionIdleTimeout="${system_layer_timeout}"
		responseTimeout="${system_layer_timeout}" />
		
	<http:request-config name="HTTP_Request_Configuration_ActiveMQ_API"
		host="${activemq_api_jolokia_Host}" port="${activemq_api_jolokia_Port}"
		doc:name="HTTP ActiveMQ API Request Configuration" connectionIdleTimeout="${activemq_api_jolokia_Timeout}">
		<http:basic-authentication username="${activemq.queue.user}"
			password="${activemq.queue.pass}" />
	</http:request-config>

	<spring:beans>
	
		<context:property-placeholder location="classpath:${mule_env}.properties" />

		<spring:import resource="classpath:startup-and-stop-setup-flow.xml" />

		<spring:import resource="classpath:prc-global-exception.xml" />

		<spring:import resource="classpath:common-send-email.xml" />

		<spring:import resource="classpath:sys-global-exception.xml" />

		<spring:import resource="classpath:common-global-authentication.xml" />

		<spring:bean class="com.acqua.util.DragonProcessUtil"
			name="DragonCommonPrjUtil"></spring:bean>

		<spring:bean class="com.acqua.base.TableLookup" name="TableLookup"
			scope="singleton"></spring:bean>

		<spring:bean id="BeanCheckPollTime" name="BeanCheckPollTime"
			class="com.acqua.filters.CheckPollTime" scope="singleton" />
 
		<spring:bean id="graphiteConfig" scope="singleton"
			class="org.mule.modules.acquaitmetrics.spring.GraphiteConfig">
			<spring:constructor-arg index="0"
				type="java.lang.String" value="${metrics_graphite_server}" />
			<spring:constructor-arg index="1"
				type="java.lang.Integer" value="${metrics_graphite_port}" />
			<spring:constructor-arg index="2"
				type="java.lang.String" value="${metrics_graphite_applicaction}" />
			<spring:constructor-arg index="3"
				type="java.lang.String" value="${metrics_graphite_environment}" />
			<spring:constructor-arg index="4"
				type="java.lang.String" value="${metrics_graphite_prefix}" />
			<spring:constructor-arg index="5"
				type="java.lang.String" value="${metrics_graphite_enable}" />
		</spring:bean>

		<spring:bean id="metricConfig" scope="singleton"
			class="org.mule.modules.acquaitmetrics.spring.MetricsConfig">
			<spring:constructor-arg index="0"
				type="java.lang.String" value="${metrics_console_enable}" />
			<spring:constructor-arg index="1" ref="graphiteConfig" />
		</spring:bean>

	</spring:beans>


	<acquait-metrics:config
		name="AcquaIT_Metrics__AcquaIT_Metric_Connector_Configuration"
		metricsConfig-ref="metricConfig" reporterInterval="${metrics_reporter_interval}"
		doc:name="AcquaIT Metrics: AcquaIT Metric Connector Configuration" />

	<jms:activemq-connector name="Active_MQ"
		specification="1.1" username="${activemq.queue.user}" password="${activemq.queue.pass}"
		brokerURL="${activemq.queue.url}" validateConnections="true" doc:name="Active MQ"
		persistentDelivery="true" maxRedelivery="${activemq.queue.maximumRedeliveries}"
		numberOfConsumers="1">
	</jms:activemq-connector>

	<validation:config name="Validation_Configuration_Transaction"
		doc:name="Validation Configuration">
		<validation:exception-factory
			class="com.acqua.common.pl.exceptions.PLTransactionExeptionFactory" />
	</validation:config>

	<validation:config name="Validation_Configuration"
		doc:name="Validation Configuration">
		<validation:exception-factory
			class="com.acqua.common.pl.exceptions.PLExeptionFactory" />
	</validation:config>

	<file:connector name="File" autoDelete="true" streaming="true"
		validateConnections="true" doc:name="File" />
		
	<expression-filter expression="#[payload.size()>0]" name="ValidPayload" doc:name="Expression"/>

</mule>
