<?xml version="1.0" encoding="UTF-8"?>

<mule xmlns:schedulers="http://www.mulesoft.org/schema/mule/schedulers"
	xmlns:json="http://www.mulesoft.org/schema/mule/json"
	xmlns:mulerequester="http://www.mulesoft.org/schema/mule/mulerequester"
	xmlns:tracking="http://www.mulesoft.org/schema/mule/ee/tracking"
	xmlns:jms="http://www.mulesoft.org/schema/mule/jms" xmlns="http://www.mulesoft.org/schema/mule/core"
	xmlns:doc="http://www.mulesoft.org/schema/mule/documentation"
	xmlns:spring="http://www.springframework.org/schema/beans" xmlns:xsi="http://www.w3.org/2001/XMLSchema-instance"
	xsi:schemaLocation="http://www.mulesoft.org/schema/mule/schedulers http://www.mulesoft.org/schema/mule/schedulers/current/mule-schedulers.xsd
http://www.springframework.org/schema/beans http://www.springframework.org/schema/beans/spring-beans-current.xsd
http://www.mulesoft.org/schema/mule/core http://www.mulesoft.org/schema/mule/core/current/mule.xsd
http://www.mulesoft.org/schema/mule/jms http://www.mulesoft.org/schema/mule/jms/current/mule-jms.xsd
http://www.mulesoft.org/schema/mule/ee/tracking http://www.mulesoft.org/schema/mule/ee/tracking/current/mule-tracking-ee.xsd
http://www.mulesoft.org/schema/mule/json http://www.mulesoft.org/schema/mule/json/current/mule-json.xsd
http://www.mulesoft.org/schema/mule/mulerequester http://www.mulesoft.org/schema/mule/mulerequester/current/mule-mulerequester.xsd">
    <flow name="messages-poll" processingStrategy="synchronous">
    
    <poll doc:name="Poll">
            <schedulers:cron-scheduler expression="${cron_message}"/>
            <logger message="Procesando cambios de articulos..." level="INFO" category="com.acqua.base.ProcessLayer" doc:name="Logger"/>
        </poll>
        <set-variable variableName="activar" value="${cron_message_activar}" doc:name="Set Activar"/>
        <set-variable variableName="currentTime" value="#[server.dateTime.format('HH:mm:ss')]" doc:name="Set Current Time"/>
        <filter ref="Bean" doc:name="Filter Reference"/>
        <expression-component doc:name="Expression"><![CDATA[flowVars.flowName=flow.name;
flowVars.apiName='Process-Message-Queue';
flowVars.errorCode=server.dateTime.format('yyyyMMddHHmmssSSS');
flowVars.metricCategory='Send-Message';
flowVars.messagesReturnValueValid = new java.util.ArrayList();
flowVars.messagesReturnValueError = new java.util.ArrayList();
flowVars.mensajesProcesadosConError=0;
flowVars.mensajesProcesados=0;]]></expression-component>
        <choice doc:name="Choice">
            <when expression="#[flowVars.activar == 'Y']">
                <flow-ref name="process-read-message-queue-Dragon-Articulos-flow" doc:name="process-read-message-queue-Dragon-Articulos-flow"/>
            </when>
            <otherwise>
                <logger message="No activo" level="INFO" category="com.acqua.base.ProcessLayer" doc:name="Logger"/>
            </otherwise>
        </choice>
        <choice doc:name="Choice">
            <when expression="#[flowVars.messagesReturnValueValid.size()&gt;0]">
                <expression-component doc:name="Prepare Email"><![CDATA[payload=flowVars.messagesReturnValueValid;
flowVars.subject='Articulos Procesados';
flowVars.HandlebarsTemplate='layer-detail-msg-report';
flowVars.attachLogs=false;
]]></expression-component>
                <flow-ref name="common-new-send-notification-w-attach-flow" doc:name="common-new-send-notification-w-attach-flow"/>
            </when>
            <otherwise>
                <logger message="No hay mensajes" level="INFO" category="com.acqua.base.ProcessLayer" doc:name="Logger"/>
            </otherwise>
        </choice>
        <choice doc:name="Choice">
            <when expression="#[flowVars.messagesReturnValueError.size()&gt;0]">
                <expression-component doc:name="Prepare Email"><![CDATA[payload=flowVars.messagesReturnValueError;
flowVars.subject='Articulos Procesados con Error';
flowVars.HandlebarsTemplate='layer-detail-msg-report';
flowVars.attachLogs=true;
]]></expression-component>
                <flow-ref name="common-new-send-notification-w-attach-flow" doc:name="common-new-send-notification-w-attach-flow"/>
            </when>
            <otherwise>
                <logger message="No hay mensajes" level="INFO" category="com.acqua.base.ProcessLayer" doc:name="Logger"/>
            </otherwise>
        </choice>
     
     </flow>  
        
	<flow name="process-pending-msg-flow" processingStrategy="synchronous">
		<jms:inbound-endpoint queue="${activemq.queue.jobs_pending}"
			connector-ref="Active_MQ" doc:name="JMS" />
        <enricher target="#[flowVars.messageToProcess]" doc:name="Message Enricher">
            <json:json-to-object-transformer returnClass="java.util.HashMap" doc:name="JSON to Object"/>
        </enricher>
		<expression-component doc:name="Expression"><![CDATA[flowVars.messagesReturnValue = new java.util.ArrayList();
flowVars.mensajesProcesadosConError=0;
flowVars.mensajesProcesados=0;
]]></expression-component>
		<flow-ref name="process-read-message-queue-#[flowVars.messageToProcess.flow]-flow"
			doc:name="process-read-message-queue-flow" />
		<choice doc:name="Choice">
			<when expression="#[flowVars.mensajesProcesados&gt;0]">
				<expression-component doc:name="Prepare Email"><![CDATA[payload=flowVars.messagesReturnValue;
flowVars.subject=(flowVars.mensajesProcesadosConError>0? flowVars.messageToProcess.subject + " con Error":flowVars.messageToProcess.subject);
flowVars.HandlebarsTemplate=flowVars.messageToProcess.layer;
flowVars.attachLogs=(flowVars.mensajesProcesadosConError>0?true:false);
]]></expression-component>
				<flow-ref name="common-new-send-notification-w-attach-flow"
					doc:name="common-new-send-notification-w-attach-flow" />
			</when>
			<otherwise>
				<logger message="No hay mensajes" level="INFO"
					category="com.acqua.base.ProcessLayer" doc:name="Logger" />
			</otherwise>
		</choice>
        <exception-strategy ref="Process_Layer_Generic_Exception_Strategy" doc:name="Reference Exception Strategy"/>
	</flow>
	
	

	<flow name="process-read-message-queue-Dragon-Articulos-flow"
		initialState="started" processingStrategy="synchronous">
		<mulerequester:request-collection
			resource="jms://${activemq.queue.new.messages}"
			doc:name="Mule Requester - Get JMS" />
		<foreach doc:name="For Each">
			<json:json-to-object-transformer
				returnClass="java.util.HashMap" doc:name="JSON to Object" />
			<set-variable variableName="mensajesProcesados"
				value="#[flowVars.mensajesProcesados + 1]" doc:name="Add Mensajes Procesados" />
			<set-variable variableName="mensajesProcesadosConError"
				value="#[flowVars.mensajesProcesadosConError + (payload.estado != 200?1:0)]"
				doc:name="Add Mensajes Errors" />
			<expression-component doc:name="Expression"><![CDATA[if(payload.estado != 200)
{
	flowVars.messagesReturnValueError .add(payload);
}
else
{
	flowVars.messagesReturnValueValid .add(payload);
}]]></expression-component>
		</foreach>

	</flow>
	
    <flow name="process-read-message-queue-Shopify-Webhook-Order-flow" initialState="started" processingStrategy="synchronous">
        <mulerequester:request-collection resource="jms://${activemq.queue.mensajes.articulos.webhook}" doc:name="Mule Requester - Get JMS"/>
        <foreach doc:name="For Each">
            <expression-component doc:name="Set Init Expressions"><![CDATA[flowVars.flowName=flow.name;
flowVars.apiName='Shopify-Process-Message-Queue';
flowVars.errorCode=server.dateTime.format('yyyyMMddHHmmssSSS');
flowVars.metricCategory='Shopify-Send-Message';]]></expression-component>
            <json:json-to-object-transformer returnClass="java.util.HashMap" doc:name="JSON to Object"/>
            <set-variable variableName="mensajesProcesados" value="#[flowVars.mensajesProcesados + 1]" doc:name="Add Mensajes Procesados"/>
            <set-variable variableName="mensajesProcesadosConError" value="#[flowVars.mensajesProcesadosConError + (payload.estado != 200?1:0)]" doc:name="Add Mensajes Errors"/>
            <expression-component doc:name="Expression"><![CDATA[flowVars.messagesReturnValue .add(payload);]]></expression-component>
        </foreach>
    </flow>
</mule>
