<?xml version="1.0" encoding="UTF-8"?>

<mule xmlns:tracking="http://www.mulesoft.org/schema/mule/ee/tracking"
	xmlns:json="http://www.mulesoft.org/schema/mule/json" xmlns="http://www.mulesoft.org/schema/mule/core"
	xmlns:doc="http://www.mulesoft.org/schema/mule/documentation"
	xmlns:spring="http://www.springframework.org/schema/beans" xmlns:xsi="http://www.w3.org/2001/XMLSchema-instance"
	xsi:schemaLocation="http://www.mulesoft.org/schema/mule/json http://www.mulesoft.org/schema/mule/json/current/mule-json.xsd
http://www.springframework.org/schema/beans http://www.springframework.org/schema/beans/spring-beans-current.xsd
http://www.mulesoft.org/schema/mule/core http://www.mulesoft.org/schema/mule/core/current/mule.xsd
http://www.mulesoft.org/schema/mule/ee/tracking http://www.mulesoft.org/schema/mule/ee/tracking/current/mule-tracking-ee.xsd">

	<choice-exception-strategy name="Process_Layer_Exception_Strategy">
		<catch-exception-strategy
			when="#[exception.causedBy(com.acqua.common.pl.exceptions.PLException)]"
			doc:name="Catch PLException">
            <logger message="Error caused by PLException: #[message.payloadAs(java.lang.String)]" level="ERROR" category="com.acqua.common.utils.CommonLayer" doc:name="Logger"/>
			<expression-component doc:name="Get Create PL Response Error"><![CDATA[flowVars.circularException = exception.getCause(); 
flowVars.ProcessLayerResponseError = flowVars.circularException.getProcessLayerResponseError();
flowVars.sendMail =  flowVars.circularException.getProcessLayerResponseError().getErrors().isSendMail();]]></expression-component>
            <logger message="Process Layer Response Error: #[flowVars.ProcessLayerResponseError]" level="INFO" category="com.acqua.common.utils.CommonLayer" doc:name="Logger"/>
			<set-payload value="#[flowVars.ProcessLayerResponseError]"
				doc:name="Set Payload" />
            <enricher target="#[flowVars.statusQueue]" doc:name="Message Enricher - Status">
                <processor-chain doc:name="Processor Chain">
                    <expression-component doc:name="Expression"><![CDATA[flowVars.errorCaptured = payload;
payload = new java.util.HashMap();
payload.put('source','process');   
payload.put('thread',Thread.currentThread().getId());                     
payload.put('process',flowVars.metricCategory);
payload.put('time',server.dateTime.format('yyyy/MM/dd HH:mm:ss:SSS'));
payload.put('transactionId',flowVars.transacionIDGen);
payload.put('status','ERROR');
payload.put('qtyRecords',flowVars.qtyRecords);
payload.put('recordNo',flowVars.recordNo);
payload.put('error',flowVars.errorCaptured);
]]></expression-component>
                    <flow-ref name="message-send-msg-to-topic-flow" doc:name="message-send-msg-to-topic-flow"/>
                </processor-chain>
            </enricher>
            <json:object-to-json-transformer encoding="UTF-8" mimeType="application/json" doc:name="Object to JSON"/>

			<set-property propertyName="http.status"
				value="#[flowVars.ProcessLayerResponseError.getErrors().getHttpStatus()]"
				doc:name="Property" />



		</catch-exception-strategy>
		
		<catch-exception-strategy
			when="#[exception.causedBy(com.acqua.common.authentication.AuthentificationException)]"
			doc:name="Catch Bad User Exception">
			<expression-component doc:name="Get Create Auth Response Error"><![CDATA[flowVars.errorMessage = exception.getMessage();
flowVars.httpStatus = 401]]></expression-component>
			<custom-transformer returnClass="com.acqua.common.pl.model.PLResponseError"
				class="com.acqua.common.pl.transformers.PLCreateResponse" doc:name="Java - Create SL Response Error">
			</custom-transformer>

			<logger message="Error: #[payload]" level="ERROR"
				category="com.acqua.common.utils.CommonLayer"
				doc:name="Logger" />
				
		    <enricher target="#[flowVars.statusQueue]" doc:name="Message Enricher - Status">
                <processor-chain doc:name="Processor Chain">
                    <expression-component doc:name="Expression"><![CDATA[flowVars.errorCaptured = payload;
payload = new java.util.HashMap();
payload.put('source','process');   
payload.put('thread',Thread.currentThread().getId());                     
payload.put('process',flowVars.metricCategory);
payload.put('time',server.dateTime.format('yyyy/MM/dd HH:mm:ss:SSS'));
payload.put('transactionId',flowVars.transacionIDGen);
payload.put('status','ERROR');
payload.put('qtyRecords',flowVars.qtyRecords);
payload.put('recordNo',flowVars.recordNo);
payload.put('error',flowVars.errorCaptured);
]]></expression-component>
                    <flow-ref name="message-send-msg-to-topic-flow" doc:name="message-send-msg-to-topic-flow"/>
                </processor-chain>
            </enricher>
            <json:object-to-json-transformer encoding="UTF-8" mimeType="application/json" doc:name="Object to JSON"/>
            
			<set-property propertyName="http.status"
				value="#[flowVars.httpStatus]"
				doc:name="Property" />


		</catch-exception-strategy>
		
		<catch-exception-strategy doc:name="Catch No Controlled Strategy">
			<custom-transformer returnClass="com.acqua.common.pl.model.PLResponseError"
				class="com.acqua.common.pl.transformers.PLCreateResponse" doc:name="Java - Create SL Response Error">
			</custom-transformer>

			<logger message="Error: #[payload]" level="ERROR"
				category="com.acqua.common.utils.CommonLayer"
				doc:name="Logger" />
				
			<enricher target="#[flowVars.statusQueue]" doc:name="Message Enricher - Status">
                <processor-chain doc:name="Processor Chain">
                    <expression-component doc:name="Expression"><![CDATA[flowVars.errorCaptured = payload;
payload = new java.util.HashMap();
payload.put('source','process');   
payload.put('thread',Thread.currentThread().getId());                     
payload.put('process',flowVars.metricCategory);
payload.put('time',server.dateTime.format('yyyy/MM/dd HH:mm:ss:SSS'));
payload.put('transactionId',flowVars.transacionIDGen);
payload.put('status','ERROR');
payload.put('qtyRecords',flowVars.qtyRecords);
payload.put('recordNo',flowVars.recordNo);
payload.put('error',flowVars.errorCaptured);
]]></expression-component>
                    <flow-ref name="message-send-msg-to-topic-flow" doc:name="message-send-msg-to-topic-flow"/>
                </processor-chain>
            </enricher>
            <json:object-to-json-transformer encoding="UTF-8" mimeType="application/json" doc:name="Object to JSON"/>
            
			<set-property propertyName="http.status" value="#[510]"
				doc:name="Property" />
	
		</catch-exception-strategy>

	</choice-exception-strategy>

</mule>
