<?xml version="1.0" encoding="UTF-8"?>

<mule xmlns:schedulers="http://www.mulesoft.org/schema/mule/schedulers"
	xmlns:json="http://www.mulesoft.org/schema/mule/json"
	xmlns:mulerequester="http://www.mulesoft.org/schema/mule/mulerequester"
	xmlns:tracking="http://www.mulesoft.org/schema/mule/ee/tracking"
	xmlns:jms="http://www.mulesoft.org/schema/mule/jms" xmlns="http://www.mulesoft.org/schema/mule/core"
	xmlns:doc="http://www.mulesoft.org/schema/mule/documentation"
	xmlns:spring="http://www.springframework.org/schema/beans" xmlns:xsi="http://www.w3.org/2001/XMLSchema-instance"
	xsi:schemaLocation="http://www.mulesoft.org/schema/mule/schedulers http://www.mulesoft.org/schema/mule/schedulers/current/mule-schedulers.xsd
http://www.springframework.org/schema/beans http://www.springframework.org/schema/beans/spring-beans-current.xsd
http://www.mulesoft.org/schema/mule/core http://www.mulesoft.org/schema/mule/core/current/mule.xsd
http://www.mulesoft.org/schema/mule/jms http://www.mulesoft.org/schema/mule/jms/current/mule-jms.xsd
http://www.mulesoft.org/schema/mule/ee/tracking http://www.mulesoft.org/schema/mule/ee/tracking/current/mule-tracking-ee.xsd
http://www.mulesoft.org/schema/mule/json http://www.mulesoft.org/schema/mule/json/current/mule-json.xsd
http://www.mulesoft.org/schema/mule/mulerequester http://www.mulesoft.org/schema/mule/mulerequester/current/mule-mulerequester.xsd">
    <flow name="messages-poll" processingStrategy="synchronous">
    
    <poll doc:name="Poll">
            <schedulers:cron-scheduler expression="${cron_message}"/>
            <logger message="Procesando Mensajes De la Cola..." level="INFO" category="com.acqua.base.ProcessLayer" doc:name="Logger"/>
        </poll>

        <set-variable variableName="activar" value="#[message.inboundProperties.containsKey('http.request.uri')?true:${cron_message_activar}]" doc:name="Set Activar"/>
        <set-variable variableName="currentTime" value="#[server.dateTime.format('HH:mm:ss')]" doc:name="Set Current Time"/>
        <filter ref="BeanCheckPollTime" doc:name="Filter Reference Check Poll Time"/>
        <expression-component doc:name="Expression - Starting Vars"><![CDATA[flowVars.flowName=flow.name;
flowVars.apiName='Process-Message-Queue';
flowVars.errorCode=server.dateTime.format('yyyyMMddHHmmssSSS');
flowVars.metricCategory='Send-Message';
flowVars.messagesReturnValueValid = new java.util.HashMap();
flowVars.messagesReturnValueError = new java.util.HashMap();
]]></expression-component>
        <expression-component doc:name="Expression Set Templates &amp; Subject"><![CDATA[flowVars.templates = new java.util.HashMap();
flowVars.subjects = new java.util.HashMap();
flowVars.templates.put("Woo-Remito","layer-detail-msg-remitos-report");
flowVars.subjects.put("Woo-Remito","Remitos Procesados");
flowVars.templates.put("Shopify-Articulo","layer-detail-msg-report");
flowVars.subjects.put("Shopify-Articulo","Articulos Procesados");
flowVars.templates.put("Woo-Articulo","layer-detail-msg-report");
flowVars.subjects.put("Woo-Articulo","Articulos Procesados");]]></expression-component>
        <choice doc:name="Choice">
            <when expression="#[flowVars.activar == 'Y']">
                <flow-ref name="process-read-message-queue-Dragon-Articulos-flow" doc:name="process-read-message-queue-Dragon-Articulos-flow"/>
            </when>
            <otherwise>
                <logger message="No activo" level="INFO" category="com.acqua.base.ProcessLayer" doc:name="Logger"/>
            </otherwise>
        </choice>
        <expression-component doc:name="Expression"><![CDATA[flowVars.keysErrors = flowVars.messagesReturnValueError.keySet();
flowVars.keysValids = flowVars.messagesReturnValueValid.keySet();
flowVars.ErrorQty = 0;
flowVars.NoErrorQty=0;]]></expression-component>
        <foreach collection="#[flowVars.keysErrors]" doc:name="For Each - Errors Keys">
            <expression-component doc:name="Prepare Email"><![CDATA[flowVars.subject=flowVars.subjects.get(payload) + ' con Error';
flowVars.HandlebarsTemplate=flowVars.templates.get(payload);
flowVars.attachLogs=true;
payload = flowVars.messagesReturnValueError.get(payload);
flowVars.ErrorQty = flowVars.ErrorQty + payload.size();]]></expression-component>
            <choice doc:name="Choice">
                <when expression="#[!payload.isEmpty()]">
                    <flow-ref name="common-new-send-notification-w-attach-flow" doc:name="common-new-send-notification-w-attach-flow"/>
                </when>
                <otherwise>
                    <logger message="No hay Mesajes de Error" level="INFO" category="com.acqua.base.ProcessLayer" doc:name="Logger"/>
                </otherwise>
            </choice>
        </foreach>
        <foreach collection="#[flowVars.keysValids]" doc:name="For Each - Valids Keys">
            <expression-component doc:name="Prepare Email"><![CDATA[flowVars.subject=flowVars.subjects.get(payload);
flowVars.HandlebarsTemplate=flowVars.templates.get(payload);
flowVars.attachLogs=false;
payload = flowVars.messagesReturnValueValid.get(payload);
flowVars.NoErrorQty = flowVars.NoErrorQty + payload.size();]]></expression-component>
            <choice doc:name="Choice">
                <when expression="#[!payload.isEmpty()]">
                    <flow-ref name="common-new-send-notification-w-attach-flow" doc:name="common-new-send-notification-w-attach-flow"/>
                </when>
                <otherwise>
                    <logger message="No hay mensajes validos" level="INFO" category="com.acqua.base.ProcessLayer" doc:name="Logger"/>
                </otherwise>
            </choice>

        </foreach>
        <logger message="Mensajes Enviados Con Error: #[flowVars.keysErrors.size()]  / Mensajes Enviados Sin Error: #[flowVars.keysValids.size()]" level="INFO" category="com.acqua.base.ProcessLayer" doc:name="Logger"/>
        <expression-component doc:name="Expression"><![CDATA[payload = new java.util.HashMap();
payload.put("Mensajes Enviados Con Error", flowVars.ErrorQty);
payload.put("Mensajes Enviados Sin Error", flowVars.NoErrorQty);]]></expression-component>
        <json:object-to-json-transformer mimeType="application/json" doc:name="Object to JSON"/>

     
     </flow>  
        
	<flow name="process-pending-msg-flow" processingStrategy="synchronous">
		<jms:inbound-endpoint queue="${activemq.queue.jobs_pending}"
			connector-ref="Active_MQ" doc:name="JMS" />
        <enricher target="#[flowVars.messageToProcess]" doc:name="Message Enricher">
            <json:json-to-object-transformer returnClass="java.util.HashMap" doc:name="JSON to Object"/>
        </enricher>
		<expression-component doc:name="Expression"><![CDATA[flowVars.messagesReturnValue = new java.util.ArrayList();
flowVars.mensajesProcesadosConError=0;
flowVars.mensajesProcesados=0;]]></expression-component>
		<flow-ref name="process-read-message-queue-#[flowVars.messageToProcess.flow]-flow"
			doc:name="process-read-message-queue-flow" />
		<choice doc:name="Choice">
			<when expression="#[flowVars.mensajesProcesados&gt;0]">
				<expression-component doc:name="Prepare Email"><![CDATA[payload=flowVars.messagesReturnValue;
flowVars.subject=(flowVars.mensajesProcesadosConError>0? flowVars.messageToProcess.subject + " con Error":flowVars.messageToProcess.subject);
flowVars.HandlebarsTemplate=flowVars.messageToProcess.layer;
flowVars.attachLogs=(flowVars.mensajesProcesadosConError>0?true:false);
]]></expression-component>
				<flow-ref name="common-new-send-notification-w-attach-flow"
					doc:name="common-new-send-notification-w-attach-flow" />
			</when>
			<otherwise>
				<logger message="No hay mensajes" level="INFO"
					category="com.acqua.base.ProcessLayer" doc:name="Logger" />
			</otherwise>
		</choice>
        <exception-strategy ref="Process_Layer_Generic_Exception_Strategy" doc:name="Reference Exception Strategy"/>
	</flow>
	
	

	<flow name="process-read-message-queue-Dragon-Articulos-flow"
		initialState="started" processingStrategy="synchronous">
		<mulerequester:request-collection
			resource="jms://${activemq.queue.new.messages}"
			doc:name="Mule Requester - Get JMS" count="50"/>

		<foreach doc:name="For Each">
            <copy-properties propertyName="*" doc:name="Property"/>
            <expression-component doc:name="Expression"><![CDATA[flowVars.messageType = message.inboundProperties.'MessageType'!=null?message.inboundProperties.'MessageType':"";
]]></expression-component>
            <expression-component doc:name="Expression"><![CDATA[if(!flowVars.messagesReturnValueError.containsKey(flowVars.messageType))
{
	flowVars.messagesReturnValueError.put(flowVars.messageType,new java.util.ArrayList());
}
if(!flowVars.messagesReturnValueValid.containsKey(flowVars.messageType))
{
	flowVars.messagesReturnValueValid.put(flowVars.messageType,new java.util.ArrayList());
}]]></expression-component>
			<json:json-to-object-transformer
				returnClass="java.util.HashMap" doc:name="JSON to Object" />
            <logger message="Enviando Mensaje #[flowVars.messageType] con estado #[payload.estado]" level="INFO" category="com.acqua.base.ProcessLayer" doc:name="Logger"/>

			<expression-component doc:name="Expression"><![CDATA[if(payload.estado != 200)
{
	flowVars.messagesReturnValueError.get(flowVars.messageType).add(payload);
}
else
{
	flowVars.messagesReturnValueValid.get(flowVars.messageType).add(payload);
}]]></expression-component>
		</foreach>

	</flow>
	
    <flow name="process-read-message-queue-Shopify-Webhook-Order-flow" initialState="started" processingStrategy="synchronous">
        <mulerequester:request-collection resource="jms://${activemq.queue.mensajes.articulos.webhook}" doc:name="Mule Requester - Get JMS" count="50"/>
        <foreach doc:name="For Each">
            <expression-component doc:name="Set Init Expressions"><![CDATA[flowVars.flowName=flow.name;
flowVars.apiName='Shopify-Process-Message-Queue';
flowVars.errorCode=server.dateTime.format('yyyyMMddHHmmssSSS');
flowVars.metricCategory='Shopify-Send-Message';]]></expression-component>
            <choice doc:name="Choice">
                <when expression="#[message.inboundProperties.'Content_Type' == 'text/html']">

		            <logger message="Enviando Mensaje de WebHook con Estado #[payload.estado]" level="INFO" category="com.acqua.base.ProcessLayer" doc:name="Logger"/>
                    <expression-component doc:name="Expression"><![CDATA[flowVars.subject=flowVars.messageToProcess.subject;
flowVars.HandlebarsTemplate='full-payload';
flowVars.attachLogs=false;
]]></expression-component>
                    <flow-ref name="common-new-send-notification-w-attach-flow" doc:name="common-new-send-notification-w-attach-flow"/>
                </when>
                <otherwise>
                    <json:json-to-object-transformer returnClass="java.util.HashMap" doc:name="JSON to Object"/>
                     <set-variable variableName="mensajesProcesados" value="#[flowVars.mensajesProcesados + 1]" doc:name="Add Mensajes Procesados"/>
                     <set-variable variableName="mensajesProcesadosConError" value="#[flowVars.mensajesProcesadosConError + (payload.estado != 200?1:0)]" doc:name="Add Mensajes Errors"/>
		            <logger message="Enviando Mensaje de WebHook con Estado #[payload.estado]" level="INFO" category="com.acqua.base.ProcessLayer" doc:name="Logger"/>
		            <expression-component doc:name="Expression"><![CDATA[flowVars.messagesReturnValue .add(payload);]]></expression-component>
                </otherwise>
            </choice>
 
        </foreach>
    </flow>
</mule>
