<?xml version="1.0" encoding="UTF-8"?>

<mule xmlns:tracking="http://www.mulesoft.org/schema/mule/ee/tracking" xmlns:acquait-metrics="http://www.mulesoft.org/schema/mule/acquait-metrics" xmlns="http://www.mulesoft.org/schema/mule/core" xmlns:doc="http://www.mulesoft.org/schema/mule/documentation"
	xmlns:spring="http://www.springframework.org/schema/beans" 
	xmlns:xsi="http://www.w3.org/2001/XMLSchema-instance"
	xsi:schemaLocation="http://www.springframework.org/schema/beans http://www.springframework.org/schema/beans/spring-beans-current.xsd
http://www.mulesoft.org/schema/mule/core http://www.mulesoft.org/schema/mule/core/current/mule.xsd
http://www.mulesoft.org/schema/mule/acquait-metrics http://www.mulesoft.org/schema/mule/acquait-metrics/current/mule-acquait-metrics.xsd
http://www.mulesoft.org/schema/mule/ee/tracking http://www.mulesoft.org/schema/mule/ee/tracking/current/mule-tracking-ee.xsd">
    <flow name="generate-metric-flow" processingStrategy="synchronous">
        <flow-ref name="generate-metric-status-flow" doc:name="generate-metric-status-flow"/>
    </flow>
    <flow name="generate-metric-status-flow" processingStrategy="synchronous">
        <expression-component doc:name="Expression"><![CDATA[flowVars.metrics = new java.util.HashMap();
flowVars.values = new java.util.ArrayList();
flowVars.values.add('OK');
flowVars.values.add('ERROR');
flowVars.metrics.put('Dragon-Status',flowVars.values);
flowVars.values = new java.util.ArrayList();
flowVars.values.add('OK');
flowVars.values.add('ERROR');
flowVars.metrics.put('shopify-Status',flowVars.values);
flowVars.values = new java.util.ArrayList();
flowVars.values.add('OK');
flowVars.values.add('ERROR');
flowVars.metrics.put('woo-Status',flowVars.values);
flowVars.values = new java.util.ArrayList();
flowVars.values.add('OK');
flowVars.values.add('ERROR');
flowVars.metrics.put('WOO-Order-Status',flowVars.values);
flowVars.values = new java.util.ArrayList();
flowVars.values.add('OK');
flowVars.values.add('ERROR');
flowVars.metrics.put('SHOPIFY-Order-Status',flowVars.values);

]]></expression-component>
        <foreach collection="#[flowVars.metrics.entrySet()]" doc:name="For Each">
            <set-variable variableName="metricCategory" value="#[payload.getKey()]" doc:name="Variable Set Category"/>
            <foreach collection="#[payload.getValue()]" doc:name="For Each">
                <set-variable variableName="metricStatus" value="#[payload]" doc:name="Variable Set Status"/>
                <acquait-metrics:inc-count config-ref="AcquaIT_Metrics__AcquaIT_Metric_Connector_Configuration" category="#[flowVars.metricCategory]" delta="0" doc:name="Metrics Count Dragon">
                    <acquait-metrics:metric-keys>
                        <acquait-metrics:metric-key>#[flowVars.metricStatus]</acquait-metrics:metric-key>
                    </acquait-metrics:metric-keys>
                </acquait-metrics:inc-count>
            </foreach>
        </foreach>
    </flow>
    
</mule>
