<?xml version="1.0" encoding="UTF-8"?>

<mule xmlns:schedulers="http://www.mulesoft.org/schema/mule/schedulers"
	xmlns:tracking="http://www.mulesoft.org/schema/mule/ee/tracking" xmlns:jms="http://www.mulesoft.org/schema/mule/jms"
	xmlns:validation="http://www.mulesoft.org/schema/mule/validation"
	xmlns:json="http://www.mulesoft.org/schema/mule/json"
	xmlns:http="http://www.mulesoft.org/schema/mule/http"
	xmlns:mule-ss="http://www.mulesoft.org/schema/mule/spring-security"
	xmlns="http://www.mulesoft.org/schema/mule/core" xmlns:doc="http://www.mulesoft.org/schema/mule/documentation"
	xmlns:spring="http://www.springframework.org/schema/beans" 
	xmlns:xsi="http://www.w3.org/2001/XMLSchema-instance"
	xsi:schemaLocation="http://www.mulesoft.org/schema/mule/schedulers http://www.mulesoft.org/schema/mule/schedulers/current/mule-schedulers.xsd
http://www.mulesoft.org/schema/mule/jms http://www.mulesoft.org/schema/mule/jms/current/mule-jms.xsd
http://www.mulesoft.org/schema/mule/validation http://www.mulesoft.org/schema/mule/validation/current/mule-validation.xsd
http://www.mulesoft.org/schema/mule/json http://www.mulesoft.org/schema/mule/json/current/mule-json.xsd
http://www.mulesoft.org/schema/mule/http http://www.mulesoft.org/schema/mule/http/current/mule-http.xsd
http://www.mulesoft.org/schema/mule/spring-security http://www.mulesoft.org/schema/mule/spring-security/current/mule-spring-security.xsd
http://www.springframework.org/schema/beans http://www.springframework.org/schema/beans/spring-beans-current.xsd
http://www.mulesoft.org/schema/mule/core http://www.mulesoft.org/schema/mule/core/current/mule.xsd
http://www.mulesoft.org/schema/mule/ee/tracking http://www.mulesoft.org/schema/mule/ee/tracking/current/mule-tracking-ee.xsd">

	<flow name="shopify-reprocess-cron-flow" processingStrategy="synchronous" initialState="started">
        <poll doc:name="Poll">
            <schedulers:cron-scheduler expression="${cron_reprocess_unprocessed_orders}"/>
            <logger message="#[&quot;-----------------------------------------------------------------------------------------&quot;]" level="INFO" category="com.acqua.base.ShopifyOrdersProcessed" doc:name="Logger CONSOLA"/>
        </poll>
    
    	<set-variable variableName="activar" value="${cron_reprocess_unprocessed_orders_shopify_activar}" doc:name="Set Activar"/>
        <choice doc:name="Choice">
            <when expression="#[flowVars.activar == &quot;Y&quot;]">
                <flow-ref name="shopify-reprocess-cron-process-flow" doc:name="shopify-reprocess-cron-process-flow"/>
            </when>
            <otherwise>
                <logger message="No Activo" level="INFO" doc:name="Logger"/>
            </otherwise>
        </choice>

  
        <exception-strategy ref="Process_Layer_Generic_Exception_Strategy" doc:name="Reference Exception Strategy"/>
        
    </flow>
    
    <flow name="shopify-reprocess-cron-process-flow" processingStrategy="synchronous">
    
        <expression-component doc:name="Expression"><![CDATA[payload = server.dateTime.plusDays(-1).format("yyyy-MM-dd'T'HH:mm:ss");
payload = "[]";
flowVars.transacionIDGen=server.dateTime.format('yyyyMMddHHmmss');
flowVars.metricCategory='Reprocess-Shopify-Orders'; 
flowVars.sendMail=true;
flowVars.qtyRecords = 0;
flowVars.recordNo = 0;]]></expression-component>
      
        <flow-ref name="shopify-reprocess-order-process-flow" doc:name="shopify-reprocess-order-process-flow"/>
  
    </flow>
    
	<flow name="shopify-reprocess-order-flow" processingStrategy="synchronous">
        <logger message="#[&quot;-----------------------------------------------------------------------------------------&quot;]" level="INFO" category="com.acqua.utils.ConsolaStatus" doc:name="Logger CONSOLA INICIO"/>
		<expression-component doc:name="Set Init Expressions"><![CDATA[flowVars.flowName=flow.name;
flowVars.apiName=message.inboundProperties.'http.request.uri';
flowVars.errorCode=server.dateTime.format('yyyyMMddHHmmssSSS');
flowVars.metricCategory='Reprocess-Shopify-Orders';
flowVars.sendMail=true;
flowVars.fechaDesde=(message.inboundProperties.'http.uri.params'.FechaModificacion == null? "":message.inboundProperties.'http.uri.params'.FechaModificacion);
flowVars.transacionIDGen=server.dateTime.format('yyyyMMddHHmmss');
flowVars.qtyRecords = 0;
flowVars.recordNo = 0;]]></expression-component>

		<http:basic-security-filter realm="mule-realm" />

		<mule-ss:authorization-filter
			requiredAuthorities="ROLE_USER" />
        <set-payload value="#[flowVars.fechaDesde]" doc:name="Set Payload"/>

<enricher target="#[flowVars.statusQueue]" doc:name="Message Enricher - Status">
            <processor-chain doc:name="Processor Chain">
                <expression-component doc:name="Expression"><![CDATA[payload = new java.util.HashMap();
payload.put('source','process'); 
payload.put('persistir',true);    
payload.put('thread',Thread.currentThread().getId());                     
payload.put('process',flowVars.metricCategory);
payload.put('time',server.dateTime.format('yyyy/MM/dd HH:mm:ss:SSS'));
payload.put('transactionId',flowVars.transacionIDGen);
payload.put('status','Iniciando');
payload.put('qtyRecords',0);
payload.put('recordNo',0);
payload.put('error','');
payload.put('errorPayload','');
]]></expression-component>
                <flow-ref name="message-send-msg-to-topic-flow" doc:name="message-send-msg-to-topic-flow"/>
            </processor-chain>
        </enricher>
        
        <async doc:name="Async">
		<flow-ref name="shopify-reprocess-order-process-flow" doc:name="shopify-reprocess-order-process-flow" />
		</async>
		
		<enricher target="#[flowVars.statusQueue]" doc:name="Message Enricher - Status">
            <processor-chain doc:name="Processor Chain">
                <expression-component doc:name="Expression"><![CDATA[flowVars.tmpPayload=payload;
payload = new java.util.HashMap();
payload.put('source','process'); 
payload.put('persistir',true);    
payload.put('thread',Thread.currentThread().getId());                     
payload.put('process',flowVars.metricCategory);
payload.put('time',server.dateTime.format('yyyy/MM/dd HH:mm:ss:SSS'));
payload.put('transactionId',flowVars.transacionIDGen);
payload.put('status','Enviado a Procesar');
payload.put('qtyRecords',0);
payload.put('recordNo',0);
payload.put('error','');
payload.put('errorPayload',flowVars.tmpPayload);
]]></expression-component>
                <flow-ref name="message-send-msg-to-topic-flow" doc:name="message-send-msg-to-topic-flow"/>
            </processor-chain>
        </enricher>
        
		<set-payload value="{&quot;Transaccion&quot;:#[flowVars.transacionIDGen]}" encoding="UTF-8" mimeType="application/json" doc:name="Set Payload"/>
        <set-property propertyName="http.status" value="#[200]" doc:name="Set http.status"/>
 
		<exception-strategy ref="Process_Layer_Generic_Exception_Strategy" doc:name="Reference Exception Strategy"/>

	</flow>
	
	<flow name="shopify-reprocess-order-process-flow" processingStrategy="synchronous">
    
    	<enricher target="#[flowVars.statusQueue]" doc:name="Message Enricher - Status">
           
            <processor-chain doc:name="Processor Chain">
                <expression-component doc:name="Expression"><![CDATA[payload = new java.util.HashMap();
payload.put('source','process'); 
payload.put('persistir',true);    
payload.put('thread',Thread.currentThread().getId());                     
payload.put('process',flowVars.metricCategory);
payload.put('time',server.dateTime.format('yyyy/MM/dd HH:mm:ss:SSS'));
payload.put('transactionId',flowVars.transacionIDGen);
payload.put('status','Procesando');
payload.put('qtyRecords',0);
payload.put('recordNo',0);
payload.put('error','');
payload.put('errorPayload','');
]]></expression-component>
                <flow-ref name="message-send-msg-to-topic-flow" doc:name="message-send-msg-to-topic-flow"/>
            </processor-chain>
        </enricher>
        
        <processor-chain doc:name="Processor Chain">
         
            <expression-component doc:name="Expression"><![CDATA[flowVars.fechaDesde=payload;
flowVars.ordersProcessedOk = new java.util.ArrayList();
flowVars.ordersProcessedError = new java.util.ArrayList();]]></expression-component>
            <logger message="================================================================" level="INFO" category="com.acqua.base.ShopifyOrdersProcessed" doc:name="Logger"/>
            
            <logger message="PROCESS LAYER - Shopify Reprocessing Orders" level="INFO" category="com.acqua.base.ShopifyOrdersProcessed" doc:name="Logger CONSOLA"/>
    
            <http:request config-ref="SystemLayer_Request_Configuration" path="/integrity/chequear-ordenes-publicadas/shopify/#[flowVars.fechaDesde]" method="GET" doc:name="HTTP Get Order">
                <http:success-status-code-validator values="200..599"/>
            </http:request>
    
            <logger message="PROCESS LAYER -Orders Retrieved Status: #[message.inboundProperties[&quot;http.status&quot;]]" level="INFO" category="com.acqua.base.ShopifyOrdersProcessed" doc:name="Logger CONSOLA"/>
    
            <set-variable variableName="validationErrorMessage" value="No se pudo obtener Ordenes" doc:name="Set Error Message"/>
    
            <validation:custom-validator config-ref="Validation_Configuration" message="#[flowVars.validationErrorMessage]" class="com.acqua.common.pl.validator.PLExternalRestfulValidator" doc:name="Validation"/>
    
        </processor-chain>
     
        <json:json-to-object-transformer returnClass="java.util.HashMap" doc:name="JSON to Object"/>
        <expression-component doc:name="Set Qty Records"><![CDATA[flowVars.qtyRecords=payload.SinOrdenEnDragon.size();]]></expression-component>
      
        <foreach collection="#[payload.SinOrdenEnDragon]" doc:name="For Each">
            <expression-component doc:name="Expression"><![CDATA[flowVars.recordNo = flowVars.recordNo + 1;
]]></expression-component>
            <flow-ref name="shopify-reprocess-order-get-order-flow" doc:name="shopify-reprocess-order-get-order-flow"/>
            <enricher target="#[flowVars.statusQueue]" doc:name="Message Enricher - Status">
                <processor-chain doc:name="Processor Chain">
                    <expression-component doc:name="Expression"><![CDATA[flowVars.tmpPayload=payload;
payload = new java.util.HashMap();
payload.put('source','process'); 
payload.put('persistir',true);    
payload.put('thread',Thread.currentThread().getId());                     
payload.put('process',flowVars.metricCategory);
payload.put('time',server.dateTime.format('yyyy/MM/dd HH:mm:ss:SSS'));
payload.put('transactionId',flowVars.transacionIDGen);
payload.put('status','Procesando');
payload.put('qtyRecords',flowVars.qtyRecords);
payload.put('recordNo',flowVars.recordNo);
payload.put('error','');
payload.put('errorPayload',flowVars.tmpPayload);

]]></expression-component>
                    <flow-ref name="message-send-msg-to-topic-flow" doc:name="message-send-msg-to-topic-flow"/>
                </processor-chain>
            </enricher>
     		 
        </foreach>


        <expression-component doc:name="Expression - Prepare Response"><![CDATA[payload = new java.util.HashMap();
payload.put('Processed',flowVars.ordersProcessedOk);
payload.put('Error',flowVars.ordersProcessedError);
]]></expression-component>

       
        <json:object-to-json-transformer doc:name="Object to JSON"/>
       
        <logger message="-----------------------------------------------------------------------------" level="INFO" category="com.acqua.base.ShopifyOrdersProcessed" doc:name="Logger"/>
    
    	<enricher target="#[flowVars.statusQueue]" doc:name="Message Enricher - Status">
            <processor-chain doc:name="Processor Chain">
                <expression-component doc:name="Expression"><![CDATA[flowVars.tmpPayload=payload;
payload = new java.util.HashMap();
payload.put('source','process'); 
payload.put('persistir',true);    
payload.put('thread',Thread.currentThread().getId());                     
payload.put('process',flowVars.metricCategory);
payload.put('time',server.dateTime.format('yyyy/MM/dd HH:mm:ss:SSS'));
payload.put('transactionId',flowVars.transacionIDGen);
payload.put('status','Procesado');
payload.put('qtyRecords',flowVars.qtyRecords);
payload.put('recordNo',flowVars.recordNo);
payload.put('error','');
payload.put('errorPayload',flowVars.tmpPayload);

]]></expression-component>
                <flow-ref name="message-send-msg-to-topic-flow" doc:name="message-send-msg-to-topic-flow"/>
            </processor-chain>
        </enricher>
        
        <exception-strategy ref="Process_Layer_Exception_Strategy" doc:name="Reference Exception Strategy"/>
    
    </flow>
    <flow name="shopify-reprocess-order-get-order-flow" processingStrategy="synchronous">
        <processor-chain doc:name="Processor Chain">
            <logger message="Getting order #[payload.codigo] / #[payload.descripcion]" level="INFO" category="com.acqua.base.ShopifyOrdersProcessed" doc:name="Logger"/>
            <set-variable variableName="originalPayload" value="#[payload]" doc:name="Variable Save Payload"/>
            <http:request config-ref="SystemLayer_Request_Configuration" path="/shopify/order/#[payload.codigo]" method="GET" doc:name="HTTP Get Order">
                <http:success-status-code-validator values="200..599"/>
            </http:request>
            <set-variable variableName="validationErrorMessage" value="No se pudo obtener Orden" doc:name="Set Error Message"/>
            <validation:custom-validator config-ref="Validation_Configuration" message="#[flowVars.validationErrorMessage]" class="com.acqua.common.pl.validator.PLExternalRestfulValidator" doc:name="Validation"/>
            <byte-array-to-object-transformer doc:name="Byte Array to Object"/>
            <message-properties-transformer overwrite="true" doc:name="Message Properties">
                <add-message-property key="entidad" value="orders"/>
                <add-message-property key="accion" value="create"/>
                <add-message-property key="ecommerce" value="shopify"/>
            </message-properties-transformer>
            <jms:outbound-endpoint queue="${activemq.queue.webhook}-shopify" connector-ref="Active_MQ" mimeType="application/json" responseTimeout="60000" encoding="ISO-8859-1" doc:name="JMS"/>
            <logger message="Order Order #[flowVars.originalPayload.codigo] / #[flowVars.originalPayload.descripcion]  sent to ${activemq.queue.webhook}-shopify queue" level="INFO" category="com.acqua.base.ShopifyOrdersProcessed" doc:name="Logger"/>
            <expression-component doc:name="Expression"><![CDATA[flowVars.originalPayload.put("error",'Enviado a Reprocesamiento');
flowVars.ordersProcessedOk.add(flowVars.originalPayload);]]></expression-component>
        </processor-chain>
        <choice-exception-strategy doc:name="Choice Exception Strategy">
	        <catch-exception-strategy doc:name="Catch Exception Strategy - PLException" when="#[exception.causedBy(com.acqua.common.pl.exceptions.PLException)]">

	            <logger message="Error processing Order #[flowVars.originalPayload.codigo] / #[flowVars.originalPayload.descripcion] Error: #[exception.message] " level="INFO" category="com.acqua.base.ShopifyOrdersProcessed" doc:name="Logger"/>
                <expression-component doc:name="Expression - Expression - Get Error Detail"><![CDATA[flowVars.circularException = exception.getCause();
flowVars.ProcessLayerResponseError = flowVars.circularException.getProcessLayerResponseError();
flowVars.originalPayload.put("error",flowVars.ProcessLayerResponseError.getErrors().getErrorMessage());
flowVars.ordersProcessedError.add(flowVars.originalPayload);]]></expression-component>


	        </catch-exception-strategy>
	        <catch-exception-strategy doc:name="Catch Exception Strategy - PLException">
                <logger message="Error processing Order #[flowVars.originalPayload.codigo] / #[flowVars.originalPayload.descripcion] Error: #[exception.message]" level="INFO" category="com.acqua.base.ShopifyOrdersProcessed" doc:name="Logger"/>
                <expression-component doc:name="Expression - Expression - Get Error Detail"><![CDATA[flowVars.originalPayload.put("error",exception.message);
flowVars.originalPayload.put("errorDetail",exception.getCause());
flowVars.ordersProcessedError.add(flowVars.originalPayload);]]></expression-component>

	        </catch-exception-strategy>
        </choice-exception-strategy>
    </flow>
 
</mule>
