<?xml version="1.0" encoding="UTF-8"?>

<mule xmlns:smtp="http://www.mulesoft.org/schema/mule/smtp" xmlns:mulerequester="http://www.mulesoft.org/schema/mule/mulerequester" xmlns:scripting="http://www.mulesoft.org/schema/mule/scripting" xmlns:acquait-metrics="http://www.mulesoft.org/schema/mule/acquait-metrics" xmlns:tracking="http://www.mulesoft.org/schema/mule/ee/tracking" xmlns:json="http://www.mulesoft.org/schema/mule/json" xmlns:http="http://www.mulesoft.org/schema/mule/http" xmlns:validation="http://www.mulesoft.org/schema/mule/validation" xmlns:jms="http://www.mulesoft.org/schema/mule/jms" xmlns="http://www.mulesoft.org/schema/mule/core" xmlns:doc="http://www.mulesoft.org/schema/mule/documentation"
	xmlns:spring="http://www.springframework.org/schema/beans" 
	xmlns:xsi="http://www.w3.org/2001/XMLSchema-instance"
	xsi:schemaLocation="http://www.springframework.org/schema/beans http://www.springframework.org/schema/beans/spring-beans-current.xsd
http://www.mulesoft.org/schema/mule/core http://www.mulesoft.org/schema/mule/core/current/mule.xsd
http://www.mulesoft.org/schema/mule/jms http://www.mulesoft.org/schema/mule/jms/current/mule-jms.xsd
http://www.mulesoft.org/schema/mule/json http://www.mulesoft.org/schema/mule/json/current/mule-json.xsd
http://www.mulesoft.org/schema/mule/http http://www.mulesoft.org/schema/mule/http/current/mule-http.xsd
http://www.mulesoft.org/schema/mule/validation http://www.mulesoft.org/schema/mule/validation/current/mule-validation.xsd
http://www.mulesoft.org/schema/mule/ee/tracking http://www.mulesoft.org/schema/mule/ee/tracking/current/mule-tracking-ee.xsd
http://www.mulesoft.org/schema/mule/acquait-metrics http://www.mulesoft.org/schema/mule/acquait-metrics/current/mule-acquait-metrics.xsd
http://www.mulesoft.org/schema/mule/scripting http://www.mulesoft.org/schema/mule/scripting/current/mule-scripting.xsd
http://www.mulesoft.org/schema/mule/mulerequester http://www.mulesoft.org/schema/mule/mulerequester/current/mule-mulerequester.xsd
http://www.mulesoft.org/schema/mule/smtp http://www.mulesoft.org/schema/mule/smtp/current/mule-smtp.xsd">
     
    <asynchronous-processing-strategy name="Asynchronous_Processing_Strategy_shopify_pending" maxThreads="${thread_shopify_product_max}" minThreads="${thread_shopify_product_min}" threadTTL="0" threadWaitTimeout="-1" maxBufferSize="20000" doc:name="Asynchronous Processing Strategy"/>
    
    <flow name="shopify-articulos-main-articulo-flow" processingStrategy="Asynchronous_Processing_Strategy_shopify_pending">
        <enricher target="#[flowVars.articuloModificado]" doc:name="Message Enricher">
            <json:json-to-object-transformer returnClass="java.util.HashMap" doc:name="JSON to Object"/>
        </enricher>
        
        <enricher target="#[flowVars.statusQueue]" doc:name="Message Enricher">
            <processor-chain doc:name="Processor Chain">
                <expression-component doc:name="Expression"><![CDATA[payload = new java.util.HashMap();
payload.put('source','process');   
payload.put('thread',Thread.currentThread().getId());                       
payload.put('process','Shopify-Process' + (flowVars.typeProcess == 'ARTICULO'?'-Articulo':'-Varianza'));
payload.put('time',server.dateTime.format('yyyy/MM/dd HH:mm:ss:SSS'));
payload.put('status','ON');
payload.put('transactionId',flowVars.transactionId);
if(flowVars.typeProcess == 'ARTICULO')
{
	payload.put('articuloDragon',flowVars.articuloModificado.articulo.codigo);
	payload.put('descripcionArticulo',flowVars.articuloModificado.articulo.descripcion);
} else
{
	payload.put('articuloDragon',flowVars.articuloModificado.articulo + "_" + flowVars.articuloModificado.color + "_" +flowVars.articuloModificado.talle);
	payload.put('descripcionArticulo',flowVars.articuloModificado.articuloDescripcion);
}

payload.put('qtyRecords',flowVars.qtyRecords);
payload.put('recordNo',flowVars.recordNo); 
payload.put('error','');
]]></expression-component>
                <flow-ref name="message-send-msg-to-topic-flow" doc:name="message-send-msg-to-topic-flow"/>
            </processor-chain>
        </enricher>
        
        <choice doc:name="Choice">
            <when expression="#[flowVars.typeProcess == &quot;ARTICULO&quot;]">
                <flow-ref name="shopify-articulos-main-process-flow" doc:name="shopify-articulos-main-process-flow"/>
            </when>
            <otherwise>
                <flow-ref name="shopify-varianza-main-process-flow" doc:name="shopify-varianza-main-process-flow"/>
            </otherwise>
        </choice>
 
 		<enricher target="#[flowVars.statusQueue]" doc:name="Message Enricher">
            <processor-chain doc:name="Processor Chain">
                <expression-component doc:name="Expression"><![CDATA[flowVars.tmpPayload = payload;
payload = new java.util.HashMap();
payload.put('source','process');              
payload.put('thread',Thread.currentThread().getId());       
payload.put('process','Shopify-Process' + (flowVars.typeProcess == 'ARTICULO'?'-Articulo':'-Varianza'));
payload.put('time',server.dateTime.format('yyyy/MM/dd HH:mm:ss:SSS'));
payload.put('transactionId',flowVars.transactionId);
if(flowVars.typeProcess == 'ARTICULO')
{
	payload.put('articuloDragon',flowVars.articuloModificado.articulo.codigo);
	payload.put('descripcionArticulo',flowVars.articuloModificado.articulo.descripcion);
} else
{
	payload.put('articuloDragon',flowVars.articuloModificado.articulo + "_" + flowVars.articuloModificado.color + "_" +flowVars.articuloModificado.talle);
	payload.put('descripcionArticulo',flowVars.articuloModificado.articuloDescripcion);
}
payload.put('qtyRecords',flowVars.qtyRecords);
payload.put('recordNo',flowVars.recordNo); 
payload.put('status',flowVars.tmpPayload.status);
payload.put('errorDetail',flowVars.tmpPayload.errorDetail);
payload.put('errorPayload',flowVars.tmpPayload.errorPayload);]]></expression-component>
                <flow-ref name="message-send-msg-to-topic-flow" doc:name="message-send-msg-to-topic-flow"/>
            </processor-chain>
        </enricher>


    </flow> 
    
    <flow name="shopify-articulos-main-process-flow" processingStrategy="synchronous">

<!--         <acquait-metrics:inc-count config-ref="AcquaIT_Metrics__AcquaIT_Metric_Connector_Configuration" category="#[flowVars.metricCategory]" doc:name="Metrics Count Request"> -->
<!--             <acquait-metrics:metric-keys> -->
<!--                 <acquait-metrics:metric-key>#[flowVars.metricCategory]-Request</acquait-metrics:metric-key> -->
<!--             </acquait-metrics:metric-keys> -->
<!--         </acquait-metrics:inc-count> -->
<!--         <acquait-metrics:snap-time config-ref="AcquaIT_Metrics__AcquaIT_Metric_Connector_Configuration" snapTimeKey="#[flowVars.metricCategory]_begin_snap" doc:name="Metrics Begin Snap"/> -->
        <logger message="#[&quot;-----------------------------------------------------------------------------------------&quot;]" level="INFO" category="com.acqua.utils.ConsolaShopify" doc:name="Logger CONSOLA INICIO"/>
        <logger message="PROCESS LAYER - INICIO - Enviando Articulo a Shopify #[payload]" level="INFO" category="com.acqua.utils.ConsolaShopify" doc:name="Logger CONSOLA INICIO"/>
        <flow-ref name="shopify-articulo-process-flow" doc:name="shopify-articulo-process-flow"/>

<!--         <acquait-metrics:snap-time config-ref="AcquaIT_Metrics__AcquaIT_Metric_Connector_Configuration" snapTimeKey="#[flowVars.metricCategory]_end_snap" doc:name="Metrics End Snap"/> -->
<!--         <acquait-metrics:time config-ref="AcquaIT_Metrics__AcquaIT_Metric_Connector_Configuration" beginSnapKey="#[flowVars.metricCategory]_begin_snap" category="#[flowVars.metricCategory]" endSnapKey="#[flowVars.metricCategory]_end_snap" metricKey="#[flowVars.metricCategory + '-' + flowVars.ArticuloStatus]" doc:name="Metrics Record Full Request"/> -->
        <choice-exception-strategy doc:name="Choice Exception Strategy">
            <catch-exception-strategy when="#[exception.causedBy(com.acqua.common.pl.exceptions.PLException)]" doc:name="Catch Exception Strategy - PLException">
                <expression-component doc:name="Expression - Get Error Detail"><![CDATA[flowVars.circularException = exception.getCause(); 
flowVars.ProcessLayerResponseError = flowVars.circularException.getProcessLayerResponseError();
flowVars.responseValue = new java.util.HashMap();
flowVars.responseValue .put("status",flowVars.ProcessLayerResponseError.getErrors().getHttpStatus());
flowVars.responseValue .put("errorDetail",exception.getMessage());
flowVars.responseValue .put("errorPayload",exception.getInfo());
	]]></expression-component>
                <set-payload value="#[flowVars.responseValue]" doc:name="Set Payload"/>

            </catch-exception-strategy>
            <catch-exception-strategy doc:name="Catch Exception Strategy - PLException">
                <expression-component doc:name="Expression - Get Error Detail"><![CDATA[flowVars.circularException = exception.getCause(); 
flowVars.responseValue = new java.util.HashMap();
flowVars.responseValue .put("status",400);
flowVars.responseValue .put("errorDetail",exception.getMessage());
flowVars.responseValue .put("errorPayload",exception.getInfo());]]></expression-component>
                <set-payload value="#[flowVars.responseValue]" doc:name="Set Payload"/>

            </catch-exception-strategy>
        </choice-exception-strategy>

    </flow>

    
    <flow name="shopify-articulo-process-flow" processingStrategy="synchronous">
        <choice doc:name="Choice">
            <when expression="#[(flowVars.articuloModificado['id-shopify']==null || flowVars.articuloModificado['id-shopify']==0)  &amp;&amp; flowVars.articuloModificado.articulo.noPublicarEnEcommerce]">
                <set-variable variableName="actualizado" value="#[false]" doc:name="Set NO Actualizado"/>
                <enricher target="#[flowVars.statusQueue]" doc:name="Message Enricher">
                    <processor-chain doc:name="Processor Chain">
                        <expression-component doc:name="Expression"><![CDATA[flowVars.tmpPayload = payload;
payload = new java.util.HashMap();
payload.put('source','monitor-woo');   
payload.put('thread',Thread.currentThread().getId());                     
payload.put('process',flowVars.metricCategory);
payload.put('transactionId',flowVars.transactionId);
payload.put('codigo',flowVars.tmpPayload.single.sku);
payload.put('descripcion',flowVars.tmpPayload.description);
payload.put('ultima-actividad-status',200);
payload.put('ultima-actividad-fecha',server.dateTime.format('yyyy/MM/dd HH:mm:ss:SSS'));
payload.put('ultima-actividad-estado','No Publica');
payload.put('payload',flowVars.tmpPayload);
]]></expression-component>
                        <flow-ref name="message-send-msg-to-topic-flow" doc:name="message-send-msg-to-topic-flow"/>
                    </processor-chain>
                </enricher>
                <expression-component doc:name="Expression"><![CDATA[flowVars.responseValue = new java.util.HashMap();
flowVars.responseValue .put("status",200);
flowVars.responseValue .put("error","");
]]></expression-component>
            </when>
            <otherwise>
                <processor-chain doc:name="Processor Chain - Actualiza Producto en Shopify">
                    <set-payload value="#[flowVars.articuloModificado]" doc:name="Set Payload"/>
                    <set-variable variableName="errorMessage" value="#[&quot;&quot;]" doc:name="Clean Message"/>
                    <flow-ref name="shopify-articulo-transform-flow" doc:name="shopify-articulo-transform-flow"/>
					<validation:custom-validator
							config-ref="Validation_Configuration" message="#[flowVars.errorMessage]"
							class="com.acqua.common.pl.validator.PLCommonValidator" doc:name="Validation Transform" />
                    <enricher target="#[flowVars.statusQueue]" doc:name="Message Enricher - Status">
                        <processor-chain doc:name="Processor Chain">
                            <expression-component doc:name="Expression"><![CDATA[flowVars.tmpPayload = payload;
payload = new java.util.HashMap();
payload.put('source','monitor-shopify');   
payload.put('thread',Thread.currentThread().getId());                     
payload.put('process',flowVars.metricCategory);
payload.put('transactionId',flowVars.transactionId);
payload.put('codigo',flowVars.tmpPayload.dragonID);
payload.put('id',flowVars.tmpPayload.id);
payload.put('descripcion',flowVars.tmpPayload.title);
payload.put('ultima-actividad-status',200);
payload.put('ultima-actividad-fecha',server.dateTime.format('yyyy/MM/dd HH:mm:ss:SSS'));
payload.put('ultima-actividad-estado','Procesando');
payload.put('payload',flowVars.tmpPayload);
]]></expression-component>
                            <flow-ref name="message-send-msg-to-topic-flow" doc:name="message-send-msg-to-topic-flow"/>
                        </processor-chain>
                    </enricher>
                    <expression-component doc:name="Save Key"><![CDATA[flowVars.sku = payload.dragonID;
flowVars.descripcion = payload.title;]]></expression-component>
                    <json:object-to-json-transformer doc:name="Object to JSON"/>

                    <logger message="PROCESS LAYER - Requerimiento enviado a SYSTEM LAYER  - para articulo: #[flowVars.articuloModificado.articulo.codigo] #[&quot;\n&quot;] #[payload]" level="INFO" category="com.acqua.utils.ConsolaShopify" doc:name="Logger CONSOLA"/>
                    <enricher target="#[flowVars.shopifyProduct]" doc:name="Message Enricher">
                        <processor-chain doc:name="Processor Chain">
                            <message-properties-transformer doc:name="Message Properties">
		                        <add-message-property key="content-type" value="application/json;charset=UTF-8"/>
		                        <add-message-property key="process" value="#[flowVars.metricCategory]"/>
		                        <add-message-property key="transactionId" value="#[flowVars.transactionId]"/>
		                        <add-message-property key="articuloDescripcion" value="#[flowVars.typeProcess == 'ARTICULO'?flowVars.articuloModificado.articulo.descripcion:flowVars.articuloModificado.articuloDescripcion]"/>
                    		</message-properties-transformer>
                            <http:request config-ref="SystemLayer_Request_Configuration" path="/shopify/put-articulo" method="PUT" doc:name="HTTP Actualizar Producto Shopify">
                                <http:success-status-code-validator values="200..599"/>
                            </http:request>
                            <set-variable variableName="validationErrorMessage" value="No se pudo obtener actualizar Producto en Shopify" doc:name="Set Error Message"/>
                            <logger message="PROCESS LAYER - FIN. Respuesta recibida De Shopify para el articulo #[flowVars.articuloModificado.articulo.codigo] Status #[message.inboundProperties[&quot;http.status&quot;]]#[&quot;\n&quot;] #[message.payloadAs(java.lang.String)]" level="INFO" category="com.acqua.utils.ConsolaShopify" doc:name="Logger CONSOLA"/>
                            <json:json-to-object-transformer returnClass="java.util.HashMap" doc:name="JSON to Object"/>
                            <enricher target="#[flowVars.statusQueue]" doc:name="Message Enricher">
                                    <processor-chain doc:name="Processor Chain">
                                        <expression-component doc:name="Expression"><![CDATA[flowVars.tmpPayload = payload;
payload = new java.util.HashMap();
payload.put('source','monitor-shopify');   
payload.put('thread',Thread.currentThread().getId());                     
payload.put('process',flowVars.metricCategory);
payload.put('transactionId',flowVars.transactionId);
payload.put('codigo',flowVars.sku);
payload.put('id',message.inboundProperties['http.status']==200?flowVars.tmpPayload.product.id:'0');
payload.put('descripcion',flowVars.descripcion);
payload.put('ultima-actividad-status',message.inboundProperties['http.status']);
payload.put('ultima-actividad-fecha',server.dateTime.format('yyyy/MM/dd HH:mm:ss:SSS'));
payload.put('ultima-actividad-estado','Procesado');
payload.put('payload',flowVars.tmpPayload);
]]></expression-component>
                                        <flow-ref name="message-send-msg-to-topic-flow" doc:name="message-send-msg-to-topic-flow"/>
                                    </processor-chain>
                                </enricher>
                            <validation:custom-validator config-ref="Validation_Configuration" message="#[flowVars.validationErrorMessage]" class="com.acqua.common.pl.validator.PLExternalRestfulValidator" doc:name="Validation"/>

                        </processor-chain>
                    </enricher>

                    <expression-component doc:name="Expression Save Message"><![CDATA[flowVars.responseValue = new java.util.HashMap();
flowVars.responseValue .put("status",200);
flowVars.responseValue .put("errorDetail","");
flowVars.responseValue .put("errorPayload","");


]]></expression-component>



                </processor-chain>

            </otherwise>
        </choice>
        <set-payload value="#[flowVars.responseValue]" doc:name="Set Payload"/>



        
    </flow>
    <flow name="shopify-articulo-transform-flow" processingStrategy="synchronous">
        <custom-transformer mimeType="application/json" class="com.acqua.transformer.ShopifyPutProductoTransformer" doc:name="Shopify Alta Producto Transformer">
            <spring:property name="tableLookup" ref="TableLookup"/>
            <spring:property name="shopifyListaPrecioBase" value="${shopify_lista_precio_base}"/>
            <spring:property name="shopifyListaPrecioDescuento" value="${shopify_lista_precio_descuento}"/>
        </custom-transformer>
        <catch-exception-strategy doc:name="Catch Exception Strategy">
            <logger message="PROCESS LAYER - Error: #[exception.message]" level="ERROR" category="com.acqua.base.ProcessLayer" doc:name="Logger CONSOLA"/>
            <set-variable variableName="errorMessage" value="#[exception.getCause().getMessage()]" doc:name="Set Error Message"/>
        </catch-exception-strategy>
    </flow>

    
</mule>


