<?xml version="1.0" encoding="UTF-8"?>

<mule xmlns:mulerequester="http://www.mulesoft.org/schema/mule/mulerequester" xmlns:file="http://www.mulesoft.org/schema/mule/file" xmlns:scripting="http://www.mulesoft.org/schema/mule/scripting" 
	xmlns:tracking="http://www.mulesoft.org/schema/mule/ee/tracking" xmlns:validation="http://www.mulesoft.org/schema/mule/validation"
	xmlns:http="http://www.mulesoft.org/schema/mule/http" xmlns:json="http://www.mulesoft.org/schema/mule/json"
	xmlns:jms="http://www.mulesoft.org/schema/mule/jms" xmlns="http://www.mulesoft.org/schema/mule/core"
	xmlns:doc="http://www.mulesoft.org/schema/mule/documentation"
	xmlns:spring="http://www.springframework.org/schema/beans" 
	xmlns:xsi="http://www.w3.org/2001/XMLSchema-instance"
	xsi:schemaLocation=" 
http://www.mulesoft.org/schema/mule/validation http://www.mulesoft.org/schema/mule/validation/current/mule-validation.xsd
http://www.mulesoft.org/schema/mule/http http://www.mulesoft.org/schema/mule/http/current/mule-http.xsd
http://www.mulesoft.org/schema/mule/json http://www.mulesoft.org/schema/mule/json/current/mule-json.xsd
http://www.mulesoft.org/schema/mule/jms http://www.mulesoft.org/schema/mule/jms/current/mule-jms.xsd
http://www.springframework.org/schema/beans http://www.springframework.org/schema/beans/spring-beans-current.xsd
http://www.mulesoft.org/schema/mule/core http://www.mulesoft.org/schema/mule/core/current/mule.xsd
http://www.mulesoft.org/schema/mule/ee/tracking http://www.mulesoft.org/schema/mule/ee/tracking/current/mule-tracking-ee.xsd
http://www.mulesoft.org/schema/mule/scripting http://www.mulesoft.org/schema/mule/scripting/current/mule-scripting.xsd
http://www.mulesoft.org/schema/mule/file http://www.mulesoft.org/schema/mule/file/current/mule-file.xsd
http://www.mulesoft.org/schema/mule/mulerequester http://www.mulesoft.org/schema/mule/mulerequester/current/mule-mulerequester.xsd">

	<flow name="shopify-webhooks-process-activemq-flow"
		
		initialState="started" processingStrategy="synchronous">

		<jms:inbound-endpoint connector-ref="Active_MQ"
			doc:name="JMS" queue="${activemq.queue.webhook}-shopify">
			<jms:transaction action="ALWAYS_BEGIN" />
		</jms:inbound-endpoint>

		<copy-properties propertyName="*" doc:name="Property" />

		<expression-component doc:name="Set Init Expressions"><![CDATA[flowVars.flowName=flow.name;
flowVars.apiName='WebHooks Shopify';
flowVars.errorCode=server.dateTime.format('yyyyMMddHHmmssSSS');
flowVars.metricCategory='WebHooks-Queue';
flowVars.sendMail=true;
flowVars.inbound=message.inboundProperties;]]></expression-component>
		<logger level="INFO" doc:name="Logger CONSOLA" category="com.acqua.utils.ConsolaWebHooks"
			message="#[&quot;-----------------------------------------------------------------------------------------&quot;]" />
		<logger
			message="PROCESS LAYER - INICIO - WebHook Recibido#[&quot;\n&quot;] #[message.payloadAs(java.lang.String)]"
			level="INFO" category="com.acqua.utils.ConsolaWebHooks" doc:name="Logger CONSOLA" />
		<json:json-to-object-transformer
			returnClass="java.util.HashMap" doc:name="JSON to Object" />
  
		<expression-component doc:name="Expression - Get Entidad/Accion"><![CDATA[flowVars.ecommerce=(message.inboundProperties.'ecommerce' == null? "":message.inboundProperties.'ecommerce');
flowVars.entidad=(message.inboundProperties.'entidad' == null? "":message.inboundProperties.'entidad');
flowVars.accion=(message.inboundProperties.'accion' == null? "":message.inboundProperties.'accion');
]]></expression-component>
        <set-variable variableName="currentPayload" value="#[payload]" doc:name="Save Payload"/>
        
        <enricher target="#[flowVars.statusQueue]" doc:name="Message Enricher - Save Object">
            <processor-chain doc:name="Processor Chain">
                <expression-component doc:name="Expression"><![CDATA[payload = new java.util.HashMap();
payload.put('source','webhook');
payload.put('persistir',true);  
payload.put('ecommerce',flowVars.ecommerce);  
payload.put('entidad',flowVars.entidad);
payload.put('accion',flowVars.accion);        
payload.put('thread',Thread.currentThread().getId());       
payload.put('transactionId',flowVars.transactionId);
payload.put('time',server.dateTime.format('yyyy/MM/dd HH:mm:ss:SSS'));
payload.put('orderId',flowVars.currentPayload.id);
payload.put('orderNo',flowVars.currentPayload.number);
payload.put('orderDragon',"");
payload.put('customerDragon',"");
payload.put('orderStatus',0); 
payload.put('orderMessage',"Procesando Webhook"); 
payload.put('orderPayload',flowVars.currentPayload); 
payload.put('notificar',false); 
]]></expression-component>
                <flow-ref name="message-send-msg-to-topic-flow" doc:name="message-send-msg-to-topic-flow"/>
            </processor-chain>
        </enricher>
        
		<logger
			message="PROCESS LAYER - INICIO - Procesando ECommerce: #[flowVars.ecommerce] Entidad: #[flowVars.entidad] Accion: #[flowVars.accion]"
			level="INFO" category="com.acqua.utils.ConsolaWebHooks" doc:name="Logger CONSOLA" />

		<flow-ref
			name="shopify-process-webhook-#[flowVars.entidad]-#[flowVars.accion]-flow"
			doc:name="shopify-process-webhook-ENTIDAD-flow" />

 		<enricher target="#[flowVars.statusQueue]" doc:name="Message Enricher - Save Object">
            <processor-chain doc:name="Processor Chain">
                <expression-component doc:name="Expression"><![CDATA[flowVars.tmpPayload=payload;
payload = new java.util.HashMap();
payload.put('source','webhook');
payload.put('persistir',true);  
payload.put('ecommerce',flowVars.ecommerce);  
payload.put('entidad',flowVars.entidad);
payload.put('accion',flowVars.accion);        
payload.put('thread',Thread.currentThread().getId());       
payload.put('time',server.dateTime.format('yyyy/MM/dd HH:mm:ss:SSS'));
payload.put('transactionId',flowVars.transactionId);
payload.put('orderId',flowVars.currentPayload.id);
payload.put('orderNo',flowVars.currentPayload.number);
payload.put('orderDragon',flowVars.orderDragon!=null?flowVars.orderDragon:"");
payload.put('customerDragon',(flowVars.currentCustomer!=null?flowVars.currentCustomer.codigo,""));
payload.put('orderStatus',message.outboundProperties['http.status']); 
payload.put('orderMessage', flowVars.orderMessage); 
payload.put('orderPayload',flowVars.tmpPayload); 
payload.put('notificar',true);]]></expression-component>
                <flow-ref name="message-send-msg-to-topic-flow" doc:name="message-send-msg-to-topic-flow"/>
            </processor-chain>
        </enricher>


		<rollback-exception-strategy doc:name="Rollback Exception Strategy"
			maxRedeliveryAttempts="${activemq.queue.maximumRedeliveries}"
			enableNotifications="false" logException="false">
			<logger message="Transaction Rollbacked - ECOMMERCE:" level="INFO"
				category="com.acqua.base.ProcessLayer" doc:name="Logger" />
			<logger doc:name="Rollback transaction" level="INFO"
				message="Entered rollback exception strategy. The message rolls back to its original state for reprocessing." />
			<on-redelivery-attempts-exceeded>
				<logger message="Transaction Exhausted #[message.inboundProperties.'entidad']/#[message.inboundProperties.'accion']/#[message.inboundProperties.'ecommerce']" level="INFO"
					category="com.acqua.base.ProcessLayer" doc:name="Logger" />
                <message-properties-transformer doc:name="Message Properties">
                    <add-message-property key="entidad" value="#[message.inboundProperties.'entidad']"/>
                    <add-message-property key="accion" value="#[message.inboundProperties.'accion']"/>
                    <add-message-property key="ecommerce" value="#[message.inboundProperties.'ecommerce']"/>
                </message-properties-transformer>

				<jms:outbound-endpoint queue="${activemq.queue.webhook}-shopify-pending"
					connector-ref="Active_MQ" doc:name="JMS" encoding="ISO-8859-1" responseTimeout="60000" mimeType="application/json"/>
			</on-redelivery-attempts-exceeded>
		</rollback-exception-strategy>


	</flow>
	
	<flow name="shopify-process-webhook-orders-create-flow"
		processingStrategy="synchronous">
 
			 
				<set-variable variableName="orderId" value=" #[payload.name]"
					doc:name="Save Order ID" />
					
			    <enricher target="#[flowVars.request]" doc:name="Message Enricher - Order">
                    <custom-transformer mimeType="application/json" class="com.acqua.transformer.ShopifyOrderTransformer" doc:name="Dragon Orden Transformer"/>
                </enricher>
        <enricher target="#[flowVars.statusQueue]" doc:name="Message Enricher - Save Object">
            <processor-chain doc:name="Processor Chain">
                <expression-component doc:name="Expression"><![CDATA[payload = new java.util.HashMap();
payload.put('source','webhook');
payload.put('persistir',true);  
payload.put('ecommerce',flowVars.ecommerce);  
payload.put('entidad',flowVars.entidad);
payload.put('accion',flowVars.accion);        
payload.put('thread',Thread.currentThread().getId());       
payload.put('transactionId',flowVars.transactionId);
payload.put('time',server.dateTime.format('yyyy/MM/dd HH:mm:ss:SSS'));
payload.put('orderId',flowVars.currentPayload.id);
payload.put('orderNo',flowVars.currentPayload.number);
payload.put('orderDragon',"");
payload.put('customerDragon',"");
payload.put('orderStatus',0); 
payload.put('orderMessage',"Webhook transformado"); 
payload.put('orderPayload',flowVars.request); 
payload.put('notificar',false); 
]]></expression-component>
                <flow-ref name="message-send-msg-to-topic-flow" doc:name="message-send-msg-to-topic-flow"/>
            </processor-chain>
        </enricher>
                <enricher target="#[flowVars.currentCustomer]" doc:name="Message Enricher">
                    <flow-ref name="shopify-process-webhook-customer-flow" doc:name="dragonfish-shopify-process-order-customer-flow"/>
                </enricher>
				<set-variable variableName="currentCustomer" value="#[payload]"
					doc:name="Save Current Customer" />
				<set-payload value="#[flowVars.currentPayload]"
					doc:name="Set Payload" />

				<choice doc:name="Choice">
					<when expression="#[flowVars.accion=='create']">
                        <set-payload value="#[flowVars.request.get(&quot;order&quot;)]" doc:name="Set Payload"/>
						<json:object-to-json-transformer
							doc:name="Object to JSON" encoding="UTF-8" mimeType="application/json" />
						<logger
							message="PROCESS LAYER - Request.  Dando de Alta del Pedido en Dragon:#[&quot;\n&quot;] #[message.payloadAs(java.lang.String)]"
							level="INFO" category="com.acqua.utils.ConsolaWebHooks" doc:name="Logger CONSOLA" />

						<http:request config-ref="DragonSL_Request_Configuration"
							path="order" method="PUT" doc:name="HTTP Add/Upd/Del Order">
							<http:request-builder>
                                <http:header headerName="content-type" value="application/json;charset=UTF-8"/>
							</http:request-builder>
							<http:success-status-code-validator
								values="200..599" />
						</http:request>
						<logger
							message="PROCESS LAYER - Response.  Alta de Pedido.  Status #[message.inboundProperties[&quot;http.status&quot;]]:#[&quot;\n&quot;] #[message.payloadAs(java.lang.String)]"
							level="INFO" category="com.acqua.utils.ConsolaWebHooks" doc:name="Logger CONSOLA" />
                <enricher target="#[flowVars.statusQueue]" doc:name="Message Enricher - Save Object">
                    <processor-chain doc:name="Processor Chain">
                        <json:json-to-object-transformer returnClass="java.util.HashMap" doc:name="JSON to Object"/>
                        <expression-component doc:name="Expression"><![CDATA[flowVars.tmpPayload=payload;
payload = new java.util.HashMap();
payload.put('source','webhook');
payload.put('persistir',true);  
payload.put('ecommerce',flowVars.ecommerce);  
payload.put('entidad',flowVars.entidad);
payload.put('accion',flowVars.accion);        
payload.put('thread',Thread.currentThread().getId());       
payload.put('transactionId',flowVars.transactionId);
payload.put('time',server.dateTime.format('yyyy/MM/dd HH:mm:ss:SSS'));
payload.put('orderId',flowVars.currentPayload.id);
payload.put('orderNo',flowVars.currentPayload.number);
payload.put('orderDragon',flowVars.tmpPayload.codigo);
payload.put('customerDragon',flowVars.tmpPayload.clienteEcom);
payload.put('orderStatus',message.inboundProperties["http.status"]);
payload.put('orderMessage',"Respuesta Orden Enviado a Dragon"); 
payload.put('orderPayload',flowVars.tmpPayload); 
payload.put('notificar',false); 
]]></expression-component>
                        <flow-ref name="message-send-msg-to-topic-flow" doc:name="message-send-msg-to-topic-flow"/>
                    </processor-chain>
                </enricher>

						<validation:custom-validator
							config-ref="Validation_Configuration" message="#[flowVars.validationErrorMessage]"
							class="com.acqua.common.pl.validator.PLExternalRestfulValidator"
							doc:name="Validation" />
						<expression-component doc:name="Expression Save Message"><![CDATA[flowVars.orderPayload=payload;]]></expression-component>
                <set-variable variableName="orderDragon" value="#[json:codigo]" doc:name="Variable Set Codigo"/>

						<set-property propertyName="http.status" value="#[200]"
							doc:name="Set http.status" />

					</when>
					<otherwise>

						<set-variable variableName="errorMessage"
							value="Accion #[flowVars.accion] invalida procesando order id: #[flowVars.orderId]"
							doc:name="Set Error Msg" />
						<logger message="PROCESS LAYER - Accion Invalida #[flowVars.errorMessage]"
							level="INFO" category="com.acqua.utils.ConsolaWebHooks" doc:name="Logger CONSOLA" />
						<validation:custom-validator
							config-ref="Validation_Configuration" message="Error Procesando WebHook de Creando Ordenes"
							class="com.acqua.common.pl.validator.PLCommonValidator" doc:name="Validation" />
					</otherwise>
				</choice>
 

		<choice-exception-strategy doc:name="Choice Exception Strategy">
			<catch-exception-strategy
				when="exception.causedBy(com.acqua.common.pl.exceptions.PLException)"
				doc:name="Catch Exception Strategy">
				<expression-component doc:name="Expression - Get Error Detail"><![CDATA[flowVars.circularException = exception.getCause(); 
	flowVars.ProcessLayerResponseError = flowVars.circularException.getProcessLayerResponseError();
	flowVars.responseValue = new java.util.HashMap();
	flowVars.responseValue .put("time",server.dateTime.format('yyyy/MM/dd HH:mm:ss:SSS'));
	flowVars.responseValue .put("Orden",flowVars.currentPayload.number);
	flowVars.responseValue .put("IdOrden",flowVars.currentPayload.id);
	flowVars.responseValue .put("estado",flowVars.ProcessLayerResponseError.getErrors().getHttpStatus());
	flowVars.responseValue .put("descripcionEstado",flowVars.ProcessLayerResponseError.getErrors().getErrorMessage());

]]></expression-component>
                <expression-component doc:name="Expression"><![CDATA[flowVars.orderPayload=payload;
flowVars.orderMessage=flowVars.ProcessLayerResponseError.getErrors().getErrorMessage();
flowVars.orderDragon="";]]></expression-component>

				<set-payload value="#[flowVars.responseValue]" doc:name="Set Payload" />

				<logger
					message="PROCESS LAYER - ERROR - Error procesando Orden  flowVars.currentPayload.order_number en Woo. Error: #[flowVars.responseValue.get(&quot;estado&quot;) + &quot; - &quot; + flowVars.responseValue.get(&quot;descripcionEstado&quot;)] #[&quot;\n&quot;] #[payload]"
					level="INFO" category="com.acqua.utils.ConsolaWebHooks" doc:name="Logger CONSOLA" />
 
                <set-property propertyName="http.status" value="#[flowVars.responseValue .get(&quot;estado&quot;)]" doc:name="http.status"/>

			</catch-exception-strategy>
            <catch-exception-strategy doc:name="Catch Exception Strategy">
                <expression-component doc:name="Expression - Get Error Detail"><![CDATA[flowVars.responseValue = new java.util.HashMap();
flowVars.responseValue .put("time",server.dateTime.format('yyyy/MM/dd HH:mm:ss:SSS'));
flowVars.responseValue .put("Orden",flowVars.currentPayload.number);
flowVars.responseValue .put("IdOrden",flowVars.currentPayload.id);
flowVars.responseValue .put("estado",400);
flowVars.responseValue .put("descripcionEstado",exception.getCause().getMessage());]]></expression-component>
        <expression-component doc:name="Expression"><![CDATA[flowVars.orderPayload=payload;
flowVars.orderMessage=exception.getCause().getMessage();
flowVars.orderDragon="";]]></expression-component>
        <set-payload value="#[flowVars.responseValue]" doc:name="Set Payload"/>
        <logger message="PROCESS LAYER - ERROR - Error procesando Orden  flowVars.currentPayload.order_number en Woo. Error: #[flowVars.responseValue.get(&quot;estado&quot;) + &quot; - &quot; + flowVars.responseValue.get(&quot;descripcionEstado&quot;)] #[&quot;\n&quot;] #[payload]" level="INFO" category="com.acqua.utils.ConsolaWebHooks" doc:name="Logger CONSOLA"/>
         
        <set-property propertyName="http.status" value="#[flowVars.responseValue .get(&quot;estado&quot;)]" doc:name="http.status"/>

            </catch-exception-strategy>
			 
		</choice-exception-strategy>

	</flow>
    <flow name="shopify-process-webhook-orders-updated-flow">
        <logger message="Transaction Updated - ECOMMERCE:" level="INFO" category="com.acqua.base.ProcessLayer" doc:name="Copy_of_Logger"/>
    </flow>

	<flow name="shopify-process-order-create-request-flow"
		processingStrategy="synchronous">
		<expression-component doc:name="Expression - Prepare Request Header"><![CDATA[flowVars.request = new java.util.HashMap();
flowVars.request.put("action",flowVars.accion);
flowVars.request.put("numeroOrden",payload.order_number); 
flowVars.request.put("clienteEcommerceDragon",org.apache.commons.lang3.StringUtils.substring(payload.customer.id,(org.apache.commons.lang.StringUtils.length(payload.customer.id) - 10))); 
flowVars.request.put("datosEnvio",payload.shipping_lines[0].title); 
flowVars.request.put("datosPago",payload.gateway); 
flowVars.request.put("pagado",false);  
flowVars.request.put("idOperacion",Long.toString(payload.id));
flowVars.request.put("fechaOperacion",payload.updated_at); 
flowVars.request.put("observacion",payload.order_status_url); 
flowVars.request.put("total",Double.parseDouble(payload.total_price));
flowVars.requestLine = new java.util.ArrayList();
flowVars.request.LineSeq = 0;
]]></expression-component>
		<foreach collection="#[payload.line_items]" doc:name="For Each - Line">
			<expression-component doc:name="Expression - Prepare Request Line"><![CDATA[flowVars.request.LineSeq=flowVars.request.LineSeq+1;
flowVars.requestDetailLine = new java.util.HashMap();
flowVars.requestDetailLine.put("idLinea",Long.toString(payload.id)); 
flowVars.requestDetailLine.put("idProducto",Long.toString(payload.variant_id)); 
flowVars.requestDetailLine.put("descripcionProductoEcommerce",payload.title); 
flowVars.requestDetailLine.put("idArticuloDragon",payload.sku); 
flowVars.requestDetailLine.put("descripcionProducto",payload.name); 
flowVars.requestDetailLine.put("codigoColor",""); 
flowVars.requestDetailLine.put("descripcionColor",""); 
flowVars.requestDetailLine.put("codigoTalle",""); 
flowVars.requestDetailLine.put("cantidadSolicitada",payload.quantity); 
flowVars.requestDetailLine.put("precioProducto",Double.parseDouble(payload.price)); 
flowVars.requestDetailLine.put("montoTotalLinea",((java.lang.Double.parseDouble(payload.price) + java.lang.Double.parseDouble(payload.tax_lines[0].price)) * java.lang.Integer.parseInt(payload.quantity)) - java.lang.Double.parseDouble(payload.total_discount)); 
flowVars.requestDetailLine.put("nroDeLinea",flowVars.request.LineSeq); 
flowVars.requestLine.add(flowVars.requestDetailLine);]]></expression-component>
		</foreach>
		<expression-component doc:name="Expression - Add Details to Request"><![CDATA[flowVars.request.put("detalleDeLaOrden",flowVars.requestLine);]]></expression-component>
	</flow>
	
	<flow name="shopify-process-webhook-customer-flow"
		processingStrategy="synchronous">

		<set-payload value="#[flowVars.request.get(&quot;customer&quot;)]" doc:name="Set Payload" />
		
		<json:object-to-json-transformer
			doc:name="Object to JSON" encoding="UTF-8" mimeType="application/json" />
			
		<logger
			message="PROCESS LAYER - Request.  Dando de Alta del Cliente en Dragon:#[&quot;\n&quot;] #[message.payloadAs(java.lang.String)]"
			level="INFO" category="com.acqua.utils.ConsolaWebHooks" doc:name="Logger CONSOLA" />

		<http:request config-ref="DragonSL_Request_Configuration"
			path="put-customerecommerce" method="PUT"
			doc:name="HTTP Add/Upd/Del Cliente ECommerce">
			<http:request-builder>
				<http:header headerName="content-type" value="application/json;charset=UTF-8" />
			</http:request-builder>
			<http:success-status-code-validator
				values="200..599" />
		</http:request>
		<logger
			message="PROCESS LAYER - Response.  Alta de Cliente.  Status #[message.inboundProperties[&quot;http.status&quot;]]:#[&quot;\n&quot;] #[message.payloadAs(java.lang.String)]"
			level="INFO" category="com.acqua.utils.ConsolaWebHooks" doc:name="Logger CONSOLA" />

		<validation:custom-validator config-ref="Validation_Configuration"
			message="#[flowVars.validationErrorMessage]" class="com.acqua.common.pl.validator.PLExternalRestfulValidator"
			doc:name="Validation" />
		<json:json-to-object-transformer
			doc:name="JSON to Object" />
			
		<enricher target="#[flowVars.statusQueue]" doc:name="Message Enricher - Save Object">
            <processor-chain doc:name="Processor Chain">
                <expression-component doc:name="Expression"><![CDATA[flowVars.tmpPayload=payload;
payload = new java.util.HashMap();
payload.put('source','webhook');
payload.put('persistir',true);  
payload.put('ecommerce',flowVars.ecommerce);  
payload.put('entidad',flowVars.entidad);
payload.put('accion',flowVars.accion);        
payload.put('thread',Thread.currentThread().getId());       
payload.put('transactionId',flowVars.transactionId);
payload.put('time',server.dateTime.format('yyyy/MM/dd HH:mm:ss:SSS'));
payload.put('orderId',flowVars.currentPayload.id);
payload.put('orderNo',flowVars.currentPayload.number);
payload.put('orderDragon',"");
payload.put('customerDragon',flowVars.tmpPayload.codigo);
payload.put('orderStatus',message.inboundProperties["http.status"]); 
payload.put('orderMessage',"Respuesta Cliente Enviado a Dragon"); 
payload.put('orderPayload',flowVars.tmpPayload); 
payload.put('notificar',false); 
]]></expression-component>
                <flow-ref name="message-send-msg-to-topic-flow" doc:name="message-send-msg-to-topic-flow"/>
            </processor-chain>
        </enricher>
			
		<catch-exception-strategy doc:name="Catch Exception Strategy">
            <logger message="PROCESS LAYER - Error Response. #[exception.message]" level="INFO" category="com.acqua.utils.ConsolaWebHooks" doc:name="Logger"/>
            <expression-component doc:name="Expression"><![CDATA[payload  = new java.util.HashMap();
payload.put("errorMessage",exception.message);]]></expression-component>
        </catch-exception-strategy>
        
	</flow>
    
    <flow name="shopify-webhooks-start-re-process-activemq-flow" processingStrategy="synchronous">
       
        <logger message="Reprocessing Webhooks" level="INFO" category="com.acqua.base.ProcessLayer" doc:name="Logger"/>
        
        <mulerequester:request-collection
			resource="jms://${activemq.queue.webhook}-shopify-pending"
			doc:name="Mule Requester - Get JMS" />
			
		<foreach doc:name="For Each">
		
			<copy-properties propertyName="*" doc:name="Property" />
			
			<expression-component doc:name="Expression - Set Properties"><![CDATA[flowVars.ecommerce=(message.inboundProperties.'ecommerce' == null? "":message.inboundProperties.'ecommerce');
flowVars.entidad=(message.inboundProperties.'entidad' == null? "":message.inboundProperties.'entidad');
flowVars.accion=(message.inboundProperties.'accion' == null? "":message.inboundProperties.'accion');
]]></expression-component>
        <logger message="Reprocessing:  #[flowVars.ecommerce]  #[flowVars.entidad]  #[flowVars.accion] " level="INFO" category="com.acqua.base.ProcessLayer" doc:name="Logger"/>
				<message-properties-transformer
					overwrite="true" doc:name="Message Properties">
					<add-message-property key="entidad" value="#[flowVars.entidad]" />
					<add-message-property key="accion" value="#[flowVars.accion]" />
		            <add-message-property key="ecommerce" value="#[flowVars.ecommerce]"/>
				</message-properties-transformer>
				<jms:outbound-endpoint queue="${activemq.queue.webhook}-shopify"
					connector-ref="Active_MQ" doc:name="JMS" responseTimeout="60000" encoding="ISO-8859-1" mimeType="application/json"/>
					
		</foreach>
       			
        <logger message="Reprocessing Webhooks DONE" level="INFO" category="com.acqua.base.ProcessLayer" doc:name="Logger"/>
        
    </flow>
	 
</mule>
