<?xml version="1.0" encoding="UTF-8"?>

<mule xmlns:scripting="http://www.mulesoft.org/schema/mule/scripting"
	xmlns:schedulers="http://www.mulesoft.org/schema/mule/schedulers" xmlns:validation="http://www.mulesoft.org/schema/mule/validation"
	xmlns:acquait-metrics="http://www.mulesoft.org/schema/mule/acquait-metrics"
	xmlns:http="http://www.mulesoft.org/schema/mule/http" xmlns:mule-ss="http://www.mulesoft.org/schema/mule/spring-security"
	xmlns:dragonfish="http://www.mulesoft.org/schema/mule/dragonfish" 
	xmlns:json="http://www.mulesoft.org/schema/mule/json" xmlns:tracking="http://www.mulesoft.org/schema/mule/ee/tracking"
	xmlns="http://www.mulesoft.org/schema/mule/core" xmlns:doc="http://www.mulesoft.org/schema/mule/documentation"
	xmlns:spring="http://www.springframework.org/schema/beans" xmlns:xsi="http://www.w3.org/2001/XMLSchema-instance"
	xsi:schemaLocation="http://www.mulesoft.org/schema/mule/scripting http://www.mulesoft.org/schema/mule/scripting/current/mule-scripting.xsd
http://www.mulesoft.org/schema/mule/validation http://www.mulesoft.org/schema/mule/validation/current/mule-validation.xsd
http://www.mulesoft.org/schema/mule/acquait-metrics http://www.mulesoft.org/schema/mule/acquait-metrics/current/mule-acquait-metrics.xsd
http://www.mulesoft.org/schema/mule/http http://www.mulesoft.org/schema/mule/http/current/mule-http.xsd
http://www.mulesoft.org/schema/mule/spring-security http://www.mulesoft.org/schema/mule/spring-security/current/mule-spring-security.xsd
http://www.mulesoft.org/schema/mule/dragonfish http://www.mulesoft.org/schema/mule/dragonfish/current/mule-dragonfish.xsd
http://www.mulesoft.org/schema/mule/json http://www.mulesoft.org/schema/mule/json/current/mule-json.xsd
http://www.springframework.org/schema/beans http://www.springframework.org/schema/beans/spring-beans-current.xsd
http://www.mulesoft.org/schema/mule/core http://www.mulesoft.org/schema/mule/core/current/mule.xsd
http://www.mulesoft.org/schema/mule/ee/tracking http://www.mulesoft.org/schema/mule/ee/tracking/current/mule-tracking-ee.xsd
http://www.mulesoft.org/schema/mule/schedulers http://www.mulesoft.org/schema/mule/schedulers/current/mule-schedulers.xsd">
   
    <expression-filter expression="#[flowVars.generateMetric]" name="Expression" doc:name="Expression"/>

	<flow name="status-flow" processingStrategy="synchronous">
        <logger message="#[&quot;-----------------------------------------------------------------------------------------&quot;]" level="INFO" category="com.acqua.utils.ConsolaStatus" doc:name="Logger CONSOLA INICIO"/>
		<expression-component doc:name="Set Init Expressions"><![CDATA[flowVars.flowName=flow.name;
flowVars.apiName=message.inboundProperties.'http.request.uri';
flowVars.errorCode=server.dateTime.format('yyyyMMddHHmmssSSS');
flowVars.metricCategory=com.acqua.util.DragonProcessUtil.crearCategoriaDeMetrics(message.inboundProperties); 
flowVars.sendMail=true;]]></expression-component>

		<http:basic-security-filter realm="mule-realm" />

		<mule-ss:authorization-filter
			requiredAuthorities="ROLE_USER" />


		<flow-ref name="get-status-endpoints-flow" doc:name="get-status-endpoints-flow" />

		<set-payload value="#[flowVars.returnValue]" mimeType="application/json"
			doc:name="Set Payload" />
			
		<json:object-to-json-transformer
			doc:name="Object to JSON" mimeType="application/json"/>


		<exception-strategy ref="Process_Layer_Generic_Exception_Strategy"
			doc:name="Reference Exception Strategy" />

	</flow>
    
    <flow name="poll-status-endpoints-flow" processingStrategy="synchronous" initialState="started">
        <poll doc:name="Poll">
            <schedulers:cron-scheduler expression="${cron_status}"/>
            <logger message="#[&quot;-----------------------------------------------------------------------------------------&quot;]" level="INFO" category="com.acqua.utils.ConsolaStatus" doc:name="Logger CONSOLA INICIO"/>
        </poll>
        <expression-component doc:name="Set Init Expressions"><![CDATA[flowVars.flowName=flow.name;
flowVars.apiName=message.inboundProperties.'http.request.uri';
flowVars.errorCode=server.dateTime.format('yyyyMMddHHmmssSSS');
flowVars.metricCategory='check-status';
flowVars.sendMail=true;
 ]]></expression-component>
 		
 		<set-variable variableName="currentTime" value="#[server.dateTime.format('HH:mm:ss')]" doc:name="Set Current Time"/>
        
        <filter ref="Bean" doc:name="Filter Reference"/>
        
        <set-variable variableName="activar" value="${cron_status_activar}" doc:name="Set Activar"/>
       
        <choice doc:name="Choice">
            <when expression="#[flowVars.activar == 'Y']">
                <flow-ref name="get-status-endpoints-flow" doc:name="get-status-endpoints-flow"/>
            </when>
            <otherwise>
                <logger message="PROCESS LAYER - Control de Status Automatico desactivado" level="INFO" category="com.acqua.utils.ConsolaStatus" doc:name="Logger"/>
            </otherwise>
        </choice>

    </flow>

	<flow name="get-status-endpoints-flow" processingStrategy="synchronous">
		
		<acquait-metrics:inc-count
			config-ref="AcquaIT_Metrics__AcquaIT_Metric_Connector_Configuration"
			category="#[flowVars.metricCategory]" doc:name="Metrics Count Request">
			<acquait-metrics:metric-keys>
				<acquait-metrics:metric-key>#[flowVars.metricCategory]-Request</acquait-metrics:metric-key>
			</acquait-metrics:metric-keys>
		</acquait-metrics:inc-count>
       
        <acquait-metrics:snap-time config-ref="AcquaIT_Metrics__AcquaIT_Metric_Connector_Configuration" snapTimeKey="begin_snap" doc:name="Metrics Begin Snap"/>
       
        <expression-component doc:name="Init Variables"><![CDATA[flowVars.returnValue = new java.util.HashMap();
flowVars.dragonStatus = new java.util.HashMap();
flowVars.shopifyStatus = new java.util.HashMap();
flowVars.activeMQStatus = new java.util.HashMap();
flowVars.statusECommerces= new java.util.HashMap();
flowVars.eCommerceStatusError = false;]]></expression-component>
 
        <flow-ref name="status-get-endpoints-status-flow" doc:name="status-get-endpoints-status-flow"/>

		<expression-component doc:name="Prepare Response"><![CDATA[flowVars.returnValue.put("VersionMirrit","${process_layer_version}");
flowVars.returnValue.put("DragonFish",flowVars.dragonStatus);
flowVars.returnValue.putAll(flowVars.statusECommerces);
flowVars.returnValue.put("ActiveMQ",flowVars.activeMQStatus);
]]></expression-component>
		<acquait-metrics:snap-time
			config-ref="AcquaIT_Metrics__AcquaIT_Metric_Connector_Configuration"
			snapTimeKey="end_snap" doc:name="Metrics End Snap" />
		<acquait-metrics:time
			config-ref="AcquaIT_Metrics__AcquaIT_Metric_Connector_Configuration"
			beginSnapKey="begin_snap" category="#[flowVars.metricCategory]"
			endSnapKey="end_snap"
			metricKey="#[flowVars.metricCategory + (message.outboundProperties[&quot;http.status&quot;]!=200?((message.outboundProperties[&quot;http.status&quot;]==510)?&quot;-Error-Response&quot;:((message.outboundProperties[&quot;http.status&quot;]==401)?&quot;-Unauthorized&quot;:&quot;-Invalid-Response&quot;)):&quot;-Valid-Response&quot;)]"
			doc:name="Metrics Record Full Request" />
        <exception-strategy ref="Process_Layer_Generic_Exception_Strategy" doc:name="Reference Exception Strategy"/>

	</flow>
	
    <flow name="status-get-endpoints-status-flow" processingStrategy="synchronous">
    
    	<enricher target="#[flowVars.ecommerces]" doc:name="Message Enricher">
            <invoke object-ref="DragonCommonPrjUtil" method="getEcommerces" doc:name="Get E-commerces"/>
        </enricher>
        
        <enricher target="#[flowVars.dragonStatus]" doc:name="Message Enricher">
            <flow-ref name="status-get-dragon-status-flow" doc:name="status-get-dragon-status-flow"/>
        </enricher>
         
        <foreach collection="#[flowVars.ecommerces]" doc:name="For Each">
                <set-variable variableName="eCommerce" value="#[payload]" doc:name="Variable - Set ECommerce"/>
                <flow-ref name="endpoint-get-status-flow" doc:name="endpoint-get-status-flow"/>
                <expression-component doc:name="Expression - Add Image"><![CDATA[flowVars.statusECommerces.put(flowVars.eCommerce, payload);]]></expression-component>
            <set-variable variableName="eCommerceStatusError" value="#[(payload.containsKey('flagOK') &amp;&amp; !flowVars.eCommerceStatusError)?false:true]" doc:name="Variable"/>
        </foreach>
        
        <enricher target="#[flowVars.activeMQStatus]" doc:name="Message Enricher">
            <flow-ref name="status-get-activemq-status-flow" doc:name="status-get-activemq-status-flow"/>
        </enricher>
        
        <choice doc:name="Choice">
            <when expression="#[flowVars.dragonStatus.?flagDragonOK==true &amp;&amp; !eCommerceStatusError &amp;&amp; flowVars.activeMQStatus.?flagActiveMQOK==true]">
                <set-property propertyName="http.status" value="#[200]" doc:name="Set http.status OK"/>
                <logger message="PROCESS LAYER - FIN Se ha procesado correctamente." level="INFO" category="com.acqua.utils.ConsolaStatus" doc:name="Logger CONSOLA"/>
                <flow-ref name="status-start-queues-flow" doc:name="status-start-queues-flow"/>
            </when>
            <otherwise>
                <set-property propertyName="http.status" value="#[500]" doc:name="Set http.status ERROR"/>
                <logger message="PROCESS LAYER - FIN Se ha procesado con ERROR" level="INFO" category="com.acqua.utils.ConsolaStatus" doc:name="Logger CONSOLA"/>
                <flow-ref name="status-stop-queues-flow" doc:name="status-stop-queues-flow"/>
            </otherwise>
        </choice>

        <exception-strategy ref="Process_Layer_Generic_Exception_Strategy" doc:name="Reference Exception Strategy"/>
    
    </flow>

	<flow name="status-get-dragon-status-flow" processingStrategy="synchronous">
	
        <processor-chain doc:name="Processor Chain">
            <logger message="PROCESS LAYER - Obteniendo estado de Dragon..." level="INFO" category="com.acqua.utils.ConsolaStatus" doc:name="Logger CONSOLA"/>
            <http:request config-ref="DragonSL_Request_Configuration" path="status" method="GET" doc:name="HTTP Get Status">
                <http:success-status-code-validator values="200..599"/>
            </http:request>
           	<logger message="PROCESS LAYER - Respuesta recibida de Dragon: Status #[message.inboundProperties[&quot;http.status&quot;]]#[&quot;\n&quot;] #[message.payloadAs(java.lang.String)]" level="INFO" category="com.acqua.utils.ConsolaStatus" doc:name="Logger CONSOLA"/>
            <set-variable variableName="validationErrorMessage" value="No se pudo obtener el estado de Dragon" doc:name="Set Error Message"/>
            <validation:custom-validator config-ref="Validation_Configuration" message="#[flowVars.validationErrorMessage]" class="com.acqua.common.pl.validator.PLExternalRestfulValidator" doc:name="Validation"/>
            <json:json-to-object-transformer returnClass="java.util.HashMap" doc:name="JSON to Object"/>
        </processor-chain>
        
        <expression-component doc:name="Set flagDragonOK"><![CDATA[payload.put("flagDragonOK",true);]]></expression-component>

        <exception-strategy ref="Process_Layer_Generic_Exception_Strategy" doc:name="Reference Exception Strategy"/>

	</flow>

	
    <flow name="endpoint-get-status-flow" processingStrategy="synchronous">
    
        <processor-chain doc:name="Processor Chain">
    
            <logger message="PROCESS LAYER - Obteniendo estado de #[flowVars.eCommerce]..." level="INFO" category="com.acqua.utils.ConsolaStatus" doc:name="Logger CONSOLA"/>
    
            <http:request config-ref="SystemLayer_Request_Configuration" path="/#[flowVars.eCommerce]/status" method="GET" doc:name="HTTP Get Status">
                <http:success-status-code-validator values="200..599"/>
            </http:request>
    
            <logger message="PROCESS LAYER - Respuesta recibida de #[flowVars.eCommerce]: Status #[message.inboundProperties[&quot;http.status&quot;]]#[&quot;\n&quot;] #[message.payloadAs(java.lang.String)]" level="INFO" category="com.acqua.utils.ConsolaStatus" doc:name="Logger CONSOLA"/>
    
            <set-variable variableName="validationErrorMessage" value="No se pudo obtener el estado de Dragon" doc:name="Set Error Message"/>
    
            <validation:custom-validator config-ref="Validation_Configuration" message="#[flowVars.validationErrorMessage]" class="com.acqua.common.pl.validator.PLExternalRestfulValidator" doc:name="Validation"/>
    
            <json:json-to-object-transformer returnClass="java.util.HashMap" doc:name="JSON to Object"/>
    
        </processor-chain>
    
        <expression-component doc:name="Set flagShopifyOK"><![CDATA[payload.put("flagOK",true);]]></expression-component>
    
        <exception-strategy ref="Process_Layer_Generic_Exception_Strategy" doc:name="Reference Exception Strategy"/>
    
    </flow>

	<flow name="status-start-queues-flow" processingStrategy="synchronous">
		
		<enricher target="#[flowVars.flows]" doc:name="Message Enricher">
		
			<invoke object-ref="DragonCommonPrjUtil" method="getFlows" doc:name="Get E-commerces" />

		</enricher>

		<foreach collection="#[flowVars.flows]" doc:name="For Each">
            <logger message="Starting Flow #[payload]" level="INFO" category="com.acqua.utils.ConsolaStatus" doc:name="Logger"/>
	
			<scripting:component doc:name="process-pending-msg-flow">
				<scripting:script engine="groovy"><![CDATA[
	if(!muleContext.registry.lookupFlowConstruct(payload).isStarted())
	{
	     muleContext.registry.lookupFlowConstruct(payload).start()
	}]]>
				</scripting:script>
			</scripting:component>
	
		</foreach>
	
		 
	</flow>

	<flow name="status-stop-queues-flow" processingStrategy="synchronous">
	
		<enricher target="#[flowVars.flows]" doc:name="Message Enricher">
		
			<invoke object-ref="DragonCommonPrjUtil" method="getFlows" doc:name="Get E-commerces" />

		</enricher>

		<foreach collection="#[flowVars.flows]" doc:name="For Each">
            <logger message="Stoping Flow #&quot;#[payload]" level="INFO" category="com.acqua.utils.ConsolaStatus" doc:name="Logger"/>
	
			<scripting:component doc:name="process-pending-msg-flow">
				<scripting:script engine="groovy"><![CDATA[
	if(muleContext.registry.lookupFlowConstruct(payload).isStarted())
	{
	     muleContext.registry.lookupFlowConstruct(payload).stop()
	}]]>
				</scripting:script>
			</scripting:component>
	
		</foreach>
		 
	</flow>
	
</mule>
