<?xml version="1.0" encoding="UTF-8"?>

<mule xmlns:mule-ss="http://www.mulesoft.org/schema/mule/spring-security"
	xmlns:mulerequester="http://www.mulesoft.org/schema/mule/mulerequester"
	xmlns:jms="http://www.mulesoft.org/schema/mule/jms"
	xmlns:validation="http://www.mulesoft.org/schema/mule/validation"
	
	xmlns:json="http://www.mulesoft.org/schema/mule/json" xmlns:tracking="http://www.mulesoft.org/schema/mule/ee/tracking"
	xmlns:tls="http://www.mulesoft.org/schema/mule/tls" xmlns:http="http://www.mulesoft.org/schema/mule/http"
	xmlns="http://www.mulesoft.org/schema/mule/core" xmlns:doc="http://www.mulesoft.org/schema/mule/documentation"
	xmlns:spring="http://www.springframework.org/schema/beans" xmlns:xsi="http://www.w3.org/2001/XMLSchema-instance"
	xsi:schemaLocation="http://www.mulesoft.org/schema/mule/spring-security http://www.mulesoft.org/schema/mule/spring-security/current/mule-spring-security.xsd
http://www.mulesoft.org/schema/mule/mulerequester http://www.mulesoft.org/schema/mule/mulerequester/current/mule-mulerequester.xsd
http://www.mulesoft.org/schema/mule/validation http://www.mulesoft.org/schema/mule/validation/current/mule-validation.xsd
 
http://www.mulesoft.org/schema/mule/tls http://www.mulesoft.org/schema/mule/tls/current/mule-tls.xsd
http://www.springframework.org/schema/beans http://www.springframework.org/schema/beans/spring-beans-current.xsd
http://www.mulesoft.org/schema/mule/core http://www.mulesoft.org/schema/mule/core/current/mule.xsd
http://www.mulesoft.org/schema/mule/http http://www.mulesoft.org/schema/mule/http/current/mule-http.xsd
http://www.mulesoft.org/schema/mule/json http://www.mulesoft.org/schema/mule/json/current/mule-json.xsd
http://www.mulesoft.org/schema/mule/ee/tracking http://www.mulesoft.org/schema/mule/ee/tracking/current/mule-tracking-ee.xsd
http://www.mulesoft.org/schema/mule/jms http://www.mulesoft.org/schema/mule/jms/current/mule-jms.xsd">
    
    <expression-filter expression="#[flowVars.validJsonPayload.isEmpty() == false]" name="ExpressionValidJsonPayload" doc:name="Expression"/>
   
	<flow name="dragonfish-webhooks-activemq-flow" initialState="started">
		<expression-component doc:name="Set Init Expressions"><![CDATA[flowVars.flowName=flow.name;
flowVars.apiName='WebHooks Shopify';
flowVars.errorCode=server.dateTime.format('yyyyMMddHHmmssSSS');
flowVars.metricCategory='Shopify-WebHooks';
flowVars.sendMail=true;
flowVars.transactionId=server.dateTime.format('yyyyMMddHHmmssSSS');
]]></expression-component>
		<expression-component doc:name="Expression - Get Entidad/Accion"><![CDATA[flowVars.ecommerce=(message.inboundProperties.'http.uri.params'.ecommerce == null? "":message.inboundProperties.'http.uri.params'.ecommerce);
flowVars.entidad=(message.inboundProperties.'http.uri.params'.entidad == null? "":message.inboundProperties.'http.uri.params'.entidad);
flowVars.accion=(message.inboundProperties.'http.uri.params'.accion == null? "":message.inboundProperties.'http.uri.params'.accion);]]></expression-component>

		<byte-array-to-string-transformer
			doc:name="Byte Array to String" encoding="UTF-8" mimeType="application/json"/>
        <enricher target="#[flowVars.validJsonPayload]" doc:name="Message Enricher">
            <flow-ref name="dragonfish-webhooks-activemq-validate-pyaload-flow" doc:name="dragonfish-webhooks-activemq-validate-pyaload-flow"/>
        </enricher>
        <filter ref="ExpressionValidJsonPayload" doc:name="Filter - Only JSON"/>
        <enricher target="#[flowVars.statusQueue]" doc:name="Message Enricher">
            <processor-chain doc:name="Processor Chain">
                <expression-component doc:name="Expression"><![CDATA[payload = new java.util.HashMap();
payload.put('source','webhook');
payload.put('persistir',true);  
payload.put('ecommerce',flowVars.ecommerce);  
payload.put('entidad',flowVars.entidad);
payload.put('accion',flowVars.accion);        
payload.put('thread',Thread.currentThread().getId());       
payload.put('time',server.dateTime.format('yyyy/MM/dd HH:mm:ss:SSS'));
payload.put('transactionId',flowVars.transactionId);
if(flowVars.ecommerce=='woo')
{
    	payload.put('orderId',flowVars.validJsonPayload.id);
		payload.put('orderNo',flowVars.validJsonPayload.number);
} else
{
		payload.put('orderId',0);
		payload.put('orderNo',0);
}
payload.put('orderDragon',"");
payload.put('orderStatus',0); 
payload.put('orderMessage',"Webhook recibido"); 
payload.put('orderPayload',flowVars.validJsonPayload); 
payload.put('notificar',false); 


 
]]></expression-component>
                <flow-ref name="message-send-msg-to-topic-flow" doc:name="message-send-msg-to-topic-flow"/>
            </processor-chain>
        </enricher>

		<logger message="Webhook recibido #[payload]" level="INFO"
			category="com.acqua.base.ProcessLayer" doc:name="Logger" />
		<message-properties-transformer
			overwrite="true" doc:name="Message Properties">
			<add-message-property key="entidad" value="#[flowVars.entidad]" />
			<add-message-property key="accion" value="#[flowVars.accion]" />
            <add-message-property key="ecommerce" value="#[flowVars.ecommerce]"/>
            <add-message-property key="transactionId" value="#[flowVars.transactionId]"/>
		</message-properties-transformer>
		<jms:outbound-endpoint queue="${activemq.queue.webhook}-#[flowVars.ecommerce]"
			connector-ref="Active_MQ" responseTimeout="60000" doc:name="JMS" encoding="ISO-8859-1" mimeType="application/json"/>
		<exception-strategy ref="Process_Layer_Generic_Exception_Strategy"
			doc:name="Reference Exception Strategy" />
	</flow>
    <flow name="dragonfish-webhooks-activemq-validate-pyaload-flow" processingStrategy="synchronous">
        <json:json-to-object-transformer returnClass="java.util.HashMap" doc:name="JSON to Object"/>
        <catch-exception-strategy doc:name="Catch Exception Strategy" enableNotifications="false" logException="false">
            <expression-component doc:name="Expression"><![CDATA[payload = new java.util.HashMap();]]></expression-component>
        </catch-exception-strategy>
    </flow>
	 
	<flow name="dragonfish-webhooks-reprocess-flow" processingStrategy="synchronous">
        <logger message="#[&quot;-----------------------------------------------------------------------------------------&quot;]" level="INFO" category="com.acqua.utils.ConsolaStatus" doc:name="Logger CONSOLA INICIO"/>
		<expression-component doc:name="Set Init Expressions"><![CDATA[flowVars.flowName=flow.name;
flowVars.apiName=message.inboundProperties.'http.request.uri';
flowVars.errorCode=server.dateTime.format('yyyyMMddHHmmssSSS');
flowVars.metricCategory=com.acqua.util.DragonProcessUtil.crearCategoriaDeMetrics(message.inboundProperties); 
flowVars.sendMail=true;]]></expression-component>

		<http:basic-security-filter realm="mule-realm" />

		<mule-ss:authorization-filter
			requiredAuthorities="ROLE_USER" />
 
		<flow-ref name="dragonfish-webhooks-reprocess-main-flow" doc:name="dragonfish-webhooks-reprocess-main-flow" />

		<set-payload value="{}" mimeType="application/json"
			doc:name="Set Payload" />
 
		<exception-strategy ref="Process_Layer_Generic_Exception_Strategy"
			doc:name="Reference Exception Strategy" />

	</flow>
	
	<flow name="dragonfish-webhooks-reprocess-main-flow" processingStrategy="synchronous">
    
    	<enricher target="#[flowVars.ecommerces]" doc:name="Message Enricher">
            <invoke object-ref="DragonCommonPrjUtil" method="getEcommerces" doc:name="Get E-commerces"/>
        </enricher>
         
        <foreach collection="#[flowVars.ecommerces]" doc:name="For Each">
                <flow-ref name="#[payload]-webhooks-start-re-process-activemq-flow" doc:name="#PAYLOAD#-webhooks-start-re-process-activemq-flow"/>
        </foreach>
        <set-property propertyName="http.status" value="#[200]" doc:name="Set http.status OK"/>
        <logger message="PROCESS LAYER - FIN Se ha procesado correctamente." level="INFO" category="com.acqua.utils.ConsolaStatus" doc:name="Logger CONSOLA"/>
    
    </flow>

</mule>
