<?xml version="1.0" encoding="UTF-8"?>

<mule xmlns:objectstore="http://www.mulesoft.org/schema/mule/objectstore"
	xmlns:mulerequester="http://www.mulesoft.org/schema/mule/mulerequester" 
	xmlns:tracking="http://www.mulesoft.org/schema/mule/ee/tracking"
	xmlns:validation="http://www.mulesoft.org/schema/mule/validation"
	xmlns:http="http://www.mulesoft.org/schema/mule/http" xmlns:json="http://www.mulesoft.org/schema/mule/json"
	xmlns:jms="http://www.mulesoft.org/schema/mule/jms" xmlns="http://www.mulesoft.org/schema/mule/core"
	xmlns:doc="http://www.mulesoft.org/schema/mule/documentation"
	xmlns:spring="http://www.springframework.org/schema/beans" xmlns:xsi="http://www.w3.org/2001/XMLSchema-instance"
	xsi:schemaLocation="http://www.mulesoft.org/schema/mule/objectstore http://www.mulesoft.org/schema/mule/objectstore/current/mule-objectstore.xsd
http://www.mulesoft.org/schema/mule/mulerequester http://www.mulesoft.org/schema/mule/mulerequester/current/mule-mulerequester.xsd
http://www.mulesoft.org/schema/mule/validation http://www.mulesoft.org/schema/mule/validation/current/mule-validation.xsd
http://www.mulesoft.org/schema/mule/http http://www.mulesoft.org/schema/mule/http/current/mule-http.xsd
http://www.mulesoft.org/schema/mule/json http://www.mulesoft.org/schema/mule/json/current/mule-json.xsd
http://www.mulesoft.org/schema/mule/jms http://www.mulesoft.org/schema/mule/jms/current/mule-jms.xsd
http://www.springframework.org/schema/beans http://www.springframework.org/schema/beans/spring-beans-current.xsd
http://www.mulesoft.org/schema/mule/core http://www.mulesoft.org/schema/mule/core/current/mule.xsd
http://www.mulesoft.org/schema/mule/ee/tracking http://www.mulesoft.org/schema/mule/ee/tracking/current/mule-tracking-ee.xsd">

<expression-filter expression="#[flowVars.objectStoreMonitor]" nullReturnsTrue="true" name="MonitorWebHookActivo" doc:name="Expression"/>

    
	<flow name="woo-webhooks-process-activemq-flow" initialState="started" processingStrategy="synchronous">

		<jms:inbound-endpoint connector-ref="Active_MQ"
			doc:name="JMS" queue="${activemq.queue.webhook}-woo">

		</jms:inbound-endpoint>

		<copy-properties propertyName="*" doc:name="Property" />

		<expression-component doc:name="Set Init Expressions"><![CDATA[flowVars.flowName=flow.name;
flowVars.apiName='WebHook Received';
flowVars.errorCode=server.dateTime.format('yyyyMMddHHmmssSSS');
flowVars.metricCategory='WebHook Received';
flowVars.sendMail=true;
flowVars.transactionId=message.inboundProperties['transactionId'];]]></expression-component>


		<logger level="INFO" doc:name="Logger CONSOLA" category="com.acqua.utils.ConsolaWebHooks"
			message="#[&quot;-----------------------------------------------------------------------------------------&quot;]" />
		<logger
			message="PROCESS LAYER - INICIO - WebHook Recibido#[&quot;\n&quot;] #[message.payloadAs(java.lang.String)]"
			level="INFO" category="com.acqua.utils.ConsolaWebHooks" doc:name="Logger CONSOLA" />
		<json:json-to-object-transformer
			returnClass="java.util.HashMap" doc:name="JSON to Object" />
 

		<expression-component doc:name="Expression - Get Entidad/Accion"><![CDATA[flowVars.ecommerce=(message.inboundProperties.'ecommerce' == null? "":message.inboundProperties.'ecommerce');
flowVars.entidad=(message.inboundProperties.'entidad' == null? "":message.inboundProperties.'entidad');
flowVars.accion=(message.inboundProperties.'accion' == null? "":message.inboundProperties.'accion');
]]></expression-component>
        <set-variable variableName="currentPayload" value="#[payload]" doc:name="Save Payload"/>
        <enricher target="#[flowVars.statusQueue]" doc:name="Message Enricher - Save Object">
            <processor-chain doc:name="Processor Chain">
                <expression-component doc:name="Expression"><![CDATA[payload = new java.util.HashMap();
payload.put('source','webhook');
payload.put('persistir',true);  
payload.put('ecommerce',flowVars.ecommerce);  
payload.put('entidad',flowVars.entidad);
payload.put('accion',flowVars.accion);        
payload.put('thread',Thread.currentThread().getId());       
payload.put('transactionId',flowVars.transactionId);
payload.put('time',server.dateTime.format('yyyy/MM/dd HH:mm:ss:SSS'));
payload.put('orderId',flowVars.currentPayload.id);
payload.put('orderNo',flowVars.currentPayload.number);
payload.put('orderDragon',"");
payload.put('customerDragon',"");
payload.put('orderStatus',0); 
payload.put('orderMessage',"Procesando Webhook"); 
payload.put('orderPayload',flowVars.currentPayload); 
payload.put('notificar',false); 
]]></expression-component>
                <flow-ref name="message-send-msg-to-topic-flow" doc:name="message-send-msg-to-topic-flow"/>
            </processor-chain>
        </enricher>
		<logger
			message="PROCESS LAYER - INICIO - Procesando ECommerce: #[flowVars.ecommerce] Entidad: #[flowVars.entidad] Accion: #[flowVars.accion]"
			level="INFO" category="com.acqua.utils.ConsolaWebHooks" doc:name="Logger CONSOLA" />

		<flow-ref
			name="woo-process-webhook-#[flowVars.entidad]-#[flowVars.accion]-flow"
			doc:name="woo-process-webhook-ENTIDAD-flow" />
        <enricher target="#[flowVars.statusQueue]" doc:name="Message Enricher - Save Object">
            <processor-chain doc:name="Processor Chain">
                <expression-component doc:name="Expression"><![CDATA[flowVars.tmpPayload=payload;
payload = new java.util.HashMap();
payload.put('source','webhook');
payload.put('persistir',true);  
payload.put('ecommerce',flowVars.ecommerce);  
payload.put('entidad',flowVars.entidad);
payload.put('accion',flowVars.accion);        
payload.put('thread',Thread.currentThread().getId());       
payload.put('time',server.dateTime.format('yyyy/MM/dd HH:mm:ss:SSS'));
payload.put('transactionId',flowVars.transactionId);
payload.put('orderId',flowVars.currentPayload.id);
payload.put('orderNo',flowVars.currentPayload.number);
payload.put('orderDragon',flowVars.orderDragon!=null?flowVars.orderDragon:"");
payload.put('customerDragon',(flowVars.currentCustomer!=null?flowVars.currentCustomer.codigo,""));
payload.put('orderStatus',message.outboundProperties['http.status']); 
payload.put('orderMessage', flowVars.orderMessage); 
payload.put('orderPayload',flowVars.tmpPayload); 
payload.put('notificar',true);]]></expression-component>
                <flow-ref name="message-send-msg-to-topic-flow" doc:name="message-send-msg-to-topic-flow"/>
            </processor-chain>
        </enricher>
        <exception-strategy ref="Process_Layer_Exception_Strategy" doc:name="Reference Exception Strategy"/>



	</flow>


	<flow name="woo-process-webhook-order-created-flow"
		processingStrategy="synchronous">


		<set-variable variableName="orderId" value=" #[payload.id]"
			doc:name="Save Order ID" />

		<enricher target="#[flowVars.request]" doc:name="Message Enricher - Order">
			<custom-transformer mimeType="application/json"
				class="com.acqua.transformer.WooOrderTransformer" doc:name="Woo Orden Transformer" />
		</enricher>
        <enricher target="#[flowVars.statusQueue]" doc:name="Message Enricher - Save Object">
            <processor-chain doc:name="Processor Chain">
                <expression-component doc:name="Expression"><![CDATA[payload = new java.util.HashMap();
payload.put('source','webhook');
payload.put('persistir',true);  
payload.put('ecommerce',flowVars.ecommerce);  
payload.put('entidad',flowVars.entidad);
payload.put('accion',flowVars.accion);        
payload.put('thread',Thread.currentThread().getId());       
payload.put('transactionId',flowVars.transactionId);
payload.put('time',server.dateTime.format('yyyy/MM/dd HH:mm:ss:SSS'));
payload.put('orderId',flowVars.currentPayload.id);
payload.put('orderNo',flowVars.currentPayload.number);
payload.put('orderDragon',"");
payload.put('customerDragon',"");
payload.put('orderStatus',0); 
payload.put('orderMessage',"Webhook transformado"); 
payload.put('orderPayload',flowVars.request); 
payload.put('notificar',false); 
]]></expression-component>
                <flow-ref name="message-send-msg-to-topic-flow" doc:name="message-send-msg-to-topic-flow"/>
            </processor-chain>
        </enricher>
		<enricher target="#[flowVars.currentCustomer]" doc:name="Message Enricher - Customer">
			<flow-ref name="woo-process-webhook-customer-flow" doc:name="woo-process-webhook-customer-flow" />
		</enricher>
        <choice doc:name="Choice">
            <when expression="#[(flowVars.accion=='created' || flowVars.accion=='updated' ) &amp;&amp; !flowVars.currentCustomer.containsKey(&quot;errorMessage&quot;) ]">
                <set-payload value="#[flowVars.request.get(&quot;order&quot;)]" doc:name="Set Payload"/>
                <expression-component doc:name="Expression"><![CDATA[if(flowVars.currentCustomer.codigo != null)
{
	payload.replace("clienteEcommerceDragon",flowVars.currentCustomer.codigo);
}]]></expression-component>
                <json:object-to-json-transformer encoding="UTF-8" mimeType="application/json" doc:name="Object to JSON"/>
                <logger message="PROCESS LAYER - Request.  Dando de Alta del Pedido en Dragon:#[&quot;\n&quot;] #[message.payloadAs(java.lang.String)]" level="INFO" category="com.acqua.utils.ConsolaWebHooks" doc:name="Logger CONSOLA"/>
                <http:request config-ref="DragonSL_Request_Configuration" path="order" method="PUT" doc:name="HTTP Add/Upd/Del Order">
                    <http:request-builder>
                        <http:header headerName="content-type" value="application/json;charset=UTF-8"/>
                    </http:request-builder>
                    <http:success-status-code-validator values="200..599"/>
                </http:request>
                <logger message="PROCESS LAYER - Response.  Alta de Pedido.  Status #[message.inboundProperties[&quot;http.status&quot;]]:#[&quot;\n&quot;] #[message.payloadAs(java.lang.String)]" level="INFO" category="com.acqua.utils.ConsolaWebHooks" doc:name="Logger CONSOLA"/>
                <enricher target="#[flowVars.statusQueue]" doc:name="Message Enricher - Save Object">
                    <processor-chain doc:name="Processor Chain">
                        <json:json-to-object-transformer returnClass="java.util.HashMap" doc:name="JSON to Object"/>
                        <expression-component doc:name="Expression"><![CDATA[flowVars.tmpPayload=payload;
payload = new java.util.HashMap();
payload.put('source','webhook');
payload.put('persistir',true);  
payload.put('ecommerce',flowVars.ecommerce);  
payload.put('entidad',flowVars.entidad);
payload.put('accion',flowVars.accion);        
payload.put('thread',Thread.currentThread().getId());       
payload.put('transactionId',flowVars.transactionId);
payload.put('time',server.dateTime.format('yyyy/MM/dd HH:mm:ss:SSS'));
payload.put('orderId',flowVars.currentPayload.id);
payload.put('orderNo',flowVars.currentPayload.number);
payload.put('orderDragon',flowVars.tmpPayload.codigo);
payload.put('customerDragon',flowVars.tmpPayload.clienteEcom);
payload.put('orderStatus',message.inboundProperties["http.status"]);
payload.put('orderMessage',"Respuesta Orden Enviado a Dragon"); 
payload.put('orderPayload',flowVars.tmpPayload); 
payload.put('notificar',false); 
]]></expression-component>
                        <flow-ref name="message-send-msg-to-topic-flow" doc:name="message-send-msg-to-topic-flow"/>
                    </processor-chain>
                </enricher>
                <validation:custom-validator config-ref="Validation_Configuration" message="#[flowVars.validationErrorMessage]" class="com.acqua.common.pl.validator.PLExternalRestfulValidator" doc:name="Validation"/>
                <expression-component doc:name="Expression"><![CDATA[flowVars.orderPayload=payload;]]></expression-component>
                <set-variable variableName="orderDragon" value="#[json:codigo]" doc:name="Variable Set Codigo"/>

                <expression-component doc:name="Expression Save Message"><![CDATA[flowVars.responseValue = new java.util.HashMap();
flowVars.responseValue .put("time",server.dateTime.format('yyyy/MM/dd HH:mm:ss:SSS'));
flowVars.responseValue .put("Orden",currentPayload.number);
flowVars.responseValue .put("IdOrden",currentPayload.id);
flowVars.responseValue .put("estado",200);
flowVars.responseValue .put("descripcionEstado","Orden Generada en Dragon: " + payload);
if(flowVars.accion=="updated")
{
	flowVars.orderMessage = "Orden Dragon Actualizada: " + flowVars.orderDragon;
} else
{
	flowVars.orderMessage = "Orden Dragon Generada: " + flowVars.orderDragon;
}
]]></expression-component>

                <enricher  target="#[payload]" doc:name="Message Enricher">
                            <processor-chain doc:name="Processor Chain">
                                <expression-component doc:name="Expression"><![CDATA[flowVars .orderID=currentPayload.id;
flowVars .format='application/json';]]></expression-component>
                                <flow-ref name="woo-consulta-order-process-flow" doc:name="woo-consulta-order-process-flow"/>
                            </processor-chain>
                </enricher> 
                <set-property propertyName="http.status" value="#[200]" doc:name="Set http.status"/>
            </when>
            <when expression="#[flowVars.currentCustomer.containsKey(&quot;errorMessage&quot;)]">
                <set-variable variableName="errorMessage" value="#[flowVars.currentCustomer.get(&quot;errorMessage&quot;)]" doc:name="Variable"/>
                <validation:custom-validator config-ref="Validation_Configuration" message="Error Procesando WebHook de Creando Ordenes" class="com.acqua.common.pl.validator.PLCommonValidator" doc:name="Validation"/>
            </when>
            <otherwise>
                <set-variable variableName="errorMessage" value="Accion #[flowVars.accion] invalida procesando order id: #[flowVars.orderId]" doc:name="Set Error Msg"/>
                <logger message="PROCESS LAYER - Accion Invalida #[flowVars.errorMessage]" level="INFO" category="com.acqua.utils.ConsolaWebHooks" doc:name="Logger CONSOLA"/>
                <validation:custom-validator config-ref="Validation_Configuration" message="Error Procesando WebHook de Creando Ordenes" class="com.acqua.common.pl.validator.PLCommonValidator" doc:name="Validation"/>
            </otherwise>
        </choice>

		<choice-exception-strategy doc:name="Choice Exception Strategy">
			<catch-exception-strategy
				when="exception.causedBy(com.acqua.common.pl.exceptions.PLException)"
				doc:name="Catch Exception Strategy">
				<expression-component doc:name="Expression - Get Error Detail"><![CDATA[flowVars.responseValue = new java.util.HashMap();
flowVars.responseValue .put("time",server.dateTime.format('yyyy/MM/dd HH:mm:ss:SSS'));
flowVars.responseValue .put("Orden",flowVars.currentPayload.number);
flowVars.responseValue .put("IdOrden",flowVars.currentPayload.id);
flowVars.responseValue .put("estado",400);
flowVars.responseValue .put("descripcionEstado",exception.getCause().getMessage());

]]></expression-component>
                <expression-component doc:name="Expression"><![CDATA[flowVars.orderPayload=payload;
flowVars.orderMessage=exception.getCause().getMessage();
flowVars.orderDragon="";]]></expression-component>

				<set-payload value="#[flowVars.responseValue]" doc:name="Set Payload" />

				<logger
					message="PROCESS LAYER - ERROR - Error procesando Orden  flowVars.currentPayload.order_number en Woo. Error: #[flowVars.responseValue.get(&quot;estado&quot;) + &quot; - &quot; + flowVars.responseValue.get(&quot;descripcionEstado&quot;)] #[&quot;\n&quot;] #[payload]"
					level="INFO" category="com.acqua.utils.ConsolaWebHooks" doc:name="Logger CONSOLA" />
 
                <set-property propertyName="http.status" value="#[flowVars.responseValue .get(&quot;estado&quot;)]" doc:name="http.status"/>

			</catch-exception-strategy>
            <catch-exception-strategy doc:name="Catch Exception Strategy">
                <expression-component doc:name="Expression - Get Error Detail"><![CDATA[flowVars.responseValue = new java.util.HashMap();
flowVars.responseValue .put("time",server.dateTime.format('yyyy/MM/dd HH:mm:ss:SSS'));
flowVars.responseValue .put("Orden",flowVars.currentPayload.number);
flowVars.responseValue .put("IdOrden",flowVars.currentPayload.id);
flowVars.responseValue .put("estado",400);
flowVars.responseValue .put("descripcionEstado",exception.getCause().getMessage());]]></expression-component>
        <expression-component doc:name="Expression"><![CDATA[flowVars.orderPayload=payload;
flowVars.orderMessage=exception.getCause().getMessage();
flowVars.orderDragon="";]]></expression-component>
        <set-payload value="#[flowVars.responseValue]" doc:name="Set Payload"/>
        <logger message="PROCESS LAYER - ERROR - Error procesando Orden  flowVars.currentPayload.order_number en Woo. Error: #[flowVars.responseValue.get(&quot;estado&quot;) + &quot; - &quot; + flowVars.responseValue.get(&quot;descripcionEstado&quot;)] #[&quot;\n&quot;] #[payload]" level="INFO" category="com.acqua.utils.ConsolaWebHooks" doc:name="Logger CONSOLA"/>
         
        <set-property propertyName="http.status" value="#[flowVars.responseValue .get(&quot;estado&quot;)]" doc:name="http.status"/>

            </catch-exception-strategy>
			 
		</choice-exception-strategy>

	</flow>
    

	<flow name="woo-process-webhook-order-updated-flow">
        <choice doc:name="Choice">
            <when expression="#[payload.status == &quot;${Woo_Order_Status_Orden_Pagada}&quot;]">
                <enricher target="#[flowVars.request]" doc:name="Message Enricher - Order">
                    <custom-transformer mimeType="application/json" class="com.acqua.transformer.WooPutRemitoPaidTransformer" doc:name="Woo Orden Transformer"/>
                </enricher>
                <enricher target="#[flowVars.statusQueue]" doc:name="Message Enricher - Save Object">
            <processor-chain doc:name="Processor Chain">
                <expression-component doc:name="Expression"><![CDATA[payload = new java.util.HashMap();
payload.put('source','webhook');
payload.put('persistir',true);  
payload.put('ecommerce',flowVars.ecommerce);  
payload.put('entidad',flowVars.entidad);
payload.put('accion',flowVars.accion);        
payload.put('thread',Thread.currentThread().getId());       
payload.put('transactionId',flowVars.transactionId);
payload.put('time',server.dateTime.format('yyyy/MM/dd HH:mm:ss:SSS'));
payload.put('orderId',flowVars.currentPayload.id);
payload.put('orderNo',flowVars.currentPayload.number);
payload.put('orderDragon',"");
payload.put('customerDragon',"");
payload.put('orderStatus',0); 
payload.put('orderMessage',"Webhook transformado"); 
payload.put('orderPayload',flowVars.request); 
payload.put('notificar',false); 
]]></expression-component>
                <flow-ref name="message-send-msg-to-topic-flow" doc:name="message-send-msg-to-topic-flow"/>
            </processor-chain>
        </enricher>
                <choice doc:name="Choice">
                    <when expression="#[!flowVars.request.ids.remitoId.isEmpty()]">
                        <set-payload value="#[flowVars.request.body]" doc:name="Set Payload"/>
                        <json:object-to-json-transformer encoding="UTF-8" mimeType="application/json" doc:name="Object to JSON"/>
                        <logger message="PROCESS LAYER - Request.  Dando de Alta del Pedido en Dragon:#[&quot;\n&quot;] #[message.payloadAs(java.lang.String)]" level="INFO" category="com.acqua.utils.ConsolaWebHooks" doc:name="Logger CONSOLA"/>
                        <http:request config-ref="DragonSL_Request_Configuration" path="remito/#[flowVars.request.ids.remitoId]" method="PUT" doc:name="HTTP Add/Upd/Del Order">
                            <http:request-builder>
                                <http:header headerName="content-type" value="application/json;charset=UTF-8"/>
                            </http:request-builder>
                            <http:success-status-code-validator values="200..599"/>
                        </http:request>
                        <logger message="PROCESS LAYER - Response.  Alta de Pedido.  Status #[message.inboundProperties[&quot;http.status&quot;]]:#[&quot;\n&quot;] #[message.payloadAs(java.lang.String)]" level="INFO" category="com.acqua.utils.ConsolaWebHooks" doc:name="Logger CONSOLA"/>
                        <enricher target="#[flowVars.statusQueue]" doc:name="Message Enricher - Save Object">
                    <processor-chain doc:name="Processor Chain">
                        <json:json-to-object-transformer returnClass="java.util.HashMap" doc:name="JSON to Object"/>
                        <expression-component doc:name="Expression"><![CDATA[flowVars.tmpPayload=payload;
payload = new java.util.HashMap();
payload.put('source','webhook');
payload.put('persistir',true);  
payload.put('ecommerce',flowVars.ecommerce);  
payload.put('entidad',flowVars.entidad);
payload.put('accion',flowVars.accion);        
payload.put('thread',Thread.currentThread().getId());       
payload.put('transactionId',flowVars.transactionId);
payload.put('time',server.dateTime.format('yyyy/MM/dd HH:mm:ss:SSS'));
payload.put('orderId',flowVars.currentPayload.id);
payload.put('orderNo',flowVars.currentPayload.number);
payload.put('orderDragon',flowVars.tmpPayload.codigo);
payload.put('customerDragon',flowVars.tmpPayload.clienteEcom);
payload.put('orderStatus',message.inboundProperties["http.status"]);
payload.put('orderMessage',"Respuesta Orden Enviado a Dragon"); 
payload.put('orderPayload',flowVars.tmpPayload); 
payload.put('notificar',false); 
]]></expression-component>
                        <flow-ref name="message-send-msg-to-topic-flow" doc:name="message-send-msg-to-topic-flow"/>
                    </processor-chain>
                </enricher>
                        <validation:custom-validator config-ref="Validation_Configuration" message="#[flowVars.validationErrorMessage]" class="com.acqua.common.pl.validator.PLExternalRestfulValidator" doc:name="Validation"/>
                        <set-variable variableName="orderDragon" value="#[json:codigo]" doc:name="Set Dragon Codigo"/>

                        <expression-component doc:name="Expression Save Message"><![CDATA[flowVars.responseValue = new java.util.HashMap();
flowVars.responseValue .put("time",server.dateTime.format('yyyy/MM/dd HH:mm:ss:SSS'));
flowVars.responseValue .put("Orden",flowVars.request.ids.orderId);
flowVars.responseValue .put("IdOrden",flowVars.request.ids.remitoId);
flowVars.responseValue .put("estado",200);
flowVars.responseValue .put("descripcionEstado","Remito Actualizado en Dragon: " + flowVars.request.body);
flowVars.orderMessage = "Orden Dragon Actualizada: " + flowVars.orderDragon;]]></expression-component>
                        <set-payload value="#[flowVars.responseValue]" doc:name="Set Payload"/> 
                        <set-property propertyName="http.status" value="#[200]" doc:name="Set http.status"/>

                    </when>
                    <otherwise>
                        <logger message="No existe datos de remito" level="INFO" category="com.acqua.utils.ConsolaWebHooks" doc:name="Logger"/>
                    </otherwise>
                </choice>
            </when>
            <when expression="#[payload.status == &quot;${Woo_Order_Status_Orden_Cancelada}&quot;]">
                <flow-ref name="woo-process-webhook-cancel-order-flow" doc:name="woo-process-webhook-cancel-order-flow"/>
            </when>
            <otherwise>
                <flow-ref name="woo-process-webhook-order-created-flow" doc:name="woo-process-webhook-order-created-flow"/>
            </otherwise>
        </choice>

		<choice-exception-strategy doc:name="Choice Exception Strategy">
			<catch-exception-strategy
				when="exception.causedBy(com.acqua.common.pl.exceptions.PLException)"
				doc:name="Catch Exception Strategy">
				<expression-component doc:name="Expression - Get Error Detail"><![CDATA[flowVars.circularException = exception.getCause(); 
flowVars.ProcessLayerResponseError = flowVars.circularException.getProcessLayerResponseError();
flowVars.responseValue = new java.util.HashMap();
flowVars.responseValue .put("time",server.dateTime.format('yyyy/MM/dd HH:mm:ss:SSS'));
flowVars.responseValue .put("Orden",flowVars.currentPayload.number);
flowVars.responseValue .put("IdOrden",flowVars.currentPayload.id);
flowVars.responseValue .put("estado",flowVars.ProcessLayerResponseError.getErrors().getHttpStatus());
flowVars.responseValue .put("descripcionEstado",flowVars.ProcessLayerResponseError.getErrors().getErrorMessage());
]]></expression-component>
                <expression-component doc:name="Expression"><![CDATA[flowVars.orderPayload=payload;
flowVars.orderMessage=flowVars.ProcessLayerResponseError.getErrors().getErrorMessage();
flowVars.orderDragon="";]]></expression-component>

				<set-payload value="#[flowVars.responseValue]" doc:name="Set Payload" />

				<logger
					message="PROCESS LAYER - ERROR - Error procesando Orden  flowVars.currentPayload.order_number en Woo. Error: #[flowVars.responseValue.get(&quot;estado&quot;) + &quot; - &quot; + flowVars.responseValue.get(&quot;descripcionEstado&quot;)] #[&quot;\n&quot;] #[payload]"
					level="INFO" category="com.acqua.utils.ConsolaWebHooks" doc:name="Logger CONSOLA" />
 
				<set-property propertyName="http.status"
					value="#[flowVars.responseValue .get(&quot;estado&quot;)&lt;500?200:flowVars.responseValue .get(&quot;estado&quot;)]"
					doc:name="Set http.status" />
			</catch-exception-strategy>
			<catch-exception-strategy doc:name="Catch Exception Strategy">
				<expression-component doc:name="Expression - Get Error Detail"><![CDATA[flowVars.responseValue = new java.util.HashMap();
flowVars.responseValue .put("time",server.dateTime.format('yyyy/MM/dd HH:mm:ss:SSS'));
flowVars.responseValue .put("Orden",flowVars.currentPayload.number);
flowVars.responseValue .put("IdOrden",flowVars.currentPayload.id);
flowVars.responseValue .put("estado",400);
flowVars.responseValue .put("descripcionEstado",exception.getCause().getMessage());]]></expression-component>
                <expression-component doc:name="Expression"><![CDATA[flowVars.orderPayload=payload;
flowVars.orderMessage=exception.getCause().getMessage();
flowVars.orderDragon="";]]></expression-component>

				<set-payload value="#[flowVars.responseValue]" doc:name="Set Payload" />

				<logger
					message="PROCESS LAYER - ERROR - Error procesando Orden  flowVars.currentPayload.order_number en Woo. Error: #[flowVars.responseValue.get(&quot;estado&quot;) + &quot; - &quot; + flowVars.responseValue.get(&quot;descripcionEstado&quot;)] #[&quot;\n&quot;] #[payload]"
					level="INFO" category="com.acqua.utils.ConsolaWebHooks" doc:name="Logger CONSOLA" />
 
				<set-property propertyName="http.status"
					value="#[flowVars.responseValue .get(&quot;estado&quot;)&lt;500?200:flowVars.responseValue .get(&quot;estado&quot;)]"
					doc:name="Set http.status" />
			</catch-exception-strategy>
		</choice-exception-strategy>

	</flow>

	<flow name="woo-process-webhook-customer-flow" processingStrategy="synchronous">
		<set-payload value="#[flowVars.request.get(&quot;customer&quot;)]"
			doc:name="Set Payload" />

		<json:object-to-json-transformer
			doc:name="Object to JSON" encoding="UTF-8" mimeType="application/json" />

		<logger
			message="PROCESS LAYER - Request.  Dando de Alta del Cliente en Dragon:#[&quot;\n&quot;] #[message.payloadAs(java.lang.String)]"
			level="INFO" category="com.acqua.utils.ConsolaWebHooks" doc:name="Logger CONSOLA" />

		<http:request config-ref="DragonSL_Request_Configuration"
			path="put-customerecommerce" method="PUT"
			doc:name="HTTP Add/Upd/Del Cliente ECommerce">
			<http:request-builder>
				<http:header headerName="content-type" value="application/json;charset=UTF-8" />
			</http:request-builder>
			<http:success-status-code-validator
				values="200..599" />
		</http:request>
        <json:json-to-object-transformer returnClass="java.util.HashMap" doc:name="JSON to Object"/>
        <enricher target="#[flowVars.statusQueue]" doc:name="Message Enricher - Save Object">
            <processor-chain doc:name="Processor Chain">
                <expression-component doc:name="Expression"><![CDATA[flowVars.tmpPayload=payload;
payload = new java.util.HashMap();
payload.put('source','webhook');
payload.put('persistir',true);  
payload.put('ecommerce',flowVars.ecommerce);  
payload.put('entidad',flowVars.entidad);
payload.put('accion',flowVars.accion);        
payload.put('thread',Thread.currentThread().getId());       
payload.put('transactionId',flowVars.transactionId);
payload.put('time',server.dateTime.format('yyyy/MM/dd HH:mm:ss:SSS'));
payload.put('orderId',flowVars.currentPayload.id);
payload.put('orderNo',flowVars.currentPayload.number);
payload.put('orderDragon',"");
payload.put('customerDragon',flowVars.tmpPayload.codigo);
payload.put('orderStatus',message.inboundProperties["http.status"]); 
payload.put('orderMessage',"Respuesta Cliente Enviado a Dragon"); 
payload.put('orderPayload',flowVars.tmpPayload); 
payload.put('notificar',false); 
]]></expression-component>
                <flow-ref name="message-send-msg-to-topic-flow" doc:name="message-send-msg-to-topic-flow"/>
            </processor-chain>
        </enricher>


		<validation:custom-validator config-ref="Validation_Configuration"
			message="#[flowVars.validationErrorMessage]" class="com.acqua.common.pl.validator.PLExternalRestfulValidator"
			doc:name="Validation" />
        <logger message="PROCESS LAYER - Response.  Alta de Cliente.  Status #[message.inboundProperties[&quot;http.status&quot;]]:#[&quot;\n&quot;] #[message.payloadAs(java.lang.String)]" level="INFO" category="com.acqua.utils.ConsolaWebHooks" doc:name="Logger CONSOLA"/>

        <catch-exception-strategy doc:name="Catch Exception Strategy">
            <logger message="PROCESS LAYER - Error Response. #[exception.message]" level="INFO" category="com.acqua.utils.ConsolaWebHooks" doc:name="Logger"/>
            <expression-component doc:name="Expression"><![CDATA[payload  = new java.util.HashMap();
payload.put("errorMessage",exception.message);]]></expression-component>
        </catch-exception-strategy>


	</flow>

	<flow name="woo-webhooks-start-re-process-activemq-flow"
		processingStrategy="synchronous">

		<logger message="Reprocessing Webhooks" level="INFO"
			category="com.acqua.base.ProcessLayer" doc:name="Logger" />

		<mulerequester:request-collection
			resource="jms://${activemq.queue.webhook}-woo-pending" doc:name="Mule Requester - Get JMS" />

		<foreach doc:name="For Each">

			<copy-properties propertyName="*" doc:name="Property" />

			<expression-component doc:name="Expression - Set Properties"><![CDATA[flowVars.ecommerce=(message.inboundProperties.'ecommerce' == null? "":message.inboundProperties.'ecommerce');
flowVars.entidad=(message.inboundProperties.'entidad' == null? "":message.inboundProperties.'entidad');
flowVars.accion=(message.inboundProperties.'accion' == null? "":message.inboundProperties.'accion');
]]></expression-component>
			<logger
				message="Reprocessing:  #[flowVars.ecommerce]  #[flowVars.entidad]  #[flowVars.accion] "
				level="INFO" category="com.acqua.base.ProcessLayer" doc:name="Logger" />
			<message-properties-transformer
				overwrite="true" doc:name="Message Properties">
				<add-message-property key="entidad" value="#[flowVars.entidad]" />
				<add-message-property key="accion" value="#[flowVars.accion]" />
				<add-message-property key="ecommerce"
					value="#[flowVars.ecommerce]" />
			</message-properties-transformer>
			<jms:outbound-endpoint queue="${activemq.queue.webhook}-woo"
				connector-ref="Active_MQ" responseTimeout="60000" doc:name="JMS"
				encoding="ISO-8859-1" mimeType="application/json" />

		</foreach>

		<logger message="Reprocessing Webhooks DONE" level="INFO"
			category="com.acqua.base.ProcessLayer" doc:name="Logger" />

	</flow>
    <flow name="woo-process-webhook-cancel-order-flow" processingStrategy="synchronous">
        <set-variable variableName="currentPayload" value="#[payload]" doc:name="Save Payload"/>
        <set-variable variableName="orderId" value=" #[payload.id]" doc:name="Save Order ID"/>
        <enricher target="#[flowVars.request]" doc:name="Message Enricher - Order">
            <custom-transformer mimeType="application/json" class="com.acqua.transformer.WooOrderCancelTransformer" doc:name="Woo Orden Transformer"/>
        </enricher>

        <set-payload value="#[flowVars.request.get(&quot;order&quot;)]" doc:name="Set Payload"/>
        <enricher target="#[flowVars.statusQueue]" doc:name="Message Enricher - Save Object">
            <processor-chain doc:name="Processor Chain">
                <expression-component doc:name="Expression"><![CDATA[flowVars.tmpPayload=payload;
payload = new java.util.HashMap();
payload.put('source','webhook');
payload.put('persistir',true);  
payload.put('ecommerce',flowVars.ecommerce);  
payload.put('entidad',flowVars.entidad);
payload.put('accion',flowVars.accion);        
payload.put('thread',Thread.currentThread().getId());       
payload.put('transactionId',flowVars.transactionId);
payload.put('time',server.dateTime.format('yyyy/MM/dd HH:mm:ss:SSS'));
payload.put('orderId',flowVars.currentPayload.id);
payload.put('orderNo',flowVars.currentPayload.number);
payload.put('orderDragon',"");
payload.put('customerDragon',"");
payload.put('orderStatus',0); 
payload.put('orderMessage',"Webhook Cancel Transformado"); 
payload.put('orderPayload',flowVars.tmpPayload); 
payload.put('notificar',false); 
]]></expression-component>
                <flow-ref name="message-send-msg-to-topic-flow" doc:name="message-send-msg-to-topic-flow"/>
            </processor-chain>
        </enricher>
        <json:object-to-json-transformer encoding="UTF-8" mimeType="application/json" doc:name="Object to JSON"/>
        <logger message="PROCESS LAYER - Request.  Cancelando Orden en Dragon:#[&quot;\n&quot;] #[message.payloadAs(java.lang.String)]" level="INFO" category="com.acqua.utils.ConsolaWebHooks" doc:name="Logger CONSOLA"/>
        <http:request config-ref="DragonSL_Request_Configuration" path="order" method="PUT" doc:name="HTTP Add/Upd/Del Order">
            <http:request-builder>
                <http:header headerName="content-type" value="application/json;charset=UTF-8"/>
            </http:request-builder>
            <http:success-status-code-validator values="200..599"/>
        </http:request>
        <logger message="PROCESS LAYER - Response.  Cancel del Pedido.  Status #[message.inboundProperties[&quot;http.status&quot;]]:#[&quot;\n&quot;] #[message.payloadAs(java.lang.String)]" level="INFO" category="com.acqua.utils.ConsolaWebHooks" doc:name="Logger CONSOLA"/>
        <json:json-to-object-transformer returnClass="java.util.HashMap" doc:name="JSON to Object"/>
        <enricher target="#[flowVars.statusQueue]" doc:name="Message Enricher - Save Object">
            <processor-chain doc:name="Processor Chain">
                <expression-component doc:name="Expression"><![CDATA[flowVars.tmpPayload=payload;
payload = new java.util.HashMap();
payload.put('source','webhook');
payload.put('persistir',true);  
payload.put('ecommerce',flowVars.ecommerce);  
payload.put('entidad',flowVars.entidad);
payload.put('accion',flowVars.accion);        
payload.put('thread',Thread.currentThread().getId());       
payload.put('transactionId',flowVars.transactionId);
payload.put('time',server.dateTime.format('yyyy/MM/dd HH:mm:ss:SSS'));
payload.put('orderId',flowVars.currentPayload.id);
payload.put('orderNo',flowVars.currentPayload.number);
payload.put('orderDragon',"");
payload.put('customerDragon',"");
payload.put('orderStatus',message.inboundProperties["http.status"]); 
payload.put('orderMessage',"Response Orden Cancelada en Dragon"); 
payload.put('orderPayload',flowVars.tmpPayload); 
payload.put('notificar',false); 
]]></expression-component>
                <flow-ref name="message-send-msg-to-topic-flow" doc:name="message-send-msg-to-topic-flow"/>
            </processor-chain>
        </enricher>
        <validation:custom-validator config-ref="Validation_Configuration" message="#[flowVars.validationErrorMessage]" class="com.acqua.common.pl.validator.PLExternalRestfulValidator" doc:name="Validation"/>

        <enricher target="#[flowVars.articulosProcesados]" doc:name="Message Enricher">
            <processor-chain doc:name="Processor Chain">
                <expression-component doc:name="Expression"><![CDATA[flowVars.listaArticulos = new java.util.ArrayList();
flowVars.recordNo=0;
flowVars.qtyRecords = 0;
flowVars.transacionIDGen=flowVars.transactionId;]]></expression-component>
                <foreach collection="#[payload.publicacionDetalle]" doc:name="For Each">
                    <expression-component doc:name="Expression"><![CDATA[if(payload.codigo != "DESCUENTO"  &&  payload.codigo != "ENVIO")
{
	flowVars.listaArticulos.add(payload.articulo);
}  ]]></expression-component>
                </foreach>
                <set-payload value="#[flowVars.listaArticulos]" doc:name="Set Payload"/>
                <json:object-to-json-transformer doc:name="Object to JSON"/>

                <http:request config-ref="ProcessLayer_Request_Configuration" path="/dragon/refresh-articulo" method="POST" doc:name="HTTP Refresh Articulos">
                                <http:request-builder>
                        <http:query-param paramName="process" value="#[flowVars.metricCategory]"/>
                        <http:header headerName="Accept" value="application/json"/>
                        <http:header headerName="transacionIDGen" value="#[flowVars.transacionIDGen]"/>

                                </http:request-builder>
                                <http:success-status-code-validator values="200..599"/>
                            </http:request>
                <enricher target="#[flowVars.statusQueue]" doc:name="Message Enricher - Save Object">
                    <processor-chain doc:name="Processor Chain">
                        <choice doc:name="Choice">
                            <when expression="#[message.inboundProperties[&quot;http.status&quot;]==200]">
                                <json:json-to-object-transformer returnClass="java.util.ArrayList" doc:name="JSON to Object"/>
                            </when>
                            <otherwise>
                                <json:json-to-object-transformer returnClass="java.util.HashMap" doc:name="JSON to Object"/>
                            </otherwise>
                        </choice>
                        <expression-component doc:name="Expression"><![CDATA[flowVars.tmpPayload=payload;
payload = new java.util.HashMap();
payload.put('source','webhook');
payload.put('persistir',true);  
payload.put('ecommerce',flowVars.ecommerce);  
payload.put('entidad',flowVars.entidad);
payload.put('accion',flowVars.accion);        
payload.put('thread',Thread.currentThread().getId());       
payload.put('transactionId',flowVars.transactionId);
payload.put('time',server.dateTime.format('yyyy/MM/dd HH:mm:ss:SSS'));
payload.put('orderId',flowVars.currentPayload.id);
payload.put('orderNo',flowVars.currentPayload.number);
payload.put('orderDragon',"");
payload.put('customerDragon',"");
payload.put('orderStatus',message.inboundProperties["http.status"]); 
payload.put('orderMessage',"Response Reprocesamiento de Articulos de la Orden Cancelada en Dragon"); 
payload.put('orderPayload',flowVars.tmpPayload); 
payload.put('notificar',false); 
]]></expression-component>
                        <flow-ref name="message-send-msg-to-topic-flow" doc:name="message-send-msg-to-topic-flow"/>
                    </processor-chain>
                </enricher>
                <set-variable variableName="validationErrorMessage" value="No se pudo reprocesar los articulos de la orden #[flowVars.currentPayload.id]" doc:name="Variable"/>
                <validation:custom-validator config-ref="Validation_Configuration" message="#[flowVars.validationErrorMessage]" class="com.acqua.common.pl.validator.PLExternalRestfulValidator" doc:name="Validation"/>

            </processor-chain>
        </enricher>
        <expression-component doc:name="Expression Save Message"><![CDATA[flowVars.responseValue = new java.util.HashMap();
flowVars.responseValue .put("time",server.dateTime.format('yyyy/MM/dd HH:mm:ss:SSS'));
flowVars.responseValue .put("Orden",currentPayload.order_number);
flowVars.responseValue .put("IdOrden",currentPayload.id);
flowVars.responseValue .put("estado",200);
flowVars.responseValue .put("descripcionEstado","Orden Cancelada en Dragon: " + payload.codigo);]]></expression-component>
         
        <set-property propertyName="http.status" value="#[200]" doc:name="Set http.status"/>
        <set-payload value="#[flowVars.responseValue]" doc:name="Set Payload"/>
        <message-properties-transformer doc:name="Message Properties">
            <add-message-property key="Header" value="Woo-Webhook-Order"/>
        </message-properties-transformer>
        <jms:outbound-endpoint queue="${activemq.queue.mensajes.articulos.webhook}" connector-ref="Active_MQ" mimeType="application/json" responseTimeout="60000" encoding="ISO-8859-1" doc:name="JMS - Save Message"/>
        <choice-exception-strategy doc:name="Choice Exception Strategy">
            <catch-exception-strategy when="exception.causedBy(org.mule.api.transformer.TransformerMessagingException)" doc:name="Catch Exception Strategy">
                <expression-component doc:name="Expression - Get Error Detail"><![CDATA[flowVars.responseValue = new java.util.HashMap();
flowVars.responseValue .put("time",server.dateTime.format('yyyy/MM/dd HH:mm:ss:SSS'));
flowVars.responseValue .put("Orden",flowVars.currentPayload.number);
flowVars.responseValue .put("IdOrden",flowVars.currentPayload.id);
flowVars.responseValue .put("estado",400);
flowVars.responseValue .put("descripcionEstado",exception.getCause().getMessage());]]></expression-component>
                <expression-component doc:name="Expression"><![CDATA[flowVars.orderPayload=payload;
flowVars.orderMessage=flowVars.ProcessLayerResponseError.getErrors().getErrorMessage();
flowVars.orderDragon="";]]></expression-component>
                <set-payload value="#[flowVars.responseValue]" doc:name="Set Payload"/>

                <logger message="PROCESS LAYER - ERROR - Error procesando Orden  flowVars.currentPayload.order_number en Woo. Error: #[flowVars.responseValue.get(&quot;estado&quot;) + &quot; - &quot; + flowVars.responseValue.get(&quot;descripcionEstado&quot;)] #[&quot;\n&quot;] #[payload]" level="INFO" category="com.acqua.utils.ConsolaWebHooks" doc:name="Logger CONSOLA"/>
 
                <set-property propertyName="http.status" value="#[flowVars.responseValue .get(&quot;estado&quot;)]" doc:name="Set http.status"/>
                
            </catch-exception-strategy>
            <catch-exception-strategy doc:name="Catch Exception Strategy">
                <expression-component doc:name="Expression - Get Error Detail"><![CDATA[flowVars.circularException = exception.getCause(); 
	flowVars.ProcessLayerResponseError = flowVars.circularException.getProcessLayerResponseError();
	flowVars.responseValue = new java.util.HashMap();
	flowVars.responseValue .put("time",server.dateTime.format('yyyy/MM/dd HH:mm:ss:SSS'));
	flowVars.responseValue .put("Orden",flowVars.currentPayload.number);
	flowVars.responseValue .put("IdOrden",flowVars.currentPayload.id);
	flowVars.responseValue .put("estado",flowVars.ProcessLayerResponseError.getErrors().getHttpStatus());
	flowVars.responseValue .put("descripcionEstado",flowVars.ProcessLayerResponseError.getErrors().getErrorMessage());]]></expression-component>
                <expression-component doc:name="Expression"><![CDATA[flowVars.orderPayload=payload;
flowVars.orderMessage=flowVars.ProcessLayerResponseError.getErrors().getErrorMessage();
flowVars.orderDragon="";]]></expression-component>
                <set-payload value="#[flowVars.responseValue]" doc:name="Set Payload"/>

                <logger message="PROCESS LAYER - ERROR - Error procesando Orden  flowVars.currentPayload.order_number en Woo. Error: #[flowVars.responseValue.get(&quot;estado&quot;) + &quot; - &quot; + flowVars.responseValue.get(&quot;descripcionEstado&quot;)] #[&quot;\n&quot;] #[payload]" level="INFO" category="com.acqua.utils.ConsolaWebHooks" doc:name="Logger CONSOLA"/>
 
                <set-property propertyName="http.status" value="#[flowVars.responseValue .get(&quot;estado&quot;)]" doc:name="Set http.status"/>
                 
            </catch-exception-strategy>
        </choice-exception-strategy>
    </flow>

</mule>
