<?xml version="1.0" encoding="UTF-8"?>

<mule xmlns:mule-ss="http://www.mulesoft.org/schema/mule/spring-security"
	xmlns:tracking="http://www.mulesoft.org/schema/mule/ee/tracking" xmlns:validation="http://www.mulesoft.org/schema/mule/validation"
	xmlns:json="http://www.mulesoft.org/schema/mule/json"
	xmlns:http="http://www.mulesoft.org/schema/mule/http"
	xmlns="http://www.mulesoft.org/schema/mule/core" xmlns:doc="http://www.mulesoft.org/schema/mule/documentation"
	xmlns:spring="http://www.springframework.org/schema/beans" 
	xmlns:xsi="http://www.w3.org/2001/XMLSchema-instance"
	xsi:schemaLocation="http://www.mulesoft.org/schema/mule/spring-security http://www.mulesoft.org/schema/mule/spring-security/current/mule-spring-security.xsd
http://www.mulesoft.org/schema/mule/validation http://www.mulesoft.org/schema/mule/validation/current/mule-validation.xsd
http://www.mulesoft.org/schema/mule/json http://www.mulesoft.org/schema/mule/json/current/mule-json.xsd
http://www.mulesoft.org/schema/mule/http http://www.mulesoft.org/schema/mule/http/current/mule-http.xsd
http://www.springframework.org/schema/beans http://www.springframework.org/schema/beans/spring-beans-current.xsd
http://www.mulesoft.org/schema/mule/core http://www.mulesoft.org/schema/mule/core/current/mule.xsd
http://www.mulesoft.org/schema/mule/ee/tracking http://www.mulesoft.org/schema/mule/ee/tracking/current/mule-tracking-ee.xsd">
   
    <flow name="woo-lookup-table-categorias-flow" processingStrategy="synchronous">
   
        <http:request config-ref="SystemLayer_Request_Configuration" path="/woo/lookup-table/#[payload]" method="GET" doc:name="HTTP Obtener Tabla">
            <http:success-status-code-validator values="200..599"/>
        </http:request>

        <set-variable variableName="validationErrorMessage" value="No se pudo obtener codigos de " doc:name="Set Error Message"/>
        
        <validation:custom-validator config-ref="Validation_Configuration" message="#[flowVars.validationErrorMessage]" class="com.acqua.common.pl.validator.PLExternalRestfulValidator" doc:name="Validation"/>
        
        <json:json-to-object-transformer returnClass="java.util.HashMap" doc:name="JSON to Object"/>
        
    </flow>
    
    <flow name="woo-lookup-table-etiquetas-flow" processingStrategy="synchronous">
        <http:request config-ref="SystemLayer_Request_Configuration" path="/woo/lookup-table/#[payload]" method="GET" doc:name="HTTP Obtener Tabla">
            <http:success-status-code-validator values="200..599"/>
        </http:request>

        <set-variable variableName="validationErrorMessage" value="No se pudo obtener codigos de " doc:name="Set Error Message"/>
        
        <validation:custom-validator config-ref="Validation_Configuration" message="#[flowVars.validationErrorMessage]" class="com.acqua.common.pl.validator.PLExternalRestfulValidator" doc:name="Validation"/>
        
        <json:json-to-object-transformer returnClass="java.util.ArrayList" doc:name="JSON to Object"/>
        
    </flow>
    
    <flow name="woo-refresh-tables-flow" processingStrategy="synchronous">
   
        <logger message="#[&quot;-----------------------------------------------------------------------------------------&quot;]" level="INFO"  doc:name="Logger CONSOLA INICIO"/>

		<expression-component doc:name="Set Init Expressions"><![CDATA[flowVars.flowName=flow.name;
flowVars.apiName=message.inboundProperties.'http.request.uri';
flowVars.errorCode=server.dateTime.format('yyyyMMddHHmmssSSS');
flowVars.metricCategory='Woo Refresh Tables'; 
flowVars.sendMail=true;
flowVars.wooActualizarCategorias=${Woo_Actualizar_Categorias};
flowVars.wooActualizarEtiquetas=${Woo_Actualizar_Etiquetas};
flowVars.returnValue = new java.util.ArrayList();
]]></expression-component>

		<http:basic-security-filter realm="mule-realm" />

		<mule-ss:authorization-filter
			requiredAuthorities="ROLE_USER" />
         
		<flow-ref name="woo-refresh-tables-process-flow" doc:name="woo-refresh-tables-process-flow" />
        <set-payload value="Done" mimeType="text/plain" doc:name="Set Payload"/>
		
		<set-property propertyName="http.status" value="#[200]" doc:name="http.status"/>
 
		<exception-strategy ref="Process_Layer_Generic_Exception_Strategy"
			doc:name="Reference Exception Strategy" />

	</flow>
    
    <flow name="woo-refresh-tables-process-flow" processingStrategy="synchronous">
        <choice doc:name="Choice">
            <when expression="#[flowVars.wooActualizarCategorias]">
                <logger message="Actualizando Categorias" level="INFO" doc:name="Logger"/>
                <http:request config-ref="SystemLayer_Request_Configuration" path="/woo/refresh-table/categorias" method="GET" doc:name="HTTP Refresh Categorias">
                    <http:success-status-code-validator values="200..599"/>
                </http:request>
                <set-variable variableName="validationErrorMessage" value="No se pudo Actualizar Categorias de Woo " doc:name="Set Error Message"/>
                <validation:custom-validator config-ref="Validation_Configuration" message="#[flowVars.validationErrorMessage]" class="com.acqua.common.pl.validator.PLExternalRestfulValidator" doc:name="Validation"/>
                <logger message="Categorias actualizadas #[payload]" level="INFO" doc:name="Logger"/>
                <expression-component doc:name="Expression"><![CDATA[flowVars.returnValue.add(payload);]]></expression-component>
            </when>
            <otherwise>
                <logger message="No actualiza Categoria" level="INFO" doc:name="Logger"/>
            </otherwise>
        </choice>
        <choice doc:name="Choice">
            <when expression="#[flowVars.wooActualizarEtiquetas]">
                <logger message="Actualizando Etiquetas" level="INFO" doc:name="Logger"/>
                <http:request config-ref="SystemLayer_Request_Configuration" path="/woo/refresh-table/etiquetas" method="GET" doc:name="HTTP Refresh Etiquetas">
                    <http:success-status-code-validator values="200..599"/>
                </http:request>
                <set-variable variableName="validationErrorMessage" value="No se pudo Actualizar Etiquetas de Woo" doc:name="Set Error Message"/>
                <validation:custom-validator config-ref="Validation_Configuration" message="#[flowVars.validationErrorMessage]" class="com.acqua.common.pl.validator.PLExternalRestfulValidator" doc:name="Validation"/>
                <logger message="Etiquetas actualizadas #[payload]" level="INFO" doc:name="Logger"/>
                <expression-component doc:name="Expression"><![CDATA[flowVars.returnValue.add(payload);]]></expression-component>
            </when>
            <otherwise>
                <logger level="INFO" doc:name="Logger" message="No actualiza etiquetas"/>
            </otherwise>
        </choice>
        <set-payload value="#[flowVars.returnValue]" doc:name="Set Payload"/>
         
        <json:json-to-object-transformer returnClass="java.util.ArrayList" doc:name="JSON to Object"/>
        
    </flow>
    
</mule>
