<?xml version="1.0" encoding="UTF-8"?>

<mule xmlns:json="http://www.mulesoft.org/schema/mule/json"
	xmlns:validation="http://www.mulesoft.org/schema/mule/validation"
	xmlns:http="http://www.mulesoft.org/schema/mule/http" xmlns:mule-ss="http://www.mulesoft.org/schema/mule/spring-security"
	xmlns:tracking="http://www.mulesoft.org/schema/mule/ee/tracking" xmlns="http://www.mulesoft.org/schema/mule/core"
	xmlns:doc="http://www.mulesoft.org/schema/mule/documentation"
	xmlns:spring="http://www.springframework.org/schema/beans" xmlns:xsi="http://www.w3.org/2001/XMLSchema-instance"
	xsi:schemaLocation="http://www.mulesoft.org/schema/mule/validation http://www.mulesoft.org/schema/mule/validation/current/mule-validation.xsd
http://www.mulesoft.org/schema/mule/http http://www.mulesoft.org/schema/mule/http/current/mule-http.xsd
http://www.mulesoft.org/schema/mule/spring-security http://www.mulesoft.org/schema/mule/spring-security/current/mule-spring-security.xsd
http://www.springframework.org/schema/beans http://www.springframework.org/schema/beans/spring-beans-current.xsd
http://www.mulesoft.org/schema/mule/core http://www.mulesoft.org/schema/mule/core/current/mule.xsd
http://www.mulesoft.org/schema/mule/ee/tracking http://www.mulesoft.org/schema/mule/ee/tracking/current/mule-tracking-ee.xsd
http://www.mulesoft.org/schema/mule/json http://www.mulesoft.org/schema/mule/json/current/mule-json.xsd">

	<flow name="woo-consulta-order-flow" processingStrategy="synchronous">
		<expression-component doc:name="Set Init Expressions"><![CDATA[flowVars.flowName=flow.name;
flowVars.apiName=message.inboundProperties.'http.request.uri';
flowVars.errorCode="";
flowVars.metricCategory='Dragon-Sincronizacion';
flowVars.sendMail=false; 
flowVars .orderID=message.inboundProperties.'http.uri.params'.OrderId;
flowVars .format='HTML';]]></expression-component>

		<http:basic-security-filter realm="mule-realm" />

		<mule-ss:authorization-filter
			requiredAuthorities="ROLE_USER" />
		<flow-ref name="woo-consulta-order-process-flow"
			doc:name="woo-consulta-order-process-flow" />
		<set-payload value="#[flowVars.converted]" mimeType="text/html"
			doc:name="Set Payload" encoding="UTF-8"/>


		<exception-strategy ref="Process_Layer_Generic_Exception_Strategy"
			doc:name="Reference Exception Strategy" />

	</flow>

	<flow name="woo-consulta-order-process-flow"
		processingStrategy="synchronous">
		<logger message="PROCESS LAYER - Getting Articulo: #[flowVars.orderID]"
			level="INFO" category="com.acqua.utils.ConsolaStatus" doc:name="Logger CONSOLA" />
		<set-payload value="{}" mimeType="application/json"
			doc:name="Set Payload" />
		<set-variable variableName="validationErrorMessage"
			value="No se pudo recuperar la orden de WOO" doc:name="Set Error Message" />
		<http:request config-ref="SystemLayer_Request_Configuration"
			path="/woo/order/#[flowVars .orderID]" method="GET" doc:name="HTTP Get WOO Order">
			<http:success-status-code-validator
				values="200..599" />
		</http:request>
		<validation:custom-validator config-ref="Validation_Configuration"
			message="#[flowVars.validationErrorMessage]" class="com.acqua.common.pl.validator.PLExternalRestfulValidator"
			doc:name="Validation Get" />
		<choice doc:name="Choice">
			<when expression="#[flowVars .format=='HTML']">
				<json:json-to-object-transformer
					returnClass="java.util.HashMap" doc:name="JSON to Object" />
                <foreach collection="#[payload.line_items]" doc:name="For Each">
                    <enricher target="#[flowVars.itemDetail]" doc:name="Message Enricher">
                        <processor-chain doc:name="Processor Chain">
                            <http:request config-ref="ProcessLayer_Request_Configuration" path="/dragon/articulo/#[payload .sku]" method="GET" doc:name="HTTP Get Item">
                                <http:request-builder>
                                    <http:header headerName="Accept" value="application/json"/>
                                </http:request-builder>
                                <http:success-status-code-validator values="200..599"/>
                            </http:request>
                            <json:json-to-object-transformer returnClass="java.util.HashMap" doc:name="JSON to Object"/>
                        </processor-chain>
                    </enricher>
                    <expression-component doc:name="Expression"><![CDATA[payload.put("itemDetail",flowVars.itemDetail);]]></expression-component>
                </foreach>
                <enricher target="#[flowVars.converted]" doc:name="Message Enricher">
                    <custom-transformer mimeType="text/html" class="com.acqua.transformer.WooFormatOrderTransformer" doc:name="Format HTML">
                        <spring:property name="wooListaPrecioBase" value="${woo_lista_precio_base}"/>
                        <spring:property name="wooListaPrecioDescuento" value="${woo_lista_precio_descuento}"/>
                    </custom-transformer>
                </enricher>
			</when>
			<otherwise>
				<logger message="Done" level="INFO" category="com.acqua.utils.ConsolaStatus"
					doc:name="Logger" />
			</otherwise>
		</choice>
	</flow>
</mule>
