<?xml version="1.0" encoding="UTF-8"?>

<mule xmlns:tracking="http://www.mulesoft.org/schema/mule/ee/tracking" xmlns:objectstore="http://www.mulesoft.org/schema/mule/objectstore"
	
	xmlns:validation="http://www.mulesoft.org/schema/mule/validation"
	xmlns:http="http://www.mulesoft.org/schema/mule/http"
	xmlns:json="http://www.mulesoft.org/schema/mule/json"
	xmlns="http://www.mulesoft.org/schema/mule/core" xmlns:doc="http://www.mulesoft.org/schema/mule/documentation"
	xmlns:spring="http://www.springframework.org/schema/beans" 
	xmlns:xsi="http://www.w3.org/2001/XMLSchema-instance"
	xsi:schemaLocation="http://www.mulesoft.org/schema/mule/objectstore http://www.mulesoft.org/schema/mule/objectstore/current/mule-objectstore.xsd
 
http://www.mulesoft.org/schema/mule/validation http://www.mulesoft.org/schema/mule/validation/current/mule-validation.xsd
http://www.mulesoft.org/schema/mule/http http://www.mulesoft.org/schema/mule/http/current/mule-http.xsd
http://www.mulesoft.org/schema/mule/json http://www.mulesoft.org/schema/mule/json/current/mule-json.xsd
http://www.springframework.org/schema/beans http://www.springframework.org/schema/beans/spring-beans-current.xsd
http://www.mulesoft.org/schema/mule/core http://www.mulesoft.org/schema/mule/core/current/mule.xsd
http://www.mulesoft.org/schema/mule/ee/tracking http://www.mulesoft.org/schema/mule/ee/tracking/current/mule-tracking-ee.xsd">

<flow name="woo-varianza-main-flow" processingStrategy="synchronous">
 
        <logger message="#[&quot;-----------------------------------------------------------------------------------------&quot;]" level="INFO" category="com.acqua.utils.ConsolaWoo" doc:name="Logger CONSOLA INICIO"/>
        <logger message="PROCESS LAYER - INICIO - Enviando Varianza a Woo #[payload]" level="INFO" category="com.acqua.utils.ConsolaWoo" doc:name="Logger CONSOLA INICIO"/>
        <flow-ref name="woo-varianza-process-flow" doc:name="woo-varianza-process-flow"/>
        <choice-exception-strategy doc:name="Choice Exception Strategy">
	        <catch-exception-strategy doc:name="Catch Exception Strategy - PLException" when="#[exception.causedBy(com.acqua.common.pl.exceptions.PLException)]">
	             
	            <expression-component doc:name="Expression - Get Error Detail"><![CDATA[flowVars.circularException = exception.getCause(); 
flowVars.ProcessLayerResponseError = flowVars.circularException.getProcessLayerResponseError();
flowVars.responseValue = new java.util.HashMap();
flowVars.responseValue .put("status",flowVars.ProcessLayerResponseError.getErrors().getHttpStatus());
flowVars.responseValue .put("errorDetail",exception.getMessage());
flowVars.responseValue .put("errorPayload",exception.getInfo());]]></expression-component>
	            <set-payload value="#[flowVars.responseValue]" doc:name="Set Payload"/>
	            <logger message="WOO: Articulo Procesado Con Error|#[flowVars.articuloModificado.articulo]|#[flowVars.articuloModificado.articuloDescripcion]|Error|400|#[exception.getInfo()]" level="INFO" category="com.acqua.utils.ConsolaUpdates" doc:name="Logger CONSOLA"/>
	        </catch-exception-strategy>
	        <catch-exception-strategy doc:name="Catch Exception Strategy - PLException">
	             
	            <expression-component doc:name="Expression - Get Error Detail"><![CDATA[flowVars.circularException = exception.getCause(); 
flowVars.responseValue = new java.util.HashMap();
flowVars.responseValue .put("status",400);
flowVars.responseValue .put("errorDetail",exception.getMessage());
flowVars.responseValue .put("errorPayload",exception.getInfo());]]></expression-component>
	            <set-payload value="#[flowVars.responseValue]" doc:name="Set Payload"/>
	            <logger message="WOO: Articulo Procesado Con Error|#[flowVars.articuloModificado.articulo]|#[flowVars.articuloModificado.articuloDescripcion]|Error|400|#[exception.getInfo()]" level="INFO" category="com.acqua.utils.ConsolaUpdates" doc:name="Logger CONSOLA"/>
	        </catch-exception-strategy>
        </choice-exception-strategy>
    </flow>

 <flow name="woo-varianza-process-flow" processingStrategy="synchronous">
        <processor-chain doc:name="Processor Chain - Actualiza Producto en Woo">
            <set-payload value="#[flowVars.articuloModificado]" doc:name="Set Payload"/>
            <set-variable variableName="errorMessage" value="#[&quot;&quot;]" doc:name="Clean Message"/>
            <set-variable variableName="httpStatus" value="#[200]" doc:name="Set HTTP Status"/>
            <flow-ref name="woo-varianza-transform-flow" doc:name="woo-varianza-transform-flow"/>
            <enricher target="#[flowVars.statusQueue]" doc:name="Message Enricher - Status">
                <processor-chain doc:name="Processor Chain">
                    <expression-component doc:name="Expression"><![CDATA[flowVars.tmpPayload = payload;
payload = new java.util.HashMap();
payload.put('source','monitor-woo');   
payload.put('persistir',true);  
payload.put('thread',Thread.currentThread().getId());                     
payload.put('process',flowVars.metricCategory);
payload.put('transactionId',flowVars.transactionId);
payload.put('codigo',flowVars.tmpPayload.sku);
payload.put('id','0');
if(flowVars.typeProcess == 'ARTICULO')
{
    payload.put('descripcion',flowVars.articuloModificado.articulo.descripcion);
} else
{ 
	payload.put('descripcion',flowVars.articuloModificado.articuloDescripcion);
}
payload.put('ultima-actividad-status',flowVars.httpStatus);
payload.put('ultima-actividad-fecha',server.dateTime.format('yyyy/MM/dd HH:mm:ss:SSS'));
payload.put('ultima-actividad-estado',flowVars.errorMessage.isEmpty()?'Procesando':flowVars.errorMessage);
payload.put('payload',flowVars.tmpPayload);
]]></expression-component>
                    <flow-ref name="message-send-msg-to-topic-flow" doc:name="message-send-msg-to-topic-flow"/>
                </processor-chain>
            </enricher>
            <validation:custom-validator config-ref="Validation_Configuration" message="#[flowVars.errorMessage]" class="com.acqua.common.pl.validator.PLCommonValidator" doc:name="Validation Transform"/>

            <choice doc:name="Choice">
                <when expression="#[!payload.excluir]">
                    <json:object-to-json-transformer doc:name="Object to JSON"/>
                    <logger message="PROCESS LAYER - Requerimiento VARIANZA enviado a SYSTEM LAYER  - para articulo: #[flowVars.sku] #[&quot;\n&quot;] #[payload]" level="INFO" category="com.acqua.utils.ConsolaWoo" doc:name="Logger CONSOLA"/>
                    <enricher target="#[flowVars.wooProduct]" doc:name="Message Enricher">
                        <processor-chain doc:name="Processor Chain">
                            <set-variable variableName="sku" value="#[json:sku]" doc:name="Save Key"/>
                            <message-properties-transformer doc:name="Message Properties">
                                <add-message-property key="content-type" value="application/json;charset=UTF-8"/>
                                <add-message-property key="process" value="#[flowVars.metricCategory]"/>
                                <add-message-property key="transactionId" value="#[flowVars.transactionId]"/>
                                <add-message-property key="articuloDescripcion" value="#[flowVars.typeProcess == 'ARTICULO'?flowVars.articuloModificado.articulo.descripcion:flowVars.articuloModificado.articuloDescripcion]"/>
                            </message-properties-transformer>
                            <http:request config-ref="SystemLayer_Request_Configuration" path="/woo/put-varianza" method="PUT" doc:name="HTTP Actualizar Varianza Woo">
                                <http:success-status-code-validator values="200..599"/>
                            </http:request>
                            <set-variable variableName="validationErrorMessage" value="No se pudo actualizar Varianza en Woo" doc:name="Set Error Message"/>
                            <logger message="PROCESS LAYER - FIN. Respuesta recibida De Woo para el articulo #[flowVars.articuloModificado.articulo] #[flowVars.articuloModificado.color]  #[flowVars.articuloModificado.talle]  Status #[message.inboundProperties[&quot;http.status&quot;]]#[&quot;\n&quot;] #[message.payloadAs(java.lang.String)]" level="INFO" category="com.acqua.utils.ConsolaWoo" doc:name="Logger CONSOLA"/>
                            <json:json-to-object-transformer returnClass="java.util.HashMap" doc:name="JSON to Object"/>
                            <enricher target="#[flowVars.statusQueue]" doc:name="Enricher - Status">
                                <processor-chain doc:name="Processor Chain">
                                    <expression-component doc:name="Expression"><![CDATA[flowVars.tmpPayload = payload;
payload = new java.util.HashMap();
payload.put('source','monitor-woo'); 
payload.put('persistir',true);    
payload.put('thread',Thread.currentThread().getId());                     
payload.put('process',flowVars.metricCategory);
payload.put('transactionId',flowVars.transactionId);
payload.put('codigo',flowVars.sku);
payload.put('id',message.inboundProperties['http.status']==200?flowVars.tmpPayload.variant.id:'0');
payload.put('descripcion',flowVars.typeProcess == 'ARTICULO'?flowVars.articuloModificado.articulo.descripcion:flowVars.articuloModificado.articuloDescripcion);
payload.put('ultima-actividad-status',message.inboundProperties['http.status']);
payload.put('ultima-actividad-fecha',server.dateTime.format('yyyy/MM/dd HH:mm:ss:SSS'));
if(message.inboundProperties['http.status'] == 200)
{
	payload.put('ultima-actividad-estado',(flowVars.tmpPayload.variant.id > 0?'Varianza Procesada':'Nueva Varianza. Reprocesando ' + flowVars.tmpPayload.variant.baseSKU) );
} else
{
	payload.put('ultima-actividad-estado','Varianza Procesada con Error');
}
payload.put('payload',flowVars.tmpPayload);
]]></expression-component>
                                    <flow-ref name="message-send-msg-to-topic-flow" doc:name="message-send-msg-to-topic-flow"/>
                                </processor-chain>
                            </enricher>
                            <validation:custom-validator config-ref="Validation_Configuration" message="#[flowVars.validationErrorMessage]" class="com.acqua.common.pl.validator.PLExternalRestfulValidator" doc:name="Validation"/>
                        </processor-chain>
                    </enricher>
                    <choice doc:name="Choice">
                        <when expression="#[flowVars.wooProduct.variant.id == 0]">
                            <enricher target="#[flowVars.reprocess]" doc:name="Message Enricher">
                                <flow-ref name="woo-varianza-reprocess-sku-flow" doc:name="woo-varianza-reprocess-sku-flow"/>
                            </enricher>
                          

                        </when>
                        <otherwise>
                            <logger message="No es una nueva varianza" level="INFO" category="com.acqua.utils.ConsolaWoo" doc:name="Logger"/>
                        </otherwise>
                    </choice>
                    <expression-component doc:name="Expression Save Message"><![CDATA[flowVars.responseValue = new java.util.HashMap();
flowVars.responseValue .put("status",200);
flowVars.responseValue .put("errorDetail","");
flowVars.responseValue .put("errorPayload","");


]]></expression-component>
                    <logger message="WOO: Articulo Procesado|#[flowVars.wooProduct.variant.sku]|#[flowVars.articuloModificado.articuloDescripcion]|#[flowVars.wooProduct.variant.id]|Procesado" level="INFO" category="com.acqua.utils.ConsolaUpdates" doc:name="Logger CONSOLA"/>
                </when>
                <otherwise>
                    <expression-component doc:name="Expression"><![CDATA[flowVars.responseValue = new java.util.HashMap();
flowVars.responseValue .put("status",200);
flowVars.responseValue .put("errorDetail","Varianza Excluida por Color");
flowVars.responseValue .put("errorPayload","");
]]></expression-component>
                    <enricher target="#[flowVars.statusQueue]" doc:name="Message Enricher">
                        <processor-chain doc:name="Processor Chain">
                            <expression-component doc:name="Expression"><![CDATA[flowVars.tmpPayload = payload;
payload = new java.util.HashMap();
payload.put('source','monitor-woo');   
payload.put('persistir',true);  
payload.put('thread',Thread.currentThread().getId());                     
payload.put('process',flowVars.metricCategory);
payload.put('transactionId',flowVars.transactionId);
payload.put('codigo',flowVars.tmpPayload.sku);
payload.put('id',message.inboundProperties['http.status']==200?flowVars.tmpPayload.variant.id:'0');
payload.put('descripcion',flowVars.typeProcess == 'ARTICULO'?flowVars.articuloModificado.articulo.descripcion:flowVars.articuloModificado.articuloDescripcion);
payload.put('ultima-actividad-status',200);
payload.put('ultima-actividad-fecha',server.dateTime.format('yyyy/MM/dd HH:mm:ss:SSS'));
payload.put('ultima-actividad-estado','Varianza Excluida');
payload.put('payload',flowVars.tmpPayload);
]]></expression-component>
                            <flow-ref name="message-send-msg-to-topic-flow" doc:name="message-send-msg-to-topic-flow"/>
                        </processor-chain>
                    </enricher>
                </otherwise>
            </choice>
        </processor-chain>
        
        <set-payload value="#[flowVars.responseValue]" doc:name="Set Payload"/>
 
    </flow>
    
    <flow name="woo-varianza-reprocess-sku-flow" processingStrategy="synchronous">
        <expression-component doc:name="Expression"><![CDATA[payload = new java.util.ArrayList();
payload.add(flowVars.wooProduct.variant.baseSKU);]]></expression-component>
        <json:object-to-json-transformer doc:name="Object to JSON"/>
      
        <message-properties-transformer doc:name="Message Properties">
            <add-message-property key="process" value="reprocess-product"/>
            <add-message-property key="transacionIDGen" value="#[flowVars.transactionId]"/>
            <add-message-property key="Accept" value="application/json"/>
        </message-properties-transformer>

        <http:request config-ref="ProcessLayer_Request_Configuration" path="/dragon/refresh-articulo" method="POST" doc:name="HTTP Refresh Articulos">
           <http:success-status-code-validator values="200..599"/>
        </http:request>
 
        <catch-exception-strategy doc:name="Catch Exception Strategy">
            <logger message="PROCESS LAYER - Error: #[exception.message]" level="ERROR" category="com.acqua.utils.ConsolaWoo" doc:name="Logger CONSOLA"/>
            <set-variable variableName="errorMessage" value="#[exception.getCause().getMessage()]" doc:name="Set Error Message"/>
            <set-variable variableName="httpStatus" value="#[400]" doc:name="Set HTTP Status"/>
        </catch-exception-strategy>
    </flow>
    
    <flow name="woo-varianza-transform-flow" processingStrategy="synchronous">

        <custom-transformer mimeType="application/json" class="com.acqua.transformer.WooPutVarianzaTransformer" doc:name="Woo Update Varianza Transformer">
            <spring:property name="wooListaPrecioBase" value="${woo_lista_precio_base}"/>
            <spring:property name="wooListaPrecioDescuento" value="${woo_lista_precio_descuento}"/>
            <spring:property name="tableLookup" ref="TableLookup"/>
        </custom-transformer>


        <catch-exception-strategy doc:name="Catch Exception Strategy">
            <logger message="PROCESS LAYER - Error: #[exception.message]" level="ERROR" category="com.acqua.utils.ConsolaWoo" doc:name="Logger CONSOLA"/>
            <set-variable variableName="errorMessage" value="#[exception.getCause().getMessage()]" doc:name="Set Error Message"/>
            <set-variable variableName="httpStatus" value="#[400]" doc:name="Set HTTP Status"/>
        </catch-exception-strategy>
        
    </flow>

</mule>
