<?xml version="1.0" encoding="UTF-8"?>

<mule xmlns:objectstore="http://www.mulesoft.org/schema/mule/objectstore"
	xmlns:mule-ss="http://www.mulesoft.org/schema/mule/spring-security"
	xmlns:smtp="http://www.mulesoft.org/schema/mule/smtp" xmlns:mulerequester="http://www.mulesoft.org/schema/mule/mulerequester" xmlns:scripting="http://www.mulesoft.org/schema/mule/scripting" xmlns:acquait-metrics="http://www.mulesoft.org/schema/mule/acquait-metrics" xmlns:tracking="http://www.mulesoft.org/schema/mule/ee/tracking" xmlns:json="http://www.mulesoft.org/schema/mule/json" xmlns:http="http://www.mulesoft.org/schema/mule/http" xmlns:validation="http://www.mulesoft.org/schema/mule/validation" xmlns:jms="http://www.mulesoft.org/schema/mule/jms" xmlns="http://www.mulesoft.org/schema/mule/core" xmlns:doc="http://www.mulesoft.org/schema/mule/documentation"
	xmlns:spring="http://www.springframework.org/schema/beans" 
	xmlns:xsi="http://www.w3.org/2001/XMLSchema-instance"
	xsi:schemaLocation="http://www.mulesoft.org/schema/mule/objectstore http://www.mulesoft.org/schema/mule/objectstore/current/mule-objectstore.xsd
http://www.mulesoft.org/schema/mule/spring-security http://www.mulesoft.org/schema/mule/spring-security/current/mule-spring-security.xsd
http://www.springframework.org/schema/beans http://www.springframework.org/schema/beans/spring-beans-current.xsd
http://www.mulesoft.org/schema/mule/core http://www.mulesoft.org/schema/mule/core/current/mule.xsd
http://www.mulesoft.org/schema/mule/jms http://www.mulesoft.org/schema/mule/jms/current/mule-jms.xsd
http://www.mulesoft.org/schema/mule/json http://www.mulesoft.org/schema/mule/json/current/mule-json.xsd
http://www.mulesoft.org/schema/mule/http http://www.mulesoft.org/schema/mule/http/current/mule-http.xsd
http://www.mulesoft.org/schema/mule/validation http://www.mulesoft.org/schema/mule/validation/current/mule-validation.xsd
http://www.mulesoft.org/schema/mule/ee/tracking http://www.mulesoft.org/schema/mule/ee/tracking/current/mule-tracking-ee.xsd
http://www.mulesoft.org/schema/mule/acquait-metrics http://www.mulesoft.org/schema/mule/acquait-metrics/current/mule-acquait-metrics.xsd
http://www.mulesoft.org/schema/mule/scripting http://www.mulesoft.org/schema/mule/scripting/current/mule-scripting.xsd
http://www.mulesoft.org/schema/mule/mulerequester http://www.mulesoft.org/schema/mule/mulerequester/current/mule-mulerequester.xsd
http://www.mulesoft.org/schema/mule/smtp http://www.mulesoft.org/schema/mule/smtp/current/mule-smtp.xsd">
	
    <asynchronous-processing-strategy name="Asynchronous_Processing_Strategy_woo_pending" maxThreads="${thread_woo_product_max}" minThreads="${thread_woo_product_min}" threadTTL="0" threadWaitTimeout="-1" maxBufferSize="20000" doc:name="Asynchronous Processing Strategy"/>
    <expression-filter expression="#[flowVars.objectStoreMonitor]" nullReturnsTrue="true" name="MonitorActivoWoo" doc:name="Expression"/>
    <flow name="woo-articulos-processing-ob-flow">
        <processor-chain doc:name="Processor Chain - Object Store">
            <expression-component doc:name="Expression Object Store"><![CDATA[flowVars.objectStore=${activateObjectStore};
flowVars.objectStoreMonitor=${activateObjectStoreMonitor};
flowVars.objectStoreKey=flowVars.responseValue.get("articuloDragon");
flowVars.objectStoreActividadFecha=flowVars.responseValue.get("time");
flowVars.objectStoreActividadEstado=flowVars.responseValue.get("descripcionEstado");
flowVars.objectStoreActividadStatus=flowVars.responseValue.get("estado");

]]></expression-component>
            <choice doc:name="Choice">
                <when expression="#[flowVars.objectStore]">
                    <enricher target="#[flowVars.currentObjStr]" doc:name="Message Enricher">
                        <processor-chain doc:name="Processor Chain">
                            <objectstore:contains config-ref="ObjectStore" key="#[flowVars.objectStoreKey]" doc:name="ObjectStore"/>
                            <choice doc:name="Choice">
                                <when expression="#[payload]">
                                    <objectstore:retrieve config-ref="ObjectStore" key="#[flowVars.objectStoreKey]" doc:name="ObjectStore"/>
                                    <expression-component doc:name="Expression"><![CDATA[flowVars.currentObjStr=payload;
flowVars.currentObjStr.replace("woo-ultima-actividad-fecha",flowVars.objectStoreActividadFecha);
flowVars.currentObjStr.replace("woo-ultima-actividad-estado",flowVars.objectStoreActividadEstado);
flowVars.currentObjStr.replace("woo-ultima-actividad-status",flowVars.objectStoreActividadStatus);]]></expression-component>
                                </when>
                                <otherwise>
                                    <expression-component doc:name="Expression"><![CDATA[flowVars.currentObjStr=new java.util.HashMap();
flowVars.currentObjStr.put("codigo","");
flowVars.currentObjStr.put("description","");
flowVars.currentObjStr.put("ultima-actividad-fecha",0);
flowVars.currentObjStr.put("ultima-actividad-estado","");
flowVars.currentObjStr.put("ultima-actividad-status",0);
flowVars.currentObjStr.put("woo-ultima-actividad-fecha",flowVars.objectStoreActividadFecha);
flowVars.currentObjStr.put("woo-ultima-actividad-estado",flowVars.objectStoreActividadEstado);
flowVars.currentObjStr.put("woo-ultima-actividad-status",flowVars.objectStoreActividadStatus);
flowVars.currentObjStr.put("shopify-ultima-actividad-fecha",0);
flowVars.currentObjStr.put("shopify-ultima-actividad-estado","");
flowVars.currentObjStr.put("shopify-ultima-actividad-status",0);
flowVars.currentObjStr.put("id-captura",0);]]></expression-component>
                                </otherwise>
                            </choice>
                            <scatter-gather doc:name="Scatter-Gather">
                                <objectstore:store config-ref="ObjectStore" key="#[flowVars.objectStoreKey]" value-ref="#[flowVars.currentObjStr]" overwrite="true" doc:name="ObjectStore"/>
                                <processor-chain>
                                    <filter ref="MonitorActivoWoo" doc:name="Filter Reference"/>
                                    <json:object-to-json-transformer doc:name="Object to JSON"/>
                                    <jms:outbound-endpoint topic="monitor" connector-ref="Active_MQ" doc:name="JMS"/>
                                </processor-chain>
                            </scatter-gather>

                        </processor-chain>
                    </enricher>
                </when>
                <otherwise>
                    <logger message="No Object Store" level="INFO" category="com.acqua.utils.ConsolaWoo" doc:name="Logger"/>
                </otherwise>
            </choice>
        </processor-chain>
        <catch-exception-strategy doc:name="Catch Exception Strategy">
            <logger message="Error procesando Object Store WOO ARTICULO #[exception.message]" level="INFO" category="com.acqua.utils.ConsolaWoo" doc:name="Logger"/>
        </catch-exception-strategy>
    </flow>
     
	<flow name="woo-articulos-flow" processingStrategy="Asynchronous_Processing_Strategy_woo_pending">
        <choice doc:name="Choice">
            <when expression="#[flowVars.typeProcess == 'ARTICULO']">
                <flow-ref name="woo-articulos-main-flow" doc:name="woo-articulos-main-flow"/>
            </when>
            <otherwise>
                <flow-ref name="woo-varianza-main-flow" doc:name="woo-varianza-main-flow"/>
            </otherwise>
        </choice>

		<message-properties-transformer
				 doc:name="Message Properties">

						<add-message-property key="MessageType" value="#['Woo-Articulo']" />

		</message-properties-transformer>
			
		<jms:outbound-endpoint doc:name="JMS - Send Message"
			connector-ref="Active_MQ" queue="${activemq.queue.new.messages}"
      responseTimeout="60000"
			encoding="ISO-8859-1" mimeType="application/json">
		</jms:outbound-endpoint>
        <flow-ref name="woo-articulos-processing-ob-flow" doc:name="woo-articulos-processing-ob-flow"/>
		
	</flow>

    
    <flow name="woo-articulos-main-flow" processingStrategy="synchronous">
        <enricher target="#[flowVars.articuloModificado]" doc:name="Message Enricher">
            <json:json-to-object-transformer returnClass="java.util.HashMap" doc:name="JSON to Object"/>
        </enricher>
        <expression-component doc:name="Expression - Set Return Value"><![CDATA[flowVars.returnValue = new java.util.ArrayList();]]></expression-component>
        <acquait-metrics:inc-count config-ref="AcquaIT_Metrics__AcquaIT_Metric_Connector_Configuration" category="#[flowVars.metricCategory]" doc:name="Metrics Count Request">
            <acquait-metrics:metric-keys>
                <acquait-metrics:metric-key>#[flowVars.metricCategory]-Request</acquait-metrics:metric-key>
            </acquait-metrics:metric-keys>
        </acquait-metrics:inc-count>
        <acquait-metrics:snap-time config-ref="AcquaIT_Metrics__AcquaIT_Metric_Connector_Configuration" snapTimeKey="#[flowVars.metricCategory]_begin_snap" doc:name="Metrics Begin Snap"/>
        <set-variable variableName="ArticuloStatus" value="Publicado" doc:name="Set Status Valid"/>
        <logger message="#[&quot;-----------------------------------------------------------------------------------------&quot;]" level="INFO" category="com.acqua.utils.ConsolaWoo" doc:name="Logger CONSOLA INICIO"/>
        <logger message="PROCESS LAYER - INICIO - Enviando Articulo a Woo #[payload]" level="INFO" category="com.acqua.utils.ConsolaWoo" doc:name="Logger CONSOLA INICIO"/>
        <flow-ref name="woo-articulo-process-flow" doc:name="woo-articulo-process-flow"/>
        <acquait-metrics:snap-time config-ref="AcquaIT_Metrics__AcquaIT_Metric_Connector_Configuration" snapTimeKey="#[flowVars.metricCategory]_end_snap" doc:name="Metrics End Snap"/>
        <acquait-metrics:time config-ref="AcquaIT_Metrics__AcquaIT_Metric_Connector_Configuration" beginSnapKey="#[flowVars.metricCategory]_begin_snap" category="#[flowVars.metricCategory]" endSnapKey="#[flowVars.metricCategory]_end_snap" metricKey="#[flowVars.metricCategory + '-' + flowVars.ArticuloStatus]" doc:name="Metrics Record Full Request"/>


        <choice-exception-strategy doc:name="Choice Exception Strategy">
	        <catch-exception-strategy doc:name="Catch Exception Strategy - PLException" when="#[exception.causedBy(com.acqua.common.pl.exceptions.PLException)]">
	             
	            <expression-component doc:name="Expression - Get Error Detail"><![CDATA[flowVars.circularException = exception.getCause(); 
	flowVars.ProcessLayerResponseError = flowVars.circularException.getProcessLayerResponseError();
	flowVars.responseValue = new java.util.HashMap();
	flowVars.responseValue .put("time",server.dateTime.format('yyyy/MM/dd HH:mm:ss:SSS'));
	flowVars.responseValue .put("articuloDragon",flowVars.articuloModificado.articulo.codigo);
	flowVars.responseValue .put("descripcionArticulo",flowVars.articuloModificado.articulo.descripcion);
	flowVars.responseValue .put("articuloShopify",flowVars.articuloModificado['id-shopify']);
	flowVars.responseValue .put("estado",flowVars.ProcessLayerResponseError.getErrors().getHttpStatus());
	flowVars.responseValue .put("descripcionEstado",flowVars.ProcessLayerResponseError.getErrors().getErrorMessage());
    flowVars.responseValue .put("descripcionDetail",exception.getCause().getInfo().get("Payload"));]]></expression-component>
	            <set-payload value="#[flowVars.responseValue]" doc:name="Set Payload"/>
	            <json:object-to-json-transformer mimeType="application/json" doc:name="Object to JSON"/>
	            <logger message="WOO: Articulo Procesado Con Error|#[flowVars.articuloModificado.articulo.codigo]|#[flowVars.articuloModificado.articulo.descripcion]|flowVars.articuloModificado['id-shopify']|Error|#[flowVars.ProcessLayerResponseError.getErrors().getHttpStatus()]|#[flowVars.ProcessLayerResponseError.getErrors().getErrorMessage()]|#[exception.getCause().getInfo().get(&quot;Payload&quot;)]" level="INFO" category="com.acqua.utils.ConsolaUpdates" doc:name="Logger CONSOLA"/>
	
	            <set-variable variableName="ArticuloStatus" value="Error" doc:name="Set Status Invalid"/>
	            <set-property propertyName="http.status" value="#[flowVars.responseValue .get(&quot;estado&quot;)]" doc:name="http.status"/>
	        </catch-exception-strategy>
	        <catch-exception-strategy doc:name="Catch Exception Strategy - PLException">
	             
	            <expression-component doc:name="Expression - Get Error Detail"><![CDATA[	flowVars.circularException = exception.getCause(); 
	flowVars.responseValue = new java.util.HashMap();
	flowVars.responseValue .put("time",server.dateTime.format('yyyy/MM/dd HH:mm:ss:SSS'));
	flowVars.responseValue .put("articuloDragon",flowVars.articuloModificado.articulo.codigo);
	flowVars.responseValue .put("descripcionArticulo",flowVars.articuloModificado.articulo.descripcion);
	flowVars.responseValue .put("articuloShopify",flowVars.articuloModificado['id-shopify']);
	flowVars.responseValue .put("estado",400);
	flowVars.responseValue .put("descripcionEstado",	flowVars.circularException.getMessage());
    flowVars.responseValue .put("descripcionDetail",exception.getCause().getInfo().get("Payload"));]]></expression-component>
	            <set-payload value="#[flowVars.responseValue]" doc:name="Set Payload"/>
	            <json:object-to-json-transformer mimeType="application/json" doc:name="Object to JSON"/>
	            <logger message="WOO: Articulo Procesado Con Error|#[flowVars.articuloModificado.articulo.codigo]|#[flowVars.articuloModificado.articulo.descripcion]|flowVars.articuloModificado['id-shopify']|Error|400|#[flowVars.ProcessLayerResponseError.getErrors().getErrorMessage()]|#[exception.getCause().getInfo().get(&quot;Payload&quot;)]" level="INFO" category="com.acqua.utils.ConsolaUpdates" doc:name="Logger CONSOLA"/>
	
	            <set-variable variableName="ArticuloStatus" value="Error" doc:name="Set Status Invalid"/>
	            <set-property propertyName="http.status" value="#[flowVars.responseValue .get(&quot;estado&quot;)]" doc:name="http.status"/>
	        </catch-exception-strategy>
        </choice-exception-strategy>
    </flow>
    
    <flow name="woo-articulo-process-flow" processingStrategy="synchronous">
        <choice doc:name="Choice">
            <when expression="#[(flowVars.articuloModificado['id-woo']==null || flowVars.articuloModificado['id-woo']==0)  &amp;&amp; flowVars.articuloModificado.articulo.noPublicarEnEcommerce]">
                <set-variable variableName="actualizado" value="#[false]" doc:name="Set NO Actualizado"/>
                <expression-component doc:name="Expression Save Message"><![CDATA[flowVars.responseValue = new java.util.HashMap();
flowVars.responseValue .put("time",server.dateTime.format('yyyy/MM/dd HH:mm:ss:SSS'));
flowVars.responseValue .put("articuloDragon",flowVars.articuloModificado.articulo.codigo);
flowVars.responseValue .put("descripcionArticulo",flowVars.articuloModificado.articulo.descripcion);
flowVars.responseValue .put("articuloWoo",0);
flowVars.responseValue .put("estado",200);
flowVars.responseValue .put("descripcionEstado","No Publicado");]]></expression-component>
            </when>
            <otherwise>
                <processor-chain doc:name="Processor Chain - Actualiza Producto en Woo">
                    <set-payload value="#[flowVars.articuloModificado]" doc:name="Set Payload"/>
                    <set-variable variableName="errorMessage" value="#[&quot;&quot;]" doc:name="Clean Message"/>

                    <flow-ref name="woo-articulo-transform-flow" doc:name="woo-articulo-transform-flow"/>
					<validation:custom-validator
							config-ref="Validation_Configuration" message="#[flowVars.errorMessage]"
							class="com.acqua.common.pl.validator.PLCommonValidator" doc:name="Validation Transform" />
                    <set-variable variableName="idsToShow" value="#[&quot;&quot;]" doc:name="Variable Set idsToShow"/>
                    <foreach collection="#[payload]" doc:name="For Each">
                        <enricher target="#[flowVars.wooProduct]" doc:name="Message Enricher">
                            <processor-chain doc:name="Processor Chain">
                                <json:object-to-json-transformer doc:name="Object to JSON"/>
                                <logger message="PROCESS LAYER - Requerimiento ARTICULO enviado a SYSTEM LAYER  - para articulo: #[flowVars.articuloModificado.articulo.codigo] #[&quot;\n&quot;] #[payload]" level="INFO" category="com.acqua.utils.ConsolaWoo" doc:name="Logger CONSOLA"/>
                                <http:request config-ref="SystemLayer_Request_Configuration" path="/woo/put-articulo" method="PUT" doc:name="HTTP Actualizar Producto Woo">
                                    <http:request-builder>
                                        <http:header headerName="content-type" value="application/json;charset=UTF-8"/>
                                    </http:request-builder>
                                    <http:success-status-code-validator values="200..599"/>
                                </http:request>
                                <set-variable variableName="validationErrorMessage" value="No se pudo actualizar Producto en Woo" doc:name="Set Error Message"/>
                                <logger message="PROCESS LAYER - FIN. Respuesta recibida De Woo para el articulo: #[flowVars.articuloModificado.articulo.codigo] Status #[message.inboundProperties[&quot;http.status&quot;]]#[&quot;\n&quot;] #[message.payloadAs(java.lang.String)]" level="INFO" category="com.acqua.utils.ConsolaWoo" doc:name="Logger CONSOLA"/>
                                <validation:custom-validator config-ref="Validation_Configuration" message="#[flowVars.validationErrorMessage]" class="com.acqua.common.pl.validator.PLExternalRestfulValidator" doc:name="Validation"/>
                                <json:json-to-object-transformer returnClass="java.util.HashMap" doc:name="JSON to Object"/>
                            </processor-chain>
                        </enricher>
                        <set-variable variableName="idsToShow" value="#[idsToShow  + flowVars.wooProduct.product.id  + &quot;,&quot;]" doc:name="Variable"/>
                    </foreach>
                    <expression-component doc:name="Expression Save Message"><![CDATA[flowVars.responseValue = new java.util.HashMap();
flowVars.responseValue .put("time",server.dateTime.format('yyyy/MM/dd HH:mm:ss:SSS'));
flowVars.responseValue .put("articuloDragon",flowVars.articuloModificado.articulo.codigo);
flowVars.responseValue .put("descripcionArticulo",flowVars.articuloModificado.articulo.descripcion);
flowVars.responseValue .put("articuloShopify",flowVars.idsToShow);
flowVars.responseValue .put("estado",200);
flowVars.responseValue .put("descripcionEstado","Procesado Articulo Woo");]]></expression-component>
					<logger message="WOO: Articulo Procesado|#[flowVars.articuloModificado.articulo.codigo]|#[flowVars.articuloModificado.articulo.descripcion]|#[flowVars.wooProduct.product.id]|Procesado" level="INFO" category="com.acqua.utils.ConsolaUpdates" doc:name="Logger CONSOLA"/>

                </processor-chain>

            </otherwise>
        </choice>
        
        <set-payload value="#[flowVars.responseValue]" doc:name="Set Payload"/>
        
        <json:object-to-json-transformer doc:name="Object to JSON"/>
 
    </flow>
    
    <flow name="woo-articulo-transform-flow" processingStrategy="synchronous">
        <custom-transformer mimeType="application/json" class="com.acqua.transformer.WooPutProductoTransformer" doc:name="Woo Alta Producto Transformer">
            <spring:property name="tableLookup" ref="TableLookup"/>
            <spring:property name="wooTableLookup" ref="WooTableLookup"/>
            <spring:property name="wooListaPrecioBase" value="${woo_lista_precio_base}"/>
            <spring:property name="wooListaPrecioDescuento" value="${woo_lista_precio_descuento}"/>
        </custom-transformer>

        <catch-exception-strategy doc:name="Catch Exception Strategy">
            <logger message="PROCESS LAYER - Error: #[exception.message]" level="ERROR" category="com.acqua.utils.ConsolaWoo" doc:name="Logger CONSOLA"/>
            <set-variable variableName="errorMessage" value="#[exception.getCause().getMessage()]" doc:name="Set Error Message"/>
        </catch-exception-strategy>
    </flow>
    
    <flow name="woo-delete-product-flow" processingStrategy="synchronous">
	<expression-component doc:name="Set Init Expressions"><![CDATA[flowVars.flowName=flow.name;
flowVars.apiName=message.inboundProperties.'http.request.uri';
flowVars.errorCode="";
flowVars.metricCategory='Dragon-Sincronizacion';
flowVars.sendMail=false; 
flowVars .sku=message.inboundProperties.'http.uri.params'.SKU;]]></expression-component>

	<http:basic-security-filter realm="mule-realm" />

	<mule-ss:authorization-filter
		requiredAuthorities="ROLE_USER" />
	<flow-ref name="woo-delete-product-process-flow"
		doc:name="woo-delete-product-process-flow" />
        <set-payload value="#[payload]" mimeType="application/json" doc:name="Set Payload"/>


	<exception-strategy ref="Process_Layer_Generic_Exception_Strategy"
		doc:name="Reference Exception Strategy" />

</flow>
    <flow name="woo-delete-product-process-flow" processingStrategy="synchronous">
        <processor-chain doc:name="Processor Chain">
            <http:request config-ref="SystemLayer_Request_Configuration" path="/woo/articulo/#[flowVars.SKU]" method="DELETE" doc:name="HTTP Actualizar Producto Woo">
                <http:request-builder>
                    <http:header headerName="content-type" value="application/json;charset=UTF-8"/>
                </http:request-builder>
                <http:success-status-code-validator values="200..599"/>
            </http:request>
            <set-variable variableName="validationErrorMessage" value="No se pudo eliminar Producto #[flowVars.SKU] en Woo" doc:name="Set Error Message"/>
            <logger message="PROCESS LAYER - FIN. Respuesta recibida De Woo para el articulo #[flowVars.SKU] Status #[message.inboundProperties[&quot;http.status&quot;]]#[&quot;\n&quot;] #[message.payloadAs(java.lang.String)]" level="INFO" category="com.acqua.utils.ConsolaWoo" doc:name="Logger CONSOLA"/>
            <validation:custom-validator config-ref="Validation_Configuration" message="#[flowVars.validationErrorMessage]" class="com.acqua.common.pl.validator.PLExternalRestfulValidator" doc:name="Validation"/>
        </processor-chain>

    </flow>
    
</mule>


