<?xml version="1.0" encoding="UTF-8"?>

<mule xmlns:objectstore="http://www.mulesoft.org/schema/mule/objectstore"
	xmlns:acquait-metrics="http://www.mulesoft.org/schema/mule/acquait-metrics"
	xmlns:validation="http://www.mulesoft.org/schema/mule/validation"
	xmlns:http="http://www.mulesoft.org/schema/mule/http"
	xmlns:json="http://www.mulesoft.org/schema/mule/json"
	xmlns="http://www.mulesoft.org/schema/mule/core" xmlns:doc="http://www.mulesoft.org/schema/mule/documentation"
	xmlns:spring="http://www.springframework.org/schema/beans" 
	xmlns:xsi="http://www.w3.org/2001/XMLSchema-instance"
	xsi:schemaLocation="http://www.mulesoft.org/schema/mule/objectstore http://www.mulesoft.org/schema/mule/objectstore/current/mule-objectstore.xsd
http://www.mulesoft.org/schema/mule/acquait-metrics http://www.mulesoft.org/schema/mule/acquait-metrics/current/mule-acquait-metrics.xsd
http://www.mulesoft.org/schema/mule/validation http://www.mulesoft.org/schema/mule/validation/current/mule-validation.xsd
http://www.mulesoft.org/schema/mule/http http://www.mulesoft.org/schema/mule/http/current/mule-http.xsd
http://www.mulesoft.org/schema/mule/json http://www.mulesoft.org/schema/mule/json/current/mule-json.xsd
http://www.springframework.org/schema/beans http://www.springframework.org/schema/beans/spring-beans-current.xsd
http://www.mulesoft.org/schema/mule/core http://www.mulesoft.org/schema/mule/core/current/mule.xsd">
    <flow name="woo-varianza-main-ob-flow">
        <processor-chain doc:name="Processor Chain - Object Store">
            <expression-component doc:name="Expression Object Store"><![CDATA[flowVars.objectStore=${activateObjectStore};
flowVars.objectStoreKey=flowVars.responseValue.get("articuloDragon");
flowVars.objectStoreActividadFecha=flowVars.responseValue.get("time");
flowVars.objectStoreActividadEstado=flowVars.responseValue.get("descripcionEstado");
flowVars.objectStoreActividadStatus=flowVars.responseValue.get("estado");

]]></expression-component>
            <choice doc:name="Choice">
                <when expression="#[flowVars.objectStore]">
                    <enricher target="#[flowVars.currentObjStr]" doc:name="Message Enricher">
                        <processor-chain doc:name="Processor Chain">
                            <objectstore:contains config-ref="ObjectStore" key="#[flowVars.objectStoreKey]" doc:name="ObjectStore"/>
                            <choice doc:name="Choice">
                                <when expression="#[payload]">
                                    <objectstore:retrieve config-ref="ObjectStore" key="#[flowVars.objectStoreKey]" doc:name="ObjectStore"/>
                                    <expression-component doc:name="Expression"><![CDATA[flowVars.currentObjStr=payload;
flowVars.currentObjStr.replace("woo-ultima-actividad-fecha",flowVars.objectStoreActividadFecha);
flowVars.currentObjStr.replace("woo-ultima-actividad-estado",flowVars.objectStoreActividadEstado);
flowVars.currentObjStr.replace("woo-ultima-actividad-status",flowVars.objectStoreActividadStatus);]]></expression-component>
                                </when>
                                <otherwise>
                                    <expression-component doc:name="Expression"><![CDATA[flowVars.currentObjStr=new java.util.HashMap();
flowVars.currentObjStr.put("description","");
flowVars.currentObjStr.put("ultima-actividad-fecha",0);
flowVars.currentObjStr.put("ultima-actividad-estado","");
flowVars.currentObjStr.put("ultima-actividad-status",0);
flowVars.currentObjStr.put("woo-ultima-actividad-fecha",flowVars.objectStoreActividadFecha);
flowVars.currentObjStr.put("woo-ultima-actividad-estado",flowVars.objectStoreActividadEstado);
flowVars.currentObjStr.put("woo-ultima-actividad-status",flowVars.objectStoreActividadStatus);
flowVars.currentObjStr.put("shopify-ultima-actividad-fecha",0);
flowVars.currentObjStr.put("shopify-ultima-actividad-estado","");
flowVars.currentObjStr.put("shopify-ultima-actividad-status",0);
flowVars.currentObjStr.put("id-captura",0);]]></expression-component>
                                </otherwise>
                            </choice>
                            <objectstore:store config-ref="ObjectStore" key="#[flowVars.objectStoreKey]" value-ref="#[flowVars.currentObjStr]" overwrite="true" doc:name="ObjectStore"/>
                        </processor-chain>
                    </enricher>
                </when>
                <otherwise>
                    <logger message="No Object Store" level="INFO" category="com.acqua.utils.ConsolaWoo" doc:name="Logger"/>
                </otherwise>
            </choice>
        </processor-chain>
        <catch-exception-strategy doc:name="Catch Exception Strategy">
            <logger message="Error procesando Object Store WOO ARTICULO #[exception.message]" level="INFO" category="com.acqua.utils.ConsolaWoo" doc:name="Logger"/>
        </catch-exception-strategy>
    </flow>

<flow name="woo-varianza-main-flow" processingStrategy="synchronous">
        <enricher target="#[flowVars.articuloModificado]" doc:name="Message Enricher">
            <json:json-to-object-transformer returnClass="java.util.HashMap" doc:name="JSON to Object"/>
        </enricher>
        <expression-component doc:name="Expression - Set Return Value"><![CDATA[flowVars.returnValue = new java.util.ArrayList();]]></expression-component>
<!--         <acquait-metrics:inc-count config-ref="AcquaIT_Metrics__AcquaIT_Metric_Connector_Configuration" category="#[flowVars.metricCategory]" doc:name="Metrics Count Request"> -->
<!--             <acquait-metrics:metric-keys> -->
<!--                 <acquait-metrics:metric-key>#[flowVars.metricCategory]-Request</acquait-metrics:metric-key> -->
<!--             </acquait-metrics:metric-keys> -->
<!--         </acquait-metrics:inc-count> -->
<!--         <acquait-metrics:snap-time config-ref="AcquaIT_Metrics__AcquaIT_Metric_Connector_Configuration" snapTimeKey="#[flowVars.metricCategory]_begin_snap" doc:name="Metrics Begin Snap"/> -->
        <set-variable variableName="ArticuloStatus" value="Publicado" doc:name="Set Status Valid"/>
        <logger message="#[&quot;-----------------------------------------------------------------------------------------&quot;]" level="INFO" category="com.acqua.utils.ConsolaWoo" doc:name="Logger CONSOLA INICIO"/>
        <logger message="PROCESS LAYER - INICIO - Enviando Varianza a Woo #[payload]" level="INFO" category="com.acqua.utils.ConsolaWoo" doc:name="Logger CONSOLA INICIO"/>
        <flow-ref name="woo-varianza-process-flow" doc:name="woo-varianza-process-flow"/>
<!--         <acquait-metrics:snap-time config-ref="AcquaIT_Metrics__AcquaIT_Metric_Connector_Configuration" snapTimeKey="#[flowVars.metricCategory]_end_snap" doc:name="Metrics End Snap"/> -->
<!--         <acquait-metrics:time config-ref="AcquaIT_Metrics__AcquaIT_Metric_Connector_Configuration" beginSnapKey="#[flowVars.metricCategory]_begin_snap" category="#[flowVars.metricCategory]" endSnapKey="#[flowVars.metricCategory]_end_snap" metricKey="#[flowVars.metricCategory + '-' + flowVars.ArticuloStatus]" doc:name="Metrics Record Full Request"/> -->
        <flow-ref name="woo-varianza-main-ob-flow" doc:name="woo-varianza-main-ob-flow"/>
        <choice-exception-strategy doc:name="Choice Exception Strategy">
	        <catch-exception-strategy doc:name="Catch Exception Strategy - PLException" when="#[exception.causedBy(com.acqua.common.pl.exceptions.PLException)]">
	             
	            <expression-component doc:name="Expression - Get Error Detail"><![CDATA[flowVars.circularException = exception.getCause(); 
	flowVars.ProcessLayerResponseError = flowVars.circularException.getProcessLayerResponseError();
	flowVars.responseValue = new java.util.HashMap();
	flowVars.responseValue .put("time",server.dateTime.format('yyyy/MM/dd HH:mm:ss:SSS'));
	flowVars.responseValue .put("articuloDragon",flowVars.articuloModificado.articulo);
	flowVars.responseValue .put("descripcionArticulo",flowVars.articuloModificado.articuloDescripcion);
	flowVars.responseValue .put("articuloShopify",flowVars.articuloModificado['id-shopify']);
	flowVars.responseValue .put("estado",flowVars.ProcessLayerResponseError.getErrors().getHttpStatus());
	flowVars.responseValue .put("descripcionEstado",flowVars.ProcessLayerResponseError.getErrors().getErrorMessage());
    flowVars.responseValue .put("descripcionDetail",exception.getCause().getInfo().get("Payload"));]]></expression-component>
	            <set-payload value="#[flowVars.responseValue]" doc:name="Set Payload"/>
	            <json:object-to-json-transformer mimeType="application/json" doc:name="Object to JSON"/>
	            <logger message="WOO: Articulo Procesado Con Error|#[flowVars.articuloModificado.articulo.codigo]|#[flowVars.articuloModificado.articulo.descripcion]|flowVars.articuloModificado['id-shopify']|Error|#[flowVars.ProcessLayerResponseError.getErrors().getHttpStatus()]|#[flowVars.ProcessLayerResponseError.getErrors().getErrorMessage()]|#[exception.getCause().getInfo().get(&quot;Payload&quot;)]" level="INFO" category="com.acqua.utils.ConsolaUpdates" doc:name="Logger CONSOLA"/>
	
	            <set-variable variableName="ArticuloStatus" value="Error" doc:name="Set Status Invalid"/>
	            <set-property propertyName="http.status" value="#[flowVars.responseValue .get(&quot;estado&quot;)]" doc:name="http.status"/>
	        </catch-exception-strategy>
	        <catch-exception-strategy doc:name="Catch Exception Strategy - PLException">
	             
	            <expression-component doc:name="Expression - Get Error Detail"><![CDATA[	flowVars.circularException = exception.getCause(); 
	flowVars.responseValue = new java.util.HashMap();
	flowVars.responseValue .put("time",server.dateTime.format('yyyy/MM/dd HH:mm:ss:SSS'));
	flowVars.responseValue .put("articuloDragon",flowVars.articuloModificado.articulo);
	flowVars.responseValue .put("descripcionArticulo",flowVars.articuloModificado.articuloDescripcion);
	flowVars.responseValue .put("articuloShopify",flowVars.articuloModificado['id-shopify']);
	flowVars.responseValue .put("estado",400);
	flowVars.responseValue .put("descripcionEstado",	flowVars.circularException.getMessage());
    flowVars.responseValue .put("descripcionDetail",exception.getCause().getInfo().get("Payload"));]]></expression-component>
	            <set-payload value="#[flowVars.responseValue]" doc:name="Set Payload"/>
	            <json:object-to-json-transformer mimeType="application/json" doc:name="Object to JSON"/>
	            <logger message="WOO: Articulo Procesado Con Error|#[flowVars.articuloModificado.articulo.codigo]|#[flowVars.articuloModificado.articulo.descripcion]|flowVars.articuloModificado['id-shopify']|Error|400|#[flowVars.ProcessLayerResponseError.getErrors().getErrorMessage()]|#[exception.getCause().getInfo().get(&quot;Payload&quot;)]" level="INFO" category="com.acqua.utils.ConsolaUpdates" doc:name="Logger CONSOLA"/>
	
	            <set-variable variableName="ArticuloStatus" value="Error" doc:name="Set Status Invalid"/>
	            <set-property propertyName="http.status" value="#[flowVars.responseValue .get(&quot;estado&quot;)]" doc:name="http.status"/>
	        </catch-exception-strategy>
        </choice-exception-strategy>
    </flow>

 <flow name="woo-varianza-process-flow" processingStrategy="synchronous">
        <processor-chain doc:name="Processor Chain - Actualiza Producto en Woo">
            <set-payload value="#[flowVars.articuloModificado]" doc:name="Set Payload"/>
            <set-variable variableName="errorMessage" value="#[&quot;&quot;]" doc:name="Clean Message"/>
            <flow-ref name="woo-varianza-transform-flow" doc:name="woo-varianza-transform-flow"/>
            <validation:custom-validator config-ref="Validation_Configuration" message="#[flowVars.errorMessage]" class="com.acqua.common.pl.validator.PLCommonValidator" doc:name="Validation Transform"/>
            <json:object-to-json-transformer doc:name="Object to JSON"/>
            <logger message="PROCESS LAYER - Requerimiento VARIANZA enviado a SYSTEM LAYER  - para articulo: #[flowVars.sku] #[&quot;\n&quot;] #[payload]" level="INFO" category="com.acqua.utils.ConsolaWoo" doc:name="Logger CONSOLA"/>
            <enricher target="#[flowVars.wooProduct]" doc:name="Message Enricher">
                <processor-chain doc:name="Processor Chain">
                    <http:request config-ref="SystemLayer_Request_Configuration" path="/woo/put-varianza" method="PUT" doc:name="HTTP Actualizar Varianza Woo">
                        <http:request-builder>
                            <http:header headerName="content-type" value="application/json;charset=UTF-8"/>
                        </http:request-builder>
                        <http:success-status-code-validator values="200..599"/>
                    </http:request>
                    <set-variable variableName="validationErrorMessage" value="No se pudo actualizar Varianza en Woo" doc:name="Set Error Message"/>
                    <logger message="PROCESS LAYER - FIN. Respuesta recibida De Woo para el articulo #[flowVars.articuloModificado.articulo] #[flowVars.articuloModificado.color]  #[flowVars.articuloModificado.talle]  Status #[message.inboundProperties[&quot;http.status&quot;]]#[&quot;\n&quot;] #[message.payloadAs(java.lang.String)]" level="INFO" category="com.acqua.utils.ConsolaWoo" doc:name="Logger CONSOLA"/>
                    <validation:custom-validator config-ref="Validation_Configuration" message="#[flowVars.validationErrorMessage]" class="com.acqua.common.pl.validator.PLExternalRestfulValidator" doc:name="Validation"/>
                    <json:json-to-object-transformer returnClass="java.util.HashMap" doc:name="JSON to Object"/>
                </processor-chain>
            </enricher>
            <expression-component doc:name="Expression Save Message"><![CDATA[flowVars.responseValue = new java.util.HashMap();
flowVars.responseValue .put("time",server.dateTime.format('yyyy/MM/dd HH:mm:ss:SSS'));
flowVars.responseValue .put("articuloDragon",flowVars.wooProduct.variant.sku);
flowVars.responseValue .put("descripcionArticulo",flowVars.articuloModificado.articuloDescripcion);
flowVars.responseValue .put("articuloShopify",flowVars.wooProduct.variant.id);
flowVars.responseValue .put("estado",200);
flowVars.responseValue .put("descripcionEstado","Procesado Varianza Woo");]]></expression-component>
            <logger message="WOO: Articulo Procesado|#[flowVars.wooProduct.variant.sku]|#[flowVars.articuloModificado.articuloDescripcion]|#[flowVars.wooProduct.variant.id]|Procesado" level="INFO" category="com.acqua.utils.ConsolaUpdates" doc:name="Logger CONSOLA"/>
        </processor-chain>
        
        <set-payload value="#[flowVars.responseValue]" doc:name="Set Payload"/>
        
        <json:object-to-json-transformer doc:name="Object to JSON"/>
 
    </flow>
    
    <flow name="woo-varianza-transform-flow" processingStrategy="synchronous">
        <custom-transformer mimeType="application/json" class="com.acqua.transformer.WooPutVarianzaTransformer" doc:name="Woo Update Varianza Transformer">
            <spring:property name="wooListaPrecioBase" value="${woo_lista_precio_base}"/>
            <spring:property name="wooListaPrecioDescuento" value="${woo_lista_precio_descuento}"/>
            <spring:property name="tableLookup" ref="TableLookup"/>
        </custom-transformer>

        <catch-exception-strategy doc:name="Catch Exception Strategy">
            <logger message="PROCESS LAYER - Error: #[exception.message]" level="ERROR" category="com.acqua.utils.ConsolaWoo" doc:name="Logger CONSOLA"/>
            <set-variable variableName="errorMessage" value="#[exception.getCause().getMessage()]" doc:name="Set Error Message"/>
        </catch-exception-strategy>
    </flow>

</mule>
