<?xml version="1.0" encoding="UTF-8"?>
 
<mule xmlns:schedulers="http://www.mulesoft.org/schema/mule/schedulers"
	xmlns:tracking="http://www.mulesoft.org/schema/mule/ee/tracking" xmlns:jms="http://www.mulesoft.org/schema/mule/jms"
	xmlns:validation="http://www.mulesoft.org/schema/mule/validation"
	xmlns:json="http://www.mulesoft.org/schema/mule/json"
	xmlns:http="http://www.mulesoft.org/schema/mule/http"
	xmlns:mule-ss="http://www.mulesoft.org/schema/mule/spring-security"
	xmlns="http://www.mulesoft.org/schema/mule/core" xmlns:doc="http://www.mulesoft.org/schema/mule/documentation"
	xmlns:spring="http://www.springframework.org/schema/beans" 
	xmlns:xsi="http://www.w3.org/2001/XMLSchema-instance"
	xsi:schemaLocation="http://www.mulesoft.org/schema/mule/schedulers http://www.mulesoft.org/schema/mule/schedulers/current/mule-schedulers.xsd
http://www.mulesoft.org/schema/mule/jms http://www.mulesoft.org/schema/mule/jms/current/mule-jms.xsd
http://www.mulesoft.org/schema/mule/validation http://www.mulesoft.org/schema/mule/validation/current/mule-validation.xsd
http://www.mulesoft.org/schema/mule/json http://www.mulesoft.org/schema/mule/json/current/mule-json.xsd
http://www.mulesoft.org/schema/mule/http http://www.mulesoft.org/schema/mule/http/current/mule-http.xsd
http://www.mulesoft.org/schema/mule/spring-security http://www.mulesoft.org/schema/mule/spring-security/current/mule-spring-security.xsd
http://www.springframework.org/schema/beans http://www.springframework.org/schema/beans/spring-beans-current.xsd
http://www.mulesoft.org/schema/mule/core http://www.mulesoft.org/schema/mule/core/current/mule.xsd
http://www.mulesoft.org/schema/mule/ee/tracking http://www.mulesoft.org/schema/mule/ee/tracking/current/mule-tracking-ee.xsd">
    <expression-filter expression="#[(flowVars.ordersToProcess.size()&gt;0?flowVars.ordersToProcess.contains(payload.descripcion):true)]" nullReturnsTrue="true" name="Expression1" doc:name="Expression"/>

	<flow name="woo-reprocess-cron-flow" processingStrategy="synchronous" initialState="started">
        <poll doc:name="Poll">
            <schedulers:cron-scheduler expression="${cron_reprocess_unprocessed_orders}"/>
            <logger message="#[&quot;-----------------------------------------------------------------------------------------&quot;]" level="INFO" category="com.acqua.base.WooOrdersProcessed" doc:name="Logger CONSOLA"/>
        </poll>
    
        <flow-ref name="woo-reprocess-cron-process-flow" doc:name="woo-reprocess-cron-process-flow"/>
  
        <exception-strategy ref="Process_Layer_Generic_Exception_Strategy" doc:name="Reference Exception Strategy"/>
        
    </flow>
    
    <flow name="woo-reprocess-cron-process-flow" processingStrategy="synchronous">
    
        <expression-component doc:name="Expression"><![CDATA[flowVars.fechaDesde = server.dateTime.plusDays(-1).format("yyyy-MM-dd'T'HH:mm:ss");
payload = "[]";]]></expression-component>
      
        <flow-ref name="woo-reprocess-order-process-flow" doc:name="woo-reprocess-order-process-flow"/>
  
    </flow>
    
	<flow name="woo-reprocess-order-flow" processingStrategy="synchronous">
        <logger message="#[&quot;-----------------------------------------------------------------------------------------&quot;]" level="INFO" category="com.acqua.utils.ConsolaStatus" doc:name="Logger CONSOLA INICIO"/>
		<expression-component doc:name="Set Init Expressions"><![CDATA[flowVars.flowName=flow.name;
flowVars.apiName=message.inboundProperties.'http.request.uri';
flowVars.errorCode=server.dateTime.format('yyyyMMddHHmmssSSS');
flowVars.metricCategory=com.acqua.util.DragonProcessUtil.crearCategoriaDeMetrics(message.inboundProperties); 
flowVars.sendMail=true;
flowVars.fechaDesde=(message.inboundProperties.'http.uri.params'.FechaModificacion == null? server.dateTime.plusDays(-1).format("yyyy-MM-dd'T'HH:mm:ss"):message.inboundProperties.'http.uri.params'.FechaModificacion);]]></expression-component>

		<http:basic-security-filter realm="mule-realm" />

		<mule-ss:authorization-filter
			requiredAuthorities="ROLE_USER" />



		<flow-ref name="woo-reprocess-order-process-flow" doc:name="woo-reprocess-order-process-flow" />
		
		<set-property propertyName="http.status" value="#[200]" doc:name="http.status"/>
 
		<exception-strategy ref="Process_Layer_Generic_Exception_Strategy"
			doc:name="Reference Exception Strategy" />

	</flow>
	
	<flow name="woo-reprocess-order-process-flow" processingStrategy="synchronous">
        <enricher target="#[flowVars.ordersToProcess]" doc:name="Message Enricher - Orders To Process">
            <processor-chain doc:name="Processor Chain - Get Orders To Process">
                <byte-array-to-string-transformer doc:name="Byte Array to String"/>
                <json:json-to-object-transformer returnClass="java.util.ArrayList" doc:name="JSON to Object"/>
            </processor-chain>
        </enricher>
    
        <processor-chain doc:name="Processor Chain">
         
            <expression-component doc:name="Expression"><![CDATA[flowVars.ordersProcessedOk = new java.util.ArrayList();
flowVars.ordersProcessedError = new java.util.ArrayList();]]></expression-component>
            <logger message="================================================================" level="INFO" category="com.acqua.base.WooOrdersProcessed" doc:name="Logger"/>
            
            <logger message="PROCESS LAYER - Woo Reprocessing Orders desde #[flowVars.fechaDesde]" level="INFO" category="com.acqua.base.WooOrdersProcessed" doc:name="Logger CONSOLA"/>

    
            <http:request config-ref="SystemLayer_Request_Configuration" path="/integrity/chequear-ordenes-publicadas/woo/#[flowVars.fechaDesde]" method="GET" doc:name="HTTP Get Order" sendBodyMode="NEVER">
                <http:success-status-code-validator values="200..599"/>
            </http:request>
    
            <logger message="PROCESS LAYER -Orders Retrieved Status: #[message.inboundProperties[&quot;http.status&quot;]]" level="INFO" category="com.acqua.base.WooOrdersProcessed" doc:name="Logger CONSOLA"/>
    
            <set-variable variableName="validationErrorMessage" value="No se pudo obtener Ordenes" doc:name="Set Error Message"/>
    
            <validation:custom-validator config-ref="Validation_Configuration" message="#[flowVars.validationErrorMessage]" class="com.acqua.common.pl.validator.PLExternalRestfulValidator" doc:name="Validation"/>
    
        </processor-chain>
     
        <json:json-to-object-transformer returnClass="java.util.HashMap" doc:name="JSON to Object"/>
      
        <foreach collection="#[payload.SinOrdenEnDragon]" doc:name="For Each Sin Orden En Dragon">
            <expression-component doc:name="Expression"><![CDATA[flowVars.action="created";]]></expression-component>
            <filter ref="Expression1" doc:name="Filter Reference - Solo Ordenes Solictadas"/>
            <flow-ref name="woo-reprocess-order-get-order-flow" doc:name="woo-reprocess-order-get-order-flow"/>
     		 
        </foreach>
        
        <foreach collection="#[payload.SinRemitoActualizado]" doc:name="For Each Sin Remito Actualizado">
            <expression-component doc:name="Expression"><![CDATA[flowVars.action="updated";]]></expression-component>
            <flow-ref name="woo-reprocess-order-get-order-flow" doc:name="woo-reprocess-order-get-order-flow"/>
     		 
        </foreach>
        
        <enricher target="#[flowVars.email]" doc:name="Message Enricher">
            <processor-chain doc:name="Processor Chain - Send Orders with Errors">
                <expression-component doc:name="Prepare Email"><![CDATA[payload=flowVars.ordersProcessedError;
flowVars.subject='Ordenes de Woo sin correspondiente orden en Dragon que no se pudieron reprocesar';
flowVars.HandlebarsTemplate='layer-lista-orders-msg-report';
flowVars.attachLogs=true;]]></expression-component>
                <choice doc:name="Choice">
                    <when expression="#[payload.size()&gt;0]">
                        <flow-ref name="common-new-send-notification-w-attach-flow" doc:name="common-new-send-notification-w-attach-flow"/>
                    </when>
                    <otherwise>
                        <logger message="All the orders has been sent to reprocessed" level="INFO" category="com.acqua.base.WooOrdersProcessed" doc:name="Logger"/>
                    </otherwise>
                </choice>
            </processor-chain>
        </enricher>
        <enricher target="#[flowVars.email]" doc:name="Message Enricher">
            <processor-chain doc:name="Processor Chain - Send Orders Reprocessed">
                <expression-component doc:name="Prepare Email"><![CDATA[payload=flowVars.ordersProcessedOk;
flowVars.subject='Ordenes de Woo sin correspondiente orden en Dragon enviadas a reprocesar';
flowVars.HandlebarsTemplate='layer-lista-orders-msg-report';
flowVars.attachLogs=false;]]></expression-component>
                <choice doc:name="Choice">
                    <when expression="#[payload.size()&gt;0]">
                        <flow-ref name="common-new-send-notification-w-attach-flow" doc:name="common-new-send-notification-w-attach-flow"/>
                    </when>
                    <otherwise>
                        <logger message="There is not orders to reprocessed" level="INFO" category="com.acqua.base.WooOrdersProcessed" doc:name="Logger"/>
                    </otherwise>
                </choice>
            </processor-chain>
        </enricher>

        <expression-component doc:name="Expression - Prepare Response"><![CDATA[payload = new java.util.HashMap();
payload.put('Processed',flowVars.ordersProcessedOk);
payload.put('Error',flowVars.ordersProcessedError);
]]></expression-component>

       
        <json:object-to-json-transformer doc:name="Object to JSON"/>
       
        <logger message="-----------------------------------------------------------------------------" level="INFO" category="com.acqua.base.WooOrdersProcessed" doc:name="Logger"/>
    
    
        <exception-strategy ref="Process_Layer_Generic_Exception_Strategy" doc:name="Reference Exception Strategy"/>
    
    </flow>
    <flow name="woo-reprocess-order-get-order-flow" processingStrategy="synchronous">
        <processor-chain doc:name="Processor Chain">
            <logger message="Getting order #[payload.codigo] / #[payload.descripcion]" level="INFO" category="com.acqua.base.WooOrdersProcessed" doc:name="Logger"/>
            <set-variable variableName="originalPayload" value="#[payload]" doc:name="Variable Save Payload"/>
            <http:request config-ref="SystemLayer_Request_Configuration" path="/woo/order/#[payload.codigo]" method="GET" doc:name="HTTP Get Order">
                <http:success-status-code-validator values="200..599"/>
            </http:request>
            <set-variable variableName="validationErrorMessage" value="No se pudo obtener Orden" doc:name="Set Error Message"/>
            <validation:custom-validator config-ref="Validation_Configuration" message="#[flowVars.validationErrorMessage]" class="com.acqua.common.pl.validator.PLExternalRestfulValidator" doc:name="Validation"/>
            <byte-array-to-object-transformer doc:name="Byte Array to Object"/>
            <message-properties-transformer overwrite="true" doc:name="Message Properties">
                <add-message-property key="entidad" value="order"/>
                <add-message-property key="accion" value="#[flowVars.action]"/>
                <add-message-property key="ecommerce" value="woo"/>
            </message-properties-transformer>
            <jms:outbound-endpoint queue="${activemq.queue.webhook}-woo" connector-ref="Active_MQ" mimeType="application/json" responseTimeout="60000" encoding="ISO-8859-1" doc:name="JMS"/>
            <logger message="Order Order #[flowVars.originalPayload.codigo] / #[flowVars.originalPayload.descripcion]  sent to ${activemq.queue.webhook}-woo queue" level="INFO" category="com.acqua.base.WooOrdersProcessed" doc:name="Logger"/>
            <expression-component doc:name="Expression"><![CDATA[flowVars.originalPayload.put("error",'Enviado a Reprocesamiento');
flowVars.ordersProcessedOk.add(flowVars.originalPayload);]]></expression-component>
        </processor-chain>
        <choice-exception-strategy doc:name="Choice Exception Strategy">
	        <catch-exception-strategy doc:name="Catch Exception Strategy - PLException" when="#[exception.causedBy(com.acqua.common.pl.exceptions.PLException)]">

	            <logger message="Error processing Order #[flowVars.originalPayload.codigo] / #[flowVars.originalPayload.descripcion] Error: #[exception.message] " level="INFO" category="com.acqua.base.WooOrdersProcessed" doc:name="Logger"/>
                <expression-component doc:name="Expression - Expression - Get Error Detail"><![CDATA[flowVars.circularException = exception.getCause();
flowVars.ProcessLayerResponseError = flowVars.circularException.getProcessLayerResponseError();
flowVars.originalPayload.put("error",flowVars.ProcessLayerResponseError.getErrors().getErrorMessage());
flowVars.ordersProcessedError.add(flowVars.originalPayload);]]></expression-component>


	        </catch-exception-strategy>
	        <catch-exception-strategy doc:name="Catch Exception Strategy - PLException">
                <logger message="Error processing Order #[flowVars.originalPayload.codigo] / #[flowVars.originalPayload.descripcion] Error: #[exception.message]" level="INFO" category="com.acqua.base.WooOrdersProcessed" doc:name="Logger"/>
                <expression-component doc:name="Expression - Expression - Get Error Detail"><![CDATA[flowVars.originalPayload.put("error",exception.message);
flowVars.originalPayload.put("errorDetail",exception.getCause());
flowVars.ordersProcessedError.add(flowVars.originalPayload);]]></expression-component>

	        </catch-exception-strategy>
        </choice-exception-strategy>
    </flow>
 
</mule>
