<?xml version="1.0" encoding="UTF-8"?>

<mule xmlns:smtp="http://www.mulesoft.org/schema/mule/smtp" xmlns:mulerequester="http://www.mulesoft.org/schema/mule/mulerequester" xmlns:scripting="http://www.mulesoft.org/schema/mule/scripting" xmlns:acquait-metrics="http://www.mulesoft.org/schema/mule/acquait-metrics" xmlns:tracking="http://www.mulesoft.org/schema/mule/ee/tracking" xmlns:json="http://www.mulesoft.org/schema/mule/json" xmlns:http="http://www.mulesoft.org/schema/mule/http" xmlns:validation="http://www.mulesoft.org/schema/mule/validation" xmlns:jms="http://www.mulesoft.org/schema/mule/jms" xmlns="http://www.mulesoft.org/schema/mule/core" xmlns:doc="http://www.mulesoft.org/schema/mule/documentation"
	xmlns:spring="http://www.springframework.org/schema/beans" 
	xmlns:xsi="http://www.w3.org/2001/XMLSchema-instance"
	xsi:schemaLocation="http://www.springframework.org/schema/beans http://www.springframework.org/schema/beans/spring-beans-current.xsd
http://www.mulesoft.org/schema/mule/core http://www.mulesoft.org/schema/mule/core/current/mule.xsd
http://www.mulesoft.org/schema/mule/jms http://www.mulesoft.org/schema/mule/jms/current/mule-jms.xsd
http://www.mulesoft.org/schema/mule/json http://www.mulesoft.org/schema/mule/json/current/mule-json.xsd
http://www.mulesoft.org/schema/mule/http http://www.mulesoft.org/schema/mule/http/current/mule-http.xsd
http://www.mulesoft.org/schema/mule/validation http://www.mulesoft.org/schema/mule/validation/current/mule-validation.xsd
http://www.mulesoft.org/schema/mule/ee/tracking http://www.mulesoft.org/schema/mule/ee/tracking/current/mule-tracking-ee.xsd
http://www.mulesoft.org/schema/mule/acquait-metrics http://www.mulesoft.org/schema/mule/acquait-metrics/current/mule-acquait-metrics.xsd
http://www.mulesoft.org/schema/mule/scripting http://www.mulesoft.org/schema/mule/scripting/current/mule-scripting.xsd
http://www.mulesoft.org/schema/mule/mulerequester http://www.mulesoft.org/schema/mule/mulerequester/current/mule-mulerequester.xsd
http://www.mulesoft.org/schema/mule/smtp http://www.mulesoft.org/schema/mule/smtp/current/mule-smtp.xsd">
	
    <asynchronous-processing-strategy name="Asynchronous_Processing_Strategy_woo_pending" maxThreads="${thread_woo_product_max}" minThreads="${thread_woo_product_min}" threadTTL="0" threadWaitTimeout="-1" maxBufferSize="20000" doc:name="Asynchronous Processing Strategy"/>
     
	<flow name="woo-articulos-flow" processingStrategy="Asynchronous_Processing_Strategy_woo_pending">
		<flow-ref name="woo-articulos-main-flow" doc:name="woo-articulos-main-flow"/>

		<message-properties-transformer
				 doc:name="Message Properties">

						<add-message-property key="MessageType" value="#['Woo-Articulo-' + flowVars.ArticuloStatus]" />

		</message-properties-transformer>
			
		<jms:outbound-endpoint doc:name="JMS - Send Process Job"
			connector-ref="Active_MQ" queue="${activemq.queue.new.messages}"
      responseTimeout="60000"
			encoding="ISO-8859-1" mimeType="application/json">
		</jms:outbound-endpoint>
		
	</flow>

    
    <flow name="woo-articulos-main-flow" processingStrategy="synchronous">
        <enricher target="#[flowVars.articuloModificado]" doc:name="Message Enricher">
            <json:json-to-object-transformer returnClass="java.util.HashMap" doc:name="JSON to Object"/>
        </enricher>
        <expression-component doc:name="Expression - Set Return Value"><![CDATA[flowVars.returnValue = new java.util.ArrayList();]]></expression-component>
        <acquait-metrics:inc-count config-ref="AcquaIT_Metrics__AcquaIT_Metric_Connector_Configuration" category="#[flowVars.metricCategory]" doc:name="Metrics Count Request">
            <acquait-metrics:metric-keys>
                <acquait-metrics:metric-key>#[flowVars.metricCategory]-Request</acquait-metrics:metric-key>
            </acquait-metrics:metric-keys>
        </acquait-metrics:inc-count>
        <acquait-metrics:snap-time config-ref="AcquaIT_Metrics__AcquaIT_Metric_Connector_Configuration" snapTimeKey="#[flowVars.metricCategory]_begin_snap" doc:name="Metrics Begin Snap"/>
        <set-variable variableName="ArticuloStatus" value="Publicado" doc:name="Set Status Valid"/>
        <logger message="#[&quot;-----------------------------------------------------------------------------------------&quot;]" level="INFO" category="com.acqua.utils.ConsolaWoo" doc:name="Logger CONSOLA INICIO"/>
        <logger message="PROCESS LAYER - INICIO - Enviando Articulo a Woo #[payload]" level="INFO" category="com.acqua.utils.ConsolaWoo" doc:name="Logger CONSOLA INICIO"/>
        <choice doc:name="Choice">
            <when expression="#[flowVars.typeProcess == 'ARTICULO']">
                <flow-ref name="woo-articulo-process-flow" doc:name="woo-articulo-process-flow"/>
            </when>
            <when expression="#[flowVars.typeProcess == 'STOCK']">
                <flow-ref name="woo-varianza-process-flow" doc:name="woo-varianza-process-flow"/>
            </when>
            <otherwise>
                <logger message="Registro de Control ignorado" level="INFO" category="com.acqua.utils.ConsolaWoo" doc:name="Logger"/>
            </otherwise>
        </choice>
        <acquait-metrics:snap-time config-ref="AcquaIT_Metrics__AcquaIT_Metric_Connector_Configuration" snapTimeKey="#[flowVars.metricCategory]_end_snap" doc:name="Metrics End Snap"/>
        <acquait-metrics:time config-ref="AcquaIT_Metrics__AcquaIT_Metric_Connector_Configuration" beginSnapKey="#[flowVars.metricCategory]_begin_snap" category="#[flowVars.metricCategory]" endSnapKey="#[flowVars.metricCategory]_end_snap" metricKey="#[flowVars.metricCategory + '-' + flowVars.ArticuloStatus]" doc:name="Metrics Record Full Request"/>
        <choice-exception-strategy doc:name="Choice Exception Strategy">
	        <catch-exception-strategy doc:name="Catch Exception Strategy - PLException" when="#[exception.causedBy(com.acqua.common.pl.exceptions.PLException)]">
	             
	            <expression-component doc:name="Expression - Get Error Detail"><![CDATA[flowVars.circularException = exception.getCause(); 
	flowVars.ProcessLayerResponseError = flowVars.circularException.getProcessLayerResponseError();
	flowVars.responseValue = new java.util.HashMap();
	flowVars.responseValue .put("time",server.dateTime.format('yyyy/MM/dd HH:mm:ss:SSS'));
	flowVars.responseValue .put("articuloDragon",flowVars.articuloModificado.articulo.codigo);
	flowVars.responseValue .put("descripcionArticulo",flowVars.articuloModificado.articulo.descripcion);
	flowVars.responseValue .put("articuloShopify",flowVars.articuloModificado['id-shopify']);
	flowVars.responseValue .put("estado",flowVars.ProcessLayerResponseError.getErrors().getHttpStatus());
	flowVars.responseValue .put("descripcionEstado",flowVars.ProcessLayerResponseError.getErrors().getErrorMessage());
    flowVars.responseValue .put("descripcionDetail",exception.getCause().getInfo().get("Payload"));]]></expression-component>
	            <set-payload value="#[flowVars.responseValue]" doc:name="Set Payload"/>
	            <json:object-to-json-transformer mimeType="application/json" doc:name="Object to JSON"/>
	            <logger message="WOO: Articulo Procesado Con Error|#[flowVars.articuloModificado.articulo.codigo]|#[flowVars.articuloModificado.articulo.descripcion]|flowVars.articuloModificado['id-shopify']|Error|#[flowVars.ProcessLayerResponseError.getErrors().getHttpStatus()]|#[flowVars.ProcessLayerResponseError.getErrors().getErrorMessage()]|#[exception.getCause().getInfo().get(&quot;Payload&quot;)]" level="INFO" category="com.acqua.utils.ConsolaUpdates" doc:name="Logger CONSOLA"/>
	
	            <set-variable variableName="ArticuloStatus" value="Error" doc:name="Set Status Invalid"/>
	            <set-property propertyName="http.status" value="#[flowVars.responseValue .get(&quot;estado&quot;)]" doc:name="http.status"/>
	        </catch-exception-strategy>
	        <catch-exception-strategy doc:name="Catch Exception Strategy - PLException">
	             
	            <expression-component doc:name="Expression - Get Error Detail"><![CDATA[	flowVars.circularException = exception.getCause(); 
	flowVars.responseValue = new java.util.HashMap();
	flowVars.responseValue .put("time",server.dateTime.format('yyyy/MM/dd HH:mm:ss:SSS'));
	flowVars.responseValue .put("articuloDragon",flowVars.articuloModificado.articulo.codigo);
	flowVars.responseValue .put("descripcionArticulo",flowVars.articuloModificado.articulo.descripcion);
	flowVars.responseValue .put("articuloShopify",flowVars.articuloModificado['id-shopify']);
	flowVars.responseValue .put("estado",400);
	flowVars.responseValue .put("descripcionEstado",	flowVars.circularException.getMessage());
    flowVars.responseValue .put("descripcionDetail",exception.getCause().getInfo().get("Payload"));]]></expression-component>
	            <set-payload value="#[flowVars.responseValue]" doc:name="Set Payload"/>
	            <json:object-to-json-transformer mimeType="application/json" doc:name="Object to JSON"/>
	            <logger message="WOO: Articulo Procesado Con Error|#[flowVars.articuloModificado.articulo.codigo]|#[flowVars.articuloModificado.articulo.descripcion]|flowVars.articuloModificado['id-shopify']|Error|400|#[flowVars.ProcessLayerResponseError.getErrors().getErrorMessage()]|#[exception.getCause().getInfo().get(&quot;Payload&quot;)]" level="INFO" category="com.acqua.utils.ConsolaUpdates" doc:name="Logger CONSOLA"/>
	
	            <set-variable variableName="ArticuloStatus" value="Error" doc:name="Set Status Invalid"/>
	            <set-property propertyName="http.status" value="#[flowVars.responseValue .get(&quot;estado&quot;)]" doc:name="http.status"/>
	        </catch-exception-strategy>
        </choice-exception-strategy>
    </flow>
    
    <flow name="woo-articulo-process-flow" processingStrategy="synchronous">
        <choice doc:name="Choice">
            <when expression="#[(flowVars.articuloModificado['id-woo']==null || flowVars.articuloModificado['id-woo']==0)  &amp;&amp; flowVars.articuloModificado.articulo.noPublicarEnEcommerce]">
                <set-variable variableName="actualizado" value="#[false]" doc:name="Set NO Actualizado"/>
                <expression-component doc:name="Expression Save Message"><![CDATA[flowVars.responseValue = new java.util.HashMap();
flowVars.responseValue .put("time",server.dateTime.format('yyyy/MM/dd HH:mm:ss:SSS'));
flowVars.responseValue .put("articuloDragon",flowVars.articuloModificado.articulo.codigo);
flowVars.responseValue .put("descripcionArticulo",flowVars.articuloModificado.articulo.descripcion);
flowVars.responseValue .put("articuloWoo",0);
flowVars.responseValue .put("estado",200);
flowVars.responseValue .put("descripcionEstado","No Publicado");]]></expression-component>
            </when>
            <otherwise>
                <processor-chain doc:name="Processor Chain - Actualiza Producto en Woo">
                    <set-payload value="#[flowVars.articuloModificado]" doc:name="Set Payload"/>
                    <set-variable variableName="errorMessage" value="#[&quot;&quot;]" doc:name="Clean Message"/>

                    <flow-ref name="woo-articulo-transform-flow" doc:name="woo-articulo-transform-flow"/>
					<validation:custom-validator
							config-ref="Validation_Configuration" message="#[flowVars.errorMessage]"
							class="com.acqua.common.pl.validator.PLCommonValidator" doc:name="Validation Transform" />
                    <json:object-to-json-transformer doc:name="Object to JSON"/>
                    <logger message="PROCESS LAYER - Requerimiento enviado a SYSTEM LAYER  - para articulo: #[flowVars.articuloModificado.articulo.codigo] #[&quot;\n&quot;] #[payload]" level="INFO" category="com.acqua.utils.ConsolaWoo" doc:name="Logger CONSOLA"/>
                    <enricher target="#[flowVars.wooProduct]" doc:name="Message Enricher">
                        <processor-chain doc:name="Processor Chain">
                            <http:request config-ref="SystemLayer_Request_Configuration" path="/woo/put-articulo" method="PUT" doc:name="HTTP Actualizar Producto Woo">
                                <http:request-builder>
                                    <http:header headerName="content-type" value="application/json;charset=UTF-8"/>


                                </http:request-builder>
                                <http:success-status-code-validator values="200..599"/>
                            </http:request>
                            <set-variable variableName="validationErrorMessage" value="No se pudo actualizar Producto en Woo" doc:name="Set Error Message"/>
                            <logger message="PROCESS LAYER - FIN. Respuesta recibida De Woo para el articulo #[flowVars.articuloModificado.articulo.codigo] Status #[message.inboundProperties[&quot;http.status&quot;]]#[&quot;\n&quot;] #[message.payloadAs(java.lang.String)]" level="INFO" category="com.acqua.utils.ConsolaWoo" doc:name="Logger CONSOLA"/>
                            <validation:custom-validator config-ref="Validation_Configuration" message="#[flowVars.validationErrorMessage]" class="com.acqua.common.pl.validator.PLExternalRestfulValidator" doc:name="Validation"/>

                            <json:json-to-object-transformer returnClass="java.util.HashMap" doc:name="JSON to Object"/>
                        </processor-chain>
                    </enricher>

                    <expression-component doc:name="Expression Save Message"><![CDATA[flowVars.responseValue = new java.util.HashMap();
flowVars.responseValue .put("time",server.dateTime.format('yyyy/MM/dd HH:mm:ss:SSS'));
flowVars.responseValue .put("articuloDragon",flowVars.articuloModificado.articulo.codigo);
flowVars.responseValue .put("descripcionArticulo",flowVars.articuloModificado.articulo.descripcion);
flowVars.responseValue .put("articuloShopify",flowVars.wooProduct.product.id);
flowVars.responseValue .put("estado",200);
flowVars.responseValue .put("descripcionEstado","Procesado Articulo Woo");]]></expression-component>
					<logger message="WOO: Articulo Procesado|#[flowVars.articuloModificado.articulo.codigo]|#[flowVars.articuloModificado.articulo.descripcion]|#[flowVars.wooProduct.product.id]|Procesado" level="INFO" category="com.acqua.utils.ConsolaUpdates" doc:name="Logger CONSOLA"/>

                </processor-chain>

            </otherwise>
        </choice>
        
        <set-payload value="#[flowVars.responseValue]" doc:name="Set Payload"/>
        
        <json:object-to-json-transformer doc:name="Object to JSON"/>
 
    </flow>
    
    <flow name="woo-articulo-transform-flow" processingStrategy="synchronous">
        <custom-transformer mimeType="application/json" class="com.acqua.transformer.WooPutProductoTransformer" doc:name="Woo Alta Producto Transformer">
            <spring:property name="tableLookup" ref="TableLookup"/>
            <spring:property name="wooTableLookup" ref="WooTableLookup"/>
            <spring:property name="wooListaPrecioBase" value="${woo_lista_precio_base}"/>
            <spring:property name="wooListaPrecioDescuento" value="${woo_lista_precio_descuento}"/>
        </custom-transformer>

        <catch-exception-strategy doc:name="Catch Exception Strategy">
            <logger message="PROCESS LAYER - Error: #[exception.message]" level="ERROR" category="com.acqua.utils.ConsolaWoo" doc:name="Logger CONSOLA"/>
            <set-variable variableName="errorMessage" value="#[exception.getCause().getMessage()]" doc:name="Set Error Message"/>
        </catch-exception-strategy>
    </flow>

 
    
</mule>


