<?xml version="1.0" encoding="UTF-8"?>

<mule xmlns:validation="http://www.mulesoft.org/schema/mule/validation"
	xmlns:http="http://www.mulesoft.org/schema/mule/http"
	xmlns:json="http://www.mulesoft.org/schema/mule/json"
	xmlns="http://www.mulesoft.org/schema/mule/core" xmlns:doc="http://www.mulesoft.org/schema/mule/documentation"
	xmlns:spring="http://www.springframework.org/schema/beans" 
	xmlns:xsi="http://www.w3.org/2001/XMLSchema-instance"
	xsi:schemaLocation="http://www.mulesoft.org/schema/mule/validation http://www.mulesoft.org/schema/mule/validation/current/mule-validation.xsd
http://www.mulesoft.org/schema/mule/http http://www.mulesoft.org/schema/mule/http/current/mule-http.xsd
http://www.mulesoft.org/schema/mule/json http://www.mulesoft.org/schema/mule/json/current/mule-json.xsd
http://www.springframework.org/schema/beans http://www.springframework.org/schema/beans/spring-beans-current.xsd
http://www.mulesoft.org/schema/mule/core http://www.mulesoft.org/schema/mule/core/current/mule.xsd">


 <flow name="woo-varianza-process-flow" processingStrategy="synchronous">
        <processor-chain doc:name="Processor Chain - Actualiza Producto en Woo">
            <set-payload value="#[flowVars.articuloModificado]" doc:name="Set Payload"/>
            <set-variable variableName="errorMessage" value="#[&quot;&quot;]" doc:name="Clean Message"/>
            <flow-ref name="woo-varianza-transform-flow" doc:name="woo-varianza-transform-flow"/>
            <validation:custom-validator config-ref="Validation_Configuration" message="#[flowVars.errorMessage]" class="com.acqua.common.pl.validator.PLCommonValidator" doc:name="Validation Transform"/>
            <json:object-to-json-transformer doc:name="Object to JSON"/>
            <logger message="PROCESS LAYER - Requerimiento enviado a SYSTEM LAYER  - para articulo: #[flowVars.articuloModificado.articulo.codigo] #[&quot;\n&quot;] #[payload]" level="INFO" category="com.acqua.utils.ConsolaWoo" doc:name="Logger CONSOLA"/>
            <enricher target="#[flowVars.wooProduct]" doc:name="Message Enricher">
                <processor-chain doc:name="Processor Chain">
                    <http:request config-ref="SystemLayer_Request_Configuration" path="/woo/put-varianza" method="PUT" doc:name="HTTP Actualizar Varianza Woo">
                        <http:request-builder>
                            <http:header headerName="content-type" value="application/json;charset=UTF-8"/>
                        </http:request-builder>
                        <http:success-status-code-validator values="200..599"/>
                    </http:request>
                    <set-variable variableName="validationErrorMessage" value="No se pudo actualizar Varianza en Woo" doc:name="Set Error Message"/>
                    <logger message="PROCESS LAYER - FIN. Respuesta recibida De Woo para el articulo #[flowVars.articuloModificado.articulo.codigo] Status #[message.inboundProperties[&quot;http.status&quot;]]#[&quot;\n&quot;] #[message.payloadAs(java.lang.String)]" level="INFO" category="com.acqua.utils.ConsolaWoo" doc:name="Logger CONSOLA"/>
                    <validation:custom-validator config-ref="Validation_Configuration" message="#[flowVars.validationErrorMessage]" class="com.acqua.common.pl.validator.PLExternalRestfulValidator" doc:name="Validation"/>
                    <json:json-to-object-transformer returnClass="java.util.HashMap" doc:name="JSON to Object"/>
                </processor-chain>
            </enricher>
            <expression-component doc:name="Expression Save Message"><![CDATA[flowVars.responseValue = new java.util.HashMap();
flowVars.responseValue .put("time",server.dateTime.format('yyyy/MM/dd HH:mm:ss:SSS'));
flowVars.responseValue .put("articuloDragon",flowVars.wooProduct.variant.sku);
flowVars.responseValue .put("descripcionArticulo",flowVars.articuloModificado.articuloDescripcion);
flowVars.responseValue .put("articuloShopify",flowVars.wooProduct.variant.id);
flowVars.responseValue .put("estado",200);
flowVars.responseValue .put("descripcionEstado","Procesado Varianza Woo");]]></expression-component>
            <logger message="WOO: Articulo Procesado|#[flowVars.wooProduct.variant.sku]|#[flowVars.articuloModificado.articuloDescripcion]|#[flowVars.wooProduct.variant.id]|Procesado" level="INFO" category="com.acqua.utils.ConsolaUpdates" doc:name="Logger CONSOLA"/>
        </processor-chain>
        
        <set-payload value="#[flowVars.responseValue]" doc:name="Set Payload"/>
        
        <json:object-to-json-transformer doc:name="Object to JSON"/>
 
    </flow>
    
    <flow name="woo-varianza-transform-flow" processingStrategy="synchronous">
        <custom-transformer mimeType="application/json" class="com.acqua.transformer.WooPutVarianzaTransformer" doc:name="Woo Update Varianza Transformer">
            <spring:property name="wooListaPrecioBase" value="${woo_lista_precio_base}"/>
            <spring:property name="wooListaPrecioDescuento" value="${woo_lista_precio_descuento}"/>
        </custom-transformer>

        <catch-exception-strategy doc:name="Catch Exception Strategy">
            <logger message="PROCESS LAYER - Error: #[exception.message]" level="ERROR" category="com.acqua.utils.ConsolaWoo" doc:name="Logger CONSOLA"/>
            <set-variable variableName="errorMessage" value="#[exception.getCause().getMessage()]" doc:name="Set Error Message"/>
        </catch-exception-strategy>
    </flow>

</mule>
