<?xml version="1.0" encoding="UTF-8"?>

<mule xmlns:objectstore="http://www.mulesoft.org/schema/mule/objectstore"
	xmlns:mule-ss="http://www.mulesoft.org/schema/mule/spring-security"
	xmlns:smtp="http://www.mulesoft.org/schema/mule/smtp" xmlns:mulerequester="http://www.mulesoft.org/schema/mule/mulerequester" xmlns:scripting="http://www.mulesoft.org/schema/mule/scripting"  xmlns:tracking="http://www.mulesoft.org/schema/mule/ee/tracking" xmlns:json="http://www.mulesoft.org/schema/mule/json" xmlns:http="http://www.mulesoft.org/schema/mule/http" xmlns:validation="http://www.mulesoft.org/schema/mule/validation" xmlns:jms="http://www.mulesoft.org/schema/mule/jms" xmlns="http://www.mulesoft.org/schema/mule/core" xmlns:doc="http://www.mulesoft.org/schema/mule/documentation"
	xmlns:spring="http://www.springframework.org/schema/beans" 
	xmlns:xsi="http://www.w3.org/2001/XMLSchema-instance"
	xsi:schemaLocation="http://www.mulesoft.org/schema/mule/objectstore http://www.mulesoft.org/schema/mule/objectstore/current/mule-objectstore.xsd
http://www.mulesoft.org/schema/mule/spring-security http://www.mulesoft.org/schema/mule/spring-security/current/mule-spring-security.xsd
http://www.springframework.org/schema/beans http://www.springframework.org/schema/beans/spring-beans-current.xsd
http://www.mulesoft.org/schema/mule/core http://www.mulesoft.org/schema/mule/core/current/mule.xsd
http://www.mulesoft.org/schema/mule/jms http://www.mulesoft.org/schema/mule/jms/current/mule-jms.xsd
http://www.mulesoft.org/schema/mule/json http://www.mulesoft.org/schema/mule/json/current/mule-json.xsd
http://www.mulesoft.org/schema/mule/http http://www.mulesoft.org/schema/mule/http/current/mule-http.xsd
http://www.mulesoft.org/schema/mule/validation http://www.mulesoft.org/schema/mule/validation/current/mule-validation.xsd
http://www.mulesoft.org/schema/mule/ee/tracking http://www.mulesoft.org/schema/mule/ee/tracking/current/mule-tracking-ee.xsd
 
http://www.mulesoft.org/schema/mule/scripting http://www.mulesoft.org/schema/mule/scripting/current/mule-scripting.xsd
http://www.mulesoft.org/schema/mule/mulerequester http://www.mulesoft.org/schema/mule/mulerequester/current/mule-mulerequester.xsd
http://www.mulesoft.org/schema/mule/smtp http://www.mulesoft.org/schema/mule/smtp/current/mule-smtp.xsd">
	
    <asynchronous-processing-strategy name="Asynchronous_Processing_Strategy_woo_pending" maxThreads="${thread_woo_product_max}" minThreads="${thread_woo_product_min}" threadTTL="0" threadWaitTimeout="-1" maxBufferSize="20000" doc:name="Asynchronous Processing Strategy"/>
    <expression-filter expression="#[flowVars.objectStoreMonitor]" nullReturnsTrue="true" name="MonitorActivoWoo" doc:name="Expression"/>

     
	<flow name="woo-articulos-flow" processingStrategy="Asynchronous_Processing_Strategy_woo_pending">
        <enricher target="#[flowVars.articuloModificado]" doc:name="Message Enricher">
            <json:json-to-object-transformer returnClass="java.util.HashMap" doc:name="JSON to Object"/>
        </enricher>
        <enricher target="#[flowVars.statusQueue]" doc:name="Message Enricher">
            <processor-chain doc:name="Processor Chain">
                <expression-component doc:name="Expression"><![CDATA[payload = new java.util.HashMap();
payload.put('source','process');  
payload.put('persistir',true);   
payload.put('thread',Thread.currentThread().getId());                       
payload.put('process','Woo-Process' + (flowVars.typeProcess == 'ARTICULO'?'-Articulo':'-Varianza'));
payload.put('time',server.dateTime.format('yyyy/MM/dd HH:mm:ss:SSS'));
payload.put('status','ON');
payload.put('transactionId',flowVars.transactionId);
if(flowVars.typeProcess == 'ARTICULO')
{
	payload.put('articuloDragon',flowVars.articuloModificado.articulo.codigo);
	payload.put('descripcionArticulo',flowVars.articuloModificado.articulo.descripcion);
} else
{
	payload.put('articuloDragon',flowVars.articuloModificado.articulo + "_" + flowVars.articuloModificado.color + "_" +flowVars.articuloModificado.talle);
	payload.put('descripcionArticulo',flowVars.articuloModificado.articuloDescripcion);
}

payload.put('qtyRecords',flowVars.qtyRecords);
payload.put('recordNo',flowVars.recordNo); 
payload.put('error','');
payload.put('errorPayload','');
]]></expression-component>
                <flow-ref name="message-send-msg-to-topic-flow" doc:name="message-send-msg-to-topic-flow"/>
            </processor-chain>
        </enricher>
        <choice doc:name="Choice">
            <when expression="#[flowVars.typeProcess == 'ARTICULO']">
                <flow-ref name="woo-articulos-main-flow" doc:name="woo-articulos-main-flow"/>
            </when>
            <otherwise>
                <flow-ref name="woo-varianza-main-flow" doc:name="woo-varianza-main-flow"/>
            </otherwise>
        </choice>
        
        <enricher target="#[flowVars.statusQueue]" doc:name="Message Enricher">
            <processor-chain doc:name="Processor Chain">
                <expression-component doc:name="Expression"><![CDATA[flowVars.tmpPayload = payload;
payload = new java.util.HashMap();
payload.put('source','process');     
payload.put('persistir',true);           
payload.put('thread',Thread.currentThread().getId());       
payload.put('process','Woo-Process' + (flowVars.typeProcess == 'ARTICULO'?'-Articulo':'-Varianza'));
payload.put('time',server.dateTime.format('yyyy/MM/dd HH:mm:ss:SSS'));
payload.put('transactionId',flowVars.transactionId);
if(flowVars.typeProcess == 'ARTICULO')
{
	payload.put('articuloDragon',flowVars.articuloModificado.articulo.codigo);
	payload.put('descripcionArticulo',flowVars.articuloModificado.articulo.descripcion);
} else
{
	payload.put('articuloDragon',flowVars.articuloModificado.articulo + "_" + flowVars.articuloModificado.color + "_" +flowVars.articuloModificado.talle);
	payload.put('descripcionArticulo',flowVars.articuloModificado.articuloDescripcion);
}
payload.put('qtyRecords',flowVars.qtyRecords);
payload.put('recordNo',flowVars.recordNo); 
payload.put('status',flowVars.tmpPayload.status); 
payload.put('error',flowVars.tmpPayload.errorDetail);
payload.put('errorPayload',flowVars.tmpPayload.errorPayload);]]></expression-component>
                <flow-ref name="message-send-msg-to-topic-flow" doc:name="message-send-msg-to-topic-flow"/>
            </processor-chain>
        </enricher>
        <exception-strategy ref="Process_Layer_Exception_Strategy" doc:name="Reference Exception Strategy"/>

		
	</flow>

    
    <flow name="woo-articulos-main-flow" processingStrategy="synchronous">

        <logger message="#[&quot;-----------------------------------------------------------------------------------------&quot;]" level="INFO" category="com.acqua.utils.ConsolaWoo" doc:name="Logger CONSOLA INICIO"/>
        <logger message="PROCESS LAYER - INICIO - Enviando Articulo a Woo #[payload]" level="INFO" category="com.acqua.utils.ConsolaWoo" doc:name="Logger CONSOLA INICIO"/>
        <flow-ref name="woo-articulo-process-flow" doc:name="woo-articulo-process-flow"/>

        <choice-exception-strategy doc:name="Choice Exception Strategy">
	        <catch-exception-strategy doc:name="Catch Exception Strategy - PLException" when="#[exception.causedBy(com.acqua.common.pl.exceptions.PLException)]">
	             
	            <expression-component doc:name="Expression - Get Error Detail"><![CDATA[flowVars.circularException = exception.getCause(); 
flowVars.ProcessLayerResponseError = flowVars.circularException.getProcessLayerResponseError();
flowVars.responseValue = new java.util.HashMap();
flowVars.responseValue .put("status",flowVars.ProcessLayerResponseError.getErrors().getHttpStatus());
flowVars.responseValue .put("errorDetail",exception.getMessage());
flowVars.responseValue .put("errorPayload",exception.getInfo());
	]]></expression-component>
	            <set-payload value="#[flowVars.responseValue]" doc:name="Set Payload"/>


	        </catch-exception-strategy>
	        <catch-exception-strategy doc:name="Catch Exception Strategy - PLException">
	             
	            <expression-component doc:name="Expression - Get Error Detail"><![CDATA[flowVars.circularException = exception.getCause(); 
flowVars.responseValue = new java.util.HashMap();
flowVars.responseValue .put("status",400);
flowVars.responseValue .put("errorDetail",exception.getMessage());
flowVars.responseValue .put("errorPayload",exception.getInfo());]]></expression-component>
	            <set-payload value="#[flowVars.responseValue]" doc:name="Set Payload"/>


	        </catch-exception-strategy>
        </choice-exception-strategy>
    </flow>
    
    <flow name="woo-articulo-process-flow" processingStrategy="synchronous">
        <choice doc:name="Choice">
            <when expression="#[(flowVars.articuloModificado['id-woo']==null || flowVars.articuloModificado['id-woo']==0)  &amp;&amp; flowVars.articuloModificado.articulo.noPublicarEnEcommerce]">
                <set-variable variableName="actualizado" value="#[false]" doc:name="Set NO Actualizado"/>
                <enricher target="#[flowVars.statusQueue]" doc:name="Message Enricher">
                    <processor-chain doc:name="Processor Chain">
                        <expression-component doc:name="Expression"><![CDATA[flowVars.tmpPayload = payload;
payload = new java.util.HashMap();
payload.put('source','monitor-woo');   
payload.put('persistir',true);  
payload.put('thread',Thread.currentThread().getId());                     
payload.put('process',flowVars.metricCategory);
payload.put('transactionId',flowVars.transactionId);
payload.put('codigo',flowVars.tmpPayload.single.sku);
payload.put('descripcion',flowVars.tmpPayload.description);
payload.put('ultima-actividad-status',200);
payload.put('ultima-actividad-fecha',server.dateTime.format('yyyy/MM/dd HH:mm:ss:SSS'));
payload.put('ultima-actividad-estado','No Publica');
payload.put('payload',flowVars.tmpPayload);
]]></expression-component>
                        <flow-ref name="message-send-msg-to-topic-flow" doc:name="message-send-msg-to-topic-flow"/>
                    </processor-chain>
                </enricher>
                <expression-component doc:name="Expression"><![CDATA[flowVars.responseValue = new java.util.HashMap();
flowVars.responseValue .put("status",200);
flowVars.responseValue .put("error","");
]]></expression-component>

            </when>
            <otherwise>
                <processor-chain doc:name="Processor Chain - Actualiza Producto en Woo">
                    <set-payload value="#[flowVars.articuloModificado]" doc:name="Set Payload"/>
                    <set-variable variableName="errorMessage" value="#[&quot;&quot;]" doc:name="Clean Message"/>
                    <set-variable variableName="httpStatus" value="#[200]" doc:name="Set HTTP Status"/>
					<enricher target="#[flowVars.statusQueue]" doc:name="Message Enricher - Status">
                        <processor-chain doc:name="Processor Chain">
                            <expression-component doc:name="Expression"><![CDATA[flowVars.tmpPayload = payload;
payload = new java.util.HashMap();
payload.put('source','monitor-woo'); 
payload.put('persistir',true);        
payload.put('thread',Thread.currentThread().getId());                     
payload.put('process',flowVars.metricCategory);
payload.put('transactionId',flowVars.transactionId);
payload.put('codigo',flowVars.articuloModificado.articulo.codigo);
payload.put('id','0');
payload.put('descripcion',flowVars.articuloModificado.articulo.descripcion);
payload.put('ultima-actividad-status',0);
payload.put('ultima-actividad-fecha',server.dateTime.format('yyyy/MM/dd HH:mm:ss:SSS'));
payload.put('ultima-actividad-estado','Transformando artículo');
payload.put('payload',flowVars.tmpPayload);]]></expression-component>
                            <flow-ref name="message-send-msg-to-topic-flow" doc:name="message-send-msg-to-topic-flow"/>
                        </processor-chain>
                    </enricher>
                    <expression-component doc:name="Set Mensajes A Informar"><![CDATA[flowVars.mensajesAInformar = new HashMap();]]></expression-component>
                    <flow-ref name="woo-articulo-transform-flow" doc:name="woo-articulo-transform-flow"/>
                    <enricher target="#[flowVars.statusQueue]" doc:name="Message Enricher - Status">
                        <processor-chain doc:name="Processor Chain">
                            <expression-component doc:name="Expression"><![CDATA[flowVars.tmpPayload = payload;
payload = new java.util.HashMap();
payload.put('source','monitor-woo');   
payload.put('persistir',true);  
payload.put('thread',Thread.currentThread().getId());                     
payload.put('process',flowVars.metricCategory);
payload.put('transactionId',flowVars.transactionId);
payload.put('codigo',flowVars.articuloModificado.articulo.codigo);
payload.put('id','0');
payload.put('descripcion',flowVars.articuloModificado.articulo.descripcion);
payload.put('ultima-actividad-status',flowVars.httpStatus);
payload.put('ultima-actividad-fecha',server.dateTime.format('yyyy/MM/dd HH:mm:ss:SSS'));
payload.put('ultima-actividad-estado',flowVars.errorMessage.isEmpty()?'Procesando Articulo':flowVars.errorMessage);
payload.put('payload',flowVars.tmpPayload);]]></expression-component>
                            <flow-ref name="message-send-msg-to-topic-flow" doc:name="message-send-msg-to-topic-flow"/>
                        </processor-chain>
                    </enricher>
					<validation:custom-validator
							config-ref="Validation_Configuration" message="#[flowVars.errorMessage]"
							class="com.acqua.common.pl.validator.PLCommonValidator" doc:name="Validation Transform" />
                    <foreach collection="#[flowVars.mensajesAInformar.entrySet()]" doc:name="For Each - Mensaje a Informar">
                        <enricher target="#[flowVars.statusQueue]" doc:name="Message Enricher - Status">
                            <processor-chain doc:name="Processor Chain">
                                <expression-component doc:name="Expression"><![CDATA[flowVars.tmpPayload = payload;
payload = new java.util.HashMap();
payload.put('source','monitor-woo');  
payload.put('persistir',true);   
payload.put('thread',Thread.currentThread().getId());                     
payload.put('process',flowVars.metricCategory);
payload.put('transactionId',flowVars.transactionId);
payload.put('codigo',flowVars.tmpPayload.getKey());
payload.put('id','0');
payload.put('descripcion','');
payload.put('ultima-actividad-status',400);
payload.put('ultima-actividad-fecha',server.dateTime.format('yyyy/MM/dd HH:mm:ss:SSS'));
payload.put('ultima-actividad-estado',flowVars.tmpPayload.getValue());
payload.put('payload',"");
]]></expression-component>
                                <flow-ref name="message-send-msg-to-topic-flow" doc:name="message-send-msg-to-topic-flow"/>
                            </processor-chain>
                        </enricher>
                    </foreach> 
                    <foreach collection="#[payload]" doc:name="For Each">
                        <enricher target="#[flowVars.wooProduct]" doc:name="Message Enricher">
                            <processor-chain doc:name="Processor Chain">
                                <enricher target="#[flowVars.statusQueue]" doc:name="Message Enricher - Status">
                                    <processor-chain doc:name="Processor Chain">
                                        <expression-component doc:name="Expression"><![CDATA[flowVars.tmpPayload = payload;
payload = new java.util.HashMap();
payload.put('source','monitor-woo');  
payload.put('persistir',true);   
payload.put('thread',Thread.currentThread().getId());                     
payload.put('process',flowVars.metricCategory);
payload.put('transactionId',flowVars.transactionId);
payload.put('codigo',flowVars.tmpPayload.single.sku);
payload.put('id','0');
payload.put('descripcion',flowVars.tmpPayload.description);
payload.put('ultima-actividad-status',200);
payload.put('ultima-actividad-fecha',server.dateTime.format('yyyy/MM/dd HH:mm:ss:SSS'));
payload.put('ultima-actividad-estado','Procesando');
payload.put('payload',flowVars.tmpPayload);
]]></expression-component>
                                        <flow-ref name="message-send-msg-to-topic-flow" doc:name="message-send-msg-to-topic-flow"/>
                                    </processor-chain>
                                </enricher>
                                <expression-component doc:name="Save Key"><![CDATA[flowVars.sku = payload.single.sku;
flowVars.descripcion = payload.description;]]></expression-component>
                                <json:object-to-json-transformer doc:name="Object to JSON"/>
                                <logger message="PROCESS LAYER - Requerimiento ARTICULO enviado a SYSTEM LAYER  - para articulo: #[flowVars.articuloModificado.articulo.codigo] #[&quot;\n&quot;] #[payload]" level="INFO" category="com.acqua.utils.ConsolaWoo" doc:name="Logger CONSOLA"/>
                                <message-properties-transformer doc:name="Message Properties">
			                        <add-message-property key="content-type" value="application/json;charset=UTF-8"/>
			                        <add-message-property key="process" value="#[flowVars.metricCategory]"/>
			                        <add-message-property key="transactionId" value="#[flowVars.transactionId]"/> 
                    			</message-properties-transformer>
                                <http:request config-ref="SystemLayer_Request_Configuration" path="/woo/articulo" method="PUT" doc:name="HTTP Actualizar Producto Woo">
                                    <http:success-status-code-validator values="200..599"/>
                                </http:request>
                                <set-variable variableName="validationErrorMessage" value="No se pudo actualizar Producto en Woo" doc:name="Set Error Message"/>
                                <logger message="PROCESS LAYER - FIN. Respuesta recibida De Woo para el articulo: #[flowVars.articuloModificado.articulo.codigo] Status #[message.inboundProperties[&quot;http.status&quot;]]#[&quot;\n&quot;] #[message.payloadAs(java.lang.String)]" level="INFO" category="com.acqua.utils.ConsolaWoo" doc:name="Logger CONSOLA"/>
                                <json:json-to-object-transformer returnClass="java.util.HashMap" doc:name="JSON to Object"/>
                                <enricher target="#[flowVars.statusQueue]" doc:name="Message Enricher">
                                    <processor-chain doc:name="Processor Chain">
                                        <expression-component doc:name="Expression"><![CDATA[flowVars.tmpPayload = payload;
payload = new java.util.HashMap();
payload.put('source','monitor-woo');   
payload.put('persistir',true);  
payload.put('thread',Thread.currentThread().getId());                     
payload.put('process',flowVars.metricCategory);
payload.put('transactionId',flowVars.transactionId);
payload.put('codigo',flowVars.tmpPayload.product.sku);
payload.put('id',message.inboundProperties['http.status']==200?flowVars.tmpPayload.product.id:'0');
payload.put('descripcion',flowVars.descripcion);
payload.put('ultima-actividad-status',message.inboundProperties['http.status']);
payload.put('ultima-actividad-fecha',server.dateTime.format('yyyy/MM/dd HH:mm:ss:SSS'));
payload.put('ultima-actividad-estado','Ha Sido Procesado');
payload.put('payload',flowVars.tmpPayload);
]]></expression-component>
                                        <flow-ref name="message-send-msg-to-topic-flow" doc:name="message-send-msg-to-topic-flow"/>
                                    </processor-chain>
                                </enricher>
                                <validation:custom-validator config-ref="Validation_Configuration" message="#[flowVars.validationErrorMessage]" class="com.acqua.common.pl.validator.PLExternalRestfulValidator" doc:name="Validation"/>

                            </processor-chain>
                        </enricher>

                    </foreach>
                    <expression-component doc:name="Expression Save Message"><![CDATA[flowVars.responseValue = new java.util.HashMap();
flowVars.responseValue .put("status",200);
flowVars.responseValue .put("errorDetail","");
flowVars.responseValue .put("errorPayload","");


]]></expression-component>

                    

                </processor-chain>

            </otherwise>
        </choice>
		<set-payload doc:name="Set Payload" value="#[flowVars.responseValue]"/>

 
    </flow>
    
    <flow name="woo-articulo-transform-flow" processingStrategy="synchronous">
        <custom-transformer mimeType="application/json" class="com.acqua.transformer.WooPutProductoTransformer" doc:name="Woo Alta Producto Transformer">
            <spring:property name="tableLookup" ref="TableLookup"/>
            <spring:property name="wooTableLookup" ref="WooTableLookup"/>
            <spring:property name="wooListaPrecioBase" value="${woo_lista_precio_base}"/>
            <spring:property name="wooListaPrecioDescuento" value="${woo_lista_precio_descuento}"/>
        </custom-transformer>


        <catch-exception-strategy doc:name="Catch Exception Strategy">
            <logger message="PROCESS LAYER - Error: #[exception.message]" level="ERROR" category="com.acqua.utils.ConsolaWoo" doc:name="Logger CONSOLA"/>
            <set-variable variableName="errorMessage" value="#[exception.getCause().getMessage()]" doc:name="Set Error Message"/>
            <set-variable variableName="httpStatus" value="#[400]" doc:name="Set HTTP Status"/>
        </catch-exception-strategy>
    </flow>
    
    <flow name="woo-delete-product-flow" processingStrategy="synchronous">
	<expression-component doc:name="Set Init Expressions"><![CDATA[flowVars.flowName=flow.name;
flowVars.apiName=message.inboundProperties.'http.request.uri';
flowVars.errorCode="";
flowVars.metricCategory='Dragon-Sincronizacion';
flowVars.sendMail=false; 
flowVars .sku=message.inboundProperties.'http.uri.params'.SKU;]]></expression-component>

	<http:basic-security-filter realm="mule-realm" />

	<mule-ss:authorization-filter
		requiredAuthorities="ROLE_USER" />
	<flow-ref name="woo-delete-product-process-flow"
		doc:name="woo-delete-product-process-flow" />
        <set-payload value="#[payload]" mimeType="application/json" doc:name="Set Payload"/>


	<exception-strategy ref="Process_Layer_Generic_Exception_Strategy"
		doc:name="Reference Exception Strategy" />

</flow>
    <flow name="woo-delete-product-process-flow" processingStrategy="synchronous">
        <processor-chain doc:name="Processor Chain">
            <http:request config-ref="SystemLayer_Request_Configuration" path="/woo/articulo/#[flowVars.SKU]" method="DELETE" doc:name="HTTP Actualizar Producto Woo">
                <http:request-builder>
                    <http:header headerName="content-type" value="application/json;charset=UTF-8"/>
                </http:request-builder>
                <http:success-status-code-validator values="200..599"/>
            </http:request>
            <set-variable variableName="validationErrorMessage" value="No se pudo eliminar Producto #[flowVars.SKU] en Woo" doc:name="Set Error Message"/>
            <logger message="PROCESS LAYER - FIN. Respuesta recibida De Woo para el articulo #[flowVars.SKU] Status #[message.inboundProperties[&quot;http.status&quot;]]#[&quot;\n&quot;] #[message.payloadAs(java.lang.String)]" level="INFO" category="com.acqua.utils.ConsolaWoo" doc:name="Logger CONSOLA"/>
            <validation:custom-validator config-ref="Validation_Configuration" message="#[flowVars.validationErrorMessage]" class="com.acqua.common.pl.validator.PLExternalRestfulValidator" doc:name="Validation"/>
        </processor-chain>

    </flow>

    
</mule>


