<?xml version="1.0" encoding="UTF-8"?>
<mule xmlns:tracking="http://www.mulesoft.org/schema/mule/ee/tracking" xmlns:doc="http://www.mulesoft.org/schema/mule/documentation" xmlns="http://www.mulesoft.org/schema/mule/core" xmlns:apikit="http://www.mulesoft.org/schema/mule/apikit" xmlns:http="http://www.mulesoft.org/schema/mule/http" xmlns:spring="http://www.springframework.org/schema/beans" xmlns:xsi="http://www.w3.org/2001/XMLSchema-instance" xsi:schemaLocation="http://www.mulesoft.org/schema/mule/core http://www.mulesoft.org/schema/mule/core/current/mule.xsd
http://www.mulesoft.org/schema/mule/http http://www.mulesoft.org/schema/mule/http/current/mule-http.xsd
http://www.mulesoft.org/schema/mule/apikit http://www.mulesoft.org/schema/mule/apikit/current/mule-apikit.xsd
http://www.springframework.org/schema/beans http://www.springframework.org/schema/beans/spring-beans-3.1.xsd
http://www.mulesoft.org/schema/mule/ee/tracking http://www.mulesoft.org/schema/mule/ee/tracking/current/mule-tracking-ee.xsd">
   
    <http:listener-config name="api-httpListenerConfig" host="0.0.0.0" port="${system_layer_port}" doc:name="HTTP Listener Configuration"/>
   
    <apikit:config name="api-config" raml="api.raml" consoleEnabled="false" doc:name="Router"/>
    
    <flow name="api-main">
        <http:listener config-ref="api-httpListenerConfig" path="/api/*" doc:name="HTTP"/>
        <apikit:router config-ref="api-config" doc:name="APIkit Router"/>
        <exception-strategy ref="api-apiKitGlobalExceptionMapping-Common" doc:name="Reference Exception Strategy"/>
    </flow>
    
    <flow name="api-console">
        <http:listener config-ref="api-httpListenerConfig" path="/console/*" doc:name="HTTP"/>
        <apikit:console config-ref="api-config" doc:name="APIkit Console"/>
    </flow>
    
    <flow name="put:/shopify/put-articulo:application/json:api-config">
        <flow-ref name="shopify-producto_actualizar_flow" doc:name="shopify-producto_actualizar_flow"/>
    </flow>
    
    <flow name="put:/dragon/put-producto:application/json:api-config">
        <flow-ref name="dragon-producto-actualizar-producto-flow" doc:name="dragon-producto-actualizar-producto-flow"/>
    </flow>
    
    <flow name="put:/dragon/put-customerecommerce:application/json:api-config">
        <flow-ref name="dragon-customer-flow" doc:name="dragon-customer-flow"/>
    </flow>
    
    <flow name="put:/dragon/put-order:application/json:api-config">
        <flow-ref name="dragon-order-flow" doc:name="dragon-order-flow"/>
    </flow>
    
    <flow name="get:/dragon/status:api-config">
        <flow-ref name="dragon-status-flow" doc:name="dragon-status-flow"/>
    </flow>
    
    <flow name="get:/dragon/get-articulo/{Codigo}:api-config">
        <flow-ref name="dragon-get-articulo-flow" doc:name="dragon-get-articulo-flow"/>
    </flow>
    
    <flow name="get:/dragon/obtener-articulos-modificados:api-config">
        <flow-ref name="dragon-obtener-productos-modificados-flow" doc:name="dragon-obtener-productos-modificados-flow"/>
    </flow>
    
    <flow name="get:/dragon/obtener-articulos-publicados/{ActualizarArticuloDragon}:api-config">
    	
        <flow-ref name="dragon-obtener-todos-los-productos-publicados-flow" doc:name="dragon-obtener-todos-los-productos-publicados-flow"/>
    </flow>
    
    <flow name="get:/dragon/obtener-articulos-modificados-desde/{FechaModificacion}:api-config">
        <flow-ref name="dragon-obtener-productos-modificados-flow" doc:name="dragon-obtener-productos-modificados-flow"/>
    </flow>
    
    <flow name="post:/dragon/post-equivalencia:application/json:api-config">
        <flow-ref name="dragon-producto-agregar-equivalencia-flow" doc:name="dragon-producto-agregar-equivalencia-flow"/>
    </flow>
    
    <flow name="post:/dragon/create-order:application/json:api-config">
        <flow-ref name="dragon-order-flow" doc:name="dragon-order-flow"/>
    </flow>
    
    <flow name="get:/dragon/lookup-table/{Table}:api-config">
        <flow-ref name="dragon-table-lookup-table-#[message.inboundProperties.'http.uri.params'.Table]-flow" doc:name="dragon-table-lookup-table-XXXXX-flow"/>
    </flow>
    
    <flow name="get:/shopify/status:api-config">
        <flow-ref name="shopify-get-status-flow" doc:name="shopify-get-status-flow"/>
    </flow>
    
    <flow name="get:/shopify/obtener-articulos-dragon-publicados:api-config">
        <flow-ref name="shopify-get-articulos-dragon-publicados-flow" doc:name="shopify-get-articulos-dragon-publicados-flow"/>
    </flow>
    
    <flow name="get:/shopify/stop-webhook:api-config">
        <flow-ref name="stop-flow" doc:name="stop-flow"/>
    </flow>
    
    <flow name="get:/activemq/status:api-config">
        <flow-ref name="activemq-get-status-flow" doc:name="activemq-get-status-flow"/>
    </flow>
 
</mule>
