<?xml version="1.0" encoding="UTF-8"?>

<mule xmlns:validation="http://www.mulesoft.org/schema/mule/validation"
	xmlns:http="http://www.mulesoft.org/schema/mule/http" xmlns:tls="http://www.mulesoft.org/schema/mule/tls"
	xmlns:cdata-shopify="http://www.mulesoft.org/schema/mule/cdata-shopify"
	xmlns:tracking="http://www.mulesoft.org/schema/mule/ee/tracking"
	xmlns:scripting="http://www.mulesoft.org/schema/mule/scripting" 
	xmlns:dw="http://www.mulesoft.org/schema/mule/ee/dw" xmlns:dragonfish="http://www.mulesoft.org/schema/mule/dragonfish"
	xmlns:json="http://www.mulesoft.org/schema/mule/json" xmlns="http://www.mulesoft.org/schema/mule/core"
	xmlns:doc="http://www.mulesoft.org/schema/mule/documentation"
	xmlns:spring="http://www.springframework.org/schema/beans" xmlns:xsi="http://www.w3.org/2001/XMLSchema-instance"
	xsi:schemaLocation="http://www.springframework.org/schema/beans http://www.springframework.org/schema/beans/spring-beans-current.xsd
http://www.mulesoft.org/schema/mule/core http://www.mulesoft.org/schema/mule/core/current/mule.xsd
http://www.mulesoft.org/schema/mule/dragonfish http://www.mulesoft.org/schema/mule/dragonfish/current/mule-dragonfish.xsd
http://www.mulesoft.org/schema/mule/json http://www.mulesoft.org/schema/mule/json/current/mule-json.xsd
http://www.mulesoft.org/schema/mule/ee/dw http://www.mulesoft.org/schema/mule/ee/dw/current/dw.xsd
http://www.mulesoft.org/schema/mule/scripting http://www.mulesoft.org/schema/mule/scripting/current/mule-scripting.xsd
http://www.mulesoft.org/schema/mule/ee/tracking http://www.mulesoft.org/schema/mule/ee/tracking/current/mule-tracking-ee.xsd
http://www.mulesoft.org/schema/mule/cdata-shopify http://www.mulesoft.org/schema/mule/cdata-shopify/current/mule-cdata-shopify.xsd
http://www.mulesoft.org/schema/mule/http http://www.mulesoft.org/schema/mule/http/current/mule-http.xsd
http://www.mulesoft.org/schema/mule/tls http://www.mulesoft.org/schema/mule/tls/current/mule-tls.xsd
http://www.mulesoft.org/schema/mule/validation http://www.mulesoft.org/schema/mule/validation/current/mule-validation.xsd">
    <flow name="dragon-get-articulo-flow" processingStrategy="synchronous">
        <flow-ref name="dragon-get-articulo-detail-flow" doc:name="dragon-get-articulo-detail-flow"/>
        <logger message="SYSTEM LAYER - RESPONSE: #[message.outboundProperties[&quot;http.status&quot;]] Articulo: #[&quot;\n&quot;]#[message.payloadAs(java.lang.String)]" level="INFO" category="com.acqua.utils.ConsolaSystemDragon" doc:name="Logger"/>
        <catch-exception-strategy enableNotifications="false" logException="false" doc:name="Catch Exception Strategy">
            <logger message="SYSTEM LAYER - ERROR recuperando el articulo." level="INFO" category="com.acqua.utils.ConsolaDragon" doc:name="Logger CONSOLA"/>
        </catch-exception-strategy>
    </flow>
 
	<flow name="dragon-get-articulo-detail-flow" processingStrategy="synchronous">


		<expression-component doc:name="Set Control Vars"><![CDATA[flowVars.flowName=flow.name;
flowVars.metricCategory=message.inboundProperties.'http.request.path';
flowVars.apiName=message.inboundProperties.'http.request.uri';
flowVars.errorCode="";
flowVars .parameterCodigo=message.inboundProperties.'http.uri.params'.Codigo;
flowVars .parameterInformacion=message.inboundProperties.'http.uri.params'.Informacion;]]></expression-component>
		<expression-component doc:name="Prepare Request"><![CDATA[payload = new java.util.HashMap();
payload .put("id", flowVars .parameterCodigo);]]></expression-component>
        <logger message="#[&quot;--------------------------------------------------------------------------------------------&quot;]" level="INFO" category="com.acqua.utils.ConsolaSystemDragon" doc:name="Logger CONSOLA"/>
        <logger message="SYSTEM LAYER - REQUEST: Recuperando Informacion del Producto de Dragon #[flowVars .parameterCodigo]" level="INFO" category="com.acqua.utils.ConsolaSystemDragon" doc:name="Logger CONSOLA"/>
        <enricher target="#[flowVars.dragonArticulo]" doc:name="Message Enricher">
            <dragonfish:servicio config-ref="Dragonfish__Configuration" entityType="ArticuloById_articuloByIdGet" doc:name="Dragonfish - Consulta de Articulos"/>
        </enricher>
        <enricher target="#[flowVars.shopifyID]" doc:name="Message Enricher">
            <processor-chain doc:name="Processor Chain">
                <set-variable variableName="dragonId" value="#[flowVars.Codigo]" doc:name="Variable"/>
                <flow-ref name="shopify-producto_get_id_flow" doc:name="shopify-producto_get_id_flow"/>
            </processor-chain>
        </enricher>
        <enricher target="#[flowVars.dragonArticuloPrecioStock]" doc:name="Message Enricher">
            <flow-ref name="dragon-producto-obtener-precio-stock-flow" doc:name="dragon-producto-obtener-precio-stock-flow"/>
        </enricher>
        <enricher target="#[flowVars.images]" doc:name="Message Enricher">
            <processor-chain doc:name="Processor Chain">
                <set-payload value="#[flowVars.dragonArticulo.codigo]" doc:name="Set Payload"/>
                <flow-ref name="dragon-producto-obtencion-lista-imagenes-primera-flow" doc:name="dragon-producto-obtencion-lista-imagenes-primera-flow"/>
            </processor-chain>
        </enricher>
        <expression-component doc:name="Set Payload"><![CDATA[payload = new java.util.HashMap();
payload .put("articulo", flowVars.dragonArticulo);
payload .put("image", flowVars.images);
payload.put("shopifyid",flowVars.shopifyID);
payload.put("precioStock",flowVars.dragonArticuloPrecioStock);
payload.put("barecode",flowVars.barecode);]]></expression-component>

        <invoke object-ref="JsonTransform" method="generarJSON" methodArguments="#[payload]" doc:name="Invoke - JSON Transform"/>
        <set-payload value="#[payload]" encoding="UTF-8" mimeType="application/json" doc:name="Set Payload"/>


		<exception-strategy ref="System_Layer_Generic_Exception_Strategy"
			doc:name="Reference Exception Strategy" />

	</flow>
	
    <flow name="dragon-producto-obtencion-lista-imagenes-primera-flow" processingStrategy="synchronous">
        <set-variable variableName="secuencia" value="#[-1]" doc:name="Set Sequence"/>
        <expression-component doc:name="Prepare Variable De Retorno"><![CDATA[flowVars.images = new java.util.ArrayList();
flowVars.articuloARecuperar=payload;]]></expression-component>
        <enricher target="#[flowVars.dragonArticuloImage]" doc:name="Message Enricher">
            <processor-chain doc:name="Processor Chain">
                <logger message="Ruta de la Imagen: #[payload]" level="INFO" category="com.acqua.utils.SystemLayer" doc:name="Logger"/>

                <flow-ref name="dragon-producto-get-image-flow" doc:name="dragon-producto-get-image-flow"/>

            </processor-chain>
        </enricher>

        <choice doc:name="Choice">
            <when expression="#[flowVars.dragonArticuloImage == '']">
                <flow-ref name="dragon-producto-obtencion-lista-imagenes-siguiente-flow" doc:name="dragon-producto-obtencion-lista-imagenes-siguiente-flow"/>
            </when>
            <otherwise>
                <expression-component doc:name="Expression"><![CDATA[flowVars.images.add(flowVars.dragonArticuloImage);]]></expression-component>
                <logger message="Se encontro la imagen #[flowVars.dragonArticuloImage]" level="INFO" category="com.acqua.utils.SystemLayer" doc:name="Logger"/>
                <set-payload value="#[flowVars.images]" doc:name="Set Payload"/>
            </otherwise>
        </choice>
    </flow>
    
    <flow name="dragon-producto-get-image-flow" processingStrategy="synchronous">
        <invoke object-ref="DragonUtil" method="existsShopifyImage" methodArguments="#[flowVars.articuloARecuperar],#[flowVars.secuencia]" doc:name="Invoke - Si existe Imagen"/>
        <choice doc:name="Choice Existe Imagen?">
            <when expression="#[payload]">
                <set-payload value="#[flowVars.articuloARecuperar]" doc:name="Set Payload SI"/>
            </when>
            <otherwise>
                <set-payload value="#[&quot;&quot;]" doc:name="Set Payload No"/>
            </otherwise>
        </choice>

        <choice-exception-strategy doc:name="Choice Exception Strategy">
            <catch-exception-strategy when="exception.causedBy(org.mule.modules.connector.exceptions.ExternalConnectorException)  &amp;&amp; (exception.cause.message.equals(&quot;INTERNAL: Bad Request&quot;))" enableNotifications="false" logException="false" doc:name="Catch Exception Strategy">
                <logger message="No existe el imagen del articulo" level="INFO" category="com.acqua.utils.SystemLayer" doc:name="Logger"/>
                <set-payload value="#[&quot;&quot;]" doc:name="Set Payload"/>
            </catch-exception-strategy>
        </choice-exception-strategy>
    </flow>
    
    <flow name="dragon-producto-obtencion-lista-imagenes-siguiente-flow" processingStrategy="synchronous">
        <set-variable variableName="secuencia" value="#[flowVars.secuencia  + 1]" doc:name="Add Sequence"/>
        <enricher target="#[flowVars.dragonArticuloImage]" doc:name="Message Enricher">
            <processor-chain doc:name="Processor Chain">

                <flow-ref name="dragon-producto-get-image-flow" doc:name="dragon-producto-get-image-flow"/>

            </processor-chain>
        </enricher>
        <choice doc:name="Choice">
            <when expression="#[flowVars.dragonArticuloImage != '']">
                <expression-component doc:name="Expression"><![CDATA[flowVars.images.add(app.registry.DragonUtil.obtenerImagenName(flowVars.articuloARecuperar, flowVars.secuencia));]]></expression-component>
                <flow-ref name="dragon-producto-obtencion-lista-imagenes-siguiente-flow" doc:name="dragon-producto-obtencion-lista-imagenes-siguiente-flow"/>
            </when>
            <otherwise>
                <logger message="Se encontro la imagen #[flowVars.dragonArticuloImage]" level="INFO" category="com.acqua.utils.SystemLayer" doc:name="Logger"/>
                <set-payload value="#[flowVars.images]" doc:name="Set Payload"/>
            </otherwise>
        </choice>

    </flow>
    <flow name="dragon-get-articulo-image-flow" processingStrategy="synchronous">
        <logger message="Leyendo Articulo: #[message.inboundProperties.'http.uri.params'.Codigo]" category="com.acqua.utils.SystemLayer" level="INFO" doc:name="Logger"/>
        <expression-component doc:name="Set Control Vars"><![CDATA[flowVars.flowName=flow.name;
flowVars.metricCategory=message.inboundProperties.'http.request.path';
flowVars.apiName=message.inboundProperties.'http.request.uri'; 
flowVars.errorCode="";]]></expression-component>
        <expression-component doc:name="Prepare Request"><![CDATA[payload = new java.util.HashMap();
payload .put("id", message.inboundProperties.'http.uri.params'.Codigo);]]></expression-component>
        <dragonfish:servicio config-ref="Dragonfish__Configuration" entityType="ArticuloById_articuloByIdGet" doc:name="Dragonfish"/>
        <logger message="#[payload]" level="INFO" doc:name="Logger" category="com.acqua.utils.SystemLayer"/>
    </flow>
    <flow name="dragon-obtener-productos-modificados-flow" processingStrategy="synchronous">
        <flow-ref name="dragon-obtener-todos-los-productos-modificados-flow" doc:name="dragon-obtener-todos-los-productos-modificados-flow"/>
        <logger message="SYSTEM LAYER - RESPONSE: #[message.outboundProperties[&quot;http.status&quot;]] Articulos Modificados: #[&quot;\n&quot;]#[payload]" level="INFO" category="com.acqua.utils.ConsolaSystemDragon" doc:name="Logger CONSOLA"/>
    </flow>

	<flow name="dragon-obtener-todos-los-productos-modificados-flow" processingStrategy="synchronous">
        <expression-component doc:name="Set Control Vars"><![CDATA[flowVars.flowName=flow.name;
flowVars.metricCategory=message.inboundProperties.'http.request.path';
flowVars.apiName=message.inboundProperties.'http.request.uri';
flowVars.errorCode="";]]></expression-component>

        <choice doc:name="Choice">
            <when expression="#[message.inboundProperties.'http.uri.params'.FechaModificacion == null]">
                <logger message="SYSTEM LAYER - REQUEST: Leyendo Productos Modificados" level="INFO" category="com.acqua.utils.ConsolaSystemDragon" doc:name="Logger CONSOLA"/>
                <set-variable variableName="articuloDragonKey" value="${Dragon_Articulo_Control}" doc:name="Set Articulo Dragon"/>

                <enricher target="#[flowVars.FechaModificacion]" doc:name="Message Enricher">
                    <processor-chain doc:name="Processor Chain">
                        <logger message="SYSTEM LAYER - Recuperando Fecha de Ultima modifiacion del registro de equivalencia del producto: #[flowVars.articuloDragonKey]" level="INFO" category="com.acqua.utils.ConsolaSystemDragon" doc:name="Logger CONSOLA"/>
                        <flow-ref name="dragon-producto-obtener-articulo-control-flow" doc:name="dragon-producto-obtener-articulo-control-flow"/>
                        <logger message="SYSTEM LAYER - Ultima fecha de actualizacion #[payload]" level="INFO" category="com.acqua.utils.ConsolaSystemDragon" doc:name="Logger CONSOLA"/>
                    </processor-chain>


                </enricher>
            </when>
            <otherwise>
                <logger message="SYSTEM LAYER - REQUEST: Leyendo Productos Modificados posgterior a Fecha: #[message.inboundProperties.'http.uri.params'.FechaModificacion]" level="INFO" category="com.acqua.utils.ConsolaSystemDragon" doc:name="Logger CONSOLA"/>
                <set-variable variableName="FechaModificacion" value="#[message.inboundProperties.'http.uri.params'.FechaModificacion]" doc:name="Set Fecha Modificacion"/>
            </otherwise>
        </choice>
        <expression-component doc:name="Set Control Vars"><![CDATA[flowVars.flowName="dragon-producto-process-request-stock-while-flow";
flowVars.metricCategory="Dragon-Product";
flowVars.apiName="Movimientos De Stock";
flowVars.errorCode="";
flowVars.page=1;
flowVars.articulosAModificar = new java.util.HashSet();]]></expression-component>
        <flow-ref name="dragon-producto-process-request-stock-while-flow" doc:name="dragon-producto-process-request-stock-while-flow"/>
        <logger message="SYSTEM LAYER - Articulos modificados por movimientos de Stock #[&quot;\n&quot;]#[flowVars.articulosAModificar]" level="INFO" category="com.acqua.utils.ConsolaSystemDragon" doc:name="Logger CONSOLA"/>


        <flow-ref name="dragon-producto-process-request-facturas-manual-while-flow" doc:name="dragon-producto-process-request-facturas-manual-while-flow"/>
        <logger message="SYSTEM LAYER - Articulos modificados por facturas manuales#[&quot;\n&quot;]#[flowVars.articulosAModificar]" level="INFO" category="com.acqua.utils.ConsolaSystemDragon" doc:name="Logger CONSOLA"/>
        <flow-ref name="dragon-producto-process-request-nc-manual-while-flow" doc:name="dragon-producto-process-request-nc-manual-while-flow"/>
        <logger message="SYSTEM LAYER - Articulos modificados por NC manuales#[&quot;\n&quot;]#[flowVars.articulosAModificar]" level="INFO" category="com.acqua.utils.ConsolaSystemDragon" doc:name="Logger CONSOLA"/>
        
        <foreach collection="#[flowVars.articulosAModificar]" doc:name="For Each">
            <enricher target="#[flowVars.articulosControlados]" doc:name="Message Enricher">
                <flow-ref name="dragon-producto-verificar-existencia-articulo-flow" doc:name="dragon-producto-verificar-existencia-articulo-flow"/>
            </enricher>

        </foreach>
       
        <foreach collection="#[flowVars.articulosAModificar]" doc:name="For Each">
            <flow-ref name="dragon-producto-marcar-articulo-flow" doc:name="dragon-producto-marcar-articulo-flow"/>
        </foreach>
 
		<expression-component doc:name="Set Control Vars"><![CDATA[flowVars.flowName="dragon-producto-process-request-while-flow";
flowVars.metricCategory="Dragon-Product";
flowVars.apiName="Articulos Modificados";
flowVars.errorCode="";
flowVars.page=1;
flowVars.returnValue = new java.util.ArrayList();]]></expression-component>
        <flow-ref name="dragon-producto-process-request-while-flow" doc:name="dragon-producto-process-request-while-flow"/>
        <set-payload value="#[flowVars.returnValue]" doc:name="Set Payload"/>
        <invoke object-ref="DragonUtil" method="invertirLista" methodArguments="#[payload]" doc:name="Invoke - Reverse ArrayList"/>

        <json:object-to-json-transformer doc:name="Object to JSON"/>
        <set-property propertyName="http.status" value="#[200]" doc:name="http.status"/>



		<exception-strategy ref="System_Layer_Generic_Exception_Strategy"
			doc:name="Reference Exception Strategy" />
	</flow>
	
	<flow name="dragon-obtener-todos-los-productos-publicados-flow" processingStrategy="synchronous">
        <expression-component doc:name="Set Control Vars"><![CDATA[flowVars.flowName=flow.name;
flowVars.metricCategory=message.inboundProperties.'http.request.path';
flowVars.apiName=message.inboundProperties.'http.request.uri';
flowVars.errorCode="";]]></expression-component>
        <expression-component doc:name="Set Control Vars"><![CDATA[flowVars.pageInfo=''; 
flowVars.articulosAModificar = new java.util.HashSet();
flowVars.actualizarPistaDeAuditoria = message.inboundProperties.'http.uri.params'.ActualizarArticuloDragon;]]></expression-component>

        <flow-ref name="shopify-get-articulos-dragon-publicados-while-flow" doc:name="shopify-get-articulos-dragon-publicados-while-flow"/>
        <logger message="SYSTEM LAYER - Articulos Publicados en Shopify #[&quot;\n&quot;]#[flowVars.articulos]" level="INFO" category="com.acqua.utils.ConsolaSystemDragon" doc:name="Logger CONSOLA"/>

        
        <foreach collection="#[flowVars.articulosAModificar]" doc:name="For Each">
            <enricher target="#[flowVars.articulosControlados]" doc:name="Message Enricher">
                <flow-ref name="dragon-producto-verificar-existencia-articulo-flow" doc:name="dragon-producto-verificar-existencia-articulo-flow"/>
            </enricher>

        </foreach>
        <choice doc:name="Choice">
            <when expression="#[flowVars.actualizarPistaDeAuditoria]">
                <foreach collection="#[flowVars.articulosAModificar]" doc:name="For Each">
                    <flow-ref name="dragon-producto-marcar-articulo-flow" doc:name="dragon-producto-marcar-articulo-flow"/>
                </foreach>
            </when>
            <otherwise>
                <logger message="SYSTEM LAYER - No actualiza Pista de Auditoria" level="INFO" category="com.acqua.utils.ConsolaSystemDragon" doc:name="Logger"/>
            </otherwise>
        </choice>

        <set-payload value="#[flowVars.articulosAModificar]" doc:name="Set Payload"/>


        <json:object-to-json-transformer doc:name="Object to JSON"/>
        <set-property propertyName="http.status" value="#[200]" doc:name="http.status"/>



		<exception-strategy ref="System_Layer_Generic_Exception_Strategy"
			doc:name="Reference Exception Strategy" />
	</flow>
	
    <flow name="dragon-producto-process-request-while-flow" processingStrategy="synchronous">
        <set-variable variableName="QtyRecs" value="#[${Dragon_CantidadDeRegistrosPorRequest}]" doc:name="Set Qty Records"/>
        <expression-component doc:name="Prepare Request"><![CDATA[payload = new java.util.HashMap();
payload .put("limit", flowVars.QtyRecs);
payload .put("page", flowVars.page);
payload .put("sort", "-informacionAdicional.FechaModificacionFW,-informacionAdicional.HoraModificacionFW");

]]></expression-component>



        <dragonfish:servicio config-ref="Dragonfish__Configuration" entityType="Articulo_articuloGet" doc:name="Dragonfish"/>
        <choice doc:name="Choice">
            <when expression="#[payload.totalRegistros &gt; 0]">
                <enricher target="#[flowVars.procesarPrimerRegistro]" doc:name="Message Enricher">
                    <invoke object-ref="DragonUtil" method="seDebeProcesarRegistro" methodArguments="#[payload.resultados[0].codigo], #[payload.resultados[0].informacionAdicional[0].fechaModificacionFW],#[payload.resultados[0].informacionAdicional[0].horaModificacionFW],#[flowVars.FechaModificacion]" doc:name="Invoke - Si se debe Procesar Primer Registro"/>
                </enricher>
            </when>
            <otherwise>
                <set-variable variableName="procesarPrimerRegistro" value="#[false]" doc:name="Set Procesar Registros"/>
            </otherwise>
        </choice>
        <choice doc:name="Choice - Hay Registros a Procesar?">
            <when expression="#[payload.totalRegistros &gt; 0 &amp;&amp; flowVars.procesarPrimerRegistro]">
                <enricher target="#[flowVars.page]" doc:name="Message Enricher">
                    <invoke object-ref="DragonUtil" method="obtenerPagina" methodArguments="#[payload.siguiente!=null?payload.siguiente:&quot;NULL&quot;]" doc:name="Invoke - Obtener Pagina"/>
                </enricher>

                <foreach collection="#[payload.resultados]" doc:name="For Each">
                    <enricher target="#[flowVars.seDebeProcesarRegistro]" doc:name="Message Enricher">
                        <invoke object-ref="DragonUtil" method="seDebeProcesarRegistro" methodArguments="#[payload.codigo], #[payload.informacionAdicional[0].fechaModificacionFW!=null?payload.informacionAdicional[0].fechaModificacionFW:&quot;NULL&quot;],#[payload.informacionAdicional[0].horaModificacionFW!=null?payload.informacionAdicional[0].horaModificacionFW:&quot;NULL&quot;],#[flowVars.FechaModificacion]" doc:name="Invoke - Si se debe Procesar"/>
                    </enricher>

                    <choice doc:name="Choice - Procesar?">
                        <when expression="#[flowVars.seDebeProcesarRegistro &amp;&amp; !(payload.codigo.equals('${Dragon_Articulo_Control}'))]">
                            <logger message="Codigo modificado: #[payload.codigo] Fecha Modificado: #[payload.informacionAdicional[0].fechaModificacionFW] Hora: Fecha Modificado: #[payload.informacionAdicional[0].horaModificacionFW]" category="com.acqua.utils.SystemLayer" level="INFO" doc:name="Logger"/>
                            <expression-component doc:name="Preparing Response"><![CDATA[flowVars.returnValue.add(payload.codigo);]]></expression-component>
                        </when>
                        <otherwise>
                            <logger message="Codigo NO modificado: #[payload.codigo] Fecha Modificado: #[payload.informacionAdicional.fechaModificacionFW] Hora: Fecha Modificado: #[payload.informacionAdicional.horaModificacionFW]" category="com.acqua.utils.SystemLayer" level="INFO" doc:name="Logger"/>
                            <set-variable variableName="page" value="#[0]" doc:name="Set Page to 0"/>
                        </otherwise>
                    </choice>
                </foreach>

            </when>
            <otherwise>
                <logger message="No hay registros a Procesar" category="com.acqua.utils.SystemLayer" level="INFO" doc:name="Logger"/>
                <set-variable variableName="page" value="#[0]" doc:name="Set Page to 0"/>

            </otherwise>
        </choice>
        <choice doc:name="Choice - Hay mas Paginas Pendientes?">
            <when expression="#[flowVars.page&gt;0]">
                <flow-ref name="dragon-producto-process-request-while-flow" doc:name="dragon-producto-process-request-while-flow"/>
            </when>
            <otherwise>
                <logger message="No hay mas paginas pendientes" category="com.acqua.utils.SystemLayer" level="INFO" doc:name="Logger"/>
            </otherwise>
        </choice>
			
    </flow>
    
    <flow name="dragon-producto-process-request-stock-while-flow" processingStrategy="synchronous">
        <set-variable variableName="QtyRecs" value="#[${Dragon_CantidadDeRegistrosPorRequest}]" doc:name="Set Qty Records"/>

        <expression-component doc:name="Prepare Request"><![CDATA[payload = new java.util.HashMap();
payload .put("limit", flowVars.QtyRecs);
payload .put("page", flowVars.page);
payload .put("sort", "-informacionAdicional.FechaModificacionFW,-informacionAdicional.HoraModificacionFW");

]]></expression-component>



        <dragonfish:servicio config-ref="Dragonfish__Configuration" entityType="Movimientodestock_movimientodestockGet" doc:name="Dragonfish"/>
        <choice doc:name="Choice">
            <when expression="#[payload.totalRegistros &gt; 0]">
                <enricher target="#[flowVars.procesarPrimerRegistro]" doc:name="Message Enricher">
                    <invoke object-ref="DragonUtil" method="seDebeProcesarRegistro" methodArguments="#[payload.resultados[0].codigo], #[payload.resultados[0].informacionAdicional[0].fechaModificacionFW],#[payload.resultados[0].informacionAdicional[0].horaModificacionFW],#[flowVars.FechaModificacion]" doc:name="Invoke - Si se debe Procesar Primer Registro"/>

                </enricher>
            </when>
            <otherwise>
                <set-variable variableName="procesarPrimerRegistro" value="#[false]" doc:name="Set Procesar Registros"/>
            </otherwise>
        </choice>
        <choice doc:name="Choice - Hay Registros a Procesar?">
            <when expression="#[payload.totalRegistros &gt; 0 &amp;&amp; flowVars.procesarPrimerRegistro]">
                <enricher target="#[flowVars.page]" doc:name="Message Enricher">
                    <invoke object-ref="DragonUtil" method="obtenerPagina" methodArguments="#[payload.siguiente!=null?payload.siguiente:&quot;NULL&quot;]" doc:name="Invoke - Obtener Pagina"/>
                </enricher>

                <foreach collection="#[payload.resultados]" doc:name="For Each">
                    <enricher target="#[flowVars.seDebeProcesarRegistro]" doc:name="Message Enricher">
                        <invoke object-ref="DragonUtil" method="seDebeProcesarRegistro" methodArguments="#[payload.codigo], #[payload.informacionAdicional[0].fechaModificacionFW!=null?payload.informacionAdicional[0].fechaModificacionFW:&quot;NULL&quot;],#[payload.informacionAdicional[0].horaModificacionFW!=null?payload.informacionAdicional[0].horaModificacionFW:&quot;NULL&quot;],#[flowVars.FechaModificacion]" doc:name="Invoke - Si se debe Procesar"/>
                    </enricher>

                    <choice doc:name="Choice - Procesar?">
                        <when expression="#[flowVars.seDebeProcesarRegistro]">
                            <logger message="Stock modificado. Fecha Modificado: #[payload.informacionAdicional[0].fechaModificacionFW] Hora: Fecha Modificado: #[payload.informacionAdicional[0].horaModificacionFW]" level="INFO" category="com.acqua.utils.SystemLayer" doc:name="Logger"/>
                            <set-variable variableName="fechaModificado" value="#[payload.informacionAdicional[0].fechaModificacionFW]-#[payload.informacionAdicional[0].horaModificacionFW]" doc:name="Save Fecha"/>
                            <foreach collection="#[payload.movimientoDetalle]" doc:name="For Each">
                                <logger message="Movimiento de Stock #[flowVars.fechaModificado]  Articulo: #[payload.articulo]/#[payload.articuloDetalle] Cantidad #[payload.cantidad] Color #[payload.colorDetalle] talle #[payload.talle]" level="INFO" category="com.acqua.utils.SystemLayer" doc:name="Logger"/>
                                <expression-component doc:name="Save Articulo"><![CDATA[flowVars.articulosAModificar.add(payload.articulo);]]></expression-component>
                            </foreach>

                        </when>
                        <otherwise>
                            <logger message="Codigo NO modificado: #[payload.codigo] Fecha Modificado: #[payload.informacionAdicional.fechaModificacionFW] Hora: Fecha Modificado: #[payload.informacionAdicional.horaModificacionFW]" category="com.acqua.utils.SystemLayer" level="INFO" doc:name="Logger"/>
                            <set-variable variableName="page" value="#[0]" doc:name="Force Exit"/>
                        </otherwise>
                    </choice>
                </foreach>

            </when>
            <otherwise>
                <logger message="No hay registros a Procesar" category="com.acqua.utils.SystemLayer" level="INFO" doc:name="Logger"/>
                <set-variable variableName="page" value="#[0]" doc:name="Set Page to 0"/>

            </otherwise>
        </choice>
        <choice doc:name="Choice - Hay mas Paginas Pendientes?">
            <when expression="#[flowVars.page&gt;0]">
                <flow-ref name="dragon-producto-process-request-stock-while-flow" doc:name="dragon-producto-process-request-stock-while-flow"/>
            </when>
            <otherwise>
                <logger message="No hay mas paginas pendientes" category="com.acqua.utils.SystemLayer" level="INFO" doc:name="Logger"/>
            </otherwise>
        </choice>
			
    </flow>
    
    <flow name="dragon-producto-process-request-facturas-manual-while-flow" processingStrategy="synchronous">
        <set-variable variableName="QtyRecs" value="#[${Dragon_CantidadDeRegistrosPorRequest}]" doc:name="Set Qty Records"/>

        <expression-component doc:name="Prepare Request"><![CDATA[payload = new java.util.HashMap();
payload .put("limit", flowVars.QtyRecs);
payload .put("page", flowVars.page);
payload .put("sort", "-informacionAdicional.FechaModificacionFW,-informacionAdicional.HoraModificacionFW");

]]></expression-component>



        <dragonfish:servicio config-ref="Dragonfish__Configuration" entityType="Factura_facturaGet" doc:name="Dragonfish"/>
        <choice doc:name="Choice">
            <when expression="#[payload.totalRegistros &gt; 0]">
                <enricher target="#[flowVars.procesarPrimerRegistro]" doc:name="Message Enricher">
                    <invoke object-ref="DragonUtil" method="seDebeProcesarRegistro" methodArguments="#[payload.resultados[0].codigo], #[payload.resultados[0].informacionAdicional[0].fechaModificacionFW],#[payload.resultados[0].informacionAdicional[0].horaModificacionFW],#[flowVars.FechaModificacion]" doc:name="Invoke - Si se debe Procesar Primer Registro"/>

                </enricher>
            </when>
            <otherwise>
                <set-variable variableName="procesarPrimerRegistro" value="#[false]" doc:name="Set Procesar Registros"/>
            </otherwise>
        </choice>
        <choice doc:name="Choice - Hay Registros a Procesar?">
            <when expression="#[payload.totalRegistros &gt; 0 &amp;&amp; flowVars.procesarPrimerRegistro]">
                <enricher target="#[flowVars.page]" doc:name="Message Enricher">
                    <invoke object-ref="DragonUtil" method="obtenerPagina" methodArguments="#[payload.siguiente!=null?payload.siguiente:&quot;NULL&quot;]" doc:name="Invoke - Obtener Pagina"/>
                </enricher>

                <foreach collection="#[payload.resultados]" doc:name="For Each">
                    <enricher target="#[flowVars.seDebeProcesarRegistro]" doc:name="Message Enricher">
                        <invoke object-ref="DragonUtil" method="seDebeProcesarRegistro" methodArguments="#[payload.codigo], #[payload.informacionAdicional[0].fechaModificacionFW!=null?payload.informacionAdicional[0].fechaModificacionFW:&quot;NULL&quot;],#[payload.informacionAdicional[0].horaModificacionFW!=null?payload.informacionAdicional[0].horaModificacionFW:&quot;NULL&quot;],#[flowVars.FechaModificacion]" doc:name="Invoke - Si se debe Procesar"/>
                    </enricher>

                    <choice doc:name="Choice - Procesar?">
                        <when expression="#[flowVars.seDebeProcesarRegistro]">
                            <logger message="Factura Manual . Fecha Modificado: #[payload.informacionAdicional[0].fechaModificacionFW] Hora: Fecha Modificado: #[payload.informacionAdicional[0].horaModificacionFW]" level="INFO" category="com.acqua.utils.SystemLayer" doc:name="Logger"/>
                            <set-variable variableName="fechaModificado" value="#[payload.informacionAdicional[0].fechaModificacionFW]-#[payload.informacionAdicional[0].horaModificacionFW]" doc:name="Save Fecha"/>
                            <foreach collection="#[payload.facturaDetalle]" doc:name="For Each">
                                <logger message="Movimiento de Stock #[flowVars.fechaModificado]  Articulo: #[payload.articulo]/#[payload.articuloDetalle] Cantidad #[payload.cantidad] Color #[payload.colorDetalle] talle #[payload.talle]" level="INFO" category="com.acqua.utils.SystemLayer" doc:name="Logger"/>
                                <expression-component doc:name="Save Articulo"><![CDATA[flowVars.articulosAModificar.add(payload.articulo);]]></expression-component>
                            </foreach>

                        </when>
                        <otherwise>
                            <logger message="Codigo NO modificado: #[payload.codigo] Fecha Modificado: #[payload.informacionAdicional.fechaModificacionFW] Hora: Fecha Modificado: #[payload.informacionAdicional.horaModificacionFW]" category="com.acqua.utils.SystemLayer" level="INFO" doc:name="Logger"/>
                            <set-variable variableName="page" value="#[0]" doc:name="Force Exit"/>
                        </otherwise>
                    </choice>
                </foreach>

            </when>
            <otherwise>
                <logger message="No hay registros a Procesar" category="com.acqua.utils.SystemLayer" level="INFO" doc:name="Logger"/>
                <set-variable variableName="page" value="#[0]" doc:name="Set Page to 0"/>

            </otherwise>
        </choice>
        <choice doc:name="Choice - Hay mas Paginas Pendientes?">
            <when expression="#[flowVars.page&gt;0]">
                <flow-ref name="dragon-producto-process-request-facturas-manual-while-flow" doc:name="dragon-producto-process-request-facturas-manual-while-flow"/>
            </when>
            <otherwise>
                <logger message="No hay mas paginas pendientes" category="com.acqua.utils.SystemLayer" level="INFO" doc:name="Logger"/>
            </otherwise>
        </choice>
			
    </flow>
    
    <flow name="dragon-producto-process-request-nc-manual-while-flow" processingStrategy="synchronous">
        <set-variable variableName="QtyRecs" value="#[${Dragon_CantidadDeRegistrosPorRequest}]" doc:name="Set Qty Records"/>

        <expression-component doc:name="Prepare Request"><![CDATA[payload = new java.util.HashMap();
payload .put("limit", flowVars.QtyRecs);
payload .put("page", flowVars.page);
payload .put("sort", "-informacionAdicional.FechaModificacionFW,-informacionAdicional.HoraModificacionFW");

]]></expression-component>



        <dragonfish:servicio config-ref="Dragonfish__Configuration" entityType="Notadecredito_notadecreditoGet" doc:name="Dragonfish"/>
        <choice doc:name="Choice">
            <when expression="#[payload.totalRegistros &gt; 0]">
                <enricher target="#[flowVars.procesarPrimerRegistro]" doc:name="Message Enricher">
                    <invoke object-ref="DragonUtil" method="seDebeProcesarRegistro" methodArguments="#[payload.resultados[0].codigo], #[payload.resultados[0].informacionAdicional[0].fechaModificacionFW],#[payload.resultados[0].informacionAdicional[0].horaModificacionFW],#[flowVars.FechaModificacion]" doc:name="Invoke - Si se debe Procesar Primer Registro"/>

                </enricher>
            </when>
            <otherwise>
                <set-variable variableName="procesarPrimerRegistro" value="#[false]" doc:name="Set Procesar Registros"/>
            </otherwise>
        </choice>
        <choice doc:name="Choice - Hay Registros a Procesar?">
            <when expression="#[payload.totalRegistros &gt; 0 &amp;&amp; flowVars.procesarPrimerRegistro]">
                <enricher target="#[flowVars.page]" doc:name="Message Enricher">
                    <invoke object-ref="DragonUtil" method="obtenerPagina" methodArguments="#[payload.siguiente!=null?payload.siguiente:&quot;NULL&quot;]" doc:name="Invoke - Obtener Pagina"/>
                </enricher>

                <foreach collection="#[payload.resultados]" doc:name="For Each">
                    <enricher target="#[flowVars.seDebeProcesarRegistro]" doc:name="Message Enricher">
                        <invoke object-ref="DragonUtil" method="seDebeProcesarRegistro" methodArguments="#[payload.codigo], #[payload.informacionAdicional[0].fechaModificacionFW!=null?payload.informacionAdicional[0].fechaModificacionFW:&quot;NULL&quot;],#[payload.informacionAdicional[0].horaModificacionFW!=null?payload.informacionAdicional[0].horaModificacionFW:&quot;NULL&quot;],#[flowVars.FechaModificacion]" doc:name="Invoke - Si se debe Procesar"/>
                    </enricher>

                    <choice doc:name="Choice - Procesar?">
                        <when expression="#[flowVars.seDebeProcesarRegistro]">
                            <logger message="NC modificada. Fecha Modificado: #[payload.informacionAdicional[0].fechaModificacionFW] Hora: Fecha Modificado: #[payload.informacionAdicional[0].horaModificacionFW]" level="INFO" category="com.acqua.utils.SystemLayer" doc:name="Logger"/>
                            <set-variable variableName="fechaModificado" value="#[payload.informacionAdicional[0].fechaModificacionFW]-#[payload.informacionAdicional[0].horaModificacionFW]" doc:name="Save Fecha"/>
                            <foreach collection="#[payload.facturaDetalle]" doc:name="For Each">
                                <logger message="Movimiento de Stock #[flowVars.fechaModificado]  Articulo: #[payload.articulo]/#[payload.articuloDetalle] Cantidad #[payload.cantidad] Color #[payload.colorDetalle] talle #[payload.talle]" level="INFO" category="com.acqua.utils.SystemLayer" doc:name="Logger"/>
                                <expression-component doc:name="Save Articulo"><![CDATA[flowVars.articulosAModificar.add(payload.articulo);]]></expression-component>
                            </foreach>

                        </when>
                        <otherwise>
                            <logger message="Codigo NO modificado: #[payload.codigo] Fecha Modificado: #[payload.informacionAdicional.fechaModificacionFW] Hora: Fecha Modificado: #[payload.informacionAdicional.horaModificacionFW]" category="com.acqua.utils.SystemLayer" level="INFO" doc:name="Logger"/>
                            <set-variable variableName="page" value="#[0]" doc:name="Force Exit"/>
                        </otherwise>
                    </choice>
                </foreach>

            </when>
            <otherwise>
                <logger message="No hay registros a Procesar" category="com.acqua.utils.SystemLayer" level="INFO" doc:name="Logger"/>
                <set-variable variableName="page" value="#[0]" doc:name="Set Page to 0"/>

            </otherwise>
        </choice>
        <choice doc:name="Choice - Hay mas Paginas Pendientes?">
            <when expression="#[flowVars.page&gt;0]">
                <flow-ref name="dragon-producto-process-request-nc-manual-while-flow" doc:name="dragon-producto-process-request-nc-manual-while-flow"/>
            </when>
            <otherwise>
                <logger message="No hay mas paginas pendientes" category="com.acqua.utils.SystemLayer" level="INFO" doc:name="Logger"/>
            </otherwise>
        </choice>
			
    </flow>
    
    <flow name="dragon-producto-verificar-existencia-articulo-flow" processingStrategy="synchronous">
        <set-variable variableName="cod" value="#[payload]" doc:name="Variable"/>
        <expression-component doc:name="Expression"><![CDATA[payload = new java.util.HashMap();
payload .put("id", flowVars.cod);]]></expression-component>
        <dragonfish:servicio config-ref="Dragonfish__Configuration" entityType="ArticuloById_articuloByIdGet" doc:name="Dragonfish"/>
        <logger message="SYSTEM LAYER - El articulo #[payload] existe en transaccion y  en el maestro  pero indica no Publicar." level="INFO" category="com.acqua.utils.ConsolaSystemDragon" doc:name="Logger"/>


        <choice-exception-strategy doc:name="Choice Exception Strategy">
            <catch-exception-strategy when="exception.causedBy(org.mule.modules.connector.exceptions.ExternalConnectorException) " enableNotifications="false" logException="false" doc:name="Catch Exception Strategy">
                <logger message="SYSTEM LAYER - El articulo #[payload] existe en transaccion y no en el maestro. No se procesara." level="INFO" category="com.acqua.utils.ConsolaSystemDragon" doc:name="Logger CONSOLE"/>
                <expression-component doc:name="Expression"><![CDATA[flowVars.articulosAModificar.remove(flowVars.cod)]]></expression-component>

            </catch-exception-strategy>
        </choice-exception-strategy>
    </flow>
    
    <flow name="dragon-producto-marcar-articulo-flow" processingStrategy="synchronous">
        <enricher target="#[flowVars.articuloMarcado]" doc:name="Message Enricher">
            <processor-chain doc:name="Processor Chain">

                <expression-component doc:name="Expression"><![CDATA[flowVars.tmpRoot = new java.util.HashMap();
flowVars.tmpRoot .put("id", payload);
flowVars.tmpA = new java.util.HashMap();
flowVars.tmpA .put("codigo", payload);
flowVars.tmpA .put("descripcionAdicional",".");
flowVars.tmpRoot .put("request", flowVars.tmpA);
payload = flowVars.tmpRoot;
]]></expression-component>
                <dragonfish:servicio config-ref="Dragonfish__Configuration" entityType="ArticuloById_articuloByIdPut" doc:name="Dragonfish"/>

            </processor-chain>
        </enricher>
        <choice-exception-strategy doc:name="Choice Exception Strategy">
            <catch-exception-strategy when="exception.causedBy(org.mule.modules.connector.exceptions.ExternalConnectorException)" enableNotifications="false" logException="false" doc:name="Catch Exception Strategy">
                <logger message="SYSTEM LAYER - El articulo #[payload] no pudo ser modificado. #[exception]. No se procesara en este ciclo." level="INFO" category="com.acqua.utils.ConsolaSystemDragon" doc:name="Logger CONSOLE"/>
                <set-payload value="#[&quot;&quot;]" doc:name="Set Payload"/>
            </catch-exception-strategy>
        </choice-exception-strategy>
    </flow>
    
    <flow name="dragon-producto-actualizar-producto-flow" processingStrategy="synchronous">
        <expression-component doc:name="Set Control Vars"><![CDATA[flowVars.flowName=flow.name;
flowVars.metricCategory=message.inboundProperties.'http.request.path';
flowVars.apiName=message.inboundProperties.'http.request.uri';
flowVars.errorCode="";]]></expression-component>
        <byte-array-to-string-transformer doc:name="Byte Array to String" encoding="UTF-8" mimeType="application/json"/>
        <json:json-to-object-transformer returnClass="java.util.HashMap" doc:name="JSON to Object"/>
        <expression-component doc:name="Expression"><![CDATA[flowVars.tmpRoot = new java.util.HashMap();
flowVars.tmpRoot .put("id", payload.codigo);
flowVars.tmpA = new java.util.HashMap();
flowVars.tmpA .put("codigo", payload.codigo);
flowVars.tmpA .put("observacion",payload.observacion);
flowVars.tmpA .put("noComercializable",new Date(2000, 1, 1));
flowVars.tmpA .put("noPublicarEnEcommerce",true);
flowVars.tmpRoot .put("request", flowVars.tmpA);
payload = flowVars.tmpRoot;
]]></expression-component>

        <dragonfish:servicio config-ref="Dragonfish__Configuration" entityType="ArticuloById_articuloByIdPut" doc:name="Dragonfish"/>
        <json:object-to-json-transformer doc:name="Object to JSON"/>
    
	    <exception-strategy ref="System_Layer_Generic_Exception_Strategy"
				doc:name="Reference Exception Strategy" />
	    
    </flow>

    
    <flow name="dragon-producto-obtener-barcode-flow" processingStrategy="synchronous">
        <expression-component doc:name="Expression - Prepare Request"><![CDATA[payload = new java.util.HashMap();
payload .put("articulo",flowVars.articuloDragonKey); 
payload .put("color",flowVars.articuloDragonColor); 
payload .put("talle",flowVars.articuloDragonTalle); ]]></expression-component>
        <dragonfish:servicio config-ref="Dragonfish__Configuration" entityType="Equivalencia_equivalenciaGet" doc:name="Dragonfish"/>
        <set-payload value="#[payload.resultados[0].codigo]" doc:name="Set Payload"/>

		 
        <choice-exception-strategy doc:name="Choice Exception Strategy">
            <catch-exception-strategy when="exception.causedBy(org.mule.modules.connector.exceptions.ExternalConnectorException) &amp;&amp; (exception.cause.message.equals(&quot;INTERNAL: Not Found&quot;))" doc:name="Catch Exception Strategy" enableNotifications="false" logException="false">
                <logger message="No existe el producto en Shopify" level="INFO" doc:name="Logger" category="com.acqua.utils.SystemLayer"/>
                <set-payload value="#[&quot;&quot;]" doc:name="Set Payload"/>


            </catch-exception-strategy>
        </choice-exception-strategy>

    </flow>
    
    <flow name="dragon-producto-obtener-articulo-control-flow" processingStrategy="synchronous">
        <expression-component doc:name="Expression - Prepare Request"><![CDATA[payload = new java.util.HashMap();
payload .put("articulo",flowVars.articuloDragonKey); 
payload .put("color",""); 
payload .put("talle",""); ]]></expression-component>
        <dragonfish:servicio config-ref="Dragonfish__Configuration" entityType="Equivalencia_equivalenciaGet" doc:name="Dragonfish"/>

		<invoke object-ref="DragonUtil" method="obtenerFechaModifiacion" methodArguments="#[payload.resultados[0].observacion]" doc:name="Invoke - Obtener Fecha Modificacion"/>
		 
        <choice-exception-strategy doc:name="Choice Exception Strategy">
            <catch-exception-strategy when="exception.causedBy(org.mule.modules.connector.exceptions.ExternalConnectorException) &amp;&amp; (exception.cause.message.equals(&quot;INTERNAL: Not Found&quot;))" doc:name="Catch Exception Strategy" enableNotifications="false" logException="false">
                <logger message="SYSTEM LAYER - No existe registro de equivalencia para el producto: #[flowVars.articuloDragonKey]. Se toma como fecha base la de la configuracion." level="INFO" doc:name="Logger CONSOLA" category="com.acqua.utils.ConsolaSystemDragon"/>
                <set-payload value="${Dragon_FechaUltimaActualizacion}" doc:name="Set Payload"/>


            </catch-exception-strategy>
        </choice-exception-strategy>

    </flow>

	    <flow name="dragon-producto-agregar-equivalencia-flow" processingStrategy="synchronous">
        <expression-component doc:name="Set Control Vars"><![CDATA[flowVars.flowName=flow.name;
flowVars.metricCategory=message.inboundProperties.'http.request.path';
flowVars.apiName=message.inboundProperties.'http.request.uri';
flowVars.errorCode="";]]></expression-component>
        <byte-array-to-string-transformer doc:name="Byte Array to String" encoding="UTF-8" mimeType="application/json"/>
        <json:json-to-object-transformer doc:name="JSON to Object" returnClass="java.util.HashMap"/>
        <expression-component doc:name="Expression - Prepare Request"><![CDATA[flowVars.tmpA = new java.util.HashMap();
flowVars .tmpA.put("articulo",payload.codigoDragon); 
flowVars .tmpA.put("color",""); 
flowVars .tmpA.put("talle",""); 
flowVars .tmpA.put("codigo",payload.codigoShopify); 
flowVars .tmpA.put("observacion",payload.observacion); 
payload = new java.util.HashMap();
payload.put("id",flowVars.tmpA.codigo); 
payload.put("request",flowVars.tmpA); 
]]></expression-component>
        <dragonfish:servicio config-ref="Dragonfish__Configuration" entityType="EquivalenciaById_equivalenciaByIdPut" doc:name="Dragonfish"/>

        <set-payload value="#[payload]" doc:name="Set Payload"/>
        <exception-strategy ref="System_Layer_Generic_Exception_Strategy"
			doc:name="Reference Exception Strategy" />
    </flow>
    
    <flow name="dragon-producto-obtener-precio-stock-flow"
	processingStrategy="synchronous">
        <choice doc:name="Choice">
            <when expression="#[flowVars.dragonArticulo.noPublicarEnEcommerce == true &amp;&amp; flowVars.shopifyID =='']">
                <logger message="No publica el articulo y no existe actualmente." level="INFO" category="com.acqua.utils.SystemLayer" doc:name="Logger"/>
                <expression-component doc:name="Expression"><![CDATA[payload = new java.util.HashMap();]]></expression-component>
            </when>
            <otherwise>
                <expression-component doc:name="Expression"><![CDATA[payload = new java.util.HashMap();
payload .put("lista","${Dragon_Lista_De_Precios}"); 
payload .put("query",flowVars.dragonArticulo.codigo); 
payload .put("stockcero",true);]]></expression-component>
                <dragonfish:servicio config-ref="Dragonfish__Configuration" entityType="ConsultaStockYPrecios_consultaStockYPreciosGet" doc:name="Dragonfish"/>
                <foreach collection="#[payload.resultados]" doc:name="For Each">
                    <expression-component doc:name="Expression"><![CDATA[if ( payload.articulo != flowVars.dragonArticulo.codigo){
rootMessage.payload.resultados.remove(payload);
}
]]></expression-component>
                </foreach>
                <invoke object-ref="DragonUtil" method="actualizarImagenVarianza" methodArguments="#[payload]" doc:name="Invoke - Obtener Images Varianza"/>
                <logger message="Lista de Precio Recuperada" level="INFO" category="com.acqua.utils.SystemLayer" doc:name="Logger Lista"/>
            </otherwise>
        </choice>
 
</flow>

</mule>
