<?xml version="1.0" encoding="UTF-8"?>

<mule xmlns:tracking="http://www.mulesoft.org/schema/mule/ee/tracking" xmlns:dragonfish="http://www.mulesoft.org/schema/mule/dragonfish"
	xmlns:json="http://www.mulesoft.org/schema/mule/json"
	xmlns="http://www.mulesoft.org/schema/mule/core" xmlns:doc="http://www.mulesoft.org/schema/mule/documentation"
	xmlns:spring="http://www.springframework.org/schema/beans" 
	xmlns:xsi="http://www.w3.org/2001/XMLSchema-instance"
	xsi:schemaLocation="http://www.mulesoft.org/schema/mule/dragonfish http://www.mulesoft.org/schema/mule/dragonfish/current/mule-dragonfish.xsd
http://www.mulesoft.org/schema/mule/json http://www.mulesoft.org/schema/mule/json/current/mule-json.xsd
http://www.springframework.org/schema/beans http://www.springframework.org/schema/beans/spring-beans-current.xsd
http://www.mulesoft.org/schema/mule/core http://www.mulesoft.org/schema/mule/core/current/mule.xsd
http://www.mulesoft.org/schema/mule/ee/tracking http://www.mulesoft.org/schema/mule/ee/tracking/current/mule-tracking-ee.xsd">
  
    <flow name="dragon-status-flow" processingStrategy="synchronous">
       
        <expression-component doc:name="Set Control Vars"><![CDATA[flowVars.flowName=flow.name;
flowVars.metricCategory=message.inboundProperties.'http.request.path';
flowVars.apiName=message.inboundProperties.'http.request.uri';
flowVars.errorCode="";
payload = new java.util.HashMap();
flowVars.returnValue = new java.util.HashMap();]]></expression-component>
        <set-variable variableName="infoBase" value="#[payload]" doc:name="Save Info Base"/>
        <flow-ref name="dragon-status-login-flow" doc:name="dragon-status-login-flow"/>
        <flow-ref name="dragon-status-info-base-flow" doc:name="dragon-status-info-base-flow"/>
        <expression-component doc:name="Expression"><![CDATA[payload.put("autenticacion",flowVars.autenticacion);]]></expression-component>
        <json:object-to-json-transformer doc:name="Object to JSON"/>

        <exception-strategy ref="System_Layer_Generic_Exception_Strategy" doc:name="Reference Exception Strategy"/>
    </flow>
    <flow name="dragon-status-login-flow" processingStrategy="synchronous">
        <enricher target="#[flowVars.autenticacion]" doc:name="Message Enricher">
            <dragonfish:autentificar config-ref="Dragonfish__Configuration" doc:name="Dragonfish"/>
        </enricher>
        <exception-strategy ref="System_Layer_Generic_Exception_Strategy" doc:name="Reference Exception Strategy"/>
    </flow>
    <flow name="dragon-status-info-base-flow" processingStrategy="synchronous">
        <enricher target="#[flowVars.status]" doc:name="Message Enricher">
            <processor-chain doc:name="Processor Chain">
                <expression-component doc:name="Expression"><![CDATA[payload = new java.util.HashMap();]]></expression-component>
                <dragonfish:servicio config-ref="Dragonfish__Configuration" entityType="ObtenerInformacionServicio_obtenerInformacionServicioGet" doc:name="Dragonfish"/>
            </processor-chain>
        </enricher>
        <expression-component doc:name="Expression"><![CDATA[payload.put("status",flowVars.status);]]></expression-component>
        <set-variable variableName="articuloDragonKey" value="${Dragon_Articulo_Control}" doc:name="Set Articulo Dragon"/>
        <enricher target="#[flowVars.FechaModificacion]" doc:name="Message Enricher">
                    <flow-ref name="dragon-producto-obtener-articulo-control-flow" doc:name="dragon-producto-obtener-articulo-control-flow"/>
        </enricher>
        <expression-component doc:name="Expression"><![CDATA[payload.put("fechaUltimaModificacion",flowVars.FechaModificacion);]]></expression-component>
        <exception-strategy ref="System_Layer_Generic_Exception_Strategy" doc:name="Reference Exception Strategy"/>
    </flow>
    
    
    
</mule>
