<?xml version="1.0" encoding="UTF-8"?>

<mule xmlns:json="http://www.mulesoft.org/schema/mule/json"
	xmlns:validation="http://www.mulesoft.org/schema/mule/validation"
	xmlns:http="http://www.mulesoft.org/schema/mule/http" xmlns:tracking="http://www.mulesoft.org/schema/mule/ee/tracking"
	xmlns="http://www.mulesoft.org/schema/mule/core" xmlns:doc="http://www.mulesoft.org/schema/mule/documentation"
	xmlns:spring="http://www.springframework.org/schema/beans" xmlns:xsi="http://www.w3.org/2001/XMLSchema-instance"
	xsi:schemaLocation="http://www.mulesoft.org/schema/mule/json http://www.mulesoft.org/schema/mule/json/current/mule-json.xsd
http://www.mulesoft.org/schema/mule/validation http://www.mulesoft.org/schema/mule/validation/current/mule-validation.xsd
http://www.springframework.org/schema/beans http://www.springframework.org/schema/beans/spring-beans-current.xsd
http://www.mulesoft.org/schema/mule/core http://www.mulesoft.org/schema/mule/core/current/mule.xsd
http://www.mulesoft.org/schema/mule/ee/tracking http://www.mulesoft.org/schema/mule/ee/tracking/current/mule-tracking-ee.xsd
http://www.mulesoft.org/schema/mule/http http://www.mulesoft.org/schema/mule/http/current/mule-http.xsd">
    <flow name="shopify-producto_actualizar_flow">
        <flow-ref name="shopify-producto_add_or_update_flow" doc:name="shopify-producto_add_or_update_flow"/>
        <logger message="SYSTEM LAYER - #[message.outboundProperties[&quot;http.status&quot;]==200?&quot;Procesado&quot;:&quot;ERROR articulo no procesado&quot;]  #[flowVars.keyLog] #[&quot;\n&quot;]#[payload]" level="INFO" category="com.acqua.utils.ConsolaSystemShopify" doc:name="Logger CONSOLA"/>
    </flow>


	<flow name="shopify-producto_add_or_update_flow" processingStrategy="synchronous">
		
		<expression-component doc:name="Set Control Vars"><![CDATA[flowVars.flowName=flow.name;
flowVars.metricCategory=message.inboundProperties.'http.request.path';
flowVars.apiName=message.inboundProperties.'http.request.uri';
flowVars.errorCode="";]]></expression-component>

		<byte-array-to-string-transformer doc:name="Byte Array to String" encoding="UTF-8" mimeType="application/json"/> 
		
		<set-variable variableName="originalRequest" value="#[payload]" doc:name="Save Request Input as JSON"/>
		
        <json:json-to-object-transformer returnClass="java.util.HashMap" doc:name="JSON to Object"/>
        
        <set-variable variableName="inputRequest" value="#[payload]" doc:name="Save Request Input As Object"/>
       
        <set-variable variableName="keyLog" value="Articulo #[payload.dragonID] Shopify ID #[payload.id] " doc:name="Save Key For Logger"/>
        
        <logger message="#[&quot;-----------------------------------------------------------------------------------------&quot;]" level="INFO" category="com.acqua.utils.ConsolaSystemShopify" doc:name="Logger CONSOLA"/>
        
        <logger message="SYSTEM LAYER - Requerimiento recibido #[flowVars.keyLog]  #[&quot;\n&quot;] #[flowVars.originalRequest]" level="INFO" category="com.acqua.utils.ConsolaSystemShopify" doc:name="Logger CONSOLA"/>
 
		<enricher target="#[flowVars.shopifyParms]" doc:name="Message Enricher">
            <invoke object-ref="ShopifyUtil" method="generateURL" methodArguments="${Shopify_API_Key}, ${Shopify_API_Password}, &quot;/products/#[payload.id].json&quot;" doc:name="Invoke - Genera Path de la URL"/>
		</enricher>

     
        <enricher target="#[flowVars.request]" doc:name="Message Enricher">
            <processor-chain doc:name="Processor Chain - Preparar Request Para Alta/Actualizacion Producto">
                <custom-transformer mimeType="application/json" class="com.acqua.transformer.ShopifyAltaProductoTransformer" doc:name="Shopify Alta Producto Transformer"/>
                <json:object-to-json-transformer doc:name="Object to JSON" encoding="UTF-8"/>

            </processor-chain>
        </enricher>
        <logger message="SYSTEM LAYER - #[payload.id == &quot;0&quot;?&quot;Request Alta&quot;:&quot;Request Modificacion&quot;] de #[flowVars.keyLog] Auth: #[flowVars.shopifyParms.ShopifyBaseAuth] #[&quot;\n&quot;]#[flowVars.request]" level="INFO" category="com.acqua.utils.ConsolaSystemShopify" doc:name="Logger CONSOLA"/>

        <choice doc:name="Choice - Se informa ID?">
            <when expression="#[payload.id == &quot;0&quot;]">

                <http:request config-ref="HTTP_Request_Configuration_Shopify" path="/products.json" method="POST" doc:name="HTTP - Alta Producto" source="#[flowVars.request]">
                    <http:request-builder>
                        <http:header headerName="authorization" value="#[flowVars.shopifyParms['ShopifyBaseAuth']]"/>
                        <http:header headerName="content-type" value="application/json;charset=UTF-8"/>


                    </http:request-builder>
                    <http:success-status-code-validator values="200..599"/>
                </http:request>
            </when>
            <otherwise>
                <set-variable variableName="shopifyID" value="#[payload.id]" doc:name="Set ShopifyID"/>


                <http:request config-ref="HTTP_Request_Configuration_Shopify" path="/products/#[flowVars.shopifyID].json" method="PUT" doc:name="HTTP - Actualizacion Producto" source="#[flowVars.request]">
                    <http:request-builder>
                        <http:header headerName="authorization" value="#[flowVars.shopifyParms['ShopifyBaseAuth']]"/>
                        <http:header headerName="content-type" value="application/json;charset=UTF-8"/>


                    </http:request-builder>
                    <http:success-status-code-validator values="200..599"/>
                </http:request>
            </otherwise>
        </choice>
        <logger message="SYSTEM LAYER - #[payload.id == &quot;0&quot;?&quot;Response Alta&quot;:&quot;Response Modificacion&quot;] de #[flowVars.keyLog] es #[message.inboundProperties[&quot;http.status&quot;]] #[&quot;\n&quot;]#[message.payloadAs(java.lang.String)]" level="INFO" category="com.acqua.utils.ConsolaSystemShopify" doc:name="Logger CONSOLA"/>

		<validation:custom-validator config-ref="Validation_Configuration"
			message="SHOPIFY API ha retornado un error" class="com.acqua.common.sl.validator.SLExternalRestfulValidator"
			doc:name="Validation HTTP Response" />
        <json:json-to-object-transformer returnClass="java.util.HashMap" doc:name="JSON to Object"/>
   
        <flow-ref name="shopify-producto-update-images-flow" doc:name="shopify-producto-update-images-flow"/>
        <set-property propertyName="http.status" value="#[200]" doc:name="http.status"/>
		<exception-strategy ref="System_Layer_Generic_Exception_Strategy"
				doc:name="Reference Exception Strategy" />
				
	</flow>
 
    <flow name="shopify-producto-update-images-flow">
 
        <enricher target="#[flowVars.requestImages]" doc:name="Message Enricher">
            <processor-chain doc:name="Processor Chain">
                <custom-transformer mimeType="application/json" class="com.acqua.transformer.ShopifyAltaImagenProductoTransformer" doc:name="Shopify Prepare Image Transformer"/>
                <json:object-to-json-transformer encoding="UTF-8" doc:name="Object to JSON"/>
                <logger message="Request #[payload]" level="INFO" category="com.acqua.utils.SystemLayer" doc:name="Logger"/>
                <logger message="SYSTEM LAYER - Request Imagenes a Shopify #[flowVars.keyLog]  #[&quot;\n&quot;]#[message.payloadAs(java.lang.String)]" level="INFO" category="com.acqua.utils.ConsolaSystemShopify" doc:name="Logger CONSOLA"/>
            </processor-chain>
        </enricher>
        <choice doc:name="Choice">
            <when expression="#[flowVars.requestImages != '{&quot;product&quot;:{}}']">
                <http:request config-ref="HTTP_Request_Configuration_Shopify" path="/products/#[payload.product.id].json" method="PUT" source="#[flowVars.requestImages]" doc:name="HTTP - Actualizacion Imagen Producto">
                    <http:request-builder>
                        <http:header headerName="authorization" value="#[flowVars.shopifyParms['ShopifyBaseAuth']]"/>
                        <http:header headerName="content-type" value="application/json;charset=UTF-8"/>
                    </http:request-builder>
                    <http:success-status-code-validator values="200..599"/>
                </http:request>
                <logger message="SYSTEM LAYER - Actualizacion Imagenes a Shopify del #[flowVars.keyLog] es #[message.inboundProperties[&quot;http.status&quot;]] #[&quot;\n&quot;]#[message.payloadAs(java.lang.String)]" level="INFO" category="com.acqua.utils.ConsolaSystemShopify" doc:name="Logger CONSOLA"/>
                <validation:custom-validator config-ref="Validation_Configuration" message="SHOPIFY API ha retornado un error actualizando imagenes" class="com.acqua.common.sl.validator.SLExternalRestfulValidator" doc:name="Validation HTTP Response"/>
            </when>
            <otherwise>
                <logger message="SYSTEM LAYER - No requierie actualizar imagnes el #[flowVars.keyLog]]" level="INFO" category="com.acqua.utils.ConsolaSystemShopify" doc:name="Logger"/>
            </otherwise>
        </choice>
       
    </flow>
    
     <flow name="shopify-producto_get_id_flow">
  
        <logger message="Recuperando Shopify ID de Dragon Code:  #[flowVars.dragonId]" level="INFO" category="com.acqua.utils.SystemLayer" doc:name="Logger"/>
  
        <enricher target="#[flowVars.shopifyParms]" doc:name="Message Enricher">
            <invoke object-ref="ShopifyUtil" method="generateURL" methodArguments="${Shopify_API_Key}, ${Shopify_API_Password}, &quot;&quot;" doc:name="Invoke - Genera Path de la URL"/>
		</enricher>
  
        <http:request config-ref="HTTP_Request_Configuration_Shopify" path="#['/products.json?fields=id&amp;handle=' + flowVars.dragonId ]" method="GET" source="#[flowVars.request]" doc:name="HTTP - Validate Shopify ID">
            <http:request-builder>
                <http:header headerName="authorization" value="#[flowVars.shopifyParms['ShopifyBaseAuth']]"/>
            </http:request-builder>
        </http:request>
  
        <json:json-to-object-transformer returnClass="java.util.HashMap" doc:name="JSON to Object"/>
  
        <choice doc:name="Choice">
            <when expression="#[payload.products.size() &gt; 0]">
                <set-payload value="#[Long.toString(payload.products[0].id)]" mimeType="text/plain" doc:name="Set Payload"/>
            </when>
            <otherwise>
                <set-payload value="#[&quot;0&quot;]" doc:name="Set Payload"/>
            </otherwise>
        </choice>
    </flow>
    
    <flow name="shopify-get-articulos-dragon-publicados-flow" processingStrategy="synchronous">
        <logger message="SYSTEM LAYER - REQUEST: Leyendo Productos DragoFish Publicados" level="INFO" category="com.acqua.utils.SystemLayer" doc:name="Logger"/>
        <expression-component doc:name="Set Control Flow"><![CDATA[flowVars.flowName=flow.name;
flowVars.metricCategory=message.inboundProperties.'http.request.path';
flowVars.apiName=message.inboundProperties.'http.request.uri';
flowVars.errorCode="";]]></expression-component>
        <expression-component doc:name="Set Control Vars"><![CDATA[flowVars.pageInfo='';
flowVars.articulosAModificar = new java.util.HashSet();]]></expression-component>
        <flow-ref name="shopify-get-articulos-dragon-publicados-while-flow" doc:name="shopify-get-articulos-dragon-publicados-while-flow"/>
        <set-payload value="#[flowVars.articulosAModificar]" doc:name="Set Payload"/>
        <json:object-to-json-transformer doc:name="Object to JSON"/>
    </flow>
    <flow name="shopify-get-articulos-dragon-publicados-while-flow" processingStrategy="synchronous">
        <enricher target="#[flowVars.shopifyParms]" doc:name="Message Enricher">
            <invoke object-ref="ShopifyUtil" method="generateURL" methodArguments="${Shopify_API_Key}, ${Shopify_API_Password}, &quot;&quot;" doc:name="Invoke - Genera Path de la URL"/>
        </enricher>
        <http:request config-ref="HTTP_Request_Configuration_Shopify" path="#['/products.json?limit=50&amp;fields=handle&amp;page_info=' + flowVars.pageInfo]" method="GET" source="#[flowVars.request]" doc:name="HTTP - Validate Shopify ID">
            <http:request-builder>
                <http:header headerName="authorization" value="#[flowVars.shopifyParms['ShopifyBaseAuth']]"/>
            </http:request-builder>
        </http:request>

        <enricher target="#[flowVars.pageInfo]" doc:name="Message Enricher">
                    <invoke object-ref="ShopifyUtil" method="getNextLink" methodArguments="#[message.inboundProperties.Link != null?message.inboundProperties.Link:&quot;&quot;]" doc:name="Invoke - Get Next Link"/>
                </enricher>
        <json:json-to-object-transformer returnClass="java.util.HashMap" doc:name="JSON to Object"/>
        <foreach collection="#[payload.products]" doc:name="For Each - Product">
            <logger message="Producto Dragon #[payload.handle]" level="INFO" category="com.acqua.utils.SystemLayer" doc:name="Logger"/>
            <expression-component doc:name="Expression"><![CDATA[flowVars.articulosAModificar.add(payload.handle);]]></expression-component>
        </foreach>
        <choice doc:name="Choice - Hay mas Paginas Pendientes?">
            <when expression="#[!flowVars.pageInfo.isEmpty()]">
                <flow-ref name="shopify-get-articulos-dragon-publicados-while-flow" doc:name="shopify-get-articulos-dragon-publicados-while-flow"/>
            </when>
            <otherwise>
                <logger message="No hay mas paginas pendientes" level="INFO" category="com.acqua.utils.SystemLayer" doc:name="Logger"/>
            </otherwise>
        </choice>
    </flow>

</mule>
