{
  "activeMQ": {
    "request": {
      "type": "version"
    },
    "value": {
      "agent": "1.3.4",
      "protocol": "7.2",
      "config": {
        "agentId": "172.25.0.5-45-7555b920-servlet",
        "agentType": "servlet",
        "allowErrorDetails": "false"
      },
      "info": {
        "product": "activemq",
        "vendor": "Apache",
        "version": "5.15.3"
      }
    },
    "timestamp": 1565897042,
    "status": 200
  },
  "shopify": {
    "ShopifyStatus": {
      "shop": {
        "id": 25495076912,
        "name": "AcquaIT",
        "email": "javier.godino@acqua.net.ar",
        "domain": "acquait.myshopify.com",
        "province": "Buenos Aires",
        "country": "AR",
        "address1": "Agustin M Garcia 6385",
        "zip": "1648",
        "city": "Buenos Aires",
        "source": null,
        "phone": "",
        "latitude": null,
        "longitude": null,
        "primary_locale": "en",
        "address2": null,
        "created_at": "2019-06-21T09:36:08-04:00",
        "updated_at": "2019-07-19T14:11:29-04:00",
        "country_code": "AR",
        "country_name": "Argentina",
        "currency": "ARS",
        "customer_email": "javier.godino@acqua.net.ar",
        "timezone": "(GMT-05:00) Eastern Time (US & Canada)",
        "iana_timezone": "America/New_York",
        "shop_owner": "AcquaIT Admin",
        "money_format": "${{amount_with_comma_separator}}",
        "money_with_currency_format": "${{amount_with_comma_separator}} ARS",
        "weight_unit": "kg",
        "province_code": "B",
        "taxes_included": true,
        "tax_shipping": false,
        "county_taxes": true,
        "plan_display_name": "affiliate",
        "plan_name": "affiliate",
        "has_discounts": false,
        "has_gift_cards": false,
        "myshopify_domain": "acquait.myshopify.com",
        "google_apps_domain": null,
        "google_apps_login_enabled": null,
        "money_in_emails_format": "${{amount_with_comma_separator}}",
        "money_with_currency_in_emails_format": "${{amount_with_comma_separator}} ARS",
        "eligible_for_payments": false,
        "requires_extra_payments_agreement": false,
        "password_enabled": false,
        "has_storefront": true,
        "eligible_for_card_reader_giveaway": false,
        "finances": true,
        "primary_location_id": 31798788144,
        "checkout_api_supported": false,
        "multi_location_enabled": true,
        "setup_required": false,
        "force_ssl": true,
        "pre_launch_enabled": false,
        "enabled_presentment_currencies": [
          "ARS"
        ]
      }
    },
    "ShopifyWebHookStatus": {
      "webhooks": [
        {
          "id": 663562551344,
          "address": "https://.ngrok.io/api/dragon-shopify/shopify-webhook/orders/create",
          "topic": "orders/create",
          "created_at": "2019-07-25T11:51:55-04:00",
          "updated_at": "2019-08-15T08:34:20-04:00",
          "format": "json",
          "fields": [],
          "metafield_namespaces": [],
          "api_version": "2019-04"
        }
      ]
    }
  },
  "dragon": {
    "puerto": 8008,
    "informacionOrganic": [
      {
        "descripcion": "",
        "baseDeDatosActiva": "DEMO",
        "codigoServidor": "20190620190126AL1ONB",
        "cajaActiva": 1,
        "tipoComprobante": "FACTURA",
        "version": "09.0002.12567",
        "rutaInstalacion": "C:\\PROGRAM FILES (X86)\\ZOO LOGIC\\DRAGONFISH COLOR Y TALLE\\",
        "puertoConfigurado": 8008
      }
    ],
    "nombreProceso": "dragonfish_core",
    "hora": "15-08-2019 16:23:57",
    "informacionEntorno": [
      {
        "memoria": "17046343680",
        "puertoHabilitado": true
      }
    ],
    "idProceso": 15380,
    "registro": [
      {
        "tipoRequest": "EquivalenciaListar",
        "cantidadRequests": 89,
        "tiempoEjecucionInicial": "55",
        "tiempoUltimaEjecucion": "65"
      },
      {
        "tipoRequest": "ArticuloListar",
        "cantidadRequests": 89,
        "tiempoEjecucionInicial": "86",
        "tiempoUltimaEjecucion": "141"
      }
    ]
  },
  "version": "20190815191334"
}